{"type":"FeatureCollection", "features": [
{"type":"Feature","geometry":{"type":"LineString","coordinates":[[-20037508.342789244,-19994875.533921562],[-20037508.342789244,-18819335.475351118],[-20037508.342789244,-17826307.823965527],[-20037508.342789244,-16966443.208457552],[-20037508.342789244,-16208017.44902496],[-20037508.342789244,-15529424.252742965],[-20037508.342789244,-14915283.03332639],[-20037508.342789244,-14354255.163159076],[-20037508.342789244,-13837740.964646416],[-20037508.342789244,-13359062.81939973],[-20037508.342789244,-12912931.796861945],[-20037508.342789244,-12495087.346805148],[-20037508.342789244,-12102046.757511977],[-20037508.342789244,-11730926.546359586],[-20037508.342789244,-11379312.340008635],[-20037508.342789244,-11045162.257393165],[-20037508.342789244,-10726733.948994445],[-20037508.342789244,-10422528.665020764],[-20037508.342789244,-10131247.794947207],[-20037508.342789244,-9851758.683360271],[-20037508.342789244,-9583067.443038262],[-20037508.342789244,-9324297.11383794],[-20037508.342789244,-9074669.953512048],[-20037508.342789244,-8833492.956460677],[-20037508.342789244,-8600145.919062776],[-20037508.342789244,-8374071.532333932],[-20037508.342789244,-8154767.102126645],[-20037508.342789244,-7941777.586142016],[-20037508.342789244,-7734689.704101145],[-20037508.342789244,-7533126.928448162],[-20037508.342789244,-7336745.202122634],[-20037508.342789244,-7145229.260260347],[-20037508.342789244,-6958289.456342949],[-20037508.342789244,-6775659.011921074],[-20037508.342789244,-6597091.623766198],[-20037508.342789244,-6422359.374048327],[-20037508.342789244,-6251250.898554941],[-20037508.342789244,-6083569.775566123],[-20037508.342789244,-5919133.104167403],[-20037508.342789244,-5757770.245812415],[-20037508.342789244,-5599321.707072433],[-20037508.342789244,-5443638.144907974],[-20037508.342789244,-5290579.478610653],[-20037508.342789244,-5140014.09490171],[-20037508.342789244,-4991818.134625552],[-20037508.342789244,-4845874.8511128845],[-20037508.342789244,-4702074.031664248],[-20037508.342789244,-4560311.474767187],[-20037508.342789244,-4420488.516645091],[-20037508.342789244,-4282511.601573091],[-20037508.342789244,-4146291.891110615],[-20037508.342789244,-4011744.90801119],[-20037508.342789244,-3878790.2110944847],[-20037508.342789244,-3747351.097816683],[-20037508.342789244,-3617354.33166467],[-20037508.342789244,-3488729.891836346],[-20037508.342789244,-3361410.742961409],[-20037508.342789244,-3235332.6228709584],[-20037508.342789244,-3110433.8466455555],[-20037508.342789244,-2986655.1253646407],[-20037508.342789244,-2863939.3981492463],[-20037508.342789244,-2742231.6762382486],[-20037508.342789244,-2621478.897968757],[-20037508.342789244,-2501629.7936457098],[-20037508.342789244,-2382634.7593869264],[-20037508.342789244,-2264445.7391190324],[-20037508.342789244,-2147016.113978506],[-20037508.342789244,-2030300.5984420108],[-20037508.342789244,-1914255.142571887],[-20037508.342789244,-1798836.8398177244],[-20037508.342789244,-1684003.8398634524],[-20037508.342789244,-1569715.2660527867],[-20037508.342789244,-1455931.13696414],[-20037508.342789244,-1342612.2917402794],[-20037508.342789244,-1229720.3188082303],[-20037508.342789244,-1117217.487651728],[-20037508.342789244,-1005066.683322292],[-20037508.342789244,-893231.3433958691],[-20037508.342789244,-781675.3971004876],[-20037508.342789244,-670363.206356386],[-20037508.342789244,-559259.5084842426],[-20037508.342789244,-448329.36034905317],[-20037508.342789244,-337538.08371763973],[-20037508.342789244,-226851.2116163422],[-20037508.342789244,-116234.4354824947],[-20037508.342789244,-5653.552908869757],[-20037508.342789244,104925.5842155806],[-20037508.342789244,215537.1213626353],[-20037508.342789244,326215.25301188993],[-20037508.342789244,436994.27448044706],[-20037508.342789244,547908.6341289869],[-20037508.342789244,658992.9861405087],[-20037508.342789244,770282.24407211],[-20037508.342789244,881811.6353855366],[-20037508.342789244,993616.7571691453],[-20037508.342789244,1105733.6332724218],[-20037508.342789244,1218198.7730842484],[-20037508.342789244,1331049.23219809],[-20037508.342789244,1444322.6752210138],[-20037508.342789244,1558057.4409994339],[-20037508.342789244,1672292.6105525726],[-20037508.342789244,1787068.078025319],[-20037508.342789244,1902424.6249956668],[-20037508.342789244,2018403.9984982398],[-20037508.342789244,2135048.993155484],[-20037508.342789244,2252403.537841614],[-20037508.342789244,2370512.7873424618],[-20037508.342789244,2489423.2195170023],[-20037508.342789244,2609182.7385145235],[-20037508.342789244,2729840.7846555104],[-20037508.342789244,2851448.451645516],[-20037508.342789244,2974058.611860177],[-20037508.342789244,3097726.0505174412],[-20037508.342789244,3222507.6096411836],[-20037508.342789244,3348462.342820088],[-20037508.342789244,3475651.6818789453],[-20037508.342789244,3604139.6167079024],[-20037508.342789244,3733992.8896417376],[-20037508.342789244,3865281.205947822],[-20037508.342789244,3998077.4621722894],[-20037508.342789244,4132457.994311914],[-20037508.342789244,4268502.848029758],[-20037508.342789244,4406296.073420492],[-20037508.342789244,4545926.047163202],[-20037508.342789244,4687485.825283068],[-20037508.342789244,4831073.530187688],[-20037508.342789244,4976792.776160069],[-20037508.342789244,5124753.138091788],[-20037508.342789244,5275070.668942634],[-20037508.342789244,5427868.47223671],[-20037508.342789244,5583277.336873518],[-20037508.342789244,5741436.442675144],[-20037508.342789244,5902494.146443224],[-20037508.342789244,6066608.859906541],[-20037508.342789244,6233950.032856818],[-20037508.342789244,6404699.257065323],[-20037508.342789244,6579051.509332584],[-20037508.342789244,6757216.555356059],[-20037508.342789244,6939420.540143602],[-20037508.342789244,7125907.795628989],[-20037508.342789244,7316942.902183879],[-20037508.342789244,7512813.048157504],[-20037508.342789244,7713830.740786936],[-20037508.342789244,7920336.933297432],[-20037508.342789244,8132704.6474012295],[-20037508.342789244,8351343.188562478],[-20037508.342789244,8576703.0744752],[-20037508.342789244,8809281.826752394],[-20037508.342789244,9049630.813963894],[-20037508.342789244,9298363.383802617],[-20037508.342789244,9556164.58735902],[-20037508.342789244,9823802.884952426],[-20037508.342789244,10102144.338843314],[-20037508.342789244,10392169.95518481],[-20037508.342789244,10694997.05297862],[-20037508.342789244,11011905.8371861],[-20037508.342789244,11344372.775235897],[-20037508.342789244,11694112.980613992],[-20037508.342789244,12063134.687732812],[-20037508.342789244,12453810.209336404],[-20037508.342789244,12868969.74884047],[-20037508.342789244,13312027.513438126],[-20037508.342789244,13787154.46750462],[-20037508.342789244,14299520.090295099],[-20037508.342789244,14855639.107791035],[-20037508.342789244,15463883.14263024],[-20037508.342789244,16135261.40167018],[-20037508.342789244,16884660.326991968],[-20037508.342789244,17732909.674735937],[-20037508.342789244,18710439.343052853],[-20037508.342789244,19864268.85559512]]},"properties":{"type":"meridian","value":-180}},
{"type":"Feature","geometry":{"type":"LineString","coordinates":[[-18367715.980890136,-19994875.533921562],[-18367715.980890136,-18819335.475351118],[-18367715.980890136,-17826307.823965527],[-18367715.980890136,-16966443.208457552],[-18367715.980890136,-16208017.44902496],[-18367715.980890136,-15529424.252742965],[-18367715.980890136,-14915283.03332639],[-18367715.980890136,-14354255.163159076],[-18367715.980890136,-13837740.964646416],[-18367715.980890136,-13359062.81939973],[-18367715.980890136,-12912931.796861945],[-18367715.980890136,-12495087.346805148],[-18367715.980890136,-12102046.757511977],[-18367715.980890136,-11730926.546359586],[-18367715.980890136,-11379312.340008635],[-18367715.980890136,-11045162.257393165],[-18367715.980890136,-10726733.948994445],[-18367715.980890136,-10422528.665020764],[-18367715.980890136,-10131247.794947207],[-18367715.980890136,-9851758.683360271],[-18367715.980890136,-9583067.443038262],[-18367715.980890136,-9324297.11383794],[-18367715.980890136,-9074669.953512048],[-18367715.980890136,-8833492.956460677],[-18367715.980890136,-8600145.919062776],[-18367715.980890136,-8374071.532333932],[-18367715.980890136,-8154767.102126645],[-18367715.980890136,-7941777.586142016],[-18367715.980890136,-7734689.704101145],[-18367715.980890136,-7533126.928448162],[-18367715.980890136,-7336745.202122634],[-18367715.980890136,-7145229.260260347],[-18367715.980890136,-6958289.456342949],[-18367715.980890136,-6775659.011921074],[-18367715.980890136,-6597091.623766198],[-18367715.980890136,-6422359.374048327],[-18367715.980890136,-6251250.898554941],[-18367715.980890136,-6083569.775566123],[-18367715.980890136,-5919133.104167403],[-18367715.980890136,-5757770.245812415],[-18367715.980890136,-5599321.707072433],[-18367715.980890136,-5443638.144907974],[-18367715.980890136,-5290579.478610653],[-18367715.980890136,-5140014.09490171],[-18367715.980890136,-4991818.134625552],[-18367715.980890136,-4845874.8511128845],[-18367715.980890136,-4702074.031664248],[-18367715.980890136,-4560311.474767187],[-18367715.980890136,-4420488.516645091],[-18367715.980890136,-4282511.601573091],[-18367715.980890136,-4146291.891110615],[-18367715.980890136,-4011744.90801119],[-18367715.980890136,-3878790.2110944847],[-18367715.980890136,-3747351.097816683],[-18367715.980890136,-3617354.33166467],[-18367715.980890136,-3488729.891836346],[-18367715.980890136,-3361410.742961409],[-18367715.980890136,-3235332.6228709584],[-18367715.980890136,-3110433.8466455555],[-18367715.980890136,-2986655.1253646407],[-18367715.980890136,-2863939.3981492463],[-18367715.980890136,-2742231.6762382486],[-18367715.980890136,-2621478.897968757],[-18367715.980890136,-2501629.7936457098],[-18367715.980890136,-2382634.7593869264],[-18367715.980890136,-2264445.7391190324],[-18367715.980890136,-2147016.113978506],[-18367715.980890136,-2030300.5984420108],[-18367715.980890136,-1914255.142571887],[-18367715.980890136,-1798836.8398177244],[-18367715.980890136,-1684003.8398634524],[-18367715.980890136,-1569715.2660527867],[-18367715.980890136,-1455931.13696414],[-18367715.980890136,-1342612.2917402794],[-18367715.980890136,-1229720.3188082303],[-18367715.980890136,-1117217.487651728],[-18367715.980890136,-1005066.683322292],[-18367715.980890136,-893231.3433958691],[-18367715.980890136,-781675.3971004876],[-18367715.980890136,-670363.206356386],[-18367715.980890136,-559259.5084842426],[-18367715.980890136,-448329.36034905317],[-18367715.980890136,-337538.08371763973],[-18367715.980890136,-226851.2116163422],[-18367715.980890136,-116234.4354824947],[-18367715.980890136,-5653.552908869757],[-18367715.980890136,104925.5842155806],[-18367715.980890136,215537.1213626353],[-18367715.980890136,326215.25301188993],[-18367715.980890136,436994.27448044706],[-18367715.980890136,547908.6341289869],[-18367715.980890136,658992.9861405087],[-18367715.980890136,770282.24407211],[-18367715.980890136,881811.6353855366],[-18367715.980890136,993616.7571691453],[-18367715.980890136,1105733.6332724218],[-18367715.980890136,1218198.7730842484],[-18367715.980890136,1331049.23219809],[-18367715.980890136,1444322.6752210138],[-18367715.980890136,1558057.4409994339],[-18367715.980890136,1672292.6105525726],[-18367715.980890136,1787068.078025319],[-18367715.980890136,1902424.6249956668],[-18367715.980890136,2018403.9984982398],[-18367715.980890136,2135048.993155484],[-18367715.980890136,2252403.537841614],[-18367715.980890136,2370512.7873424618],[-18367715.980890136,2489423.2195170023],[-18367715.980890136,2609182.7385145235],[-18367715.980890136,2729840.7846555104],[-18367715.980890136,2851448.451645516],[-18367715.980890136,2974058.611860177],[-18367715.980890136,3097726.0505174412],[-18367715.980890136,3222507.6096411836],[-18367715.980890136,3348462.342820088],[-18367715.980890136,3475651.6818789453],[-18367715.980890136,3604139.6167079024],[-18367715.980890136,3733992.8896417376],[-18367715.980890136,3865281.205947822],[-18367715.980890136,3998077.4621722894],[-18367715.980890136,4132457.994311914],[-18367715.980890136,4268502.848029758],[-18367715.980890136,4406296.073420492],[-18367715.980890136,4545926.047163202],[-18367715.980890136,4687485.825283068],[-18367715.980890136,4831073.530187688],[-18367715.980890136,4976792.776160069],[-18367715.980890136,5124753.138091788],[-18367715.980890136,5275070.668942634],[-18367715.980890136,5427868.47223671],[-18367715.980890136,5583277.336873518],[-18367715.980890136,5741436.442675144],[-18367715.980890136,5902494.146443224],[-18367715.980890136,6066608.859906541],[-18367715.980890136,6233950.032856818],[-18367715.980890136,6404699.257065323],[-18367715.980890136,6579051.509332584],[-18367715.980890136,6757216.555356059],[-18367715.980890136,6939420.540143602],[-18367715.980890136,7125907.795628989],[-18367715.980890136,7316942.902183879],[-18367715.980890136,7512813.048157504],[-18367715.980890136,7713830.740786936],[-18367715.980890136,7920336.933297432],[-18367715.980890136,8132704.6474012295],[-18367715.980890136,8351343.188562478],[-18367715.980890136,8576703.0744752],[-18367715.980890136,8809281.826752394],[-18367715.980890136,9049630.813963894],[-18367715.980890136,9298363.383802617],[-18367715.980890136,9556164.58735902],[-18367715.980890136,9823802.884952426],[-18367715.980890136,10102144.338843314],[-18367715.980890136,10392169.95518481],[-18367715.980890136,10694997.05297862],[-18367715.980890136,11011905.8371861],[-18367715.980890136,11344372.775235897],[-18367715.980890136,11694112.980613992],[-18367715.980890136,12063134.687732812],[-18367715.980890136,12453810.209336404],[-18367715.980890136,12868969.74884047],[-18367715.980890136,13312027.513438126],[-18367715.980890136,13787154.46750462],[-18367715.980890136,14299520.090295099],[-18367715.980890136,14855639.107791035],[-18367715.980890136,15463883.14263024],[-18367715.980890136,16135261.40167018],[-18367715.980890136,16884660.326991968],[-18367715.980890136,17732909.674735937],[-18367715.980890136,18710439.343052853],[-18367715.980890136,19864268.85559512]]},"properties":{"type":"meridian","value":-165}},
{"type":"Feature","geometry":{"type":"LineString","coordinates":[[-16697923.618991036,-19994875.533921562],[-16697923.618991036,-18819335.475351118],[-16697923.618991036,-17826307.823965527],[-16697923.618991036,-16966443.208457552],[-16697923.618991036,-16208017.44902496],[-16697923.618991036,-15529424.252742965],[-16697923.618991036,-14915283.03332639],[-16697923.618991036,-14354255.163159076],[-16697923.618991036,-13837740.964646416],[-16697923.618991036,-13359062.81939973],[-16697923.618991036,-12912931.796861945],[-16697923.618991036,-12495087.346805148],[-16697923.618991036,-12102046.757511977],[-16697923.618991036,-11730926.546359586],[-16697923.618991036,-11379312.340008635],[-16697923.618991036,-11045162.257393165],[-16697923.618991036,-10726733.948994445],[-16697923.618991036,-10422528.665020764],[-16697923.618991036,-10131247.794947207],[-16697923.618991036,-9851758.683360271],[-16697923.618991036,-9583067.443038262],[-16697923.618991036,-9324297.11383794],[-16697923.618991036,-9074669.953512048],[-16697923.618991036,-8833492.956460677],[-16697923.618991036,-8600145.919062776],[-16697923.618991036,-8374071.532333932],[-16697923.618991036,-8154767.102126645],[-16697923.618991036,-7941777.586142016],[-16697923.618991036,-7734689.704101145],[-16697923.618991036,-7533126.928448162],[-16697923.618991036,-7336745.202122634],[-16697923.618991036,-7145229.260260347],[-16697923.618991036,-6958289.456342949],[-16697923.618991036,-6775659.011921074],[-16697923.618991036,-6597091.623766198],[-16697923.618991036,-6422359.374048327],[-16697923.618991036,-6251250.898554941],[-16697923.618991036,-6083569.775566123],[-16697923.618991036,-5919133.104167403],[-16697923.618991036,-5757770.245812415],[-16697923.618991036,-5599321.707072433],[-16697923.618991036,-5443638.144907974],[-16697923.618991036,-5290579.478610653],[-16697923.618991036,-5140014.09490171],[-16697923.618991036,-4991818.134625552],[-16697923.618991036,-4845874.8511128845],[-16697923.618991036,-4702074.031664248],[-16697923.618991036,-4560311.474767187],[-16697923.618991036,-4420488.516645091],[-16697923.618991036,-4282511.601573091],[-16697923.618991036,-4146291.891110615],[-16697923.618991036,-4011744.90801119],[-16697923.618991036,-3878790.2110944847],[-16697923.618991036,-3747351.097816683],[-16697923.618991036,-3617354.33166467],[-16697923.618991036,-3488729.891836346],[-16697923.618991036,-3361410.742961409],[-16697923.618991036,-3235332.6228709584],[-16697923.618991036,-3110433.8466455555],[-16697923.618991036,-2986655.1253646407],[-16697923.618991036,-2863939.3981492463],[-16697923.618991036,-2742231.6762382486],[-16697923.618991036,-2621478.897968757],[-16697923.618991036,-2501629.7936457098],[-16697923.618991036,-2382634.7593869264],[-16697923.618991036,-2264445.7391190324],[-16697923.618991036,-2147016.113978506],[-16697923.618991036,-2030300.5984420108],[-16697923.618991036,-1914255.142571887],[-16697923.618991036,-1798836.8398177244],[-16697923.618991036,-1684003.8398634524],[-16697923.618991036,-1569715.2660527867],[-16697923.618991036,-1455931.13696414],[-16697923.618991036,-1342612.2917402794],[-16697923.618991036,-1229720.3188082303],[-16697923.618991036,-1117217.487651728],[-16697923.618991036,-1005066.683322292],[-16697923.618991036,-893231.3433958691],[-16697923.618991036,-781675.3971004876],[-16697923.618991036,-670363.206356386],[-16697923.618991036,-559259.5084842426],[-16697923.618991036,-448329.36034905317],[-16697923.618991036,-337538.08371763973],[-16697923.618991036,-226851.2116163422],[-16697923.618991036,-116234.4354824947],[-16697923.618991036,-5653.552908869757],[-16697923.618991036,104925.5842155806],[-16697923.618991036,215537.1213626353],[-16697923.618991036,326215.25301188993],[-16697923.618991036,436994.27448044706],[-16697923.618991036,547908.6341289869],[-16697923.618991036,658992.9861405087],[-16697923.618991036,770282.24407211],[-16697923.618991036,881811.6353855366],[-16697923.618991036,993616.7571691453],[-16697923.618991036,1105733.6332724218],[-16697923.618991036,1218198.7730842484],[-16697923.618991036,1331049.23219809],[-16697923.618991036,1444322.6752210138],[-16697923.618991036,1558057.4409994339],[-16697923.618991036,1672292.6105525726],[-16697923.618991036,1787068.078025319],[-16697923.618991036,1902424.6249956668],[-16697923.618991036,2018403.9984982398],[-16697923.618991036,2135048.993155484],[-16697923.618991036,2252403.537841614],[-16697923.618991036,2370512.7873424618],[-16697923.618991036,2489423.2195170023],[-16697923.618991036,2609182.7385145235],[-16697923.618991036,2729840.7846555104],[-16697923.618991036,2851448.451645516],[-16697923.618991036,2974058.611860177],[-16697923.618991036,3097726.0505174412],[-16697923.618991036,3222507.6096411836],[-16697923.618991036,3348462.342820088],[-16697923.618991036,3475651.6818789453],[-16697923.618991036,3604139.6167079024],[-16697923.618991036,3733992.8896417376],[-16697923.618991036,3865281.205947822],[-16697923.618991036,3998077.4621722894],[-16697923.618991036,4132457.994311914],[-16697923.618991036,4268502.848029758],[-16697923.618991036,4406296.073420492],[-16697923.618991036,4545926.047163202],[-16697923.618991036,4687485.825283068],[-16697923.618991036,4831073.530187688],[-16697923.618991036,4976792.776160069],[-16697923.618991036,5124753.138091788],[-16697923.618991036,5275070.668942634],[-16697923.618991036,5427868.47223671],[-16697923.618991036,5583277.336873518],[-16697923.618991036,5741436.442675144],[-16697923.618991036,5902494.146443224],[-16697923.618991036,6066608.859906541],[-16697923.618991036,6233950.032856818],[-16697923.618991036,6404699.257065323],[-16697923.618991036,6579051.509332584],[-16697923.618991036,6757216.555356059],[-16697923.618991036,6939420.540143602],[-16697923.618991036,7125907.795628989],[-16697923.618991036,7316942.902183879],[-16697923.618991036,7512813.048157504],[-16697923.618991036,7713830.740786936],[-16697923.618991036,7920336.933297432],[-16697923.618991036,8132704.6474012295],[-16697923.618991036,8351343.188562478],[-16697923.618991036,8576703.0744752],[-16697923.618991036,8809281.826752394],[-16697923.618991036,9049630.813963894],[-16697923.618991036,9298363.383802617],[-16697923.618991036,9556164.58735902],[-16697923.618991036,9823802.884952426],[-16697923.618991036,10102144.338843314],[-16697923.618991036,10392169.95518481],[-16697923.618991036,10694997.05297862],[-16697923.618991036,11011905.8371861],[-16697923.618991036,11344372.775235897],[-16697923.618991036,11694112.980613992],[-16697923.618991036,12063134.687732812],[-16697923.618991036,12453810.209336404],[-16697923.618991036,12868969.74884047],[-16697923.618991036,13312027.513438126],[-16697923.618991036,13787154.46750462],[-16697923.618991036,14299520.090295099],[-16697923.618991036,14855639.107791035],[-16697923.618991036,15463883.14263024],[-16697923.618991036,16135261.40167018],[-16697923.618991036,16884660.326991968],[-16697923.618991036,17732909.674735937],[-16697923.618991036,18710439.343052853],[-16697923.618991036,19864268.85559512]]},"properties":{"type":"meridian","value":-150}},
{"type":"Feature","geometry":{"type":"LineString","coordinates":[[-15028131.257091932,-19994875.533921562],[-15028131.257091932,-18819335.475351118],[-15028131.257091932,-17826307.823965527],[-15028131.257091932,-16966443.208457552],[-15028131.257091932,-16208017.44902496],[-15028131.257091932,-15529424.252742965],[-15028131.257091932,-14915283.03332639],[-15028131.257091932,-14354255.163159076],[-15028131.257091932,-13837740.964646416],[-15028131.257091932,-13359062.81939973],[-15028131.257091932,-12912931.796861945],[-15028131.257091932,-12495087.346805148],[-15028131.257091932,-12102046.757511977],[-15028131.257091932,-11730926.546359586],[-15028131.257091932,-11379312.340008635],[-15028131.257091932,-11045162.257393165],[-15028131.257091932,-10726733.948994445],[-15028131.257091932,-10422528.665020764],[-15028131.257091932,-10131247.794947207],[-15028131.257091932,-9851758.683360271],[-15028131.257091932,-9583067.443038262],[-15028131.257091932,-9324297.11383794],[-15028131.257091932,-9074669.953512048],[-15028131.257091932,-8833492.956460677],[-15028131.257091932,-8600145.919062776],[-15028131.257091932,-8374071.532333932],[-15028131.257091932,-8154767.102126645],[-15028131.257091932,-7941777.586142016],[-15028131.257091932,-7734689.704101145],[-15028131.257091932,-7533126.928448162],[-15028131.257091932,-7336745.202122634],[-15028131.257091932,-7145229.260260347],[-15028131.257091932,-6958289.456342949],[-15028131.257091932,-6775659.011921074],[-15028131.257091932,-6597091.623766198],[-15028131.257091932,-6422359.374048327],[-15028131.257091932,-6251250.898554941],[-15028131.257091932,-6083569.775566123],[-15028131.257091932,-5919133.104167403],[-15028131.257091932,-5757770.245812415],[-15028131.257091932,-5599321.707072433],[-15028131.257091932,-5443638.144907974],[-15028131.257091932,-5290579.478610653],[-15028131.257091932,-5140014.09490171],[-15028131.257091932,-4991818.134625552],[-15028131.257091932,-4845874.8511128845],[-15028131.257091932,-4702074.031664248],[-15028131.257091932,-4560311.474767187],[-15028131.257091932,-4420488.516645091],[-15028131.257091932,-4282511.601573091],[-15028131.257091932,-4146291.891110615],[-15028131.257091932,-4011744.90801119],[-15028131.257091932,-3878790.2110944847],[-15028131.257091932,-3747351.097816683],[-15028131.257091932,-3617354.33166467],[-15028131.257091932,-3488729.891836346],[-15028131.257091932,-3361410.742961409],[-15028131.257091932,-3235332.6228709584],[-15028131.257091932,-3110433.8466455555],[-15028131.257091932,-2986655.1253646407],[-15028131.257091932,-2863939.3981492463],[-15028131.257091932,-2742231.6762382486],[-15028131.257091932,-2621478.897968757],[-15028131.257091932,-2501629.7936457098],[-15028131.257091932,-2382634.7593869264],[-15028131.257091932,-2264445.7391190324],[-15028131.257091932,-2147016.113978506],[-15028131.257091932,-2030300.5984420108],[-15028131.257091932,-1914255.142571887],[-15028131.257091932,-1798836.8398177244],[-15028131.257091932,-1684003.8398634524],[-15028131.257091932,-1569715.2660527867],[-15028131.257091932,-1455931.13696414],[-15028131.257091932,-1342612.2917402794],[-15028131.257091932,-1229720.3188082303],[-15028131.257091932,-1117217.487651728],[-15028131.257091932,-1005066.683322292],[-15028131.257091932,-893231.3433958691],[-15028131.257091932,-781675.3971004876],[-15028131.257091932,-670363.206356386],[-15028131.257091932,-559259.5084842426],[-15028131.257091932,-448329.36034905317],[-15028131.257091932,-337538.08371763973],[-15028131.257091932,-226851.2116163422],[-15028131.257091932,-116234.4354824947],[-15028131.257091932,-5653.552908869757],[-15028131.257091932,104925.5842155806],[-15028131.257091932,215537.1213626353],[-15028131.257091932,326215.25301188993],[-15028131.257091932,436994.27448044706],[-15028131.257091932,547908.6341289869],[-15028131.257091932,658992.9861405087],[-15028131.257091932,770282.24407211],[-15028131.257091932,881811.6353855366],[-15028131.257091932,993616.7571691453],[-15028131.257091932,1105733.6332724218],[-15028131.257091932,1218198.7730842484],[-15028131.257091932,1331049.23219809],[-15028131.257091932,1444322.6752210138],[-15028131.257091932,1558057.4409994339],[-15028131.257091932,1672292.6105525726],[-15028131.257091932,1787068.078025319],[-15028131.257091932,1902424.6249956668],[-15028131.257091932,2018403.9984982398],[-15028131.257091932,2135048.993155484],[-15028131.257091932,2252403.537841614],[-15028131.257091932,2370512.7873424618],[-15028131.257091932,2489423.2195170023],[-15028131.257091932,2609182.7385145235],[-15028131.257091932,2729840.7846555104],[-15028131.257091932,2851448.451645516],[-15028131.257091932,2974058.611860177],[-15028131.257091932,3097726.0505174412],[-15028131.257091932,3222507.6096411836],[-15028131.257091932,3348462.342820088],[-15028131.257091932,3475651.6818789453],[-15028131.257091932,3604139.6167079024],[-15028131.257091932,3733992.8896417376],[-15028131.257091932,3865281.205947822],[-15028131.257091932,3998077.4621722894],[-15028131.257091932,4132457.994311914],[-15028131.257091932,4268502.848029758],[-15028131.257091932,4406296.073420492],[-15028131.257091932,4545926.047163202],[-15028131.257091932,4687485.825283068],[-15028131.257091932,4831073.530187688],[-15028131.257091932,4976792.776160069],[-15028131.257091932,5124753.138091788],[-15028131.257091932,5275070.668942634],[-15028131.257091932,5427868.47223671],[-15028131.257091932,5583277.336873518],[-15028131.257091932,5741436.442675144],[-15028131.257091932,5902494.146443224],[-15028131.257091932,6066608.859906541],[-15028131.257091932,6233950.032856818],[-15028131.257091932,6404699.257065323],[-15028131.257091932,6579051.509332584],[-15028131.257091932,6757216.555356059],[-15028131.257091932,6939420.540143602],[-15028131.257091932,7125907.795628989],[-15028131.257091932,7316942.902183879],[-15028131.257091932,7512813.048157504],[-15028131.257091932,7713830.740786936],[-15028131.257091932,7920336.933297432],[-15028131.257091932,8132704.6474012295],[-15028131.257091932,8351343.188562478],[-15028131.257091932,8576703.0744752],[-15028131.257091932,8809281.826752394],[-15028131.257091932,9049630.813963894],[-15028131.257091932,9298363.383802617],[-15028131.257091932,9556164.58735902],[-15028131.257091932,9823802.884952426],[-15028131.257091932,10102144.338843314],[-15028131.257091932,10392169.95518481],[-15028131.257091932,10694997.05297862],[-15028131.257091932,11011905.8371861],[-15028131.257091932,11344372.775235897],[-15028131.257091932,11694112.980613992],[-15028131.257091932,12063134.687732812],[-15028131.257091932,12453810.209336404],[-15028131.257091932,12868969.74884047],[-15028131.257091932,13312027.513438126],[-15028131.257091932,13787154.46750462],[-15028131.257091932,14299520.090295099],[-15028131.257091932,14855639.107791035],[-15028131.257091932,15463883.14263024],[-15028131.257091932,16135261.40167018],[-15028131.257091932,16884660.326991968],[-15028131.257091932,17732909.674735937],[-15028131.257091932,18710439.343052853],[-15028131.257091932,19864268.85559512]]},"properties":{"type":"meridian","value":-135}},
{"type":"Feature","geometry":{"type":"LineString","coordinates":[[-13358338.895192828,-19994875.533921562],[-13358338.895192828,-18819335.475351118],[-13358338.895192828,-17826307.823965527],[-13358338.895192828,-16966443.208457552],[-13358338.895192828,-16208017.44902496],[-13358338.895192828,-15529424.252742965],[-13358338.895192828,-14915283.03332639],[-13358338.895192828,-14354255.163159076],[-13358338.895192828,-13837740.964646416],[-13358338.895192828,-13359062.81939973],[-13358338.895192828,-12912931.796861945],[-13358338.895192828,-12495087.346805148],[-13358338.895192828,-12102046.757511977],[-13358338.895192828,-11730926.546359586],[-13358338.895192828,-11379312.340008635],[-13358338.895192828,-11045162.257393165],[-13358338.895192828,-10726733.948994445],[-13358338.895192828,-10422528.665020764],[-13358338.895192828,-10131247.794947207],[-13358338.895192828,-9851758.683360271],[-13358338.895192828,-9583067.443038262],[-13358338.895192828,-9324297.11383794],[-13358338.895192828,-9074669.953512048],[-13358338.895192828,-8833492.956460677],[-13358338.895192828,-8600145.919062776],[-13358338.895192828,-8374071.532333932],[-13358338.895192828,-8154767.102126645],[-13358338.895192828,-7941777.586142016],[-13358338.895192828,-7734689.704101145],[-13358338.895192828,-7533126.928448162],[-13358338.895192828,-7336745.202122634],[-13358338.895192828,-7145229.260260347],[-13358338.895192828,-6958289.456342949],[-13358338.895192828,-6775659.011921074],[-13358338.895192828,-6597091.623766198],[-13358338.895192828,-6422359.374048327],[-13358338.895192828,-6251250.898554941],[-13358338.895192828,-6083569.775566123],[-13358338.895192828,-5919133.104167403],[-13358338.895192828,-5757770.245812415],[-13358338.895192828,-5599321.707072433],[-13358338.895192828,-5443638.144907974],[-13358338.895192828,-5290579.478610653],[-13358338.895192828,-5140014.09490171],[-13358338.895192828,-4991818.134625552],[-13358338.895192828,-4845874.8511128845],[-13358338.895192828,-4702074.031664248],[-13358338.895192828,-4560311.474767187],[-13358338.895192828,-4420488.516645091],[-13358338.895192828,-4282511.601573091],[-13358338.895192828,-4146291.891110615],[-13358338.895192828,-4011744.90801119],[-13358338.895192828,-3878790.2110944847],[-13358338.895192828,-3747351.097816683],[-13358338.895192828,-3617354.33166467],[-13358338.895192828,-3488729.891836346],[-13358338.895192828,-3361410.742961409],[-13358338.895192828,-3235332.6228709584],[-13358338.895192828,-3110433.8466455555],[-13358338.895192828,-2986655.1253646407],[-13358338.895192828,-2863939.3981492463],[-13358338.895192828,-2742231.6762382486],[-13358338.895192828,-2621478.897968757],[-13358338.895192828,-2501629.7936457098],[-13358338.895192828,-2382634.7593869264],[-13358338.895192828,-2264445.7391190324],[-13358338.895192828,-2147016.113978506],[-13358338.895192828,-2030300.5984420108],[-13358338.895192828,-1914255.142571887],[-13358338.895192828,-1798836.8398177244],[-13358338.895192828,-1684003.8398634524],[-13358338.895192828,-1569715.2660527867],[-13358338.895192828,-1455931.13696414],[-13358338.895192828,-1342612.2917402794],[-13358338.895192828,-1229720.3188082303],[-13358338.895192828,-1117217.487651728],[-13358338.895192828,-1005066.683322292],[-13358338.895192828,-893231.3433958691],[-13358338.895192828,-781675.3971004876],[-13358338.895192828,-670363.206356386],[-13358338.895192828,-559259.5084842426],[-13358338.895192828,-448329.36034905317],[-13358338.895192828,-337538.08371763973],[-13358338.895192828,-226851.2116163422],[-13358338.895192828,-116234.4354824947],[-13358338.895192828,-5653.552908869757],[-13358338.895192828,104925.5842155806],[-13358338.895192828,215537.1213626353],[-13358338.895192828,326215.25301188993],[-13358338.895192828,436994.27448044706],[-13358338.895192828,547908.6341289869],[-13358338.895192828,658992.9861405087],[-13358338.895192828,770282.24407211],[-13358338.895192828,881811.6353855366],[-13358338.895192828,993616.7571691453],[-13358338.895192828,1105733.6332724218],[-13358338.895192828,1218198.7730842484],[-13358338.895192828,1331049.23219809],[-13358338.895192828,1444322.6752210138],[-13358338.895192828,1558057.4409994339],[-13358338.895192828,1672292.6105525726],[-13358338.895192828,1787068.078025319],[-13358338.895192828,1902424.6249956668],[-13358338.895192828,2018403.9984982398],[-13358338.895192828,2135048.993155484],[-13358338.895192828,2252403.537841614],[-13358338.895192828,2370512.7873424618],[-13358338.895192828,2489423.2195170023],[-13358338.895192828,2609182.7385145235],[-13358338.895192828,2729840.7846555104],[-13358338.895192828,2851448.451645516],[-13358338.895192828,2974058.611860177],[-13358338.895192828,3097726.0505174412],[-13358338.895192828,3222507.6096411836],[-13358338.895192828,3348462.342820088],[-13358338.895192828,3475651.6818789453],[-13358338.895192828,3604139.6167079024],[-13358338.895192828,3733992.8896417376],[-13358338.895192828,3865281.205947822],[-13358338.895192828,3998077.4621722894],[-13358338.895192828,4132457.994311914],[-13358338.895192828,4268502.848029758],[-13358338.895192828,4406296.073420492],[-13358338.895192828,4545926.047163202],[-13358338.895192828,4687485.825283068],[-13358338.895192828,4831073.530187688],[-13358338.895192828,4976792.776160069],[-13358338.895192828,5124753.138091788],[-13358338.895192828,5275070.668942634],[-13358338.895192828,5427868.47223671],[-13358338.895192828,5583277.336873518],[-13358338.895192828,5741436.442675144],[-13358338.895192828,5902494.146443224],[-13358338.895192828,6066608.859906541],[-13358338.895192828,6233950.032856818],[-13358338.895192828,6404699.257065323],[-13358338.895192828,6579051.509332584],[-13358338.895192828,6757216.555356059],[-13358338.895192828,6939420.540143602],[-13358338.895192828,7125907.795628989],[-13358338.895192828,7316942.902183879],[-13358338.895192828,7512813.048157504],[-13358338.895192828,7713830.740786936],[-13358338.895192828,7920336.933297432],[-13358338.895192828,8132704.6474012295],[-13358338.895192828,8351343.188562478],[-13358338.895192828,8576703.0744752],[-13358338.895192828,8809281.826752394],[-13358338.895192828,9049630.813963894],[-13358338.895192828,9298363.383802617],[-13358338.895192828,9556164.58735902],[-13358338.895192828,9823802.884952426],[-13358338.895192828,10102144.338843314],[-13358338.895192828,10392169.95518481],[-13358338.895192828,10694997.05297862],[-13358338.895192828,11011905.8371861],[-13358338.895192828,11344372.775235897],[-13358338.895192828,11694112.980613992],[-13358338.895192828,12063134.687732812],[-13358338.895192828,12453810.209336404],[-13358338.895192828,12868969.74884047],[-13358338.895192828,13312027.513438126],[-13358338.895192828,13787154.46750462],[-13358338.895192828,14299520.090295099],[-13358338.895192828,14855639.107791035],[-13358338.895192828,15463883.14263024],[-13358338.895192828,16135261.40167018],[-13358338.895192828,16884660.326991968],[-13358338.895192828,17732909.674735937],[-13358338.895192828,18710439.343052853],[-13358338.895192828,19864268.85559512]]},"properties":{"type":"meridian","value":-120}},
{"type":"Feature","geometry":{"type":"LineString","coordinates":[[-11688546.533293726,-19994875.533921562],[-11688546.533293726,-18819335.475351118],[-11688546.533293726,-17826307.823965527],[-11688546.533293726,-16966443.208457552],[-11688546.533293726,-16208017.44902496],[-11688546.533293726,-15529424.252742965],[-11688546.533293726,-14915283.03332639],[-11688546.533293726,-14354255.163159076],[-11688546.533293726,-13837740.964646416],[-11688546.533293726,-13359062.81939973],[-11688546.533293726,-12912931.796861945],[-11688546.533293726,-12495087.346805148],[-11688546.533293726,-12102046.757511977],[-11688546.533293726,-11730926.546359586],[-11688546.533293726,-11379312.340008635],[-11688546.533293726,-11045162.257393165],[-11688546.533293726,-10726733.948994445],[-11688546.533293726,-10422528.665020764],[-11688546.533293726,-10131247.794947207],[-11688546.533293726,-9851758.683360271],[-11688546.533293726,-9583067.443038262],[-11688546.533293726,-9324297.11383794],[-11688546.533293726,-9074669.953512048],[-11688546.533293726,-8833492.956460677],[-11688546.533293726,-8600145.919062776],[-11688546.533293726,-8374071.532333932],[-11688546.533293726,-8154767.102126645],[-11688546.533293726,-7941777.586142016],[-11688546.533293726,-7734689.704101145],[-11688546.533293726,-7533126.928448162],[-11688546.533293726,-7336745.202122634],[-11688546.533293726,-7145229.260260347],[-11688546.533293726,-6958289.456342949],[-11688546.533293726,-6775659.011921074],[-11688546.533293726,-6597091.623766198],[-11688546.533293726,-6422359.374048327],[-11688546.533293726,-6251250.898554941],[-11688546.533293726,-6083569.775566123],[-11688546.533293726,-5919133.104167403],[-11688546.533293726,-5757770.245812415],[-11688546.533293726,-5599321.707072433],[-11688546.533293726,-5443638.144907974],[-11688546.533293726,-5290579.478610653],[-11688546.533293726,-5140014.09490171],[-11688546.533293726,-4991818.134625552],[-11688546.533293726,-4845874.8511128845],[-11688546.533293726,-4702074.031664248],[-11688546.533293726,-4560311.474767187],[-11688546.533293726,-4420488.516645091],[-11688546.533293726,-4282511.601573091],[-11688546.533293726,-4146291.891110615],[-11688546.533293726,-4011744.90801119],[-11688546.533293726,-3878790.2110944847],[-11688546.533293726,-3747351.097816683],[-11688546.533293726,-3617354.33166467],[-11688546.533293726,-3488729.891836346],[-11688546.533293726,-3361410.742961409],[-11688546.533293726,-3235332.6228709584],[-11688546.533293726,-3110433.8466455555],[-11688546.533293726,-2986655.1253646407],[-11688546.533293726,-2863939.3981492463],[-11688546.533293726,-2742231.6762382486],[-11688546.533293726,-2621478.897968757],[-11688546.533293726,-2501629.7936457098],[-11688546.533293726,-2382634.7593869264],[-11688546.533293726,-2264445.7391190324],[-11688546.533293726,-2147016.113978506],[-11688546.533293726,-2030300.5984420108],[-11688546.533293726,-1914255.142571887],[-11688546.533293726,-1798836.8398177244],[-11688546.533293726,-1684003.8398634524],[-11688546.533293726,-1569715.2660527867],[-11688546.533293726,-1455931.13696414],[-11688546.533293726,-1342612.2917402794],[-11688546.533293726,-1229720.3188082303],[-11688546.533293726,-1117217.487651728],[-11688546.533293726,-1005066.683322292],[-11688546.533293726,-893231.3433958691],[-11688546.533293726,-781675.3971004876],[-11688546.533293726,-670363.206356386],[-11688546.533293726,-559259.5084842426],[-11688546.533293726,-448329.36034905317],[-11688546.533293726,-337538.08371763973],[-11688546.533293726,-226851.2116163422],[-11688546.533293726,-116234.4354824947],[-11688546.533293726,-5653.552908869757],[-11688546.533293726,104925.5842155806],[-11688546.533293726,215537.1213626353],[-11688546.533293726,326215.25301188993],[-11688546.533293726,436994.27448044706],[-11688546.533293726,547908.6341289869],[-11688546.533293726,658992.9861405087],[-11688546.533293726,770282.24407211],[-11688546.533293726,881811.6353855366],[-11688546.533293726,993616.7571691453],[-11688546.533293726,1105733.6332724218],[-11688546.533293726,1218198.7730842484],[-11688546.533293726,1331049.23219809],[-11688546.533293726,1444322.6752210138],[-11688546.533293726,1558057.4409994339],[-11688546.533293726,1672292.6105525726],[-11688546.533293726,1787068.078025319],[-11688546.533293726,1902424.6249956668],[-11688546.533293726,2018403.9984982398],[-11688546.533293726,2135048.993155484],[-11688546.533293726,2252403.537841614],[-11688546.533293726,2370512.7873424618],[-11688546.533293726,2489423.2195170023],[-11688546.533293726,2609182.7385145235],[-11688546.533293726,2729840.7846555104],[-11688546.533293726,2851448.451645516],[-11688546.533293726,2974058.611860177],[-11688546.533293726,3097726.0505174412],[-11688546.533293726,3222507.6096411836],[-11688546.533293726,3348462.342820088],[-11688546.533293726,3475651.6818789453],[-11688546.533293726,3604139.6167079024],[-11688546.533293726,3733992.8896417376],[-11688546.533293726,3865281.205947822],[-11688546.533293726,3998077.4621722894],[-11688546.533293726,4132457.994311914],[-11688546.533293726,4268502.848029758],[-11688546.533293726,4406296.073420492],[-11688546.533293726,4545926.047163202],[-11688546.533293726,4687485.825283068],[-11688546.533293726,4831073.530187688],[-11688546.533293726,4976792.776160069],[-11688546.533293726,5124753.138091788],[-11688546.533293726,5275070.668942634],[-11688546.533293726,5427868.47223671],[-11688546.533293726,5583277.336873518],[-11688546.533293726,5741436.442675144],[-11688546.533293726,5902494.146443224],[-11688546.533293726,6066608.859906541],[-11688546.533293726,6233950.032856818],[-11688546.533293726,6404699.257065323],[-11688546.533293726,6579051.509332584],[-11688546.533293726,6757216.555356059],[-11688546.533293726,6939420.540143602],[-11688546.533293726,7125907.795628989],[-11688546.533293726,7316942.902183879],[-11688546.533293726,7512813.048157504],[-11688546.533293726,7713830.740786936],[-11688546.533293726,7920336.933297432],[-11688546.533293726,8132704.6474012295],[-11688546.533293726,8351343.188562478],[-11688546.533293726,8576703.0744752],[-11688546.533293726,8809281.826752394],[-11688546.533293726,9049630.813963894],[-11688546.533293726,9298363.383802617],[-11688546.533293726,9556164.58735902],[-11688546.533293726,9823802.884952426],[-11688546.533293726,10102144.338843314],[-11688546.533293726,10392169.95518481],[-11688546.533293726,10694997.05297862],[-11688546.533293726,11011905.8371861],[-11688546.533293726,11344372.775235897],[-11688546.533293726,11694112.980613992],[-11688546.533293726,12063134.687732812],[-11688546.533293726,12453810.209336404],[-11688546.533293726,12868969.74884047],[-11688546.533293726,13312027.513438126],[-11688546.533293726,13787154.46750462],[-11688546.533293726,14299520.090295099],[-11688546.533293726,14855639.107791035],[-11688546.533293726,15463883.14263024],[-11688546.533293726,16135261.40167018],[-11688546.533293726,16884660.326991968],[-11688546.533293726,17732909.674735937],[-11688546.533293726,18710439.343052853],[-11688546.533293726,19864268.85559512]]},"properties":{"type":"meridian","value":-105}},
{"type":"Feature","geometry":{"type":"LineString","coordinates":[[-10018754.171394622,-19994875.533921562],[-10018754.171394622,-18819335.475351118],[-10018754.171394622,-17826307.823965527],[-10018754.171394622,-16966443.208457552],[-10018754.171394622,-16208017.44902496],[-10018754.171394622,-15529424.252742965],[-10018754.171394622,-14915283.03332639],[-10018754.171394622,-14354255.163159076],[-10018754.171394622,-13837740.964646416],[-10018754.171394622,-13359062.81939973],[-10018754.171394622,-12912931.796861945],[-10018754.171394622,-12495087.346805148],[-10018754.171394622,-12102046.757511977],[-10018754.171394622,-11730926.546359586],[-10018754.171394622,-11379312.340008635],[-10018754.171394622,-11045162.257393165],[-10018754.171394622,-10726733.948994445],[-10018754.171394622,-10422528.665020764],[-10018754.171394622,-10131247.794947207],[-10018754.171394622,-9851758.683360271],[-10018754.171394622,-9583067.443038262],[-10018754.171394622,-9324297.11383794],[-10018754.171394622,-9074669.953512048],[-10018754.171394622,-8833492.956460677],[-10018754.171394622,-8600145.919062776],[-10018754.171394622,-8374071.532333932],[-10018754.171394622,-8154767.102126645],[-10018754.171394622,-7941777.586142016],[-10018754.171394622,-7734689.704101145],[-10018754.171394622,-7533126.928448162],[-10018754.171394622,-7336745.202122634],[-10018754.171394622,-7145229.260260347],[-10018754.171394622,-6958289.456342949],[-10018754.171394622,-6775659.011921074],[-10018754.171394622,-6597091.623766198],[-10018754.171394622,-6422359.374048327],[-10018754.171394622,-6251250.898554941],[-10018754.171394622,-6083569.775566123],[-10018754.171394622,-5919133.104167403],[-10018754.171394622,-5757770.245812415],[-10018754.171394622,-5599321.707072433],[-10018754.171394622,-5443638.144907974],[-10018754.171394622,-5290579.478610653],[-10018754.171394622,-5140014.09490171],[-10018754.171394622,-4991818.134625552],[-10018754.171394622,-4845874.8511128845],[-10018754.171394622,-4702074.031664248],[-10018754.171394622,-4560311.474767187],[-10018754.171394622,-4420488.516645091],[-10018754.171394622,-4282511.601573091],[-10018754.171394622,-4146291.891110615],[-10018754.171394622,-4011744.90801119],[-10018754.171394622,-3878790.2110944847],[-10018754.171394622,-3747351.097816683],[-10018754.171394622,-3617354.33166467],[-10018754.171394622,-3488729.891836346],[-10018754.171394622,-3361410.742961409],[-10018754.171394622,-3235332.6228709584],[-10018754.171394622,-3110433.8466455555],[-10018754.171394622,-2986655.1253646407],[-10018754.171394622,-2863939.3981492463],[-10018754.171394622,-2742231.6762382486],[-10018754.171394622,-2621478.897968757],[-10018754.171394622,-2501629.7936457098],[-10018754.171394622,-2382634.7593869264],[-10018754.171394622,-2264445.7391190324],[-10018754.171394622,-2147016.113978506],[-10018754.171394622,-2030300.5984420108],[-10018754.171394622,-1914255.142571887],[-10018754.171394622,-1798836.8398177244],[-10018754.171394622,-1684003.8398634524],[-10018754.171394622,-1569715.2660527867],[-10018754.171394622,-1455931.13696414],[-10018754.171394622,-1342612.2917402794],[-10018754.171394622,-1229720.3188082303],[-10018754.171394622,-1117217.487651728],[-10018754.171394622,-1005066.683322292],[-10018754.171394622,-893231.3433958691],[-10018754.171394622,-781675.3971004876],[-10018754.171394622,-670363.206356386],[-10018754.171394622,-559259.5084842426],[-10018754.171394622,-448329.36034905317],[-10018754.171394622,-337538.08371763973],[-10018754.171394622,-226851.2116163422],[-10018754.171394622,-116234.4354824947],[-10018754.171394622,-5653.552908869757],[-10018754.171394622,104925.5842155806],[-10018754.171394622,215537.1213626353],[-10018754.171394622,326215.25301188993],[-10018754.171394622,436994.27448044706],[-10018754.171394622,547908.6341289869],[-10018754.171394622,658992.9861405087],[-10018754.171394622,770282.24407211],[-10018754.171394622,881811.6353855366],[-10018754.171394622,993616.7571691453],[-10018754.171394622,1105733.6332724218],[-10018754.171394622,1218198.7730842484],[-10018754.171394622,1331049.23219809],[-10018754.171394622,1444322.6752210138],[-10018754.171394622,1558057.4409994339],[-10018754.171394622,1672292.6105525726],[-10018754.171394622,1787068.078025319],[-10018754.171394622,1902424.6249956668],[-10018754.171394622,2018403.9984982398],[-10018754.171394622,2135048.993155484],[-10018754.171394622,2252403.537841614],[-10018754.171394622,2370512.7873424618],[-10018754.171394622,2489423.2195170023],[-10018754.171394622,2609182.7385145235],[-10018754.171394622,2729840.7846555104],[-10018754.171394622,2851448.451645516],[-10018754.171394622,2974058.611860177],[-10018754.171394622,3097726.0505174412],[-10018754.171394622,3222507.6096411836],[-10018754.171394622,3348462.342820088],[-10018754.171394622,3475651.6818789453],[-10018754.171394622,3604139.6167079024],[-10018754.171394622,3733992.8896417376],[-10018754.171394622,3865281.205947822],[-10018754.171394622,3998077.4621722894],[-10018754.171394622,4132457.994311914],[-10018754.171394622,4268502.848029758],[-10018754.171394622,4406296.073420492],[-10018754.171394622,4545926.047163202],[-10018754.171394622,4687485.825283068],[-10018754.171394622,4831073.530187688],[-10018754.171394622,4976792.776160069],[-10018754.171394622,5124753.138091788],[-10018754.171394622,5275070.668942634],[-10018754.171394622,5427868.47223671],[-10018754.171394622,5583277.336873518],[-10018754.171394622,5741436.442675144],[-10018754.171394622,5902494.146443224],[-10018754.171394622,6066608.859906541],[-10018754.171394622,6233950.032856818],[-10018754.171394622,6404699.257065323],[-10018754.171394622,6579051.509332584],[-10018754.171394622,6757216.555356059],[-10018754.171394622,6939420.540143602],[-10018754.171394622,7125907.795628989],[-10018754.171394622,7316942.902183879],[-10018754.171394622,7512813.048157504],[-10018754.171394622,7713830.740786936],[-10018754.171394622,7920336.933297432],[-10018754.171394622,8132704.6474012295],[-10018754.171394622,8351343.188562478],[-10018754.171394622,8576703.0744752],[-10018754.171394622,8809281.826752394],[-10018754.171394622,9049630.813963894],[-10018754.171394622,9298363.383802617],[-10018754.171394622,9556164.58735902],[-10018754.171394622,9823802.884952426],[-10018754.171394622,10102144.338843314],[-10018754.171394622,10392169.95518481],[-10018754.171394622,10694997.05297862],[-10018754.171394622,11011905.8371861],[-10018754.171394622,11344372.775235897],[-10018754.171394622,11694112.980613992],[-10018754.171394622,12063134.687732812],[-10018754.171394622,12453810.209336404],[-10018754.171394622,12868969.74884047],[-10018754.171394622,13312027.513438126],[-10018754.171394622,13787154.46750462],[-10018754.171394622,14299520.090295099],[-10018754.171394622,14855639.107791035],[-10018754.171394622,15463883.14263024],[-10018754.171394622,16135261.40167018],[-10018754.171394622,16884660.326991968],[-10018754.171394622,17732909.674735937],[-10018754.171394622,18710439.343052853],[-10018754.171394622,19864268.85559512]]},"properties":{"type":"meridian","value":-90}},
{"type":"Feature","geometry":{"type":"LineString","coordinates":[[-8348961.809495518,-19994875.533921562],[-8348961.809495518,-18819335.475351118],[-8348961.809495518,-17826307.823965527],[-8348961.809495518,-16966443.208457552],[-8348961.809495518,-16208017.44902496],[-8348961.809495518,-15529424.252742965],[-8348961.809495518,-14915283.03332639],[-8348961.809495518,-14354255.163159076],[-8348961.809495518,-13837740.964646416],[-8348961.809495518,-13359062.81939973],[-8348961.809495518,-12912931.796861945],[-8348961.809495518,-12495087.346805148],[-8348961.809495518,-12102046.757511977],[-8348961.809495518,-11730926.546359586],[-8348961.809495518,-11379312.340008635],[-8348961.809495518,-11045162.257393165],[-8348961.809495518,-10726733.948994445],[-8348961.809495518,-10422528.665020764],[-8348961.809495518,-10131247.794947207],[-8348961.809495518,-9851758.683360271],[-8348961.809495518,-9583067.443038262],[-8348961.809495518,-9324297.11383794],[-8348961.809495518,-9074669.953512048],[-8348961.809495518,-8833492.956460677],[-8348961.809495518,-8600145.919062776],[-8348961.809495518,-8374071.532333932],[-8348961.809495518,-8154767.102126645],[-8348961.809495518,-7941777.586142016],[-8348961.809495518,-7734689.704101145],[-8348961.809495518,-7533126.928448162],[-8348961.809495518,-7336745.202122634],[-8348961.809495518,-7145229.260260347],[-8348961.809495518,-6958289.456342949],[-8348961.809495518,-6775659.011921074],[-8348961.809495518,-6597091.623766198],[-8348961.809495518,-6422359.374048327],[-8348961.809495518,-6251250.898554941],[-8348961.809495518,-6083569.775566123],[-8348961.809495518,-5919133.104167403],[-8348961.809495518,-5757770.245812415],[-8348961.809495518,-5599321.707072433],[-8348961.809495518,-5443638.144907974],[-8348961.809495518,-5290579.478610653],[-8348961.809495518,-5140014.09490171],[-8348961.809495518,-4991818.134625552],[-8348961.809495518,-4845874.8511128845],[-8348961.809495518,-4702074.031664248],[-8348961.809495518,-4560311.474767187],[-8348961.809495518,-4420488.516645091],[-8348961.809495518,-4282511.601573091],[-8348961.809495518,-4146291.891110615],[-8348961.809495518,-4011744.90801119],[-8348961.809495518,-3878790.2110944847],[-8348961.809495518,-3747351.097816683],[-8348961.809495518,-3617354.33166467],[-8348961.809495518,-3488729.891836346],[-8348961.809495518,-3361410.742961409],[-8348961.809495518,-3235332.6228709584],[-8348961.809495518,-3110433.8466455555],[-8348961.809495518,-2986655.1253646407],[-8348961.809495518,-2863939.3981492463],[-8348961.809495518,-2742231.6762382486],[-8348961.809495518,-2621478.897968757],[-8348961.809495518,-2501629.7936457098],[-8348961.809495518,-2382634.7593869264],[-8348961.809495518,-2264445.7391190324],[-8348961.809495518,-2147016.113978506],[-8348961.809495518,-2030300.5984420108],[-8348961.809495518,-1914255.142571887],[-8348961.809495518,-1798836.8398177244],[-8348961.809495518,-1684003.8398634524],[-8348961.809495518,-1569715.2660527867],[-8348961.809495518,-1455931.13696414],[-8348961.809495518,-1342612.2917402794],[-8348961.809495518,-1229720.3188082303],[-8348961.809495518,-1117217.487651728],[-8348961.809495518,-1005066.683322292],[-8348961.809495518,-893231.3433958691],[-8348961.809495518,-781675.3971004876],[-8348961.809495518,-670363.206356386],[-8348961.809495518,-559259.5084842426],[-8348961.809495518,-448329.36034905317],[-8348961.809495518,-337538.08371763973],[-8348961.809495518,-226851.2116163422],[-8348961.809495518,-116234.4354824947],[-8348961.809495518,-5653.552908869757],[-8348961.809495518,104925.5842155806],[-8348961.809495518,215537.1213626353],[-8348961.809495518,326215.25301188993],[-8348961.809495518,436994.27448044706],[-8348961.809495518,547908.6341289869],[-8348961.809495518,658992.9861405087],[-8348961.809495518,770282.24407211],[-8348961.809495518,881811.6353855366],[-8348961.809495518,993616.7571691453],[-8348961.809495518,1105733.6332724218],[-8348961.809495518,1218198.7730842484],[-8348961.809495518,1331049.23219809],[-8348961.809495518,1444322.6752210138],[-8348961.809495518,1558057.4409994339],[-8348961.809495518,1672292.6105525726],[-8348961.809495518,1787068.078025319],[-8348961.809495518,1902424.6249956668],[-8348961.809495518,2018403.9984982398],[-8348961.809495518,2135048.993155484],[-8348961.809495518,2252403.537841614],[-8348961.809495518,2370512.7873424618],[-8348961.809495518,2489423.2195170023],[-8348961.809495518,2609182.7385145235],[-8348961.809495518,2729840.7846555104],[-8348961.809495518,2851448.451645516],[-8348961.809495518,2974058.611860177],[-8348961.809495518,3097726.0505174412],[-8348961.809495518,3222507.6096411836],[-8348961.809495518,3348462.342820088],[-8348961.809495518,3475651.6818789453],[-8348961.809495518,3604139.6167079024],[-8348961.809495518,3733992.8896417376],[-8348961.809495518,3865281.205947822],[-8348961.809495518,3998077.4621722894],[-8348961.809495518,4132457.994311914],[-8348961.809495518,4268502.848029758],[-8348961.809495518,4406296.073420492],[-8348961.809495518,4545926.047163202],[-8348961.809495518,4687485.825283068],[-8348961.809495518,4831073.530187688],[-8348961.809495518,4976792.776160069],[-8348961.809495518,5124753.138091788],[-8348961.809495518,5275070.668942634],[-8348961.809495518,5427868.47223671],[-8348961.809495518,5583277.336873518],[-8348961.809495518,5741436.442675144],[-8348961.809495518,5902494.146443224],[-8348961.809495518,6066608.859906541],[-8348961.809495518,6233950.032856818],[-8348961.809495518,6404699.257065323],[-8348961.809495518,6579051.509332584],[-8348961.809495518,6757216.555356059],[-8348961.809495518,6939420.540143602],[-8348961.809495518,7125907.795628989],[-8348961.809495518,7316942.902183879],[-8348961.809495518,7512813.048157504],[-8348961.809495518,7713830.740786936],[-8348961.809495518,7920336.933297432],[-8348961.809495518,8132704.6474012295],[-8348961.809495518,8351343.188562478],[-8348961.809495518,8576703.0744752],[-8348961.809495518,8809281.826752394],[-8348961.809495518,9049630.813963894],[-8348961.809495518,9298363.383802617],[-8348961.809495518,9556164.58735902],[-8348961.809495518,9823802.884952426],[-8348961.809495518,10102144.338843314],[-8348961.809495518,10392169.95518481],[-8348961.809495518,10694997.05297862],[-8348961.809495518,11011905.8371861],[-8348961.809495518,11344372.775235897],[-8348961.809495518,11694112.980613992],[-8348961.809495518,12063134.687732812],[-8348961.809495518,12453810.209336404],[-8348961.809495518,12868969.74884047],[-8348961.809495518,13312027.513438126],[-8348961.809495518,13787154.46750462],[-8348961.809495518,14299520.090295099],[-8348961.809495518,14855639.107791035],[-8348961.809495518,15463883.14263024],[-8348961.809495518,16135261.40167018],[-8348961.809495518,16884660.326991968],[-8348961.809495518,17732909.674735937],[-8348961.809495518,18710439.343052853],[-8348961.809495518,19864268.85559512]]},"properties":{"type":"meridian","value":-75}},
{"type":"Feature","geometry":{"type":"LineString","coordinates":[[-6679169.447596414,-19994875.533921562],[-6679169.447596414,-18819335.475351118],[-6679169.447596414,-17826307.823965527],[-6679169.447596414,-16966443.208457552],[-6679169.447596414,-16208017.44902496],[-6679169.447596414,-15529424.252742965],[-6679169.447596414,-14915283.03332639],[-6679169.447596414,-14354255.163159076],[-6679169.447596414,-13837740.964646416],[-6679169.447596414,-13359062.81939973],[-6679169.447596414,-12912931.796861945],[-6679169.447596414,-12495087.346805148],[-6679169.447596414,-12102046.757511977],[-6679169.447596414,-11730926.546359586],[-6679169.447596414,-11379312.340008635],[-6679169.447596414,-11045162.257393165],[-6679169.447596414,-10726733.948994445],[-6679169.447596414,-10422528.665020764],[-6679169.447596414,-10131247.794947207],[-6679169.447596414,-9851758.683360271],[-6679169.447596414,-9583067.443038262],[-6679169.447596414,-9324297.11383794],[-6679169.447596414,-9074669.953512048],[-6679169.447596414,-8833492.956460677],[-6679169.447596414,-8600145.919062776],[-6679169.447596414,-8374071.532333932],[-6679169.447596414,-8154767.102126645],[-6679169.447596414,-7941777.586142016],[-6679169.447596414,-7734689.704101145],[-6679169.447596414,-7533126.928448162],[-6679169.447596414,-7336745.202122634],[-6679169.447596414,-7145229.260260347],[-6679169.447596414,-6958289.456342949],[-6679169.447596414,-6775659.011921074],[-6679169.447596414,-6597091.623766198],[-6679169.447596414,-6422359.374048327],[-6679169.447596414,-6251250.898554941],[-6679169.447596414,-6083569.775566123],[-6679169.447596414,-5919133.104167403],[-6679169.447596414,-5757770.245812415],[-6679169.447596414,-5599321.707072433],[-6679169.447596414,-5443638.144907974],[-6679169.447596414,-5290579.478610653],[-6679169.447596414,-5140014.09490171],[-6679169.447596414,-4991818.134625552],[-6679169.447596414,-4845874.8511128845],[-6679169.447596414,-4702074.031664248],[-6679169.447596414,-4560311.474767187],[-6679169.447596414,-4420488.516645091],[-6679169.447596414,-4282511.601573091],[-6679169.447596414,-4146291.891110615],[-6679169.447596414,-4011744.90801119],[-6679169.447596414,-3878790.2110944847],[-6679169.447596414,-3747351.097816683],[-6679169.447596414,-3617354.33166467],[-6679169.447596414,-3488729.891836346],[-6679169.447596414,-3361410.742961409],[-6679169.447596414,-3235332.6228709584],[-6679169.447596414,-3110433.8466455555],[-6679169.447596414,-2986655.1253646407],[-6679169.447596414,-2863939.3981492463],[-6679169.447596414,-2742231.6762382486],[-6679169.447596414,-2621478.897968757],[-6679169.447596414,-2501629.7936457098],[-6679169.447596414,-2382634.7593869264],[-6679169.447596414,-2264445.7391190324],[-6679169.447596414,-2147016.113978506],[-6679169.447596414,-2030300.5984420108],[-6679169.447596414,-1914255.142571887],[-6679169.447596414,-1798836.8398177244],[-6679169.447596414,-1684003.8398634524],[-6679169.447596414,-1569715.2660527867],[-6679169.447596414,-1455931.13696414],[-6679169.447596414,-1342612.2917402794],[-6679169.447596414,-1229720.3188082303],[-6679169.447596414,-1117217.487651728],[-6679169.447596414,-1005066.683322292],[-6679169.447596414,-893231.3433958691],[-6679169.447596414,-781675.3971004876],[-6679169.447596414,-670363.206356386],[-6679169.447596414,-559259.5084842426],[-6679169.447596414,-448329.36034905317],[-6679169.447596414,-337538.08371763973],[-6679169.447596414,-226851.2116163422],[-6679169.447596414,-116234.4354824947],[-6679169.447596414,-5653.552908869757],[-6679169.447596414,104925.5842155806],[-6679169.447596414,215537.1213626353],[-6679169.447596414,326215.25301188993],[-6679169.447596414,436994.27448044706],[-6679169.447596414,547908.6341289869],[-6679169.447596414,658992.9861405087],[-6679169.447596414,770282.24407211],[-6679169.447596414,881811.6353855366],[-6679169.447596414,993616.7571691453],[-6679169.447596414,1105733.6332724218],[-6679169.447596414,1218198.7730842484],[-6679169.447596414,1331049.23219809],[-6679169.447596414,1444322.6752210138],[-6679169.447596414,1558057.4409994339],[-6679169.447596414,1672292.6105525726],[-6679169.447596414,1787068.078025319],[-6679169.447596414,1902424.6249956668],[-6679169.447596414,2018403.9984982398],[-6679169.447596414,2135048.993155484],[-6679169.447596414,2252403.537841614],[-6679169.447596414,2370512.7873424618],[-6679169.447596414,2489423.2195170023],[-6679169.447596414,2609182.7385145235],[-6679169.447596414,2729840.7846555104],[-6679169.447596414,2851448.451645516],[-6679169.447596414,2974058.611860177],[-6679169.447596414,3097726.0505174412],[-6679169.447596414,3222507.6096411836],[-6679169.447596414,3348462.342820088],[-6679169.447596414,3475651.6818789453],[-6679169.447596414,3604139.6167079024],[-6679169.447596414,3733992.8896417376],[-6679169.447596414,3865281.205947822],[-6679169.447596414,3998077.4621722894],[-6679169.447596414,4132457.994311914],[-6679169.447596414,4268502.848029758],[-6679169.447596414,4406296.073420492],[-6679169.447596414,4545926.047163202],[-6679169.447596414,4687485.825283068],[-6679169.447596414,4831073.530187688],[-6679169.447596414,4976792.776160069],[-6679169.447596414,5124753.138091788],[-6679169.447596414,5275070.668942634],[-6679169.447596414,5427868.47223671],[-6679169.447596414,5583277.336873518],[-6679169.447596414,5741436.442675144],[-6679169.447596414,5902494.146443224],[-6679169.447596414,6066608.859906541],[-6679169.447596414,6233950.032856818],[-6679169.447596414,6404699.257065323],[-6679169.447596414,6579051.509332584],[-6679169.447596414,6757216.555356059],[-6679169.447596414,6939420.540143602],[-6679169.447596414,7125907.795628989],[-6679169.447596414,7316942.902183879],[-6679169.447596414,7512813.048157504],[-6679169.447596414,7713830.740786936],[-6679169.447596414,7920336.933297432],[-6679169.447596414,8132704.6474012295],[-6679169.447596414,8351343.188562478],[-6679169.447596414,8576703.0744752],[-6679169.447596414,8809281.826752394],[-6679169.447596414,9049630.813963894],[-6679169.447596414,9298363.383802617],[-6679169.447596414,9556164.58735902],[-6679169.447596414,9823802.884952426],[-6679169.447596414,10102144.338843314],[-6679169.447596414,10392169.95518481],[-6679169.447596414,10694997.05297862],[-6679169.447596414,11011905.8371861],[-6679169.447596414,11344372.775235897],[-6679169.447596414,11694112.980613992],[-6679169.447596414,12063134.687732812],[-6679169.447596414,12453810.209336404],[-6679169.447596414,12868969.74884047],[-6679169.447596414,13312027.513438126],[-6679169.447596414,13787154.46750462],[-6679169.447596414,14299520.090295099],[-6679169.447596414,14855639.107791035],[-6679169.447596414,15463883.14263024],[-6679169.447596414,16135261.40167018],[-6679169.447596414,16884660.326991968],[-6679169.447596414,17732909.674735937],[-6679169.447596414,18710439.343052853],[-6679169.447596414,19864268.85559512]]},"properties":{"type":"meridian","value":-60}},
{"type":"Feature","geometry":{"type":"LineString","coordinates":[[-5009377.085697311,-19994875.533921562],[-5009377.085697311,-18819335.475351118],[-5009377.085697311,-17826307.823965527],[-5009377.085697311,-16966443.208457552],[-5009377.085697311,-16208017.44902496],[-5009377.085697311,-15529424.252742965],[-5009377.085697311,-14915283.03332639],[-5009377.085697311,-14354255.163159076],[-5009377.085697311,-13837740.964646416],[-5009377.085697311,-13359062.81939973],[-5009377.085697311,-12912931.796861945],[-5009377.085697311,-12495087.346805148],[-5009377.085697311,-12102046.757511977],[-5009377.085697311,-11730926.546359586],[-5009377.085697311,-11379312.340008635],[-5009377.085697311,-11045162.257393165],[-5009377.085697311,-10726733.948994445],[-5009377.085697311,-10422528.665020764],[-5009377.085697311,-10131247.794947207],[-5009377.085697311,-9851758.683360271],[-5009377.085697311,-9583067.443038262],[-5009377.085697311,-9324297.11383794],[-5009377.085697311,-9074669.953512048],[-5009377.085697311,-8833492.956460677],[-5009377.085697311,-8600145.919062776],[-5009377.085697311,-8374071.532333932],[-5009377.085697311,-8154767.102126645],[-5009377.085697311,-7941777.586142016],[-5009377.085697311,-7734689.704101145],[-5009377.085697311,-7533126.928448162],[-5009377.085697311,-7336745.202122634],[-5009377.085697311,-7145229.260260347],[-5009377.085697311,-6958289.456342949],[-5009377.085697311,-6775659.011921074],[-5009377.085697311,-6597091.623766198],[-5009377.085697311,-6422359.374048327],[-5009377.085697311,-6251250.898554941],[-5009377.085697311,-6083569.775566123],[-5009377.085697311,-5919133.104167403],[-5009377.085697311,-5757770.245812415],[-5009377.085697311,-5599321.707072433],[-5009377.085697311,-5443638.144907974],[-5009377.085697311,-5290579.478610653],[-5009377.085697311,-5140014.09490171],[-5009377.085697311,-4991818.134625552],[-5009377.085697311,-4845874.8511128845],[-5009377.085697311,-4702074.031664248],[-5009377.085697311,-4560311.474767187],[-5009377.085697311,-4420488.516645091],[-5009377.085697311,-4282511.601573091],[-5009377.085697311,-4146291.891110615],[-5009377.085697311,-4011744.90801119],[-5009377.085697311,-3878790.2110944847],[-5009377.085697311,-3747351.097816683],[-5009377.085697311,-3617354.33166467],[-5009377.085697311,-3488729.891836346],[-5009377.085697311,-3361410.742961409],[-5009377.085697311,-3235332.6228709584],[-5009377.085697311,-3110433.8466455555],[-5009377.085697311,-2986655.1253646407],[-5009377.085697311,-2863939.3981492463],[-5009377.085697311,-2742231.6762382486],[-5009377.085697311,-2621478.897968757],[-5009377.085697311,-2501629.7936457098],[-5009377.085697311,-2382634.7593869264],[-5009377.085697311,-2264445.7391190324],[-5009377.085697311,-2147016.113978506],[-5009377.085697311,-2030300.5984420108],[-5009377.085697311,-1914255.142571887],[-5009377.085697311,-1798836.8398177244],[-5009377.085697311,-1684003.8398634524],[-5009377.085697311,-1569715.2660527867],[-5009377.085697311,-1455931.13696414],[-5009377.085697311,-1342612.2917402794],[-5009377.085697311,-1229720.3188082303],[-5009377.085697311,-1117217.487651728],[-5009377.085697311,-1005066.683322292],[-5009377.085697311,-893231.3433958691],[-5009377.085697311,-781675.3971004876],[-5009377.085697311,-670363.206356386],[-5009377.085697311,-559259.5084842426],[-5009377.085697311,-448329.36034905317],[-5009377.085697311,-337538.08371763973],[-5009377.085697311,-226851.2116163422],[-5009377.085697311,-116234.4354824947],[-5009377.085697311,-5653.552908869757],[-5009377.085697311,104925.5842155806],[-5009377.085697311,215537.1213626353],[-5009377.085697311,326215.25301188993],[-5009377.085697311,436994.27448044706],[-5009377.085697311,547908.6341289869],[-5009377.085697311,658992.9861405087],[-5009377.085697311,770282.24407211],[-5009377.085697311,881811.6353855366],[-5009377.085697311,993616.7571691453],[-5009377.085697311,1105733.6332724218],[-5009377.085697311,1218198.7730842484],[-5009377.085697311,1331049.23219809],[-5009377.085697311,1444322.6752210138],[-5009377.085697311,1558057.4409994339],[-5009377.085697311,1672292.6105525726],[-5009377.085697311,1787068.078025319],[-5009377.085697311,1902424.6249956668],[-5009377.085697311,2018403.9984982398],[-5009377.085697311,2135048.993155484],[-5009377.085697311,2252403.537841614],[-5009377.085697311,2370512.7873424618],[-5009377.085697311,2489423.2195170023],[-5009377.085697311,2609182.7385145235],[-5009377.085697311,2729840.7846555104],[-5009377.085697311,2851448.451645516],[-5009377.085697311,2974058.611860177],[-5009377.085697311,3097726.0505174412],[-5009377.085697311,3222507.6096411836],[-5009377.085697311,3348462.342820088],[-5009377.085697311,3475651.6818789453],[-5009377.085697311,3604139.6167079024],[-5009377.085697311,3733992.8896417376],[-5009377.085697311,3865281.205947822],[-5009377.085697311,3998077.4621722894],[-5009377.085697311,4132457.994311914],[-5009377.085697311,4268502.848029758],[-5009377.085697311,4406296.073420492],[-5009377.085697311,4545926.047163202],[-5009377.085697311,4687485.825283068],[-5009377.085697311,4831073.530187688],[-5009377.085697311,4976792.776160069],[-5009377.085697311,5124753.138091788],[-5009377.085697311,5275070.668942634],[-5009377.085697311,5427868.47223671],[-5009377.085697311,5583277.336873518],[-5009377.085697311,5741436.442675144],[-5009377.085697311,5902494.146443224],[-5009377.085697311,6066608.859906541],[-5009377.085697311,6233950.032856818],[-5009377.085697311,6404699.257065323],[-5009377.085697311,6579051.509332584],[-5009377.085697311,6757216.555356059],[-5009377.085697311,6939420.540143602],[-5009377.085697311,7125907.795628989],[-5009377.085697311,7316942.902183879],[-5009377.085697311,7512813.048157504],[-5009377.085697311,7713830.740786936],[-5009377.085697311,7920336.933297432],[-5009377.085697311,8132704.6474012295],[-5009377.085697311,8351343.188562478],[-5009377.085697311,8576703.0744752],[-5009377.085697311,8809281.826752394],[-5009377.085697311,9049630.813963894],[-5009377.085697311,9298363.383802617],[-5009377.085697311,9556164.58735902],[-5009377.085697311,9823802.884952426],[-5009377.085697311,10102144.338843314],[-5009377.085697311,10392169.95518481],[-5009377.085697311,10694997.05297862],[-5009377.085697311,11011905.8371861],[-5009377.085697311,11344372.775235897],[-5009377.085697311,11694112.980613992],[-5009377.085697311,12063134.687732812],[-5009377.085697311,12453810.209336404],[-5009377.085697311,12868969.74884047],[-5009377.085697311,13312027.513438126],[-5009377.085697311,13787154.46750462],[-5009377.085697311,14299520.090295099],[-5009377.085697311,14855639.107791035],[-5009377.085697311,15463883.14263024],[-5009377.085697311,16135261.40167018],[-5009377.085697311,16884660.326991968],[-5009377.085697311,17732909.674735937],[-5009377.085697311,18710439.343052853],[-5009377.085697311,19864268.85559512]]},"properties":{"type":"meridian","value":-45}},
{"type":"Feature","geometry":{"type":"LineString","coordinates":[[-3339584.723798207,-19994875.533921562],[-3339584.723798207,-18819335.475351118],[-3339584.723798207,-17826307.823965527],[-3339584.723798207,-16966443.208457552],[-3339584.723798207,-16208017.44902496],[-3339584.723798207,-15529424.252742965],[-3339584.723798207,-14915283.03332639],[-3339584.723798207,-14354255.163159076],[-3339584.723798207,-13837740.964646416],[-3339584.723798207,-13359062.81939973],[-3339584.723798207,-12912931.796861945],[-3339584.723798207,-12495087.346805148],[-3339584.723798207,-12102046.757511977],[-3339584.723798207,-11730926.546359586],[-3339584.723798207,-11379312.340008635],[-3339584.723798207,-11045162.257393165],[-3339584.723798207,-10726733.948994445],[-3339584.723798207,-10422528.665020764],[-3339584.723798207,-10131247.794947207],[-3339584.723798207,-9851758.683360271],[-3339584.723798207,-9583067.443038262],[-3339584.723798207,-9324297.11383794],[-3339584.723798207,-9074669.953512048],[-3339584.723798207,-8833492.956460677],[-3339584.723798207,-8600145.919062776],[-3339584.723798207,-8374071.532333932],[-3339584.723798207,-8154767.102126645],[-3339584.723798207,-7941777.586142016],[-3339584.723798207,-7734689.704101145],[-3339584.723798207,-7533126.928448162],[-3339584.723798207,-7336745.202122634],[-3339584.723798207,-7145229.260260347],[-3339584.723798207,-6958289.456342949],[-3339584.723798207,-6775659.011921074],[-3339584.723798207,-6597091.623766198],[-3339584.723798207,-6422359.374048327],[-3339584.723798207,-6251250.898554941],[-3339584.723798207,-6083569.775566123],[-3339584.723798207,-5919133.104167403],[-3339584.723798207,-5757770.245812415],[-3339584.723798207,-5599321.707072433],[-3339584.723798207,-5443638.144907974],[-3339584.723798207,-5290579.478610653],[-3339584.723798207,-5140014.09490171],[-3339584.723798207,-4991818.134625552],[-3339584.723798207,-4845874.8511128845],[-3339584.723798207,-4702074.031664248],[-3339584.723798207,-4560311.474767187],[-3339584.723798207,-4420488.516645091],[-3339584.723798207,-4282511.601573091],[-3339584.723798207,-4146291.891110615],[-3339584.723798207,-4011744.90801119],[-3339584.723798207,-3878790.2110944847],[-3339584.723798207,-3747351.097816683],[-3339584.723798207,-3617354.33166467],[-3339584.723798207,-3488729.891836346],[-3339584.723798207,-3361410.742961409],[-3339584.723798207,-3235332.6228709584],[-3339584.723798207,-3110433.8466455555],[-3339584.723798207,-2986655.1253646407],[-3339584.723798207,-2863939.3981492463],[-3339584.723798207,-2742231.6762382486],[-3339584.723798207,-2621478.897968757],[-3339584.723798207,-2501629.7936457098],[-3339584.723798207,-2382634.7593869264],[-3339584.723798207,-2264445.7391190324],[-3339584.723798207,-2147016.113978506],[-3339584.723798207,-2030300.5984420108],[-3339584.723798207,-1914255.142571887],[-3339584.723798207,-1798836.8398177244],[-3339584.723798207,-1684003.8398634524],[-3339584.723798207,-1569715.2660527867],[-3339584.723798207,-1455931.13696414],[-3339584.723798207,-1342612.2917402794],[-3339584.723798207,-1229720.3188082303],[-3339584.723798207,-1117217.487651728],[-3339584.723798207,-1005066.683322292],[-3339584.723798207,-893231.3433958691],[-3339584.723798207,-781675.3971004876],[-3339584.723798207,-670363.206356386],[-3339584.723798207,-559259.5084842426],[-3339584.723798207,-448329.36034905317],[-3339584.723798207,-337538.08371763973],[-3339584.723798207,-226851.2116163422],[-3339584.723798207,-116234.4354824947],[-3339584.723798207,-5653.552908869757],[-3339584.723798207,104925.5842155806],[-3339584.723798207,215537.1213626353],[-3339584.723798207,326215.25301188993],[-3339584.723798207,436994.27448044706],[-3339584.723798207,547908.6341289869],[-3339584.723798207,658992.9861405087],[-3339584.723798207,770282.24407211],[-3339584.723798207,881811.6353855366],[-3339584.723798207,993616.7571691453],[-3339584.723798207,1105733.6332724218],[-3339584.723798207,1218198.7730842484],[-3339584.723798207,1331049.23219809],[-3339584.723798207,1444322.6752210138],[-3339584.723798207,1558057.4409994339],[-3339584.723798207,1672292.6105525726],[-3339584.723798207,1787068.078025319],[-3339584.723798207,1902424.6249956668],[-3339584.723798207,2018403.9984982398],[-3339584.723798207,2135048.993155484],[-3339584.723798207,2252403.537841614],[-3339584.723798207,2370512.7873424618],[-3339584.723798207,2489423.2195170023],[-3339584.723798207,2609182.7385145235],[-3339584.723798207,2729840.7846555104],[-3339584.723798207,2851448.451645516],[-3339584.723798207,2974058.611860177],[-3339584.723798207,3097726.0505174412],[-3339584.723798207,3222507.6096411836],[-3339584.723798207,3348462.342820088],[-3339584.723798207,3475651.6818789453],[-3339584.723798207,3604139.6167079024],[-3339584.723798207,3733992.8896417376],[-3339584.723798207,3865281.205947822],[-3339584.723798207,3998077.4621722894],[-3339584.723798207,4132457.994311914],[-3339584.723798207,4268502.848029758],[-3339584.723798207,4406296.073420492],[-3339584.723798207,4545926.047163202],[-3339584.723798207,4687485.825283068],[-3339584.723798207,4831073.530187688],[-3339584.723798207,4976792.776160069],[-3339584.723798207,5124753.138091788],[-3339584.723798207,5275070.668942634],[-3339584.723798207,5427868.47223671],[-3339584.723798207,5583277.336873518],[-3339584.723798207,5741436.442675144],[-3339584.723798207,5902494.146443224],[-3339584.723798207,6066608.859906541],[-3339584.723798207,6233950.032856818],[-3339584.723798207,6404699.257065323],[-3339584.723798207,6579051.509332584],[-3339584.723798207,6757216.555356059],[-3339584.723798207,6939420.540143602],[-3339584.723798207,7125907.795628989],[-3339584.723798207,7316942.902183879],[-3339584.723798207,7512813.048157504],[-3339584.723798207,7713830.740786936],[-3339584.723798207,7920336.933297432],[-3339584.723798207,8132704.6474012295],[-3339584.723798207,8351343.188562478],[-3339584.723798207,8576703.0744752],[-3339584.723798207,8809281.826752394],[-3339584.723798207,9049630.813963894],[-3339584.723798207,9298363.383802617],[-3339584.723798207,9556164.58735902],[-3339584.723798207,9823802.884952426],[-3339584.723798207,10102144.338843314],[-3339584.723798207,10392169.95518481],[-3339584.723798207,10694997.05297862],[-3339584.723798207,11011905.8371861],[-3339584.723798207,11344372.775235897],[-3339584.723798207,11694112.980613992],[-3339584.723798207,12063134.687732812],[-3339584.723798207,12453810.209336404],[-3339584.723798207,12868969.74884047],[-3339584.723798207,13312027.513438126],[-3339584.723798207,13787154.46750462],[-3339584.723798207,14299520.090295099],[-3339584.723798207,14855639.107791035],[-3339584.723798207,15463883.14263024],[-3339584.723798207,16135261.40167018],[-3339584.723798207,16884660.326991968],[-3339584.723798207,17732909.674735937],[-3339584.723798207,18710439.343052853],[-3339584.723798207,19864268.85559512]]},"properties":{"type":"meridian","value":-30}},
{"type":"Feature","geometry":{"type":"LineString","coordinates":[[-1669792.3618991035,-19994875.533921562],[-1669792.3618991035,-18819335.475351118],[-1669792.3618991035,-17826307.823965527],[-1669792.3618991035,-16966443.208457552],[-1669792.3618991035,-16208017.44902496],[-1669792.3618991035,-15529424.252742965],[-1669792.3618991035,-14915283.03332639],[-1669792.3618991035,-14354255.163159076],[-1669792.3618991035,-13837740.964646416],[-1669792.3618991035,-13359062.81939973],[-1669792.3618991035,-12912931.796861945],[-1669792.3618991035,-12495087.346805148],[-1669792.3618991035,-12102046.757511977],[-1669792.3618991035,-11730926.546359586],[-1669792.3618991035,-11379312.340008635],[-1669792.3618991035,-11045162.257393165],[-1669792.3618991035,-10726733.948994445],[-1669792.3618991035,-10422528.665020764],[-1669792.3618991035,-10131247.794947207],[-1669792.3618991035,-9851758.683360271],[-1669792.3618991035,-9583067.443038262],[-1669792.3618991035,-9324297.11383794],[-1669792.3618991035,-9074669.953512048],[-1669792.3618991035,-8833492.956460677],[-1669792.3618991035,-8600145.919062776],[-1669792.3618991035,-8374071.532333932],[-1669792.3618991035,-8154767.102126645],[-1669792.3618991035,-7941777.586142016],[-1669792.3618991035,-7734689.704101145],[-1669792.3618991035,-7533126.928448162],[-1669792.3618991035,-7336745.202122634],[-1669792.3618991035,-7145229.260260347],[-1669792.3618991035,-6958289.456342949],[-1669792.3618991035,-6775659.011921074],[-1669792.3618991035,-6597091.623766198],[-1669792.3618991035,-6422359.374048327],[-1669792.3618991035,-6251250.898554941],[-1669792.3618991035,-6083569.775566123],[-1669792.3618991035,-5919133.104167403],[-1669792.3618991035,-5757770.245812415],[-1669792.3618991035,-5599321.707072433],[-1669792.3618991035,-5443638.144907974],[-1669792.3618991035,-5290579.478610653],[-1669792.3618991035,-5140014.09490171],[-1669792.3618991035,-4991818.134625552],[-1669792.3618991035,-4845874.8511128845],[-1669792.3618991035,-4702074.031664248],[-1669792.3618991035,-4560311.474767187],[-1669792.3618991035,-4420488.516645091],[-1669792.3618991035,-4282511.601573091],[-1669792.3618991035,-4146291.891110615],[-1669792.3618991035,-4011744.90801119],[-1669792.3618991035,-3878790.2110944847],[-1669792.3618991035,-3747351.097816683],[-1669792.3618991035,-3617354.33166467],[-1669792.3618991035,-3488729.891836346],[-1669792.3618991035,-3361410.742961409],[-1669792.3618991035,-3235332.6228709584],[-1669792.3618991035,-3110433.8466455555],[-1669792.3618991035,-2986655.1253646407],[-1669792.3618991035,-2863939.3981492463],[-1669792.3618991035,-2742231.6762382486],[-1669792.3618991035,-2621478.897968757],[-1669792.3618991035,-2501629.7936457098],[-1669792.3618991035,-2382634.7593869264],[-1669792.3618991035,-2264445.7391190324],[-1669792.3618991035,-2147016.113978506],[-1669792.3618991035,-2030300.5984420108],[-1669792.3618991035,-1914255.142571887],[-1669792.3618991035,-1798836.8398177244],[-1669792.3618991035,-1684003.8398634524],[-1669792.3618991035,-1569715.2660527867],[-1669792.3618991035,-1455931.13696414],[-1669792.3618991035,-1342612.2917402794],[-1669792.3618991035,-1229720.3188082303],[-1669792.3618991035,-1117217.487651728],[-1669792.3618991035,-1005066.683322292],[-1669792.3618991035,-893231.3433958691],[-1669792.3618991035,-781675.3971004876],[-1669792.3618991035,-670363.206356386],[-1669792.3618991035,-559259.5084842426],[-1669792.3618991035,-448329.36034905317],[-1669792.3618991035,-337538.08371763973],[-1669792.3618991035,-226851.2116163422],[-1669792.3618991035,-116234.4354824947],[-1669792.3618991035,-5653.552908869757],[-1669792.3618991035,104925.5842155806],[-1669792.3618991035,215537.1213626353],[-1669792.3618991035,326215.25301188993],[-1669792.3618991035,436994.27448044706],[-1669792.3618991035,547908.6341289869],[-1669792.3618991035,658992.9861405087],[-1669792.3618991035,770282.24407211],[-1669792.3618991035,881811.6353855366],[-1669792.3618991035,993616.7571691453],[-1669792.3618991035,1105733.6332724218],[-1669792.3618991035,1218198.7730842484],[-1669792.3618991035,1331049.23219809],[-1669792.3618991035,1444322.6752210138],[-1669792.3618991035,1558057.4409994339],[-1669792.3618991035,1672292.6105525726],[-1669792.3618991035,1787068.078025319],[-1669792.3618991035,1902424.6249956668],[-1669792.3618991035,2018403.9984982398],[-1669792.3618991035,2135048.993155484],[-1669792.3618991035,2252403.537841614],[-1669792.3618991035,2370512.7873424618],[-1669792.3618991035,2489423.2195170023],[-1669792.3618991035,2609182.7385145235],[-1669792.3618991035,2729840.7846555104],[-1669792.3618991035,2851448.451645516],[-1669792.3618991035,2974058.611860177],[-1669792.3618991035,3097726.0505174412],[-1669792.3618991035,3222507.6096411836],[-1669792.3618991035,3348462.342820088],[-1669792.3618991035,3475651.6818789453],[-1669792.3618991035,3604139.6167079024],[-1669792.3618991035,3733992.8896417376],[-1669792.3618991035,3865281.205947822],[-1669792.3618991035,3998077.4621722894],[-1669792.3618991035,4132457.994311914],[-1669792.3618991035,4268502.848029758],[-1669792.3618991035,4406296.073420492],[-1669792.3618991035,4545926.047163202],[-1669792.3618991035,4687485.825283068],[-1669792.3618991035,4831073.530187688],[-1669792.3618991035,4976792.776160069],[-1669792.3618991035,5124753.138091788],[-1669792.3618991035,5275070.668942634],[-1669792.3618991035,5427868.47223671],[-1669792.3618991035,5583277.336873518],[-1669792.3618991035,5741436.442675144],[-1669792.3618991035,5902494.146443224],[-1669792.3618991035,6066608.859906541],[-1669792.3618991035,6233950.032856818],[-1669792.3618991035,6404699.257065323],[-1669792.3618991035,6579051.509332584],[-1669792.3618991035,6757216.555356059],[-1669792.3618991035,6939420.540143602],[-1669792.3618991035,7125907.795628989],[-1669792.3618991035,7316942.902183879],[-1669792.3618991035,7512813.048157504],[-1669792.3618991035,7713830.740786936],[-1669792.3618991035,7920336.933297432],[-1669792.3618991035,8132704.6474012295],[-1669792.3618991035,8351343.188562478],[-1669792.3618991035,8576703.0744752],[-1669792.3618991035,8809281.826752394],[-1669792.3618991035,9049630.813963894],[-1669792.3618991035,9298363.383802617],[-1669792.3618991035,9556164.58735902],[-1669792.3618991035,9823802.884952426],[-1669792.3618991035,10102144.338843314],[-1669792.3618991035,10392169.95518481],[-1669792.3618991035,10694997.05297862],[-1669792.3618991035,11011905.8371861],[-1669792.3618991035,11344372.775235897],[-1669792.3618991035,11694112.980613992],[-1669792.3618991035,12063134.687732812],[-1669792.3618991035,12453810.209336404],[-1669792.3618991035,12868969.74884047],[-1669792.3618991035,13312027.513438126],[-1669792.3618991035,13787154.46750462],[-1669792.3618991035,14299520.090295099],[-1669792.3618991035,14855639.107791035],[-1669792.3618991035,15463883.14263024],[-1669792.3618991035,16135261.40167018],[-1669792.3618991035,16884660.326991968],[-1669792.3618991035,17732909.674735937],[-1669792.3618991035,18710439.343052853],[-1669792.3618991035,19864268.85559512]]},"properties":{"type":"meridian","value":-15}},
{"type":"Feature","geometry":{"type":"LineString","coordinates":[[0,-19994875.533921562],[0,-18819335.475351118],[0,-17826307.823965527],[0,-16966443.208457552],[0,-16208017.44902496],[0,-15529424.252742965],[0,-14915283.03332639],[0,-14354255.163159076],[0,-13837740.964646416],[0,-13359062.81939973],[0,-12912931.796861945],[0,-12495087.346805148],[0,-12102046.757511977],[0,-11730926.546359586],[0,-11379312.340008635],[0,-11045162.257393165],[0,-10726733.948994445],[0,-10422528.665020764],[0,-10131247.794947207],[0,-9851758.683360271],[0,-9583067.443038262],[0,-9324297.11383794],[0,-9074669.953512048],[0,-8833492.956460677],[0,-8600145.919062776],[0,-8374071.532333932],[0,-8154767.102126645],[0,-7941777.586142016],[0,-7734689.704101145],[0,-7533126.928448162],[0,-7336745.202122634],[0,-7145229.260260347],[0,-6958289.456342949],[0,-6775659.011921074],[0,-6597091.623766198],[0,-6422359.374048327],[0,-6251250.898554941],[0,-6083569.775566123],[0,-5919133.104167403],[0,-5757770.245812415],[0,-5599321.707072433],[0,-5443638.144907974],[0,-5290579.478610653],[0,-5140014.09490171],[0,-4991818.134625552],[0,-4845874.8511128845],[0,-4702074.031664248],[0,-4560311.474767187],[0,-4420488.516645091],[0,-4282511.601573091],[0,-4146291.891110615],[0,-4011744.90801119],[0,-3878790.2110944847],[0,-3747351.097816683],[0,-3617354.33166467],[0,-3488729.891836346],[0,-3361410.742961409],[0,-3235332.6228709584],[0,-3110433.8466455555],[0,-2986655.1253646407],[0,-2863939.3981492463],[0,-2742231.6762382486],[0,-2621478.897968757],[0,-2501629.7936457098],[0,-2382634.7593869264],[0,-2264445.7391190324],[0,-2147016.113978506],[0,-2030300.5984420108],[0,-1914255.142571887],[0,-1798836.8398177244],[0,-1684003.8398634524],[0,-1569715.2660527867],[0,-1455931.13696414],[0,-1342612.2917402794],[0,-1229720.3188082303],[0,-1117217.487651728],[0,-1005066.683322292],[0,-893231.3433958691],[0,-781675.3971004876],[0,-670363.206356386],[0,-559259.5084842426],[0,-448329.36034905317],[0,-337538.08371763973],[0,-226851.2116163422],[0,-116234.4354824947],[0,-5653.552908869757],[0,104925.5842155806],[0,215537.1213626353],[0,326215.25301188993],[0,436994.27448044706],[0,547908.6341289869],[0,658992.9861405087],[0,770282.24407211],[0,881811.6353855366],[0,993616.7571691453],[0,1105733.6332724218],[0,1218198.7730842484],[0,1331049.23219809],[0,1444322.6752210138],[0,1558057.4409994339],[0,1672292.6105525726],[0,1787068.078025319],[0,1902424.6249956668],[0,2018403.9984982398],[0,2135048.993155484],[0,2252403.537841614],[0,2370512.7873424618],[0,2489423.2195170023],[0,2609182.7385145235],[0,2729840.7846555104],[0,2851448.451645516],[0,2974058.611860177],[0,3097726.0505174412],[0,3222507.6096411836],[0,3348462.342820088],[0,3475651.6818789453],[0,3604139.6167079024],[0,3733992.8896417376],[0,3865281.205947822],[0,3998077.4621722894],[0,4132457.994311914],[0,4268502.848029758],[0,4406296.073420492],[0,4545926.047163202],[0,4687485.825283068],[0,4831073.530187688],[0,4976792.776160069],[0,5124753.138091788],[0,5275070.668942634],[0,5427868.47223671],[0,5583277.336873518],[0,5741436.442675144],[0,5902494.146443224],[0,6066608.859906541],[0,6233950.032856818],[0,6404699.257065323],[0,6579051.509332584],[0,6757216.555356059],[0,6939420.540143602],[0,7125907.795628989],[0,7316942.902183879],[0,7512813.048157504],[0,7713830.740786936],[0,7920336.933297432],[0,8132704.6474012295],[0,8351343.188562478],[0,8576703.0744752],[0,8809281.826752394],[0,9049630.813963894],[0,9298363.383802617],[0,9556164.58735902],[0,9823802.884952426],[0,10102144.338843314],[0,10392169.95518481],[0,10694997.05297862],[0,11011905.8371861],[0,11344372.775235897],[0,11694112.980613992],[0,12063134.687732812],[0,12453810.209336404],[0,12868969.74884047],[0,13312027.513438126],[0,13787154.46750462],[0,14299520.090295099],[0,14855639.107791035],[0,15463883.14263024],[0,16135261.40167018],[0,16884660.326991968],[0,17732909.674735937],[0,18710439.343052853],[0,19864268.85559512]]},"properties":{"type":"meridian","value":0}},
{"type":"Feature","geometry":{"type":"LineString","coordinates":[[1669792.3618991035,-19994875.533921562],[1669792.3618991035,-18819335.475351118],[1669792.3618991035,-17826307.823965527],[1669792.3618991035,-16966443.208457552],[1669792.3618991035,-16208017.44902496],[1669792.3618991035,-15529424.252742965],[1669792.3618991035,-14915283.03332639],[1669792.3618991035,-14354255.163159076],[1669792.3618991035,-13837740.964646416],[1669792.3618991035,-13359062.81939973],[1669792.3618991035,-12912931.796861945],[1669792.3618991035,-12495087.346805148],[1669792.3618991035,-12102046.757511977],[1669792.3618991035,-11730926.546359586],[1669792.3618991035,-11379312.340008635],[1669792.3618991035,-11045162.257393165],[1669792.3618991035,-10726733.948994445],[1669792.3618991035,-10422528.665020764],[1669792.3618991035,-10131247.794947207],[1669792.3618991035,-9851758.683360271],[1669792.3618991035,-9583067.443038262],[1669792.3618991035,-9324297.11383794],[1669792.3618991035,-9074669.953512048],[1669792.3618991035,-8833492.956460677],[1669792.3618991035,-8600145.919062776],[1669792.3618991035,-8374071.532333932],[1669792.3618991035,-8154767.102126645],[1669792.3618991035,-7941777.586142016],[1669792.3618991035,-7734689.704101145],[1669792.3618991035,-7533126.928448162],[1669792.3618991035,-7336745.202122634],[1669792.3618991035,-7145229.260260347],[1669792.3618991035,-6958289.456342949],[1669792.3618991035,-6775659.011921074],[1669792.3618991035,-6597091.623766198],[1669792.3618991035,-6422359.374048327],[1669792.3618991035,-6251250.898554941],[1669792.3618991035,-6083569.775566123],[1669792.3618991035,-5919133.104167403],[1669792.3618991035,-5757770.245812415],[1669792.3618991035,-5599321.707072433],[1669792.3618991035,-5443638.144907974],[1669792.3618991035,-5290579.478610653],[1669792.3618991035,-5140014.09490171],[1669792.3618991035,-4991818.134625552],[1669792.3618991035,-4845874.8511128845],[1669792.3618991035,-4702074.031664248],[1669792.3618991035,-4560311.474767187],[1669792.3618991035,-4420488.516645091],[1669792.3618991035,-4282511.601573091],[1669792.3618991035,-4146291.891110615],[1669792.3618991035,-4011744.90801119],[1669792.3618991035,-3878790.2110944847],[1669792.3618991035,-3747351.097816683],[1669792.3618991035,-3617354.33166467],[1669792.3618991035,-3488729.891836346],[1669792.3618991035,-3361410.742961409],[1669792.3618991035,-3235332.6228709584],[1669792.3618991035,-3110433.8466455555],[1669792.3618991035,-2986655.1253646407],[1669792.3618991035,-2863939.3981492463],[1669792.3618991035,-2742231.6762382486],[1669792.3618991035,-2621478.897968757],[1669792.3618991035,-2501629.7936457098],[1669792.3618991035,-2382634.7593869264],[1669792.3618991035,-2264445.7391190324],[1669792.3618991035,-2147016.113978506],[1669792.3618991035,-2030300.5984420108],[1669792.3618991035,-1914255.142571887],[1669792.3618991035,-1798836.8398177244],[1669792.3618991035,-1684003.8398634524],[1669792.3618991035,-1569715.2660527867],[1669792.3618991035,-1455931.13696414],[1669792.3618991035,-1342612.2917402794],[1669792.3618991035,-1229720.3188082303],[1669792.3618991035,-1117217.487651728],[1669792.3618991035,-1005066.683322292],[1669792.3618991035,-893231.3433958691],[1669792.3618991035,-781675.3971004876],[1669792.3618991035,-670363.206356386],[1669792.3618991035,-559259.5084842426],[1669792.3618991035,-448329.36034905317],[1669792.3618991035,-337538.08371763973],[1669792.3618991035,-226851.2116163422],[1669792.3618991035,-116234.4354824947],[1669792.3618991035,-5653.552908869757],[1669792.3618991035,104925.5842155806],[1669792.3618991035,215537.1213626353],[1669792.3618991035,326215.25301188993],[1669792.3618991035,436994.27448044706],[1669792.3618991035,547908.6341289869],[1669792.3618991035,658992.9861405087],[1669792.3618991035,770282.24407211],[1669792.3618991035,881811.6353855366],[1669792.3618991035,993616.7571691453],[1669792.3618991035,1105733.6332724218],[1669792.3618991035,1218198.7730842484],[1669792.3618991035,1331049.23219809],[1669792.3618991035,1444322.6752210138],[1669792.3618991035,1558057.4409994339],[1669792.3618991035,1672292.6105525726],[1669792.3618991035,1787068.078025319],[1669792.3618991035,1902424.6249956668],[1669792.3618991035,2018403.9984982398],[1669792.3618991035,2135048.993155484],[1669792.3618991035,2252403.537841614],[1669792.3618991035,2370512.7873424618],[1669792.3618991035,2489423.2195170023],[1669792.3618991035,2609182.7385145235],[1669792.3618991035,2729840.7846555104],[1669792.3618991035,2851448.451645516],[1669792.3618991035,2974058.611860177],[1669792.3618991035,3097726.0505174412],[1669792.3618991035,3222507.6096411836],[1669792.3618991035,3348462.342820088],[1669792.3618991035,3475651.6818789453],[1669792.3618991035,3604139.6167079024],[1669792.3618991035,3733992.8896417376],[1669792.3618991035,3865281.205947822],[1669792.3618991035,3998077.4621722894],[1669792.3618991035,4132457.994311914],[1669792.3618991035,4268502.848029758],[1669792.3618991035,4406296.073420492],[1669792.3618991035,4545926.047163202],[1669792.3618991035,4687485.825283068],[1669792.3618991035,4831073.530187688],[1669792.3618991035,4976792.776160069],[1669792.3618991035,5124753.138091788],[1669792.3618991035,5275070.668942634],[1669792.3618991035,5427868.47223671],[1669792.3618991035,5583277.336873518],[1669792.3618991035,5741436.442675144],[1669792.3618991035,5902494.146443224],[1669792.3618991035,6066608.859906541],[1669792.3618991035,6233950.032856818],[1669792.3618991035,6404699.257065323],[1669792.3618991035,6579051.509332584],[1669792.3618991035,6757216.555356059],[1669792.3618991035,6939420.540143602],[1669792.3618991035,7125907.795628989],[1669792.3618991035,7316942.902183879],[1669792.3618991035,7512813.048157504],[1669792.3618991035,7713830.740786936],[1669792.3618991035,7920336.933297432],[1669792.3618991035,8132704.6474012295],[1669792.3618991035,8351343.188562478],[1669792.3618991035,8576703.0744752],[1669792.3618991035,8809281.826752394],[1669792.3618991035,9049630.813963894],[1669792.3618991035,9298363.383802617],[1669792.3618991035,9556164.58735902],[1669792.3618991035,9823802.884952426],[1669792.3618991035,10102144.338843314],[1669792.3618991035,10392169.95518481],[1669792.3618991035,10694997.05297862],[1669792.3618991035,11011905.8371861],[1669792.3618991035,11344372.775235897],[1669792.3618991035,11694112.980613992],[1669792.3618991035,12063134.687732812],[1669792.3618991035,12453810.209336404],[1669792.3618991035,12868969.74884047],[1669792.3618991035,13312027.513438126],[1669792.3618991035,13787154.46750462],[1669792.3618991035,14299520.090295099],[1669792.3618991035,14855639.107791035],[1669792.3618991035,15463883.14263024],[1669792.3618991035,16135261.40167018],[1669792.3618991035,16884660.326991968],[1669792.3618991035,17732909.674735937],[1669792.3618991035,18710439.343052853],[1669792.3618991035,19864268.85559512]]},"properties":{"type":"meridian","value":15}},
{"type":"Feature","geometry":{"type":"LineString","coordinates":[[3339584.723798207,-19994875.533921562],[3339584.723798207,-18819335.475351118],[3339584.723798207,-17826307.823965527],[3339584.723798207,-16966443.208457552],[3339584.723798207,-16208017.44902496],[3339584.723798207,-15529424.252742965],[3339584.723798207,-14915283.03332639],[3339584.723798207,-14354255.163159076],[3339584.723798207,-13837740.964646416],[3339584.723798207,-13359062.81939973],[3339584.723798207,-12912931.796861945],[3339584.723798207,-12495087.346805148],[3339584.723798207,-12102046.757511977],[3339584.723798207,-11730926.546359586],[3339584.723798207,-11379312.340008635],[3339584.723798207,-11045162.257393165],[3339584.723798207,-10726733.948994445],[3339584.723798207,-10422528.665020764],[3339584.723798207,-10131247.794947207],[3339584.723798207,-9851758.683360271],[3339584.723798207,-9583067.443038262],[3339584.723798207,-9324297.11383794],[3339584.723798207,-9074669.953512048],[3339584.723798207,-8833492.956460677],[3339584.723798207,-8600145.919062776],[3339584.723798207,-8374071.532333932],[3339584.723798207,-8154767.102126645],[3339584.723798207,-7941777.586142016],[3339584.723798207,-7734689.704101145],[3339584.723798207,-7533126.928448162],[3339584.723798207,-7336745.202122634],[3339584.723798207,-7145229.260260347],[3339584.723798207,-6958289.456342949],[3339584.723798207,-6775659.011921074],[3339584.723798207,-6597091.623766198],[3339584.723798207,-6422359.374048327],[3339584.723798207,-6251250.898554941],[3339584.723798207,-6083569.775566123],[3339584.723798207,-5919133.104167403],[3339584.723798207,-5757770.245812415],[3339584.723798207,-5599321.707072433],[3339584.723798207,-5443638.144907974],[3339584.723798207,-5290579.478610653],[3339584.723798207,-5140014.09490171],[3339584.723798207,-4991818.134625552],[3339584.723798207,-4845874.8511128845],[3339584.723798207,-4702074.031664248],[3339584.723798207,-4560311.474767187],[3339584.723798207,-4420488.516645091],[3339584.723798207,-4282511.601573091],[3339584.723798207,-4146291.891110615],[3339584.723798207,-4011744.90801119],[3339584.723798207,-3878790.2110944847],[3339584.723798207,-3747351.097816683],[3339584.723798207,-3617354.33166467],[3339584.723798207,-3488729.891836346],[3339584.723798207,-3361410.742961409],[3339584.723798207,-3235332.6228709584],[3339584.723798207,-3110433.8466455555],[3339584.723798207,-2986655.1253646407],[3339584.723798207,-2863939.3981492463],[3339584.723798207,-2742231.6762382486],[3339584.723798207,-2621478.897968757],[3339584.723798207,-2501629.7936457098],[3339584.723798207,-2382634.7593869264],[3339584.723798207,-2264445.7391190324],[3339584.723798207,-2147016.113978506],[3339584.723798207,-2030300.5984420108],[3339584.723798207,-1914255.142571887],[3339584.723798207,-1798836.8398177244],[3339584.723798207,-1684003.8398634524],[3339584.723798207,-1569715.2660527867],[3339584.723798207,-1455931.13696414],[3339584.723798207,-1342612.2917402794],[3339584.723798207,-1229720.3188082303],[3339584.723798207,-1117217.487651728],[3339584.723798207,-1005066.683322292],[3339584.723798207,-893231.3433958691],[3339584.723798207,-781675.3971004876],[3339584.723798207,-670363.206356386],[3339584.723798207,-559259.5084842426],[3339584.723798207,-448329.36034905317],[3339584.723798207,-337538.08371763973],[3339584.723798207,-226851.2116163422],[3339584.723798207,-116234.4354824947],[3339584.723798207,-5653.552908869757],[3339584.723798207,104925.5842155806],[3339584.723798207,215537.1213626353],[3339584.723798207,326215.25301188993],[3339584.723798207,436994.27448044706],[3339584.723798207,547908.6341289869],[3339584.723798207,658992.9861405087],[3339584.723798207,770282.24407211],[3339584.723798207,881811.6353855366],[3339584.723798207,993616.7571691453],[3339584.723798207,1105733.6332724218],[3339584.723798207,1218198.7730842484],[3339584.723798207,1331049.23219809],[3339584.723798207,1444322.6752210138],[3339584.723798207,1558057.4409994339],[3339584.723798207,1672292.6105525726],[3339584.723798207,1787068.078025319],[3339584.723798207,1902424.6249956668],[3339584.723798207,2018403.9984982398],[3339584.723798207,2135048.993155484],[3339584.723798207,2252403.537841614],[3339584.723798207,2370512.7873424618],[3339584.723798207,2489423.2195170023],[3339584.723798207,2609182.7385145235],[3339584.723798207,2729840.7846555104],[3339584.723798207,2851448.451645516],[3339584.723798207,2974058.611860177],[3339584.723798207,3097726.0505174412],[3339584.723798207,3222507.6096411836],[3339584.723798207,3348462.342820088],[3339584.723798207,3475651.6818789453],[3339584.723798207,3604139.6167079024],[3339584.723798207,3733992.8896417376],[3339584.723798207,3865281.205947822],[3339584.723798207,3998077.4621722894],[3339584.723798207,4132457.994311914],[3339584.723798207,4268502.848029758],[3339584.723798207,4406296.073420492],[3339584.723798207,4545926.047163202],[3339584.723798207,4687485.825283068],[3339584.723798207,4831073.530187688],[3339584.723798207,4976792.776160069],[3339584.723798207,5124753.138091788],[3339584.723798207,5275070.668942634],[3339584.723798207,5427868.47223671],[3339584.723798207,5583277.336873518],[3339584.723798207,5741436.442675144],[3339584.723798207,5902494.146443224],[3339584.723798207,6066608.859906541],[3339584.723798207,6233950.032856818],[3339584.723798207,6404699.257065323],[3339584.723798207,6579051.509332584],[3339584.723798207,6757216.555356059],[3339584.723798207,6939420.540143602],[3339584.723798207,7125907.795628989],[3339584.723798207,7316942.902183879],[3339584.723798207,7512813.048157504],[3339584.723798207,7713830.740786936],[3339584.723798207,7920336.933297432],[3339584.723798207,8132704.6474012295],[3339584.723798207,8351343.188562478],[3339584.723798207,8576703.0744752],[3339584.723798207,8809281.826752394],[3339584.723798207,9049630.813963894],[3339584.723798207,9298363.383802617],[3339584.723798207,9556164.58735902],[3339584.723798207,9823802.884952426],[3339584.723798207,10102144.338843314],[3339584.723798207,10392169.95518481],[3339584.723798207,10694997.05297862],[3339584.723798207,11011905.8371861],[3339584.723798207,11344372.775235897],[3339584.723798207,11694112.980613992],[3339584.723798207,12063134.687732812],[3339584.723798207,12453810.209336404],[3339584.723798207,12868969.74884047],[3339584.723798207,13312027.513438126],[3339584.723798207,13787154.46750462],[3339584.723798207,14299520.090295099],[3339584.723798207,14855639.107791035],[3339584.723798207,15463883.14263024],[3339584.723798207,16135261.40167018],[3339584.723798207,16884660.326991968],[3339584.723798207,17732909.674735937],[3339584.723798207,18710439.343052853],[3339584.723798207,19864268.85559512]]},"properties":{"type":"meridian","value":30}},
{"type":"Feature","geometry":{"type":"LineString","coordinates":[[5009377.085697311,-19994875.533921562],[5009377.085697311,-18819335.475351118],[5009377.085697311,-17826307.823965527],[5009377.085697311,-16966443.208457552],[5009377.085697311,-16208017.44902496],[5009377.085697311,-15529424.252742965],[5009377.085697311,-14915283.03332639],[5009377.085697311,-14354255.163159076],[5009377.085697311,-13837740.964646416],[5009377.085697311,-13359062.81939973],[5009377.085697311,-12912931.796861945],[5009377.085697311,-12495087.346805148],[5009377.085697311,-12102046.757511977],[5009377.085697311,-11730926.546359586],[5009377.085697311,-11379312.340008635],[5009377.085697311,-11045162.257393165],[5009377.085697311,-10726733.948994445],[5009377.085697311,-10422528.665020764],[5009377.085697311,-10131247.794947207],[5009377.085697311,-9851758.683360271],[5009377.085697311,-9583067.443038262],[5009377.085697311,-9324297.11383794],[5009377.085697311,-9074669.953512048],[5009377.085697311,-8833492.956460677],[5009377.085697311,-8600145.919062776],[5009377.085697311,-8374071.532333932],[5009377.085697311,-8154767.102126645],[5009377.085697311,-7941777.586142016],[5009377.085697311,-7734689.704101145],[5009377.085697311,-7533126.928448162],[5009377.085697311,-7336745.202122634],[5009377.085697311,-7145229.260260347],[5009377.085697311,-6958289.456342949],[5009377.085697311,-6775659.011921074],[5009377.085697311,-6597091.623766198],[5009377.085697311,-6422359.374048327],[5009377.085697311,-6251250.898554941],[5009377.085697311,-6083569.775566123],[5009377.085697311,-5919133.104167403],[5009377.085697311,-5757770.245812415],[5009377.085697311,-5599321.707072433],[5009377.085697311,-5443638.144907974],[5009377.085697311,-5290579.478610653],[5009377.085697311,-5140014.09490171],[5009377.085697311,-4991818.134625552],[5009377.085697311,-4845874.8511128845],[5009377.085697311,-4702074.031664248],[5009377.085697311,-4560311.474767187],[5009377.085697311,-4420488.516645091],[5009377.085697311,-4282511.601573091],[5009377.085697311,-4146291.891110615],[5009377.085697311,-4011744.90801119],[5009377.085697311,-3878790.2110944847],[5009377.085697311,-3747351.097816683],[5009377.085697311,-3617354.33166467],[5009377.085697311,-3488729.891836346],[5009377.085697311,-3361410.742961409],[5009377.085697311,-3235332.6228709584],[5009377.085697311,-3110433.8466455555],[5009377.085697311,-2986655.1253646407],[5009377.085697311,-2863939.3981492463],[5009377.085697311,-2742231.6762382486],[5009377.085697311,-2621478.897968757],[5009377.085697311,-2501629.7936457098],[5009377.085697311,-2382634.7593869264],[5009377.085697311,-2264445.7391190324],[5009377.085697311,-2147016.113978506],[5009377.085697311,-2030300.5984420108],[5009377.085697311,-1914255.142571887],[5009377.085697311,-1798836.8398177244],[5009377.085697311,-1684003.8398634524],[5009377.085697311,-1569715.2660527867],[5009377.085697311,-1455931.13696414],[5009377.085697311,-1342612.2917402794],[5009377.085697311,-1229720.3188082303],[5009377.085697311,-1117217.487651728],[5009377.085697311,-1005066.683322292],[5009377.085697311,-893231.3433958691],[5009377.085697311,-781675.3971004876],[5009377.085697311,-670363.206356386],[5009377.085697311,-559259.5084842426],[5009377.085697311,-448329.36034905317],[5009377.085697311,-337538.08371763973],[5009377.085697311,-226851.2116163422],[5009377.085697311,-116234.4354824947],[5009377.085697311,-5653.552908869757],[5009377.085697311,104925.5842155806],[5009377.085697311,215537.1213626353],[5009377.085697311,326215.25301188993],[5009377.085697311,436994.27448044706],[5009377.085697311,547908.6341289869],[5009377.085697311,658992.9861405087],[5009377.085697311,770282.24407211],[5009377.085697311,881811.6353855366],[5009377.085697311,993616.7571691453],[5009377.085697311,1105733.6332724218],[5009377.085697311,1218198.7730842484],[5009377.085697311,1331049.23219809],[5009377.085697311,1444322.6752210138],[5009377.085697311,1558057.4409994339],[5009377.085697311,1672292.6105525726],[5009377.085697311,1787068.078025319],[5009377.085697311,1902424.6249956668],[5009377.085697311,2018403.9984982398],[5009377.085697311,2135048.993155484],[5009377.085697311,2252403.537841614],[5009377.085697311,2370512.7873424618],[5009377.085697311,2489423.2195170023],[5009377.085697311,2609182.7385145235],[5009377.085697311,2729840.7846555104],[5009377.085697311,2851448.451645516],[5009377.085697311,2974058.611860177],[5009377.085697311,3097726.0505174412],[5009377.085697311,3222507.6096411836],[5009377.085697311,3348462.342820088],[5009377.085697311,3475651.6818789453],[5009377.085697311,3604139.6167079024],[5009377.085697311,3733992.8896417376],[5009377.085697311,3865281.205947822],[5009377.085697311,3998077.4621722894],[5009377.085697311,4132457.994311914],[5009377.085697311,4268502.848029758],[5009377.085697311,4406296.073420492],[5009377.085697311,4545926.047163202],[5009377.085697311,4687485.825283068],[5009377.085697311,4831073.530187688],[5009377.085697311,4976792.776160069],[5009377.085697311,5124753.138091788],[5009377.085697311,5275070.668942634],[5009377.085697311,5427868.47223671],[5009377.085697311,5583277.336873518],[5009377.085697311,5741436.442675144],[5009377.085697311,5902494.146443224],[5009377.085697311,6066608.859906541],[5009377.085697311,6233950.032856818],[5009377.085697311,6404699.257065323],[5009377.085697311,6579051.509332584],[5009377.085697311,6757216.555356059],[5009377.085697311,6939420.540143602],[5009377.085697311,7125907.795628989],[5009377.085697311,7316942.902183879],[5009377.085697311,7512813.048157504],[5009377.085697311,7713830.740786936],[5009377.085697311,7920336.933297432],[5009377.085697311,8132704.6474012295],[5009377.085697311,8351343.188562478],[5009377.085697311,8576703.0744752],[5009377.085697311,8809281.826752394],[5009377.085697311,9049630.813963894],[5009377.085697311,9298363.383802617],[5009377.085697311,9556164.58735902],[5009377.085697311,9823802.884952426],[5009377.085697311,10102144.338843314],[5009377.085697311,10392169.95518481],[5009377.085697311,10694997.05297862],[5009377.085697311,11011905.8371861],[5009377.085697311,11344372.775235897],[5009377.085697311,11694112.980613992],[5009377.085697311,12063134.687732812],[5009377.085697311,12453810.209336404],[5009377.085697311,12868969.74884047],[5009377.085697311,13312027.513438126],[5009377.085697311,13787154.46750462],[5009377.085697311,14299520.090295099],[5009377.085697311,14855639.107791035],[5009377.085697311,15463883.14263024],[5009377.085697311,16135261.40167018],[5009377.085697311,16884660.326991968],[5009377.085697311,17732909.674735937],[5009377.085697311,18710439.343052853],[5009377.085697311,19864268.85559512]]},"properties":{"type":"meridian","value":45}},
{"type":"Feature","geometry":{"type":"LineString","coordinates":[[6679169.447596414,-19994875.533921562],[6679169.447596414,-18819335.475351118],[6679169.447596414,-17826307.823965527],[6679169.447596414,-16966443.208457552],[6679169.447596414,-16208017.44902496],[6679169.447596414,-15529424.252742965],[6679169.447596414,-14915283.03332639],[6679169.447596414,-14354255.163159076],[6679169.447596414,-13837740.964646416],[6679169.447596414,-13359062.81939973],[6679169.447596414,-12912931.796861945],[6679169.447596414,-12495087.346805148],[6679169.447596414,-12102046.757511977],[6679169.447596414,-11730926.546359586],[6679169.447596414,-11379312.340008635],[6679169.447596414,-11045162.257393165],[6679169.447596414,-10726733.948994445],[6679169.447596414,-10422528.665020764],[6679169.447596414,-10131247.794947207],[6679169.447596414,-9851758.683360271],[6679169.447596414,-9583067.443038262],[6679169.447596414,-9324297.11383794],[6679169.447596414,-9074669.953512048],[6679169.447596414,-8833492.956460677],[6679169.447596414,-8600145.919062776],[6679169.447596414,-8374071.532333932],[6679169.447596414,-8154767.102126645],[6679169.447596414,-7941777.586142016],[6679169.447596414,-7734689.704101145],[6679169.447596414,-7533126.928448162],[6679169.447596414,-7336745.202122634],[6679169.447596414,-7145229.260260347],[6679169.447596414,-6958289.456342949],[6679169.447596414,-6775659.011921074],[6679169.447596414,-6597091.623766198],[6679169.447596414,-6422359.374048327],[6679169.447596414,-6251250.898554941],[6679169.447596414,-6083569.775566123],[6679169.447596414,-5919133.104167403],[6679169.447596414,-5757770.245812415],[6679169.447596414,-5599321.707072433],[6679169.447596414,-5443638.144907974],[6679169.447596414,-5290579.478610653],[6679169.447596414,-5140014.09490171],[6679169.447596414,-4991818.134625552],[6679169.447596414,-4845874.8511128845],[6679169.447596414,-4702074.031664248],[6679169.447596414,-4560311.474767187],[6679169.447596414,-4420488.516645091],[6679169.447596414,-4282511.601573091],[6679169.447596414,-4146291.891110615],[6679169.447596414,-4011744.90801119],[6679169.447596414,-3878790.2110944847],[6679169.447596414,-3747351.097816683],[6679169.447596414,-3617354.33166467],[6679169.447596414,-3488729.891836346],[6679169.447596414,-3361410.742961409],[6679169.447596414,-3235332.6228709584],[6679169.447596414,-3110433.8466455555],[6679169.447596414,-2986655.1253646407],[6679169.447596414,-2863939.3981492463],[6679169.447596414,-2742231.6762382486],[6679169.447596414,-2621478.897968757],[6679169.447596414,-2501629.7936457098],[6679169.447596414,-2382634.7593869264],[6679169.447596414,-2264445.7391190324],[6679169.447596414,-2147016.113978506],[6679169.447596414,-2030300.5984420108],[6679169.447596414,-1914255.142571887],[6679169.447596414,-1798836.8398177244],[6679169.447596414,-1684003.8398634524],[6679169.447596414,-1569715.2660527867],[6679169.447596414,-1455931.13696414],[6679169.447596414,-1342612.2917402794],[6679169.447596414,-1229720.3188082303],[6679169.447596414,-1117217.487651728],[6679169.447596414,-1005066.683322292],[6679169.447596414,-893231.3433958691],[6679169.447596414,-781675.3971004876],[6679169.447596414,-670363.206356386],[6679169.447596414,-559259.5084842426],[6679169.447596414,-448329.36034905317],[6679169.447596414,-337538.08371763973],[6679169.447596414,-226851.2116163422],[6679169.447596414,-116234.4354824947],[6679169.447596414,-5653.552908869757],[6679169.447596414,104925.5842155806],[6679169.447596414,215537.1213626353],[6679169.447596414,326215.25301188993],[6679169.447596414,436994.27448044706],[6679169.447596414,547908.6341289869],[6679169.447596414,658992.9861405087],[6679169.447596414,770282.24407211],[6679169.447596414,881811.6353855366],[6679169.447596414,993616.7571691453],[6679169.447596414,1105733.6332724218],[6679169.447596414,1218198.7730842484],[6679169.447596414,1331049.23219809],[6679169.447596414,1444322.6752210138],[6679169.447596414,1558057.4409994339],[6679169.447596414,1672292.6105525726],[6679169.447596414,1787068.078025319],[6679169.447596414,1902424.6249956668],[6679169.447596414,2018403.9984982398],[6679169.447596414,2135048.993155484],[6679169.447596414,2252403.537841614],[6679169.447596414,2370512.7873424618],[6679169.447596414,2489423.2195170023],[6679169.447596414,2609182.7385145235],[6679169.447596414,2729840.7846555104],[6679169.447596414,2851448.451645516],[6679169.447596414,2974058.611860177],[6679169.447596414,3097726.0505174412],[6679169.447596414,3222507.6096411836],[6679169.447596414,3348462.342820088],[6679169.447596414,3475651.6818789453],[6679169.447596414,3604139.6167079024],[6679169.447596414,3733992.8896417376],[6679169.447596414,3865281.205947822],[6679169.447596414,3998077.4621722894],[6679169.447596414,4132457.994311914],[6679169.447596414,4268502.848029758],[6679169.447596414,4406296.073420492],[6679169.447596414,4545926.047163202],[6679169.447596414,4687485.825283068],[6679169.447596414,4831073.530187688],[6679169.447596414,4976792.776160069],[6679169.447596414,5124753.138091788],[6679169.447596414,5275070.668942634],[6679169.447596414,5427868.47223671],[6679169.447596414,5583277.336873518],[6679169.447596414,5741436.442675144],[6679169.447596414,5902494.146443224],[6679169.447596414,6066608.859906541],[6679169.447596414,6233950.032856818],[6679169.447596414,6404699.257065323],[6679169.447596414,6579051.509332584],[6679169.447596414,6757216.555356059],[6679169.447596414,6939420.540143602],[6679169.447596414,7125907.795628989],[6679169.447596414,7316942.902183879],[6679169.447596414,7512813.048157504],[6679169.447596414,7713830.740786936],[6679169.447596414,7920336.933297432],[6679169.447596414,8132704.6474012295],[6679169.447596414,8351343.188562478],[6679169.447596414,8576703.0744752],[6679169.447596414,8809281.826752394],[6679169.447596414,9049630.813963894],[6679169.447596414,9298363.383802617],[6679169.447596414,9556164.58735902],[6679169.447596414,9823802.884952426],[6679169.447596414,10102144.338843314],[6679169.447596414,10392169.95518481],[6679169.447596414,10694997.05297862],[6679169.447596414,11011905.8371861],[6679169.447596414,11344372.775235897],[6679169.447596414,11694112.980613992],[6679169.447596414,12063134.687732812],[6679169.447596414,12453810.209336404],[6679169.447596414,12868969.74884047],[6679169.447596414,13312027.513438126],[6679169.447596414,13787154.46750462],[6679169.447596414,14299520.090295099],[6679169.447596414,14855639.107791035],[6679169.447596414,15463883.14263024],[6679169.447596414,16135261.40167018],[6679169.447596414,16884660.326991968],[6679169.447596414,17732909.674735937],[6679169.447596414,18710439.343052853],[6679169.447596414,19864268.85559512]]},"properties":{"type":"meridian","value":60}},
{"type":"Feature","geometry":{"type":"LineString","coordinates":[[8348961.809495518,-19994875.533921562],[8348961.809495518,-18819335.475351118],[8348961.809495518,-17826307.823965527],[8348961.809495518,-16966443.208457552],[8348961.809495518,-16208017.44902496],[8348961.809495518,-15529424.252742965],[8348961.809495518,-14915283.03332639],[8348961.809495518,-14354255.163159076],[8348961.809495518,-13837740.964646416],[8348961.809495518,-13359062.81939973],[8348961.809495518,-12912931.796861945],[8348961.809495518,-12495087.346805148],[8348961.809495518,-12102046.757511977],[8348961.809495518,-11730926.546359586],[8348961.809495518,-11379312.340008635],[8348961.809495518,-11045162.257393165],[8348961.809495518,-10726733.948994445],[8348961.809495518,-10422528.665020764],[8348961.809495518,-10131247.794947207],[8348961.809495518,-9851758.683360271],[8348961.809495518,-9583067.443038262],[8348961.809495518,-9324297.11383794],[8348961.809495518,-9074669.953512048],[8348961.809495518,-8833492.956460677],[8348961.809495518,-8600145.919062776],[8348961.809495518,-8374071.532333932],[8348961.809495518,-8154767.102126645],[8348961.809495518,-7941777.586142016],[8348961.809495518,-7734689.704101145],[8348961.809495518,-7533126.928448162],[8348961.809495518,-7336745.202122634],[8348961.809495518,-7145229.260260347],[8348961.809495518,-6958289.456342949],[8348961.809495518,-6775659.011921074],[8348961.809495518,-6597091.623766198],[8348961.809495518,-6422359.374048327],[8348961.809495518,-6251250.898554941],[8348961.809495518,-6083569.775566123],[8348961.809495518,-5919133.104167403],[8348961.809495518,-5757770.245812415],[8348961.809495518,-5599321.707072433],[8348961.809495518,-5443638.144907974],[8348961.809495518,-5290579.478610653],[8348961.809495518,-5140014.09490171],[8348961.809495518,-4991818.134625552],[8348961.809495518,-4845874.8511128845],[8348961.809495518,-4702074.031664248],[8348961.809495518,-4560311.474767187],[8348961.809495518,-4420488.516645091],[8348961.809495518,-4282511.601573091],[8348961.809495518,-4146291.891110615],[8348961.809495518,-4011744.90801119],[8348961.809495518,-3878790.2110944847],[8348961.809495518,-3747351.097816683],[8348961.809495518,-3617354.33166467],[8348961.809495518,-3488729.891836346],[8348961.809495518,-3361410.742961409],[8348961.809495518,-3235332.6228709584],[8348961.809495518,-3110433.8466455555],[8348961.809495518,-2986655.1253646407],[8348961.809495518,-2863939.3981492463],[8348961.809495518,-2742231.6762382486],[8348961.809495518,-2621478.897968757],[8348961.809495518,-2501629.7936457098],[8348961.809495518,-2382634.7593869264],[8348961.809495518,-2264445.7391190324],[8348961.809495518,-2147016.113978506],[8348961.809495518,-2030300.5984420108],[8348961.809495518,-1914255.142571887],[8348961.809495518,-1798836.8398177244],[8348961.809495518,-1684003.8398634524],[8348961.809495518,-1569715.2660527867],[8348961.809495518,-1455931.13696414],[8348961.809495518,-1342612.2917402794],[8348961.809495518,-1229720.3188082303],[8348961.809495518,-1117217.487651728],[8348961.809495518,-1005066.683322292],[8348961.809495518,-893231.3433958691],[8348961.809495518,-781675.3971004876],[8348961.809495518,-670363.206356386],[8348961.809495518,-559259.5084842426],[8348961.809495518,-448329.36034905317],[8348961.809495518,-337538.08371763973],[8348961.809495518,-226851.2116163422],[8348961.809495518,-116234.4354824947],[8348961.809495518,-5653.552908869757],[8348961.809495518,104925.5842155806],[8348961.809495518,215537.1213626353],[8348961.809495518,326215.25301188993],[8348961.809495518,436994.27448044706],[8348961.809495518,547908.6341289869],[8348961.809495518,658992.9861405087],[8348961.809495518,770282.24407211],[8348961.809495518,881811.6353855366],[8348961.809495518,993616.7571691453],[8348961.809495518,1105733.6332724218],[8348961.809495518,1218198.7730842484],[8348961.809495518,1331049.23219809],[8348961.809495518,1444322.6752210138],[8348961.809495518,1558057.4409994339],[8348961.809495518,1672292.6105525726],[8348961.809495518,1787068.078025319],[8348961.809495518,1902424.6249956668],[8348961.809495518,2018403.9984982398],[8348961.809495518,2135048.993155484],[8348961.809495518,2252403.537841614],[8348961.809495518,2370512.7873424618],[8348961.809495518,2489423.2195170023],[8348961.809495518,2609182.7385145235],[8348961.809495518,2729840.7846555104],[8348961.809495518,2851448.451645516],[8348961.809495518,2974058.611860177],[8348961.809495518,3097726.0505174412],[8348961.809495518,3222507.6096411836],[8348961.809495518,3348462.342820088],[8348961.809495518,3475651.6818789453],[8348961.809495518,3604139.6167079024],[8348961.809495518,3733992.8896417376],[8348961.809495518,3865281.205947822],[8348961.809495518,3998077.4621722894],[8348961.809495518,4132457.994311914],[8348961.809495518,4268502.848029758],[8348961.809495518,4406296.073420492],[8348961.809495518,4545926.047163202],[8348961.809495518,4687485.825283068],[8348961.809495518,4831073.530187688],[8348961.809495518,4976792.776160069],[8348961.809495518,5124753.138091788],[8348961.809495518,5275070.668942634],[8348961.809495518,5427868.47223671],[8348961.809495518,5583277.336873518],[8348961.809495518,5741436.442675144],[8348961.809495518,5902494.146443224],[8348961.809495518,6066608.859906541],[8348961.809495518,6233950.032856818],[8348961.809495518,6404699.257065323],[8348961.809495518,6579051.509332584],[8348961.809495518,6757216.555356059],[8348961.809495518,6939420.540143602],[8348961.809495518,7125907.795628989],[8348961.809495518,7316942.902183879],[8348961.809495518,7512813.048157504],[8348961.809495518,7713830.740786936],[8348961.809495518,7920336.933297432],[8348961.809495518,8132704.6474012295],[8348961.809495518,8351343.188562478],[8348961.809495518,8576703.0744752],[8348961.809495518,8809281.826752394],[8348961.809495518,9049630.813963894],[8348961.809495518,9298363.383802617],[8348961.809495518,9556164.58735902],[8348961.809495518,9823802.884952426],[8348961.809495518,10102144.338843314],[8348961.809495518,10392169.95518481],[8348961.809495518,10694997.05297862],[8348961.809495518,11011905.8371861],[8348961.809495518,11344372.775235897],[8348961.809495518,11694112.980613992],[8348961.809495518,12063134.687732812],[8348961.809495518,12453810.209336404],[8348961.809495518,12868969.74884047],[8348961.809495518,13312027.513438126],[8348961.809495518,13787154.46750462],[8348961.809495518,14299520.090295099],[8348961.809495518,14855639.107791035],[8348961.809495518,15463883.14263024],[8348961.809495518,16135261.40167018],[8348961.809495518,16884660.326991968],[8348961.809495518,17732909.674735937],[8348961.809495518,18710439.343052853],[8348961.809495518,19864268.85559512]]},"properties":{"type":"meridian","value":75}},
{"type":"Feature","geometry":{"type":"LineString","coordinates":[[10018754.171394622,-19994875.533921562],[10018754.171394622,-18819335.475351118],[10018754.171394622,-17826307.823965527],[10018754.171394622,-16966443.208457552],[10018754.171394622,-16208017.44902496],[10018754.171394622,-15529424.252742965],[10018754.171394622,-14915283.03332639],[10018754.171394622,-14354255.163159076],[10018754.171394622,-13837740.964646416],[10018754.171394622,-13359062.81939973],[10018754.171394622,-12912931.796861945],[10018754.171394622,-12495087.346805148],[10018754.171394622,-12102046.757511977],[10018754.171394622,-11730926.546359586],[10018754.171394622,-11379312.340008635],[10018754.171394622,-11045162.257393165],[10018754.171394622,-10726733.948994445],[10018754.171394622,-10422528.665020764],[10018754.171394622,-10131247.794947207],[10018754.171394622,-9851758.683360271],[10018754.171394622,-9583067.443038262],[10018754.171394622,-9324297.11383794],[10018754.171394622,-9074669.953512048],[10018754.171394622,-8833492.956460677],[10018754.171394622,-8600145.919062776],[10018754.171394622,-8374071.532333932],[10018754.171394622,-8154767.102126645],[10018754.171394622,-7941777.586142016],[10018754.171394622,-7734689.704101145],[10018754.171394622,-7533126.928448162],[10018754.171394622,-7336745.202122634],[10018754.171394622,-7145229.260260347],[10018754.171394622,-6958289.456342949],[10018754.171394622,-6775659.011921074],[10018754.171394622,-6597091.623766198],[10018754.171394622,-6422359.374048327],[10018754.171394622,-6251250.898554941],[10018754.171394622,-6083569.775566123],[10018754.171394622,-5919133.104167403],[10018754.171394622,-5757770.245812415],[10018754.171394622,-5599321.707072433],[10018754.171394622,-5443638.144907974],[10018754.171394622,-5290579.478610653],[10018754.171394622,-5140014.09490171],[10018754.171394622,-4991818.134625552],[10018754.171394622,-4845874.8511128845],[10018754.171394622,-4702074.031664248],[10018754.171394622,-4560311.474767187],[10018754.171394622,-4420488.516645091],[10018754.171394622,-4282511.601573091],[10018754.171394622,-4146291.891110615],[10018754.171394622,-4011744.90801119],[10018754.171394622,-3878790.2110944847],[10018754.171394622,-3747351.097816683],[10018754.171394622,-3617354.33166467],[10018754.171394622,-3488729.891836346],[10018754.171394622,-3361410.742961409],[10018754.171394622,-3235332.6228709584],[10018754.171394622,-3110433.8466455555],[10018754.171394622,-2986655.1253646407],[10018754.171394622,-2863939.3981492463],[10018754.171394622,-2742231.6762382486],[10018754.171394622,-2621478.897968757],[10018754.171394622,-2501629.7936457098],[10018754.171394622,-2382634.7593869264],[10018754.171394622,-2264445.7391190324],[10018754.171394622,-2147016.113978506],[10018754.171394622,-2030300.5984420108],[10018754.171394622,-1914255.142571887],[10018754.171394622,-1798836.8398177244],[10018754.171394622,-1684003.8398634524],[10018754.171394622,-1569715.2660527867],[10018754.171394622,-1455931.13696414],[10018754.171394622,-1342612.2917402794],[10018754.171394622,-1229720.3188082303],[10018754.171394622,-1117217.487651728],[10018754.171394622,-1005066.683322292],[10018754.171394622,-893231.3433958691],[10018754.171394622,-781675.3971004876],[10018754.171394622,-670363.206356386],[10018754.171394622,-559259.5084842426],[10018754.171394622,-448329.36034905317],[10018754.171394622,-337538.08371763973],[10018754.171394622,-226851.2116163422],[10018754.171394622,-116234.4354824947],[10018754.171394622,-5653.552908869757],[10018754.171394622,104925.5842155806],[10018754.171394622,215537.1213626353],[10018754.171394622,326215.25301188993],[10018754.171394622,436994.27448044706],[10018754.171394622,547908.6341289869],[10018754.171394622,658992.9861405087],[10018754.171394622,770282.24407211],[10018754.171394622,881811.6353855366],[10018754.171394622,993616.7571691453],[10018754.171394622,1105733.6332724218],[10018754.171394622,1218198.7730842484],[10018754.171394622,1331049.23219809],[10018754.171394622,1444322.6752210138],[10018754.171394622,1558057.4409994339],[10018754.171394622,1672292.6105525726],[10018754.171394622,1787068.078025319],[10018754.171394622,1902424.6249956668],[10018754.171394622,2018403.9984982398],[10018754.171394622,2135048.993155484],[10018754.171394622,2252403.537841614],[10018754.171394622,2370512.7873424618],[10018754.171394622,2489423.2195170023],[10018754.171394622,2609182.7385145235],[10018754.171394622,2729840.7846555104],[10018754.171394622,2851448.451645516],[10018754.171394622,2974058.611860177],[10018754.171394622,3097726.0505174412],[10018754.171394622,3222507.6096411836],[10018754.171394622,3348462.342820088],[10018754.171394622,3475651.6818789453],[10018754.171394622,3604139.6167079024],[10018754.171394622,3733992.8896417376],[10018754.171394622,3865281.205947822],[10018754.171394622,3998077.4621722894],[10018754.171394622,4132457.994311914],[10018754.171394622,4268502.848029758],[10018754.171394622,4406296.073420492],[10018754.171394622,4545926.047163202],[10018754.171394622,4687485.825283068],[10018754.171394622,4831073.530187688],[10018754.171394622,4976792.776160069],[10018754.171394622,5124753.138091788],[10018754.171394622,5275070.668942634],[10018754.171394622,5427868.47223671],[10018754.171394622,5583277.336873518],[10018754.171394622,5741436.442675144],[10018754.171394622,5902494.146443224],[10018754.171394622,6066608.859906541],[10018754.171394622,6233950.032856818],[10018754.171394622,6404699.257065323],[10018754.171394622,6579051.509332584],[10018754.171394622,6757216.555356059],[10018754.171394622,6939420.540143602],[10018754.171394622,7125907.795628989],[10018754.171394622,7316942.902183879],[10018754.171394622,7512813.048157504],[10018754.171394622,7713830.740786936],[10018754.171394622,7920336.933297432],[10018754.171394622,8132704.6474012295],[10018754.171394622,8351343.188562478],[10018754.171394622,8576703.0744752],[10018754.171394622,8809281.826752394],[10018754.171394622,9049630.813963894],[10018754.171394622,9298363.383802617],[10018754.171394622,9556164.58735902],[10018754.171394622,9823802.884952426],[10018754.171394622,10102144.338843314],[10018754.171394622,10392169.95518481],[10018754.171394622,10694997.05297862],[10018754.171394622,11011905.8371861],[10018754.171394622,11344372.775235897],[10018754.171394622,11694112.980613992],[10018754.171394622,12063134.687732812],[10018754.171394622,12453810.209336404],[10018754.171394622,12868969.74884047],[10018754.171394622,13312027.513438126],[10018754.171394622,13787154.46750462],[10018754.171394622,14299520.090295099],[10018754.171394622,14855639.107791035],[10018754.171394622,15463883.14263024],[10018754.171394622,16135261.40167018],[10018754.171394622,16884660.326991968],[10018754.171394622,17732909.674735937],[10018754.171394622,18710439.343052853],[10018754.171394622,19864268.85559512]]},"properties":{"type":"meridian","value":90}},
{"type":"Feature","geometry":{"type":"LineString","coordinates":[[11688546.533293726,-19994875.533921562],[11688546.533293726,-18819335.475351118],[11688546.533293726,-17826307.823965527],[11688546.533293726,-16966443.208457552],[11688546.533293726,-16208017.44902496],[11688546.533293726,-15529424.252742965],[11688546.533293726,-14915283.03332639],[11688546.533293726,-14354255.163159076],[11688546.533293726,-13837740.964646416],[11688546.533293726,-13359062.81939973],[11688546.533293726,-12912931.796861945],[11688546.533293726,-12495087.346805148],[11688546.533293726,-12102046.757511977],[11688546.533293726,-11730926.546359586],[11688546.533293726,-11379312.340008635],[11688546.533293726,-11045162.257393165],[11688546.533293726,-10726733.948994445],[11688546.533293726,-10422528.665020764],[11688546.533293726,-10131247.794947207],[11688546.533293726,-9851758.683360271],[11688546.533293726,-9583067.443038262],[11688546.533293726,-9324297.11383794],[11688546.533293726,-9074669.953512048],[11688546.533293726,-8833492.956460677],[11688546.533293726,-8600145.919062776],[11688546.533293726,-8374071.532333932],[11688546.533293726,-8154767.102126645],[11688546.533293726,-7941777.586142016],[11688546.533293726,-7734689.704101145],[11688546.533293726,-7533126.928448162],[11688546.533293726,-7336745.202122634],[11688546.533293726,-7145229.260260347],[11688546.533293726,-6958289.456342949],[11688546.533293726,-6775659.011921074],[11688546.533293726,-6597091.623766198],[11688546.533293726,-6422359.374048327],[11688546.533293726,-6251250.898554941],[11688546.533293726,-6083569.775566123],[11688546.533293726,-5919133.104167403],[11688546.533293726,-5757770.245812415],[11688546.533293726,-5599321.707072433],[11688546.533293726,-5443638.144907974],[11688546.533293726,-5290579.478610653],[11688546.533293726,-5140014.09490171],[11688546.533293726,-4991818.134625552],[11688546.533293726,-4845874.8511128845],[11688546.533293726,-4702074.031664248],[11688546.533293726,-4560311.474767187],[11688546.533293726,-4420488.516645091],[11688546.533293726,-4282511.601573091],[11688546.533293726,-4146291.891110615],[11688546.533293726,-4011744.90801119],[11688546.533293726,-3878790.2110944847],[11688546.533293726,-3747351.097816683],[11688546.533293726,-3617354.33166467],[11688546.533293726,-3488729.891836346],[11688546.533293726,-3361410.742961409],[11688546.533293726,-3235332.6228709584],[11688546.533293726,-3110433.8466455555],[11688546.533293726,-2986655.1253646407],[11688546.533293726,-2863939.3981492463],[11688546.533293726,-2742231.6762382486],[11688546.533293726,-2621478.897968757],[11688546.533293726,-2501629.7936457098],[11688546.533293726,-2382634.7593869264],[11688546.533293726,-2264445.7391190324],[11688546.533293726,-2147016.113978506],[11688546.533293726,-2030300.5984420108],[11688546.533293726,-1914255.142571887],[11688546.533293726,-1798836.8398177244],[11688546.533293726,-1684003.8398634524],[11688546.533293726,-1569715.2660527867],[11688546.533293726,-1455931.13696414],[11688546.533293726,-1342612.2917402794],[11688546.533293726,-1229720.3188082303],[11688546.533293726,-1117217.487651728],[11688546.533293726,-1005066.683322292],[11688546.533293726,-893231.3433958691],[11688546.533293726,-781675.3971004876],[11688546.533293726,-670363.206356386],[11688546.533293726,-559259.5084842426],[11688546.533293726,-448329.36034905317],[11688546.533293726,-337538.08371763973],[11688546.533293726,-226851.2116163422],[11688546.533293726,-116234.4354824947],[11688546.533293726,-5653.552908869757],[11688546.533293726,104925.5842155806],[11688546.533293726,215537.1213626353],[11688546.533293726,326215.25301188993],[11688546.533293726,436994.27448044706],[11688546.533293726,547908.6341289869],[11688546.533293726,658992.9861405087],[11688546.533293726,770282.24407211],[11688546.533293726,881811.6353855366],[11688546.533293726,993616.7571691453],[11688546.533293726,1105733.6332724218],[11688546.533293726,1218198.7730842484],[11688546.533293726,1331049.23219809],[11688546.533293726,1444322.6752210138],[11688546.533293726,1558057.4409994339],[11688546.533293726,1672292.6105525726],[11688546.533293726,1787068.078025319],[11688546.533293726,1902424.6249956668],[11688546.533293726,2018403.9984982398],[11688546.533293726,2135048.993155484],[11688546.533293726,2252403.537841614],[11688546.533293726,2370512.7873424618],[11688546.533293726,2489423.2195170023],[11688546.533293726,2609182.7385145235],[11688546.533293726,2729840.7846555104],[11688546.533293726,2851448.451645516],[11688546.533293726,2974058.611860177],[11688546.533293726,3097726.0505174412],[11688546.533293726,3222507.6096411836],[11688546.533293726,3348462.342820088],[11688546.533293726,3475651.6818789453],[11688546.533293726,3604139.6167079024],[11688546.533293726,3733992.8896417376],[11688546.533293726,3865281.205947822],[11688546.533293726,3998077.4621722894],[11688546.533293726,4132457.994311914],[11688546.533293726,4268502.848029758],[11688546.533293726,4406296.073420492],[11688546.533293726,4545926.047163202],[11688546.533293726,4687485.825283068],[11688546.533293726,4831073.530187688],[11688546.533293726,4976792.776160069],[11688546.533293726,5124753.138091788],[11688546.533293726,5275070.668942634],[11688546.533293726,5427868.47223671],[11688546.533293726,5583277.336873518],[11688546.533293726,5741436.442675144],[11688546.533293726,5902494.146443224],[11688546.533293726,6066608.859906541],[11688546.533293726,6233950.032856818],[11688546.533293726,6404699.257065323],[11688546.533293726,6579051.509332584],[11688546.533293726,6757216.555356059],[11688546.533293726,6939420.540143602],[11688546.533293726,7125907.795628989],[11688546.533293726,7316942.902183879],[11688546.533293726,7512813.048157504],[11688546.533293726,7713830.740786936],[11688546.533293726,7920336.933297432],[11688546.533293726,8132704.6474012295],[11688546.533293726,8351343.188562478],[11688546.533293726,8576703.0744752],[11688546.533293726,8809281.826752394],[11688546.533293726,9049630.813963894],[11688546.533293726,9298363.383802617],[11688546.533293726,9556164.58735902],[11688546.533293726,9823802.884952426],[11688546.533293726,10102144.338843314],[11688546.533293726,10392169.95518481],[11688546.533293726,10694997.05297862],[11688546.533293726,11011905.8371861],[11688546.533293726,11344372.775235897],[11688546.533293726,11694112.980613992],[11688546.533293726,12063134.687732812],[11688546.533293726,12453810.209336404],[11688546.533293726,12868969.74884047],[11688546.533293726,13312027.513438126],[11688546.533293726,13787154.46750462],[11688546.533293726,14299520.090295099],[11688546.533293726,14855639.107791035],[11688546.533293726,15463883.14263024],[11688546.533293726,16135261.40167018],[11688546.533293726,16884660.326991968],[11688546.533293726,17732909.674735937],[11688546.533293726,18710439.343052853],[11688546.533293726,19864268.85559512]]},"properties":{"type":"meridian","value":105}},
{"type":"Feature","geometry":{"type":"LineString","coordinates":[[13358338.895192828,-19994875.533921562],[13358338.895192828,-18819335.475351118],[13358338.895192828,-17826307.823965527],[13358338.895192828,-16966443.208457552],[13358338.895192828,-16208017.44902496],[13358338.895192828,-15529424.252742965],[13358338.895192828,-14915283.03332639],[13358338.895192828,-14354255.163159076],[13358338.895192828,-13837740.964646416],[13358338.895192828,-13359062.81939973],[13358338.895192828,-12912931.796861945],[13358338.895192828,-12495087.346805148],[13358338.895192828,-12102046.757511977],[13358338.895192828,-11730926.546359586],[13358338.895192828,-11379312.340008635],[13358338.895192828,-11045162.257393165],[13358338.895192828,-10726733.948994445],[13358338.895192828,-10422528.665020764],[13358338.895192828,-10131247.794947207],[13358338.895192828,-9851758.683360271],[13358338.895192828,-9583067.443038262],[13358338.895192828,-9324297.11383794],[13358338.895192828,-9074669.953512048],[13358338.895192828,-8833492.956460677],[13358338.895192828,-8600145.919062776],[13358338.895192828,-8374071.532333932],[13358338.895192828,-8154767.102126645],[13358338.895192828,-7941777.586142016],[13358338.895192828,-7734689.704101145],[13358338.895192828,-7533126.928448162],[13358338.895192828,-7336745.202122634],[13358338.895192828,-7145229.260260347],[13358338.895192828,-6958289.456342949],[13358338.895192828,-6775659.011921074],[13358338.895192828,-6597091.623766198],[13358338.895192828,-6422359.374048327],[13358338.895192828,-6251250.898554941],[13358338.895192828,-6083569.775566123],[13358338.895192828,-5919133.104167403],[13358338.895192828,-5757770.245812415],[13358338.895192828,-5599321.707072433],[13358338.895192828,-5443638.144907974],[13358338.895192828,-5290579.478610653],[13358338.895192828,-5140014.09490171],[13358338.895192828,-4991818.134625552],[13358338.895192828,-4845874.8511128845],[13358338.895192828,-4702074.031664248],[13358338.895192828,-4560311.474767187],[13358338.895192828,-4420488.516645091],[13358338.895192828,-4282511.601573091],[13358338.895192828,-4146291.891110615],[13358338.895192828,-4011744.90801119],[13358338.895192828,-3878790.2110944847],[13358338.895192828,-3747351.097816683],[13358338.895192828,-3617354.33166467],[13358338.895192828,-3488729.891836346],[13358338.895192828,-3361410.742961409],[13358338.895192828,-3235332.6228709584],[13358338.895192828,-3110433.8466455555],[13358338.895192828,-2986655.1253646407],[13358338.895192828,-2863939.3981492463],[13358338.895192828,-2742231.6762382486],[13358338.895192828,-2621478.897968757],[13358338.895192828,-2501629.7936457098],[13358338.895192828,-2382634.7593869264],[13358338.895192828,-2264445.7391190324],[13358338.895192828,-2147016.113978506],[13358338.895192828,-2030300.5984420108],[13358338.895192828,-1914255.142571887],[13358338.895192828,-1798836.8398177244],[13358338.895192828,-1684003.8398634524],[13358338.895192828,-1569715.2660527867],[13358338.895192828,-1455931.13696414],[13358338.895192828,-1342612.2917402794],[13358338.895192828,-1229720.3188082303],[13358338.895192828,-1117217.487651728],[13358338.895192828,-1005066.683322292],[13358338.895192828,-893231.3433958691],[13358338.895192828,-781675.3971004876],[13358338.895192828,-670363.206356386],[13358338.895192828,-559259.5084842426],[13358338.895192828,-448329.36034905317],[13358338.895192828,-337538.08371763973],[13358338.895192828,-226851.2116163422],[13358338.895192828,-116234.4354824947],[13358338.895192828,-5653.552908869757],[13358338.895192828,104925.5842155806],[13358338.895192828,215537.1213626353],[13358338.895192828,326215.25301188993],[13358338.895192828,436994.27448044706],[13358338.895192828,547908.6341289869],[13358338.895192828,658992.9861405087],[13358338.895192828,770282.24407211],[13358338.895192828,881811.6353855366],[13358338.895192828,993616.7571691453],[13358338.895192828,1105733.6332724218],[13358338.895192828,1218198.7730842484],[13358338.895192828,1331049.23219809],[13358338.895192828,1444322.6752210138],[13358338.895192828,1558057.4409994339],[13358338.895192828,1672292.6105525726],[13358338.895192828,1787068.078025319],[13358338.895192828,1902424.6249956668],[13358338.895192828,2018403.9984982398],[13358338.895192828,2135048.993155484],[13358338.895192828,2252403.537841614],[13358338.895192828,2370512.7873424618],[13358338.895192828,2489423.2195170023],[13358338.895192828,2609182.7385145235],[13358338.895192828,2729840.7846555104],[13358338.895192828,2851448.451645516],[13358338.895192828,2974058.611860177],[13358338.895192828,3097726.0505174412],[13358338.895192828,3222507.6096411836],[13358338.895192828,3348462.342820088],[13358338.895192828,3475651.6818789453],[13358338.895192828,3604139.6167079024],[13358338.895192828,3733992.8896417376],[13358338.895192828,3865281.205947822],[13358338.895192828,3998077.4621722894],[13358338.895192828,4132457.994311914],[13358338.895192828,4268502.848029758],[13358338.895192828,4406296.073420492],[13358338.895192828,4545926.047163202],[13358338.895192828,4687485.825283068],[13358338.895192828,4831073.530187688],[13358338.895192828,4976792.776160069],[13358338.895192828,5124753.138091788],[13358338.895192828,5275070.668942634],[13358338.895192828,5427868.47223671],[13358338.895192828,5583277.336873518],[13358338.895192828,5741436.442675144],[13358338.895192828,5902494.146443224],[13358338.895192828,6066608.859906541],[13358338.895192828,6233950.032856818],[13358338.895192828,6404699.257065323],[13358338.895192828,6579051.509332584],[13358338.895192828,6757216.555356059],[13358338.895192828,6939420.540143602],[13358338.895192828,7125907.795628989],[13358338.895192828,7316942.902183879],[13358338.895192828,7512813.048157504],[13358338.895192828,7713830.740786936],[13358338.895192828,7920336.933297432],[13358338.895192828,8132704.6474012295],[13358338.895192828,8351343.188562478],[13358338.895192828,8576703.0744752],[13358338.895192828,8809281.826752394],[13358338.895192828,9049630.813963894],[13358338.895192828,9298363.383802617],[13358338.895192828,9556164.58735902],[13358338.895192828,9823802.884952426],[13358338.895192828,10102144.338843314],[13358338.895192828,10392169.95518481],[13358338.895192828,10694997.05297862],[13358338.895192828,11011905.8371861],[13358338.895192828,11344372.775235897],[13358338.895192828,11694112.980613992],[13358338.895192828,12063134.687732812],[13358338.895192828,12453810.209336404],[13358338.895192828,12868969.74884047],[13358338.895192828,13312027.513438126],[13358338.895192828,13787154.46750462],[13358338.895192828,14299520.090295099],[13358338.895192828,14855639.107791035],[13358338.895192828,15463883.14263024],[13358338.895192828,16135261.40167018],[13358338.895192828,16884660.326991968],[13358338.895192828,17732909.674735937],[13358338.895192828,18710439.343052853],[13358338.895192828,19864268.85559512]]},"properties":{"type":"meridian","value":120}},
{"type":"Feature","geometry":{"type":"LineString","coordinates":[[15028131.257091932,-19994875.533921562],[15028131.257091932,-18819335.475351118],[15028131.257091932,-17826307.823965527],[15028131.257091932,-16966443.208457552],[15028131.257091932,-16208017.44902496],[15028131.257091932,-15529424.252742965],[15028131.257091932,-14915283.03332639],[15028131.257091932,-14354255.163159076],[15028131.257091932,-13837740.964646416],[15028131.257091932,-13359062.81939973],[15028131.257091932,-12912931.796861945],[15028131.257091932,-12495087.346805148],[15028131.257091932,-12102046.757511977],[15028131.257091932,-11730926.546359586],[15028131.257091932,-11379312.340008635],[15028131.257091932,-11045162.257393165],[15028131.257091932,-10726733.948994445],[15028131.257091932,-10422528.665020764],[15028131.257091932,-10131247.794947207],[15028131.257091932,-9851758.683360271],[15028131.257091932,-9583067.443038262],[15028131.257091932,-9324297.11383794],[15028131.257091932,-9074669.953512048],[15028131.257091932,-8833492.956460677],[15028131.257091932,-8600145.919062776],[15028131.257091932,-8374071.532333932],[15028131.257091932,-8154767.102126645],[15028131.257091932,-7941777.586142016],[15028131.257091932,-7734689.704101145],[15028131.257091932,-7533126.928448162],[15028131.257091932,-7336745.202122634],[15028131.257091932,-7145229.260260347],[15028131.257091932,-6958289.456342949],[15028131.257091932,-6775659.011921074],[15028131.257091932,-6597091.623766198],[15028131.257091932,-6422359.374048327],[15028131.257091932,-6251250.898554941],[15028131.257091932,-6083569.775566123],[15028131.257091932,-5919133.104167403],[15028131.257091932,-5757770.245812415],[15028131.257091932,-5599321.707072433],[15028131.257091932,-5443638.144907974],[15028131.257091932,-5290579.478610653],[15028131.257091932,-5140014.09490171],[15028131.257091932,-4991818.134625552],[15028131.257091932,-4845874.8511128845],[15028131.257091932,-4702074.031664248],[15028131.257091932,-4560311.474767187],[15028131.257091932,-4420488.516645091],[15028131.257091932,-4282511.601573091],[15028131.257091932,-4146291.891110615],[15028131.257091932,-4011744.90801119],[15028131.257091932,-3878790.2110944847],[15028131.257091932,-3747351.097816683],[15028131.257091932,-3617354.33166467],[15028131.257091932,-3488729.891836346],[15028131.257091932,-3361410.742961409],[15028131.257091932,-3235332.6228709584],[15028131.257091932,-3110433.8466455555],[15028131.257091932,-2986655.1253646407],[15028131.257091932,-2863939.3981492463],[15028131.257091932,-2742231.6762382486],[15028131.257091932,-2621478.897968757],[15028131.257091932,-2501629.7936457098],[15028131.257091932,-2382634.7593869264],[15028131.257091932,-2264445.7391190324],[15028131.257091932,-2147016.113978506],[15028131.257091932,-2030300.5984420108],[15028131.257091932,-1914255.142571887],[15028131.257091932,-1798836.8398177244],[15028131.257091932,-1684003.8398634524],[15028131.257091932,-1569715.2660527867],[15028131.257091932,-1455931.13696414],[15028131.257091932,-1342612.2917402794],[15028131.257091932,-1229720.3188082303],[15028131.257091932,-1117217.487651728],[15028131.257091932,-1005066.683322292],[15028131.257091932,-893231.3433958691],[15028131.257091932,-781675.3971004876],[15028131.257091932,-670363.206356386],[15028131.257091932,-559259.5084842426],[15028131.257091932,-448329.36034905317],[15028131.257091932,-337538.08371763973],[15028131.257091932,-226851.2116163422],[15028131.257091932,-116234.4354824947],[15028131.257091932,-5653.552908869757],[15028131.257091932,104925.5842155806],[15028131.257091932,215537.1213626353],[15028131.257091932,326215.25301188993],[15028131.257091932,436994.27448044706],[15028131.257091932,547908.6341289869],[15028131.257091932,658992.9861405087],[15028131.257091932,770282.24407211],[15028131.257091932,881811.6353855366],[15028131.257091932,993616.7571691453],[15028131.257091932,1105733.6332724218],[15028131.257091932,1218198.7730842484],[15028131.257091932,1331049.23219809],[15028131.257091932,1444322.6752210138],[15028131.257091932,1558057.4409994339],[15028131.257091932,1672292.6105525726],[15028131.257091932,1787068.078025319],[15028131.257091932,1902424.6249956668],[15028131.257091932,2018403.9984982398],[15028131.257091932,2135048.993155484],[15028131.257091932,2252403.537841614],[15028131.257091932,2370512.7873424618],[15028131.257091932,2489423.2195170023],[15028131.257091932,2609182.7385145235],[15028131.257091932,2729840.7846555104],[15028131.257091932,2851448.451645516],[15028131.257091932,2974058.611860177],[15028131.257091932,3097726.0505174412],[15028131.257091932,3222507.6096411836],[15028131.257091932,3348462.342820088],[15028131.257091932,3475651.6818789453],[15028131.257091932,3604139.6167079024],[15028131.257091932,3733992.8896417376],[15028131.257091932,3865281.205947822],[15028131.257091932,3998077.4621722894],[15028131.257091932,4132457.994311914],[15028131.257091932,4268502.848029758],[15028131.257091932,4406296.073420492],[15028131.257091932,4545926.047163202],[15028131.257091932,4687485.825283068],[15028131.257091932,4831073.530187688],[15028131.257091932,4976792.776160069],[15028131.257091932,5124753.138091788],[15028131.257091932,5275070.668942634],[15028131.257091932,5427868.47223671],[15028131.257091932,5583277.336873518],[15028131.257091932,5741436.442675144],[15028131.257091932,5902494.146443224],[15028131.257091932,6066608.859906541],[15028131.257091932,6233950.032856818],[15028131.257091932,6404699.257065323],[15028131.257091932,6579051.509332584],[15028131.257091932,6757216.555356059],[15028131.257091932,6939420.540143602],[15028131.257091932,7125907.795628989],[15028131.257091932,7316942.902183879],[15028131.257091932,7512813.048157504],[15028131.257091932,7713830.740786936],[15028131.257091932,7920336.933297432],[15028131.257091932,8132704.6474012295],[15028131.257091932,8351343.188562478],[15028131.257091932,8576703.0744752],[15028131.257091932,8809281.826752394],[15028131.257091932,9049630.813963894],[15028131.257091932,9298363.383802617],[15028131.257091932,9556164.58735902],[15028131.257091932,9823802.884952426],[15028131.257091932,10102144.338843314],[15028131.257091932,10392169.95518481],[15028131.257091932,10694997.05297862],[15028131.257091932,11011905.8371861],[15028131.257091932,11344372.775235897],[15028131.257091932,11694112.980613992],[15028131.257091932,12063134.687732812],[15028131.257091932,12453810.209336404],[15028131.257091932,12868969.74884047],[15028131.257091932,13312027.513438126],[15028131.257091932,13787154.46750462],[15028131.257091932,14299520.090295099],[15028131.257091932,14855639.107791035],[15028131.257091932,15463883.14263024],[15028131.257091932,16135261.40167018],[15028131.257091932,16884660.326991968],[15028131.257091932,17732909.674735937],[15028131.257091932,18710439.343052853],[15028131.257091932,19864268.85559512]]},"properties":{"type":"meridian","value":135}},
{"type":"Feature","geometry":{"type":"LineString","coordinates":[[16697923.618991036,-19994875.533921562],[16697923.618991036,-18819335.475351118],[16697923.618991036,-17826307.823965527],[16697923.618991036,-16966443.208457552],[16697923.618991036,-16208017.44902496],[16697923.618991036,-15529424.252742965],[16697923.618991036,-14915283.03332639],[16697923.618991036,-14354255.163159076],[16697923.618991036,-13837740.964646416],[16697923.618991036,-13359062.81939973],[16697923.618991036,-12912931.796861945],[16697923.618991036,-12495087.346805148],[16697923.618991036,-12102046.757511977],[16697923.618991036,-11730926.546359586],[16697923.618991036,-11379312.340008635],[16697923.618991036,-11045162.257393165],[16697923.618991036,-10726733.948994445],[16697923.618991036,-10422528.665020764],[16697923.618991036,-10131247.794947207],[16697923.618991036,-9851758.683360271],[16697923.618991036,-9583067.443038262],[16697923.618991036,-9324297.11383794],[16697923.618991036,-9074669.953512048],[16697923.618991036,-8833492.956460677],[16697923.618991036,-8600145.919062776],[16697923.618991036,-8374071.532333932],[16697923.618991036,-8154767.102126645],[16697923.618991036,-7941777.586142016],[16697923.618991036,-7734689.704101145],[16697923.618991036,-7533126.928448162],[16697923.618991036,-7336745.202122634],[16697923.618991036,-7145229.260260347],[16697923.618991036,-6958289.456342949],[16697923.618991036,-6775659.011921074],[16697923.618991036,-6597091.623766198],[16697923.618991036,-6422359.374048327],[16697923.618991036,-6251250.898554941],[16697923.618991036,-6083569.775566123],[16697923.618991036,-5919133.104167403],[16697923.618991036,-5757770.245812415],[16697923.618991036,-5599321.707072433],[16697923.618991036,-5443638.144907974],[16697923.618991036,-5290579.478610653],[16697923.618991036,-5140014.09490171],[16697923.618991036,-4991818.134625552],[16697923.618991036,-4845874.8511128845],[16697923.618991036,-4702074.031664248],[16697923.618991036,-4560311.474767187],[16697923.618991036,-4420488.516645091],[16697923.618991036,-4282511.601573091],[16697923.618991036,-4146291.891110615],[16697923.618991036,-4011744.90801119],[16697923.618991036,-3878790.2110944847],[16697923.618991036,-3747351.097816683],[16697923.618991036,-3617354.33166467],[16697923.618991036,-3488729.891836346],[16697923.618991036,-3361410.742961409],[16697923.618991036,-3235332.6228709584],[16697923.618991036,-3110433.8466455555],[16697923.618991036,-2986655.1253646407],[16697923.618991036,-2863939.3981492463],[16697923.618991036,-2742231.6762382486],[16697923.618991036,-2621478.897968757],[16697923.618991036,-2501629.7936457098],[16697923.618991036,-2382634.7593869264],[16697923.618991036,-2264445.7391190324],[16697923.618991036,-2147016.113978506],[16697923.618991036,-2030300.5984420108],[16697923.618991036,-1914255.142571887],[16697923.618991036,-1798836.8398177244],[16697923.618991036,-1684003.8398634524],[16697923.618991036,-1569715.2660527867],[16697923.618991036,-1455931.13696414],[16697923.618991036,-1342612.2917402794],[16697923.618991036,-1229720.3188082303],[16697923.618991036,-1117217.487651728],[16697923.618991036,-1005066.683322292],[16697923.618991036,-893231.3433958691],[16697923.618991036,-781675.3971004876],[16697923.618991036,-670363.206356386],[16697923.618991036,-559259.5084842426],[16697923.618991036,-448329.36034905317],[16697923.618991036,-337538.08371763973],[16697923.618991036,-226851.2116163422],[16697923.618991036,-116234.4354824947],[16697923.618991036,-5653.552908869757],[16697923.618991036,104925.5842155806],[16697923.618991036,215537.1213626353],[16697923.618991036,326215.25301188993],[16697923.618991036,436994.27448044706],[16697923.618991036,547908.6341289869],[16697923.618991036,658992.9861405087],[16697923.618991036,770282.24407211],[16697923.618991036,881811.6353855366],[16697923.618991036,993616.7571691453],[16697923.618991036,1105733.6332724218],[16697923.618991036,1218198.7730842484],[16697923.618991036,1331049.23219809],[16697923.618991036,1444322.6752210138],[16697923.618991036,1558057.4409994339],[16697923.618991036,1672292.6105525726],[16697923.618991036,1787068.078025319],[16697923.618991036,1902424.6249956668],[16697923.618991036,2018403.9984982398],[16697923.618991036,2135048.993155484],[16697923.618991036,2252403.537841614],[16697923.618991036,2370512.7873424618],[16697923.618991036,2489423.2195170023],[16697923.618991036,2609182.7385145235],[16697923.618991036,2729840.7846555104],[16697923.618991036,2851448.451645516],[16697923.618991036,2974058.611860177],[16697923.618991036,3097726.0505174412],[16697923.618991036,3222507.6096411836],[16697923.618991036,3348462.342820088],[16697923.618991036,3475651.6818789453],[16697923.618991036,3604139.6167079024],[16697923.618991036,3733992.8896417376],[16697923.618991036,3865281.205947822],[16697923.618991036,3998077.4621722894],[16697923.618991036,4132457.994311914],[16697923.618991036,4268502.848029758],[16697923.618991036,4406296.073420492],[16697923.618991036,4545926.047163202],[16697923.618991036,4687485.825283068],[16697923.618991036,4831073.530187688],[16697923.618991036,4976792.776160069],[16697923.618991036,5124753.138091788],[16697923.618991036,5275070.668942634],[16697923.618991036,5427868.47223671],[16697923.618991036,5583277.336873518],[16697923.618991036,5741436.442675144],[16697923.618991036,5902494.146443224],[16697923.618991036,6066608.859906541],[16697923.618991036,6233950.032856818],[16697923.618991036,6404699.257065323],[16697923.618991036,6579051.509332584],[16697923.618991036,6757216.555356059],[16697923.618991036,6939420.540143602],[16697923.618991036,7125907.795628989],[16697923.618991036,7316942.902183879],[16697923.618991036,7512813.048157504],[16697923.618991036,7713830.740786936],[16697923.618991036,7920336.933297432],[16697923.618991036,8132704.6474012295],[16697923.618991036,8351343.188562478],[16697923.618991036,8576703.0744752],[16697923.618991036,8809281.826752394],[16697923.618991036,9049630.813963894],[16697923.618991036,9298363.383802617],[16697923.618991036,9556164.58735902],[16697923.618991036,9823802.884952426],[16697923.618991036,10102144.338843314],[16697923.618991036,10392169.95518481],[16697923.618991036,10694997.05297862],[16697923.618991036,11011905.8371861],[16697923.618991036,11344372.775235897],[16697923.618991036,11694112.980613992],[16697923.618991036,12063134.687732812],[16697923.618991036,12453810.209336404],[16697923.618991036,12868969.74884047],[16697923.618991036,13312027.513438126],[16697923.618991036,13787154.46750462],[16697923.618991036,14299520.090295099],[16697923.618991036,14855639.107791035],[16697923.618991036,15463883.14263024],[16697923.618991036,16135261.40167018],[16697923.618991036,16884660.326991968],[16697923.618991036,17732909.674735937],[16697923.618991036,18710439.343052853],[16697923.618991036,19864268.85559512]]},"properties":{"type":"meridian","value":150}},
{"type":"Feature","geometry":{"type":"LineString","coordinates":[[18367715.980890136,-19994875.533921562],[18367715.980890136,-18819335.475351118],[18367715.980890136,-17826307.823965527],[18367715.980890136,-16966443.208457552],[18367715.980890136,-16208017.44902496],[18367715.980890136,-15529424.252742965],[18367715.980890136,-14915283.03332639],[18367715.980890136,-14354255.163159076],[18367715.980890136,-13837740.964646416],[18367715.980890136,-13359062.81939973],[18367715.980890136,-12912931.796861945],[18367715.980890136,-12495087.346805148],[18367715.980890136,-12102046.757511977],[18367715.980890136,-11730926.546359586],[18367715.980890136,-11379312.340008635],[18367715.980890136,-11045162.257393165],[18367715.980890136,-10726733.948994445],[18367715.980890136,-10422528.665020764],[18367715.980890136,-10131247.794947207],[18367715.980890136,-9851758.683360271],[18367715.980890136,-9583067.443038262],[18367715.980890136,-9324297.11383794],[18367715.980890136,-9074669.953512048],[18367715.980890136,-8833492.956460677],[18367715.980890136,-8600145.919062776],[18367715.980890136,-8374071.532333932],[18367715.980890136,-8154767.102126645],[18367715.980890136,-7941777.586142016],[18367715.980890136,-7734689.704101145],[18367715.980890136,-7533126.928448162],[18367715.980890136,-7336745.202122634],[18367715.980890136,-7145229.260260347],[18367715.980890136,-6958289.456342949],[18367715.980890136,-6775659.011921074],[18367715.980890136,-6597091.623766198],[18367715.980890136,-6422359.374048327],[18367715.980890136,-6251250.898554941],[18367715.980890136,-6083569.775566123],[18367715.980890136,-5919133.104167403],[18367715.980890136,-5757770.245812415],[18367715.980890136,-5599321.707072433],[18367715.980890136,-5443638.144907974],[18367715.980890136,-5290579.478610653],[18367715.980890136,-5140014.09490171],[18367715.980890136,-4991818.134625552],[18367715.980890136,-4845874.8511128845],[18367715.980890136,-4702074.031664248],[18367715.980890136,-4560311.474767187],[18367715.980890136,-4420488.516645091],[18367715.980890136,-4282511.601573091],[18367715.980890136,-4146291.891110615],[18367715.980890136,-4011744.90801119],[18367715.980890136,-3878790.2110944847],[18367715.980890136,-3747351.097816683],[18367715.980890136,-3617354.33166467],[18367715.980890136,-3488729.891836346],[18367715.980890136,-3361410.742961409],[18367715.980890136,-3235332.6228709584],[18367715.980890136,-3110433.8466455555],[18367715.980890136,-2986655.1253646407],[18367715.980890136,-2863939.3981492463],[18367715.980890136,-2742231.6762382486],[18367715.980890136,-2621478.897968757],[18367715.980890136,-2501629.7936457098],[18367715.980890136,-2382634.7593869264],[18367715.980890136,-2264445.7391190324],[18367715.980890136,-2147016.113978506],[18367715.980890136,-2030300.5984420108],[18367715.980890136,-1914255.142571887],[18367715.980890136,-1798836.8398177244],[18367715.980890136,-1684003.8398634524],[18367715.980890136,-1569715.2660527867],[18367715.980890136,-1455931.13696414],[18367715.980890136,-1342612.2917402794],[18367715.980890136,-1229720.3188082303],[18367715.980890136,-1117217.487651728],[18367715.980890136,-1005066.683322292],[18367715.980890136,-893231.3433958691],[18367715.980890136,-781675.3971004876],[18367715.980890136,-670363.206356386],[18367715.980890136,-559259.5084842426],[18367715.980890136,-448329.36034905317],[18367715.980890136,-337538.08371763973],[18367715.980890136,-226851.2116163422],[18367715.980890136,-116234.4354824947],[18367715.980890136,-5653.552908869757],[18367715.980890136,104925.5842155806],[18367715.980890136,215537.1213626353],[18367715.980890136,326215.25301188993],[18367715.980890136,436994.27448044706],[18367715.980890136,547908.6341289869],[18367715.980890136,658992.9861405087],[18367715.980890136,770282.24407211],[18367715.980890136,881811.6353855366],[18367715.980890136,993616.7571691453],[18367715.980890136,1105733.6332724218],[18367715.980890136,1218198.7730842484],[18367715.980890136,1331049.23219809],[18367715.980890136,1444322.6752210138],[18367715.980890136,1558057.4409994339],[18367715.980890136,1672292.6105525726],[18367715.980890136,1787068.078025319],[18367715.980890136,1902424.6249956668],[18367715.980890136,2018403.9984982398],[18367715.980890136,2135048.993155484],[18367715.980890136,2252403.537841614],[18367715.980890136,2370512.7873424618],[18367715.980890136,2489423.2195170023],[18367715.980890136,2609182.7385145235],[18367715.980890136,2729840.7846555104],[18367715.980890136,2851448.451645516],[18367715.980890136,2974058.611860177],[18367715.980890136,3097726.0505174412],[18367715.980890136,3222507.6096411836],[18367715.980890136,3348462.342820088],[18367715.980890136,3475651.6818789453],[18367715.980890136,3604139.6167079024],[18367715.980890136,3733992.8896417376],[18367715.980890136,3865281.205947822],[18367715.980890136,3998077.4621722894],[18367715.980890136,4132457.994311914],[18367715.980890136,4268502.848029758],[18367715.980890136,4406296.073420492],[18367715.980890136,4545926.047163202],[18367715.980890136,4687485.825283068],[18367715.980890136,4831073.530187688],[18367715.980890136,4976792.776160069],[18367715.980890136,5124753.138091788],[18367715.980890136,5275070.668942634],[18367715.980890136,5427868.47223671],[18367715.980890136,5583277.336873518],[18367715.980890136,5741436.442675144],[18367715.980890136,5902494.146443224],[18367715.980890136,6066608.859906541],[18367715.980890136,6233950.032856818],[18367715.980890136,6404699.257065323],[18367715.980890136,6579051.509332584],[18367715.980890136,6757216.555356059],[18367715.980890136,6939420.540143602],[18367715.980890136,7125907.795628989],[18367715.980890136,7316942.902183879],[18367715.980890136,7512813.048157504],[18367715.980890136,7713830.740786936],[18367715.980890136,7920336.933297432],[18367715.980890136,8132704.6474012295],[18367715.980890136,8351343.188562478],[18367715.980890136,8576703.0744752],[18367715.980890136,8809281.826752394],[18367715.980890136,9049630.813963894],[18367715.980890136,9298363.383802617],[18367715.980890136,9556164.58735902],[18367715.980890136,9823802.884952426],[18367715.980890136,10102144.338843314],[18367715.980890136,10392169.95518481],[18367715.980890136,10694997.05297862],[18367715.980890136,11011905.8371861],[18367715.980890136,11344372.775235897],[18367715.980890136,11694112.980613992],[18367715.980890136,12063134.687732812],[18367715.980890136,12453810.209336404],[18367715.980890136,12868969.74884047],[18367715.980890136,13312027.513438126],[18367715.980890136,13787154.46750462],[18367715.980890136,14299520.090295099],[18367715.980890136,14855639.107791035],[18367715.980890136,15463883.14263024],[18367715.980890136,16135261.40167018],[18367715.980890136,16884660.326991968],[18367715.980890136,17732909.674735937],[18367715.980890136,18710439.343052853],[18367715.980890136,19864268.85559512]]},"properties":{"type":"meridian","value":165}},
{"type":"Feature","geometry":{"type":"LineString","coordinates":[[20037508.342789244,-19994875.533921562],[20037508.342789244,-18819335.475351118],[20037508.342789244,-17826307.823965527],[20037508.342789244,-16966443.208457552],[20037508.342789244,-16208017.44902496],[20037508.342789244,-15529424.252742965],[20037508.342789244,-14915283.03332639],[20037508.342789244,-14354255.163159076],[20037508.342789244,-13837740.964646416],[20037508.342789244,-13359062.81939973],[20037508.342789244,-12912931.796861945],[20037508.342789244,-12495087.346805148],[20037508.342789244,-12102046.757511977],[20037508.342789244,-11730926.546359586],[20037508.342789244,-11379312.340008635],[20037508.342789244,-11045162.257393165],[20037508.342789244,-10726733.948994445],[20037508.342789244,-10422528.665020764],[20037508.342789244,-10131247.794947207],[20037508.342789244,-9851758.683360271],[20037508.342789244,-9583067.443038262],[20037508.342789244,-9324297.11383794],[20037508.342789244,-9074669.953512048],[20037508.342789244,-8833492.956460677],[20037508.342789244,-8600145.919062776],[20037508.342789244,-8374071.532333932],[20037508.342789244,-8154767.102126645],[20037508.342789244,-7941777.586142016],[20037508.342789244,-7734689.704101145],[20037508.342789244,-7533126.928448162],[20037508.342789244,-7336745.202122634],[20037508.342789244,-7145229.260260347],[20037508.342789244,-6958289.456342949],[20037508.342789244,-6775659.011921074],[20037508.342789244,-6597091.623766198],[20037508.342789244,-6422359.374048327],[20037508.342789244,-6251250.898554941],[20037508.342789244,-6083569.775566123],[20037508.342789244,-5919133.104167403],[20037508.342789244,-5757770.245812415],[20037508.342789244,-5599321.707072433],[20037508.342789244,-5443638.144907974],[20037508.342789244,-5290579.478610653],[20037508.342789244,-5140014.09490171],[20037508.342789244,-4991818.134625552],[20037508.342789244,-4845874.8511128845],[20037508.342789244,-4702074.031664248],[20037508.342789244,-4560311.474767187],[20037508.342789244,-4420488.516645091],[20037508.342789244,-4282511.601573091],[20037508.342789244,-4146291.891110615],[20037508.342789244,-4011744.90801119],[20037508.342789244,-3878790.2110944847],[20037508.342789244,-3747351.097816683],[20037508.342789244,-3617354.33166467],[20037508.342789244,-3488729.891836346],[20037508.342789244,-3361410.742961409],[20037508.342789244,-3235332.6228709584],[20037508.342789244,-3110433.8466455555],[20037508.342789244,-2986655.1253646407],[20037508.342789244,-2863939.3981492463],[20037508.342789244,-2742231.6762382486],[20037508.342789244,-2621478.897968757],[20037508.342789244,-2501629.7936457098],[20037508.342789244,-2382634.7593869264],[20037508.342789244,-2264445.7391190324],[20037508.342789244,-2147016.113978506],[20037508.342789244,-2030300.5984420108],[20037508.342789244,-1914255.142571887],[20037508.342789244,-1798836.8398177244],[20037508.342789244,-1684003.8398634524],[20037508.342789244,-1569715.2660527867],[20037508.342789244,-1455931.13696414],[20037508.342789244,-1342612.2917402794],[20037508.342789244,-1229720.3188082303],[20037508.342789244,-1117217.487651728],[20037508.342789244,-1005066.683322292],[20037508.342789244,-893231.3433958691],[20037508.342789244,-781675.3971004876],[20037508.342789244,-670363.206356386],[20037508.342789244,-559259.5084842426],[20037508.342789244,-448329.36034905317],[20037508.342789244,-337538.08371763973],[20037508.342789244,-226851.2116163422],[20037508.342789244,-116234.4354824947],[20037508.342789244,-5653.552908869757],[20037508.342789244,104925.5842155806],[20037508.342789244,215537.1213626353],[20037508.342789244,326215.25301188993],[20037508.342789244,436994.27448044706],[20037508.342789244,547908.6341289869],[20037508.342789244,658992.9861405087],[20037508.342789244,770282.24407211],[20037508.342789244,881811.6353855366],[20037508.342789244,993616.7571691453],[20037508.342789244,1105733.6332724218],[20037508.342789244,1218198.7730842484],[20037508.342789244,1331049.23219809],[20037508.342789244,1444322.6752210138],[20037508.342789244,1558057.4409994339],[20037508.342789244,1672292.6105525726],[20037508.342789244,1787068.078025319],[20037508.342789244,1902424.6249956668],[20037508.342789244,2018403.9984982398],[20037508.342789244,2135048.993155484],[20037508.342789244,2252403.537841614],[20037508.342789244,2370512.7873424618],[20037508.342789244,2489423.2195170023],[20037508.342789244,2609182.7385145235],[20037508.342789244,2729840.7846555104],[20037508.342789244,2851448.451645516],[20037508.342789244,2974058.611860177],[20037508.342789244,3097726.0505174412],[20037508.342789244,3222507.6096411836],[20037508.342789244,3348462.342820088],[20037508.342789244,3475651.6818789453],[20037508.342789244,3604139.6167079024],[20037508.342789244,3733992.8896417376],[20037508.342789244,3865281.205947822],[20037508.342789244,3998077.4621722894],[20037508.342789244,4132457.994311914],[20037508.342789244,4268502.848029758],[20037508.342789244,4406296.073420492],[20037508.342789244,4545926.047163202],[20037508.342789244,4687485.825283068],[20037508.342789244,4831073.530187688],[20037508.342789244,4976792.776160069],[20037508.342789244,5124753.138091788],[20037508.342789244,5275070.668942634],[20037508.342789244,5427868.47223671],[20037508.342789244,5583277.336873518],[20037508.342789244,5741436.442675144],[20037508.342789244,5902494.146443224],[20037508.342789244,6066608.859906541],[20037508.342789244,6233950.032856818],[20037508.342789244,6404699.257065323],[20037508.342789244,6579051.509332584],[20037508.342789244,6757216.555356059],[20037508.342789244,6939420.540143602],[20037508.342789244,7125907.795628989],[20037508.342789244,7316942.902183879],[20037508.342789244,7512813.048157504],[20037508.342789244,7713830.740786936],[20037508.342789244,7920336.933297432],[20037508.342789244,8132704.6474012295],[20037508.342789244,8351343.188562478],[20037508.342789244,8576703.0744752],[20037508.342789244,8809281.826752394],[20037508.342789244,9049630.813963894],[20037508.342789244,9298363.383802617],[20037508.342789244,9556164.58735902],[20037508.342789244,9823802.884952426],[20037508.342789244,10102144.338843314],[20037508.342789244,10392169.95518481],[20037508.342789244,10694997.05297862],[20037508.342789244,11011905.8371861],[20037508.342789244,11344372.775235897],[20037508.342789244,11694112.980613992],[20037508.342789244,12063134.687732812],[20037508.342789244,12453810.209336404],[20037508.342789244,12868969.74884047],[20037508.342789244,13312027.513438126],[20037508.342789244,13787154.46750462],[20037508.342789244,14299520.090295099],[20037508.342789244,14855639.107791035],[20037508.342789244,15463883.14263024],[20037508.342789244,16135261.40167018],[20037508.342789244,16884660.326991968],[20037508.342789244,17732909.674735937],[20037508.342789244,18710439.343052853],[20037508.342789244,19864268.85559512]]},"properties":{"type":"meridian","value":180}},
{"type":"Feature","geometry":{"type":"LineString","coordinates":[[-20037508.342789244,-12890914.137293594],[-19926188.85199597,-12890914.137293594],[-19814869.361202694,-12890914.137293594],[-19703549.87040942,-12890914.137293594],[-19592230.37961615,-12890914.137293594],[-19480910.888822876,-12890914.137293594],[-19369591.3980296,-12890914.137293594],[-19258271.907236326,-12890914.137293594],[-19146952.416443054,-12890914.137293594],[-19035632.92564978,-12890914.137293594],[-18924313.434856508,-12890914.137293594],[-18812993.94406323,-12890914.137293594],[-18701674.453269962,-12890914.137293594],[-18590354.962476686,-12890914.137293594],[-18479035.471683413,-12890914.137293594],[-18367715.980890136,-12890914.137293594],[-18256396.490096867,-12890914.137293594],[-18145076.999303594,-12890914.137293594],[-18033757.508510318,-12890914.137293594],[-17922438.017717045,-12890914.137293594],[-17811118.526923772,-12890914.137293594],[-17699799.0361305,-12890914.137293594],[-17588479.545337223,-12890914.137293594],[-17477160.05454395,-12890914.137293594],[-17365840.563750677,-12890914.137293594],[-17254521.072957404,-12890914.137293594],[-17143201.58216413,-12890914.137293594],[-17031882.091370855,-12890914.137293594],[-16920562.600577585,-12890914.137293594],[-16809243.10978431,-12890914.137293594],[-16697923.618991036,-12890914.137293594],[-16586604.128197761,-12890914.137293594],[-16475284.637404488,-12890914.137293594],[-16363965.146611214,-12890914.137293594],[-16252645.65581794,-12890914.137293594],[-16141326.16502467,-12890914.137293594],[-16030006.674231393,-12890914.137293594],[-15918687.183438122,-12890914.137293594],[-15807367.692644846,-12890914.137293594],[-15696048.201851575,-12890914.137293594],[-15584728.711058298,-12890914.137293594],[-15473409.220265027,-12890914.137293594],[-15362089.72947175,-12890914.137293594],[-15250770.23867848,-12890914.137293594],[-15139450.747885207,-12890914.137293594],[-15028131.257091932,-12890914.137293594],[-14916811.76629866,-12890914.137293594],[-14805492.275505384,-12890914.137293594],[-14694172.784712112,-12890914.137293594],[-14582853.293918837,-12890914.137293594],[-14471533.803125564,-12890914.137293594],[-14360214.31233229,-12890914.137293594],[-14248894.821539016,-12890914.137293594],[-14137575.330745745,-12890914.137293594],[-14026255.839952469,-12890914.137293594],[-13914936.349159198,-12890914.137293594],[-13803616.858365921,-12890914.137293594],[-13692297.36757265,-12890914.137293594],[-13580977.876779376,-12890914.137293594],[-13469658.385986103,-12890914.137293594],[-13358338.895192828,-12890914.137293594],[-13247019.404399555,-12890914.137293594],[-13135699.913606282,-12890914.137293594],[-13024380.422813008,-12890914.137293594],[-12913060.932019735,-12890914.137293594],[-12801741.44122646,-12890914.137293594],[-12690421.950433187,-12890914.137293594],[-12579102.459639914,-12890914.137293594],[-12467782.96884664,-12890914.137293594],[-12356463.478053367,-12890914.137293594],[-12245143.987260092,-12890914.137293594],[-12133824.49646682,-12890914.137293594],[-12022505.005673544,-12890914.137293594],[-11911185.514880272,-12890914.137293594],[-11799866.024086999,-12890914.137293594],[-11688546.533293726,-12890914.137293594],[-11577227.042500451,-12890914.137293594],[-11465907.551707178,-12890914.137293594],[-11354588.060913904,-12890914.137293594],[-11243268.57012063,-12890914.137293594],[-11131949.079327356,-12890914.137293594],[-11020629.588534083,-12890914.137293594],[-10909310.09774081,-12890914.137293594],[-10797990.606947536,-12890914.137293594],[-10686671.116154263,-12890914.137293594],[-10575351.62536099,-12890914.137293594],[-10464032.134567715,-12890914.137293594],[-10352712.643774442,-12890914.137293594],[-10241393.15298117,-12890914.137293594],[-10130073.662187895,-12890914.137293594],[-10018754.171394622,-12890914.137293594],[-9907434.680601347,-12890914.137293594],[-9796115.189808074,-12890914.137293594],[-9684795.6990148,-12890914.137293594],[-9573476.208221527,-12890914.137293594],[-9462156.717428254,-12890914.137293594],[-9350837.226634981,-12890914.137293594],[-9239517.735841706,-12890914.137293594],[-9128198.245048434,-12890914.137293594],[-9016878.754255159,-12890914.137293594],[-8905559.263461886,-12890914.137293594],[-8794239.772668611,-12890914.137293594],[-8682920.281875338,-12890914.137293594],[-8571600.791082066,-12890914.137293594],[-8460281.300288793,-12890914.137293594],[-8348961.809495518,-12890914.137293594],[-8237642.318702244,-12890914.137293594],[-8126322.82790897,-12890914.137293594],[-8015003.337115697,-12890914.137293594],[-7903683.846322423,-12890914.137293594],[-7792364.355529149,-12890914.137293594],[-7681044.864735875,-12890914.137293594],[-7569725.373942603,-12890914.137293594],[-7458405.88314933,-12890914.137293594],[-7347086.392356056,-12890914.137293594],[-7235766.901562782,-12890914.137293594],[-7124447.410769508,-12890914.137293594],[-7013127.919976234,-12890914.137293594],[-6901808.429182961,-12890914.137293594],[-6790488.938389688,-12890914.137293594],[-6679169.447596414,-12890914.137293594],[-6567849.956803141,-12890914.137293594],[-6456530.466009867,-12890914.137293594],[-6345210.975216594,-12890914.137293594],[-6233891.48442332,-12890914.137293594],[-6122571.993630046,-12890914.137293594],[-6011252.502836772,-12890914.137293594],[-5899933.012043499,-12890914.137293594],[-5788613.521250226,-12890914.137293594],[-5677294.030456952,-12890914.137293594],[-5565974.539663678,-12890914.137293594],[-5454655.048870405,-12890914.137293594],[-5343335.558077131,-12890914.137293594],[-5232016.067283858,-12890914.137293594],[-5120696.576490585,-12890914.137293594],[-5009377.085697311,-12890914.137293594],[-4898057.594904037,-12890914.137293594],[-4786738.104110763,-12890914.137293594],[-4675418.613317491,-12890914.137293594],[-4564099.122524217,-12890914.137293594],[-4452779.631730943,-12890914.137293594],[-4341460.140937669,-12890914.137293594],[-4230140.650144396,-12890914.137293594],[-4118821.159351122,-12890914.137293594],[-4007501.6685578483,-12890914.137293594],[-3896182.1777645745,-12890914.137293594],[-3784862.6869713017,-12890914.137293594],[-3673543.196178028,-12890914.137293594],[-3562223.705384754,-12890914.137293594],[-3450904.2145914803,-12890914.137293594],[-3339584.723798207,-12890914.137293594],[-3228265.2330049337,-12890914.137293594],[-3116945.74221166,-12890914.137293594],[-3005626.251418386,-12890914.137293594],[-2894306.760625113,-12890914.137293594],[-2782987.269831839,-12890914.137293594],[-2671667.7790385657,-12890914.137293594],[-2560348.2882452924,-12890914.137293594],[-2449028.7974520186,-12890914.137293594],[-2337709.3066587453,-12890914.137293594],[-2226389.8158654715,-12890914.137293594],[-2115070.325072198,-12890914.137293594],[-2003750.8342789242,-12890914.137293594],[-1892431.3434856508,-12890914.137293594],[-1781111.852692377,-12890914.137293594],[-1669792.3618991035,-12890914.137293594],[-1558472.87110583,-12890914.137293594],[-1447153.3803125564,-12890914.137293594],[-1335833.8895192828,-12890914.137293594],[-1224514.3987260093,-12890914.137293594],[-1113194.9079327357,-12890914.137293594],[-1001875.4171394621,-12890914.137293594],[-890555.9263461885,-12890914.137293594],[-779236.435552915,-12890914.137293594],[-667916.9447596414,-12890914.137293594],[-556597.4539663679,-12890914.137293594],[-445277.96317309426,-12890914.137293594],[-333958.4723798207,-12890914.137293594],[-222638.98158654713,-12890914.137293594],[-111319.49079327357,-12890914.137293594],[0,-12890914.137293594],[111319.49079327357,-12890914.137293594],[222638.98158654713,-12890914.137293594],[333958.4723798207,-12890914.137293594],[445277.96317309426,-12890914.137293594],[556597.4539663679,-12890914.137293594],[667916.9447596414,-12890914.137293594],[779236.435552915,-12890914.137293594],[890555.9263461885,-12890914.137293594],[1001875.4171394621,-12890914.137293594],[1113194.9079327357,-12890914.137293594],[1224514.3987260093,-12890914.137293594],[1335833.8895192828,-12890914.137293594],[1447153.3803125564,-12890914.137293594],[1558472.87110583,-12890914.137293594],[1669792.3618991035,-12890914.137293594],[1781111.852692377,-12890914.137293594],[1892431.3434856508,-12890914.137293594],[2003750.8342789242,-12890914.137293594],[2115070.325072198,-12890914.137293594],[2226389.8158654715,-12890914.137293594],[2337709.3066587453,-12890914.137293594],[2449028.7974520186,-12890914.137293594],[2560348.2882452924,-12890914.137293594],[2671667.7790385657,-12890914.137293594],[2782987.269831839,-12890914.137293594],[2894306.760625113,-12890914.137293594],[3005626.251418386,-12890914.137293594],[3116945.74221166,-12890914.137293594],[3228265.2330049337,-12890914.137293594],[3339584.723798207,-12890914.137293594],[3450904.2145914803,-12890914.137293594],[3562223.705384754,-12890914.137293594],[3673543.196178028,-12890914.137293594],[3784862.6869713017,-12890914.137293594],[3896182.1777645745,-12890914.137293594],[4007501.6685578483,-12890914.137293594],[4118821.159351122,-12890914.137293594],[4230140.650144396,-12890914.137293594],[4341460.140937669,-12890914.137293594],[4452779.631730943,-12890914.137293594],[4564099.122524217,-12890914.137293594],[4675418.613317491,-12890914.137293594],[4786738.104110763,-12890914.137293594],[4898057.594904037,-12890914.137293594],[5009377.085697311,-12890914.137293594],[5120696.576490585,-12890914.137293594],[5232016.067283858,-12890914.137293594],[5343335.558077131,-12890914.137293594],[5454655.048870405,-12890914.137293594],[5565974.539663678,-12890914.137293594],[5677294.030456952,-12890914.137293594],[5788613.521250226,-12890914.137293594],[5899933.012043499,-12890914.137293594],[6011252.502836772,-12890914.137293594],[6122571.993630046,-12890914.137293594],[6233891.48442332,-12890914.137293594],[6345210.975216594,-12890914.137293594],[6456530.466009867,-12890914.137293594],[6567849.956803141,-12890914.137293594],[6679169.447596414,-12890914.137293594],[6790488.938389688,-12890914.137293594],[6901808.429182961,-12890914.137293594],[7013127.919976234,-12890914.137293594],[7124447.410769508,-12890914.137293594],[7235766.901562782,-12890914.137293594],[7347086.392356056,-12890914.137293594],[7458405.88314933,-12890914.137293594],[7569725.373942603,-12890914.137293594],[7681044.864735875,-12890914.137293594],[7792364.355529149,-12890914.137293594],[7903683.846322423,-12890914.137293594],[8015003.337115697,-12890914.137293594],[8126322.82790897,-12890914.137293594],[8237642.318702244,-12890914.137293594],[8348961.809495518,-12890914.137293594],[8460281.300288793,-12890914.137293594],[8571600.791082066,-12890914.137293594],[8682920.281875338,-12890914.137293594],[8794239.772668611,-12890914.137293594],[8905559.263461886,-12890914.137293594],[9016878.754255159,-12890914.137293594],[9128198.245048434,-12890914.137293594],[9239517.735841706,-12890914.137293594],[9350837.226634981,-12890914.137293594],[9462156.717428254,-12890914.137293594],[9573476.208221527,-12890914.137293594],[9684795.6990148,-12890914.137293594],[9796115.189808074,-12890914.137293594],[9907434.680601347,-12890914.137293594],[10018754.171394622,-12890914.137293594],[10130073.662187895,-12890914.137293594],[10241393.15298117,-12890914.137293594],[10352712.643774442,-12890914.137293594],[10464032.134567715,-12890914.137293594],[10575351.62536099,-12890914.137293594],[10686671.116154263,-12890914.137293594],[10797990.606947536,-12890914.137293594],[10909310.09774081,-12890914.137293594],[11020629.588534083,-12890914.137293594],[11131949.079327356,-12890914.137293594],[11243268.57012063,-12890914.137293594],[11354588.060913904,-12890914.137293594],[11465907.551707178,-12890914.137293594],[11577227.042500451,-12890914.137293594],[11688546.533293726,-12890914.137293594],[11799866.024086999,-12890914.137293594],[11911185.514880272,-12890914.137293594],[12022505.005673544,-12890914.137293594],[12133824.49646682,-12890914.137293594],[12245143.987260092,-12890914.137293594],[12356463.478053367,-12890914.137293594],[12467782.96884664,-12890914.137293594],[12579102.459639914,-12890914.137293594],[12690421.950433187,-12890914.137293594],[12801741.44122646,-12890914.137293594],[12913060.932019735,-12890914.137293594],[13024380.422813008,-12890914.137293594],[13135699.913606282,-12890914.137293594],[13247019.404399555,-12890914.137293594],[13358338.895192828,-12890914.137293594],[13469658.385986103,-12890914.137293594],[13580977.876779376,-12890914.137293594],[13692297.36757265,-12890914.137293594],[13803616.858365921,-12890914.137293594],[13914936.349159198,-12890914.137293594],[14026255.839952469,-12890914.137293594],[14137575.330745745,-12890914.137293594],[14248894.821539016,-12890914.137293594],[14360214.31233229,-12890914.137293594],[14471533.803125564,-12890914.137293594],[14582853.293918837,-12890914.137293594],[14694172.784712112,-12890914.137293594],[14805492.275505384,-12890914.137293594],[14916811.76629866,-12890914.137293594],[15028131.257091932,-12890914.137293594],[15139450.747885207,-12890914.137293594],[15250770.23867848,-12890914.137293594],[15362089.72947175,-12890914.137293594],[15473409.220265027,-12890914.137293594],[15584728.711058298,-12890914.137293594],[15696048.201851575,-12890914.137293594],[15807367.692644846,-12890914.137293594],[15918687.183438122,-12890914.137293594],[16030006.674231393,-12890914.137293594],[16141326.16502467,-12890914.137293594],[16252645.65581794,-12890914.137293594],[16363965.146611214,-12890914.137293594],[16475284.637404488,-12890914.137293594],[16586604.128197761,-12890914.137293594],[16697923.618991036,-12890914.137293594],[16809243.10978431,-12890914.137293594],[16920562.600577585,-12890914.137293594],[17031882.091370855,-12890914.137293594],[17143201.58216413,-12890914.137293594],[17254521.072957404,-12890914.137293594],[17365840.563750677,-12890914.137293594],[17477160.05454395,-12890914.137293594],[17588479.545337223,-12890914.137293594],[17699799.0361305,-12890914.137293594],[17811118.526923772,-12890914.137293594],[17922438.017717045,-12890914.137293594],[18033757.508510318,-12890914.137293594],[18145076.999303594,-12890914.137293594],[18256396.490096867,-12890914.137293594],[18367715.980890136,-12890914.137293594],[18479035.471683413,-12890914.137293594],[18590354.962476686,-12890914.137293594],[18701674.453269962,-12890914.137293594],[18812993.94406323,-12890914.137293594],[18924313.434856508,-12890914.137293594],[19035632.92564978,-12890914.137293594],[19146952.416443054,-12890914.137293594],[19258271.907236326,-12890914.137293594],[19369591.3980296,-12890914.137293594],[19480910.888822876,-12890914.137293594],[19592230.37961615,-12890914.137293594],[19703549.87040942,-12890914.137293594],[19814869.361202694,-12890914.137293594],[19926188.85199597,-12890914.137293594],[20037508.342789244,-12890914.137293594]]},"properties":{"type":"parallel","value":-75}},
{"type":"Feature","geometry":{"type":"LineString","coordinates":[[-20037508.342789244,-8362698.548500745],[-19926188.85199597,-8362698.548500745],[-19814869.361202694,-8362698.548500745],[-19703549.87040942,-8362698.548500745],[-19592230.37961615,-8362698.548500745],[-19480910.888822876,-8362698.548500745],[-19369591.3980296,-8362698.548500745],[-19258271.907236326,-8362698.548500745],[-19146952.416443054,-8362698.548500745],[-19035632.92564978,-8362698.548500745],[-18924313.434856508,-8362698.548500745],[-18812993.94406323,-8362698.548500745],[-18701674.453269962,-8362698.548500745],[-18590354.962476686,-8362698.548500745],[-18479035.471683413,-8362698.548500745],[-18367715.980890136,-8362698.548500745],[-18256396.490096867,-8362698.548500745],[-18145076.999303594,-8362698.548500745],[-18033757.508510318,-8362698.548500745],[-17922438.017717045,-8362698.548500745],[-17811118.526923772,-8362698.548500745],[-17699799.0361305,-8362698.548500745],[-17588479.545337223,-8362698.548500745],[-17477160.05454395,-8362698.548500745],[-17365840.563750677,-8362698.548500745],[-17254521.072957404,-8362698.548500745],[-17143201.58216413,-8362698.548500745],[-17031882.091370855,-8362698.548500745],[-16920562.600577585,-8362698.548500745],[-16809243.10978431,-8362698.548500745],[-16697923.618991036,-8362698.548500745],[-16586604.128197761,-8362698.548500745],[-16475284.637404488,-8362698.548500745],[-16363965.146611214,-8362698.548500745],[-16252645.65581794,-8362698.548500745],[-16141326.16502467,-8362698.548500745],[-16030006.674231393,-8362698.548500745],[-15918687.183438122,-8362698.548500745],[-15807367.692644846,-8362698.548500745],[-15696048.201851575,-8362698.548500745],[-15584728.711058298,-8362698.548500745],[-15473409.220265027,-8362698.548500745],[-15362089.72947175,-8362698.548500745],[-15250770.23867848,-8362698.548500745],[-15139450.747885207,-8362698.548500745],[-15028131.257091932,-8362698.548500745],[-14916811.76629866,-8362698.548500745],[-14805492.275505384,-8362698.548500745],[-14694172.784712112,-8362698.548500745],[-14582853.293918837,-8362698.548500745],[-14471533.803125564,-8362698.548500745],[-14360214.31233229,-8362698.548500745],[-14248894.821539016,-8362698.548500745],[-14137575.330745745,-8362698.548500745],[-14026255.839952469,-8362698.548500745],[-13914936.349159198,-8362698.548500745],[-13803616.858365921,-8362698.548500745],[-13692297.36757265,-8362698.548500745],[-13580977.876779376,-8362698.548500745],[-13469658.385986103,-8362698.548500745],[-13358338.895192828,-8362698.548500745],[-13247019.404399555,-8362698.548500745],[-13135699.913606282,-8362698.548500745],[-13024380.422813008,-8362698.548500745],[-12913060.932019735,-8362698.548500745],[-12801741.44122646,-8362698.548500745],[-12690421.950433187,-8362698.548500745],[-12579102.459639914,-8362698.548500745],[-12467782.96884664,-8362698.548500745],[-12356463.478053367,-8362698.548500745],[-12245143.987260092,-8362698.548500745],[-12133824.49646682,-8362698.548500745],[-12022505.005673544,-8362698.548500745],[-11911185.514880272,-8362698.548500745],[-11799866.024086999,-8362698.548500745],[-11688546.533293726,-8362698.548500745],[-11577227.042500451,-8362698.548500745],[-11465907.551707178,-8362698.548500745],[-11354588.060913904,-8362698.548500745],[-11243268.57012063,-8362698.548500745],[-11131949.079327356,-8362698.548500745],[-11020629.588534083,-8362698.548500745],[-10909310.09774081,-8362698.548500745],[-10797990.606947536,-8362698.548500745],[-10686671.116154263,-8362698.548500745],[-10575351.62536099,-8362698.548500745],[-10464032.134567715,-8362698.548500745],[-10352712.643774442,-8362698.548500745],[-10241393.15298117,-8362698.548500745],[-10130073.662187895,-8362698.548500745],[-10018754.171394622,-8362698.548500745],[-9907434.680601347,-8362698.548500745],[-9796115.189808074,-8362698.548500745],[-9684795.6990148,-8362698.548500745],[-9573476.208221527,-8362698.548500745],[-9462156.717428254,-8362698.548500745],[-9350837.226634981,-8362698.548500745],[-9239517.735841706,-8362698.548500745],[-9128198.245048434,-8362698.548500745],[-9016878.754255159,-8362698.548500745],[-8905559.263461886,-8362698.548500745],[-8794239.772668611,-8362698.548500745],[-8682920.281875338,-8362698.548500745],[-8571600.791082066,-8362698.548500745],[-8460281.300288793,-8362698.548500745],[-8348961.809495518,-8362698.548500745],[-8237642.318702244,-8362698.548500745],[-8126322.82790897,-8362698.548500745],[-8015003.337115697,-8362698.548500745],[-7903683.846322423,-8362698.548500745],[-7792364.355529149,-8362698.548500745],[-7681044.864735875,-8362698.548500745],[-7569725.373942603,-8362698.548500745],[-7458405.88314933,-8362698.548500745],[-7347086.392356056,-8362698.548500745],[-7235766.901562782,-8362698.548500745],[-7124447.410769508,-8362698.548500745],[-7013127.919976234,-8362698.548500745],[-6901808.429182961,-8362698.548500745],[-6790488.938389688,-8362698.548500745],[-6679169.447596414,-8362698.548500745],[-6567849.956803141,-8362698.548500745],[-6456530.466009867,-8362698.548500745],[-6345210.975216594,-8362698.548500745],[-6233891.48442332,-8362698.548500745],[-6122571.993630046,-8362698.548500745],[-6011252.502836772,-8362698.548500745],[-5899933.012043499,-8362698.548500745],[-5788613.521250226,-8362698.548500745],[-5677294.030456952,-8362698.548500745],[-5565974.539663678,-8362698.548500745],[-5454655.048870405,-8362698.548500745],[-5343335.558077131,-8362698.548500745],[-5232016.067283858,-8362698.548500745],[-5120696.576490585,-8362698.548500745],[-5009377.085697311,-8362698.548500745],[-4898057.594904037,-8362698.548500745],[-4786738.104110763,-8362698.548500745],[-4675418.613317491,-8362698.548500745],[-4564099.122524217,-8362698.548500745],[-4452779.631730943,-8362698.548500745],[-4341460.140937669,-8362698.548500745],[-4230140.650144396,-8362698.548500745],[-4118821.159351122,-8362698.548500745],[-4007501.6685578483,-8362698.548500745],[-3896182.1777645745,-8362698.548500745],[-3784862.6869713017,-8362698.548500745],[-3673543.196178028,-8362698.548500745],[-3562223.705384754,-8362698.548500745],[-3450904.2145914803,-8362698.548500745],[-3339584.723798207,-8362698.548500745],[-3228265.2330049337,-8362698.548500745],[-3116945.74221166,-8362698.548500745],[-3005626.251418386,-8362698.548500745],[-2894306.760625113,-8362698.548500745],[-2782987.269831839,-8362698.548500745],[-2671667.7790385657,-8362698.548500745],[-2560348.2882452924,-8362698.548500745],[-2449028.7974520186,-8362698.548500745],[-2337709.3066587453,-8362698.548500745],[-2226389.8158654715,-8362698.548500745],[-2115070.325072198,-8362698.548500745],[-2003750.8342789242,-8362698.548500745],[-1892431.3434856508,-8362698.548500745],[-1781111.852692377,-8362698.548500745],[-1669792.3618991035,-8362698.548500745],[-1558472.87110583,-8362698.548500745],[-1447153.3803125564,-8362698.548500745],[-1335833.8895192828,-8362698.548500745],[-1224514.3987260093,-8362698.548500745],[-1113194.9079327357,-8362698.548500745],[-1001875.4171394621,-8362698.548500745],[-890555.9263461885,-8362698.548500745],[-779236.435552915,-8362698.548500745],[-667916.9447596414,-8362698.548500745],[-556597.4539663679,-8362698.548500745],[-445277.96317309426,-8362698.548500745],[-333958.4723798207,-8362698.548500745],[-222638.98158654713,-8362698.548500745],[-111319.49079327357,-8362698.548500745],[0,-8362698.548500745],[111319.49079327357,-8362698.548500745],[222638.98158654713,-8362698.548500745],[333958.4723798207,-8362698.548500745],[445277.96317309426,-8362698.548500745],[556597.4539663679,-8362698.548500745],[667916.9447596414,-8362698.548500745],[779236.435552915,-8362698.548500745],[890555.9263461885,-8362698.548500745],[1001875.4171394621,-8362698.548500745],[1113194.9079327357,-8362698.548500745],[1224514.3987260093,-8362698.548500745],[1335833.8895192828,-8362698.548500745],[1447153.3803125564,-8362698.548500745],[1558472.87110583,-8362698.548500745],[1669792.3618991035,-8362698.548500745],[1781111.852692377,-8362698.548500745],[1892431.3434856508,-8362698.548500745],[2003750.8342789242,-8362698.548500745],[2115070.325072198,-8362698.548500745],[2226389.8158654715,-8362698.548500745],[2337709.3066587453,-8362698.548500745],[2449028.7974520186,-8362698.548500745],[2560348.2882452924,-8362698.548500745],[2671667.7790385657,-8362698.548500745],[2782987.269831839,-8362698.548500745],[2894306.760625113,-8362698.548500745],[3005626.251418386,-8362698.548500745],[3116945.74221166,-8362698.548500745],[3228265.2330049337,-8362698.548500745],[3339584.723798207,-8362698.548500745],[3450904.2145914803,-8362698.548500745],[3562223.705384754,-8362698.548500745],[3673543.196178028,-8362698.548500745],[3784862.6869713017,-8362698.548500745],[3896182.1777645745,-8362698.548500745],[4007501.6685578483,-8362698.548500745],[4118821.159351122,-8362698.548500745],[4230140.650144396,-8362698.548500745],[4341460.140937669,-8362698.548500745],[4452779.631730943,-8362698.548500745],[4564099.122524217,-8362698.548500745],[4675418.613317491,-8362698.548500745],[4786738.104110763,-8362698.548500745],[4898057.594904037,-8362698.548500745],[5009377.085697311,-8362698.548500745],[5120696.576490585,-8362698.548500745],[5232016.067283858,-8362698.548500745],[5343335.558077131,-8362698.548500745],[5454655.048870405,-8362698.548500745],[5565974.539663678,-8362698.548500745],[5677294.030456952,-8362698.548500745],[5788613.521250226,-8362698.548500745],[5899933.012043499,-8362698.548500745],[6011252.502836772,-8362698.548500745],[6122571.993630046,-8362698.548500745],[6233891.48442332,-8362698.548500745],[6345210.975216594,-8362698.548500745],[6456530.466009867,-8362698.548500745],[6567849.956803141,-8362698.548500745],[6679169.447596414,-8362698.548500745],[6790488.938389688,-8362698.548500745],[6901808.429182961,-8362698.548500745],[7013127.919976234,-8362698.548500745],[7124447.410769508,-8362698.548500745],[7235766.901562782,-8362698.548500745],[7347086.392356056,-8362698.548500745],[7458405.88314933,-8362698.548500745],[7569725.373942603,-8362698.548500745],[7681044.864735875,-8362698.548500745],[7792364.355529149,-8362698.548500745],[7903683.846322423,-8362698.548500745],[8015003.337115697,-8362698.548500745],[8126322.82790897,-8362698.548500745],[8237642.318702244,-8362698.548500745],[8348961.809495518,-8362698.548500745],[8460281.300288793,-8362698.548500745],[8571600.791082066,-8362698.548500745],[8682920.281875338,-8362698.548500745],[8794239.772668611,-8362698.548500745],[8905559.263461886,-8362698.548500745],[9016878.754255159,-8362698.548500745],[9128198.245048434,-8362698.548500745],[9239517.735841706,-8362698.548500745],[9350837.226634981,-8362698.548500745],[9462156.717428254,-8362698.548500745],[9573476.208221527,-8362698.548500745],[9684795.6990148,-8362698.548500745],[9796115.189808074,-8362698.548500745],[9907434.680601347,-8362698.548500745],[10018754.171394622,-8362698.548500745],[10130073.662187895,-8362698.548500745],[10241393.15298117,-8362698.548500745],[10352712.643774442,-8362698.548500745],[10464032.134567715,-8362698.548500745],[10575351.62536099,-8362698.548500745],[10686671.116154263,-8362698.548500745],[10797990.606947536,-8362698.548500745],[10909310.09774081,-8362698.548500745],[11020629.588534083,-8362698.548500745],[11131949.079327356,-8362698.548500745],[11243268.57012063,-8362698.548500745],[11354588.060913904,-8362698.548500745],[11465907.551707178,-8362698.548500745],[11577227.042500451,-8362698.548500745],[11688546.533293726,-8362698.548500745],[11799866.024086999,-8362698.548500745],[11911185.514880272,-8362698.548500745],[12022505.005673544,-8362698.548500745],[12133824.49646682,-8362698.548500745],[12245143.987260092,-8362698.548500745],[12356463.478053367,-8362698.548500745],[12467782.96884664,-8362698.548500745],[12579102.459639914,-8362698.548500745],[12690421.950433187,-8362698.548500745],[12801741.44122646,-8362698.548500745],[12913060.932019735,-8362698.548500745],[13024380.422813008,-8362698.548500745],[13135699.913606282,-8362698.548500745],[13247019.404399555,-8362698.548500745],[13358338.895192828,-8362698.548500745],[13469658.385986103,-8362698.548500745],[13580977.876779376,-8362698.548500745],[13692297.36757265,-8362698.548500745],[13803616.858365921,-8362698.548500745],[13914936.349159198,-8362698.548500745],[14026255.839952469,-8362698.548500745],[14137575.330745745,-8362698.548500745],[14248894.821539016,-8362698.548500745],[14360214.31233229,-8362698.548500745],[14471533.803125564,-8362698.548500745],[14582853.293918837,-8362698.548500745],[14694172.784712112,-8362698.548500745],[14805492.275505384,-8362698.548500745],[14916811.76629866,-8362698.548500745],[15028131.257091932,-8362698.548500745],[15139450.747885207,-8362698.548500745],[15250770.23867848,-8362698.548500745],[15362089.72947175,-8362698.548500745],[15473409.220265027,-8362698.548500745],[15584728.711058298,-8362698.548500745],[15696048.201851575,-8362698.548500745],[15807367.692644846,-8362698.548500745],[15918687.183438122,-8362698.548500745],[16030006.674231393,-8362698.548500745],[16141326.16502467,-8362698.548500745],[16252645.65581794,-8362698.548500745],[16363965.146611214,-8362698.548500745],[16475284.637404488,-8362698.548500745],[16586604.128197761,-8362698.548500745],[16697923.618991036,-8362698.548500745],[16809243.10978431,-8362698.548500745],[16920562.600577585,-8362698.548500745],[17031882.091370855,-8362698.548500745],[17143201.58216413,-8362698.548500745],[17254521.072957404,-8362698.548500745],[17365840.563750677,-8362698.548500745],[17477160.05454395,-8362698.548500745],[17588479.545337223,-8362698.548500745],[17699799.0361305,-8362698.548500745],[17811118.526923772,-8362698.548500745],[17922438.017717045,-8362698.548500745],[18033757.508510318,-8362698.548500745],[18145076.999303594,-8362698.548500745],[18256396.490096867,-8362698.548500745],[18367715.980890136,-8362698.548500745],[18479035.471683413,-8362698.548500745],[18590354.962476686,-8362698.548500745],[18701674.453269962,-8362698.548500745],[18812993.94406323,-8362698.548500745],[18924313.434856508,-8362698.548500745],[19035632.92564978,-8362698.548500745],[19146952.416443054,-8362698.548500745],[19258271.907236326,-8362698.548500745],[19369591.3980296,-8362698.548500745],[19480910.888822876,-8362698.548500745],[19592230.37961615,-8362698.548500745],[19703549.87040942,-8362698.548500745],[19814869.361202694,-8362698.548500745],[19926188.85199597,-8362698.548500745],[20037508.342789244,-8362698.548500745]]},"properties":{"type":"parallel","value":-60}},
{"type":"Feature","geometry":{"type":"LineString","coordinates":[[-20037508.342789244,-5591295.9185533915],[-19926188.85199597,-5591295.9185533915],[-19814869.361202694,-5591295.9185533915],[-19703549.87040942,-5591295.9185533915],[-19592230.37961615,-5591295.9185533915],[-19480910.888822876,-5591295.9185533915],[-19369591.3980296,-5591295.9185533915],[-19258271.907236326,-5591295.9185533915],[-19146952.416443054,-5591295.9185533915],[-19035632.92564978,-5591295.9185533915],[-18924313.434856508,-5591295.9185533915],[-18812993.94406323,-5591295.9185533915],[-18701674.453269962,-5591295.9185533915],[-18590354.962476686,-5591295.9185533915],[-18479035.471683413,-5591295.9185533915],[-18367715.980890136,-5591295.9185533915],[-18256396.490096867,-5591295.9185533915],[-18145076.999303594,-5591295.9185533915],[-18033757.508510318,-5591295.9185533915],[-17922438.017717045,-5591295.9185533915],[-17811118.526923772,-5591295.9185533915],[-17699799.0361305,-5591295.9185533915],[-17588479.545337223,-5591295.9185533915],[-17477160.05454395,-5591295.9185533915],[-17365840.563750677,-5591295.9185533915],[-17254521.072957404,-5591295.9185533915],[-17143201.58216413,-5591295.9185533915],[-17031882.091370855,-5591295.9185533915],[-16920562.600577585,-5591295.9185533915],[-16809243.10978431,-5591295.9185533915],[-16697923.618991036,-5591295.9185533915],[-16586604.128197761,-5591295.9185533915],[-16475284.637404488,-5591295.9185533915],[-16363965.146611214,-5591295.9185533915],[-16252645.65581794,-5591295.9185533915],[-16141326.16502467,-5591295.9185533915],[-16030006.674231393,-5591295.9185533915],[-15918687.183438122,-5591295.9185533915],[-15807367.692644846,-5591295.9185533915],[-15696048.201851575,-5591295.9185533915],[-15584728.711058298,-5591295.9185533915],[-15473409.220265027,-5591295.9185533915],[-15362089.72947175,-5591295.9185533915],[-15250770.23867848,-5591295.9185533915],[-15139450.747885207,-5591295.9185533915],[-15028131.257091932,-5591295.9185533915],[-14916811.76629866,-5591295.9185533915],[-14805492.275505384,-5591295.9185533915],[-14694172.784712112,-5591295.9185533915],[-14582853.293918837,-5591295.9185533915],[-14471533.803125564,-5591295.9185533915],[-14360214.31233229,-5591295.9185533915],[-14248894.821539016,-5591295.9185533915],[-14137575.330745745,-5591295.9185533915],[-14026255.839952469,-5591295.9185533915],[-13914936.349159198,-5591295.9185533915],[-13803616.858365921,-5591295.9185533915],[-13692297.36757265,-5591295.9185533915],[-13580977.876779376,-5591295.9185533915],[-13469658.385986103,-5591295.9185533915],[-13358338.895192828,-5591295.9185533915],[-13247019.404399555,-5591295.9185533915],[-13135699.913606282,-5591295.9185533915],[-13024380.422813008,-5591295.9185533915],[-12913060.932019735,-5591295.9185533915],[-12801741.44122646,-5591295.9185533915],[-12690421.950433187,-5591295.9185533915],[-12579102.459639914,-5591295.9185533915],[-12467782.96884664,-5591295.9185533915],[-12356463.478053367,-5591295.9185533915],[-12245143.987260092,-5591295.9185533915],[-12133824.49646682,-5591295.9185533915],[-12022505.005673544,-5591295.9185533915],[-11911185.514880272,-5591295.9185533915],[-11799866.024086999,-5591295.9185533915],[-11688546.533293726,-5591295.9185533915],[-11577227.042500451,-5591295.9185533915],[-11465907.551707178,-5591295.9185533915],[-11354588.060913904,-5591295.9185533915],[-11243268.57012063,-5591295.9185533915],[-11131949.079327356,-5591295.9185533915],[-11020629.588534083,-5591295.9185533915],[-10909310.09774081,-5591295.9185533915],[-10797990.606947536,-5591295.9185533915],[-10686671.116154263,-5591295.9185533915],[-10575351.62536099,-5591295.9185533915],[-10464032.134567715,-5591295.9185533915],[-10352712.643774442,-5591295.9185533915],[-10241393.15298117,-5591295.9185533915],[-10130073.662187895,-5591295.9185533915],[-10018754.171394622,-5591295.9185533915],[-9907434.680601347,-5591295.9185533915],[-9796115.189808074,-5591295.9185533915],[-9684795.6990148,-5591295.9185533915],[-9573476.208221527,-5591295.9185533915],[-9462156.717428254,-5591295.9185533915],[-9350837.226634981,-5591295.9185533915],[-9239517.735841706,-5591295.9185533915],[-9128198.245048434,-5591295.9185533915],[-9016878.754255159,-5591295.9185533915],[-8905559.263461886,-5591295.9185533915],[-8794239.772668611,-5591295.9185533915],[-8682920.281875338,-5591295.9185533915],[-8571600.791082066,-5591295.9185533915],[-8460281.300288793,-5591295.9185533915],[-8348961.809495518,-5591295.9185533915],[-8237642.318702244,-5591295.9185533915],[-8126322.82790897,-5591295.9185533915],[-8015003.337115697,-5591295.9185533915],[-7903683.846322423,-5591295.9185533915],[-7792364.355529149,-5591295.9185533915],[-7681044.864735875,-5591295.9185533915],[-7569725.373942603,-5591295.9185533915],[-7458405.88314933,-5591295.9185533915],[-7347086.392356056,-5591295.9185533915],[-7235766.901562782,-5591295.9185533915],[-7124447.410769508,-5591295.9185533915],[-7013127.919976234,-5591295.9185533915],[-6901808.429182961,-5591295.9185533915],[-6790488.938389688,-5591295.9185533915],[-6679169.447596414,-5591295.9185533915],[-6567849.956803141,-5591295.9185533915],[-6456530.466009867,-5591295.9185533915],[-6345210.975216594,-5591295.9185533915],[-6233891.48442332,-5591295.9185533915],[-6122571.993630046,-5591295.9185533915],[-6011252.502836772,-5591295.9185533915],[-5899933.012043499,-5591295.9185533915],[-5788613.521250226,-5591295.9185533915],[-5677294.030456952,-5591295.9185533915],[-5565974.539663678,-5591295.9185533915],[-5454655.048870405,-5591295.9185533915],[-5343335.558077131,-5591295.9185533915],[-5232016.067283858,-5591295.9185533915],[-5120696.576490585,-5591295.9185533915],[-5009377.085697311,-5591295.9185533915],[-4898057.594904037,-5591295.9185533915],[-4786738.104110763,-5591295.9185533915],[-4675418.613317491,-5591295.9185533915],[-4564099.122524217,-5591295.9185533915],[-4452779.631730943,-5591295.9185533915],[-4341460.140937669,-5591295.9185533915],[-4230140.650144396,-5591295.9185533915],[-4118821.159351122,-5591295.9185533915],[-4007501.6685578483,-5591295.9185533915],[-3896182.1777645745,-5591295.9185533915],[-3784862.6869713017,-5591295.9185533915],[-3673543.196178028,-5591295.9185533915],[-3562223.705384754,-5591295.9185533915],[-3450904.2145914803,-5591295.9185533915],[-3339584.723798207,-5591295.9185533915],[-3228265.2330049337,-5591295.9185533915],[-3116945.74221166,-5591295.9185533915],[-3005626.251418386,-5591295.9185533915],[-2894306.760625113,-5591295.9185533915],[-2782987.269831839,-5591295.9185533915],[-2671667.7790385657,-5591295.9185533915],[-2560348.2882452924,-5591295.9185533915],[-2449028.7974520186,-5591295.9185533915],[-2337709.3066587453,-5591295.9185533915],[-2226389.8158654715,-5591295.9185533915],[-2115070.325072198,-5591295.9185533915],[-2003750.8342789242,-5591295.9185533915],[-1892431.3434856508,-5591295.9185533915],[-1781111.852692377,-5591295.9185533915],[-1669792.3618991035,-5591295.9185533915],[-1558472.87110583,-5591295.9185533915],[-1447153.3803125564,-5591295.9185533915],[-1335833.8895192828,-5591295.9185533915],[-1224514.3987260093,-5591295.9185533915],[-1113194.9079327357,-5591295.9185533915],[-1001875.4171394621,-5591295.9185533915],[-890555.9263461885,-5591295.9185533915],[-779236.435552915,-5591295.9185533915],[-667916.9447596414,-5591295.9185533915],[-556597.4539663679,-5591295.9185533915],[-445277.96317309426,-5591295.9185533915],[-333958.4723798207,-5591295.9185533915],[-222638.98158654713,-5591295.9185533915],[-111319.49079327357,-5591295.9185533915],[0,-5591295.9185533915],[111319.49079327357,-5591295.9185533915],[222638.98158654713,-5591295.9185533915],[333958.4723798207,-5591295.9185533915],[445277.96317309426,-5591295.9185533915],[556597.4539663679,-5591295.9185533915],[667916.9447596414,-5591295.9185533915],[779236.435552915,-5591295.9185533915],[890555.9263461885,-5591295.9185533915],[1001875.4171394621,-5591295.9185533915],[1113194.9079327357,-5591295.9185533915],[1224514.3987260093,-5591295.9185533915],[1335833.8895192828,-5591295.9185533915],[1447153.3803125564,-5591295.9185533915],[1558472.87110583,-5591295.9185533915],[1669792.3618991035,-5591295.9185533915],[1781111.852692377,-5591295.9185533915],[1892431.3434856508,-5591295.9185533915],[2003750.8342789242,-5591295.9185533915],[2115070.325072198,-5591295.9185533915],[2226389.8158654715,-5591295.9185533915],[2337709.3066587453,-5591295.9185533915],[2449028.7974520186,-5591295.9185533915],[2560348.2882452924,-5591295.9185533915],[2671667.7790385657,-5591295.9185533915],[2782987.269831839,-5591295.9185533915],[2894306.760625113,-5591295.9185533915],[3005626.251418386,-5591295.9185533915],[3116945.74221166,-5591295.9185533915],[3228265.2330049337,-5591295.9185533915],[3339584.723798207,-5591295.9185533915],[3450904.2145914803,-5591295.9185533915],[3562223.705384754,-5591295.9185533915],[3673543.196178028,-5591295.9185533915],[3784862.6869713017,-5591295.9185533915],[3896182.1777645745,-5591295.9185533915],[4007501.6685578483,-5591295.9185533915],[4118821.159351122,-5591295.9185533915],[4230140.650144396,-5591295.9185533915],[4341460.140937669,-5591295.9185533915],[4452779.631730943,-5591295.9185533915],[4564099.122524217,-5591295.9185533915],[4675418.613317491,-5591295.9185533915],[4786738.104110763,-5591295.9185533915],[4898057.594904037,-5591295.9185533915],[5009377.085697311,-5591295.9185533915],[5120696.576490585,-5591295.9185533915],[5232016.067283858,-5591295.9185533915],[5343335.558077131,-5591295.9185533915],[5454655.048870405,-5591295.9185533915],[5565974.539663678,-5591295.9185533915],[5677294.030456952,-5591295.9185533915],[5788613.521250226,-5591295.9185533915],[5899933.012043499,-5591295.9185533915],[6011252.502836772,-5591295.9185533915],[6122571.993630046,-5591295.9185533915],[6233891.48442332,-5591295.9185533915],[6345210.975216594,-5591295.9185533915],[6456530.466009867,-5591295.9185533915],[6567849.956803141,-5591295.9185533915],[6679169.447596414,-5591295.9185533915],[6790488.938389688,-5591295.9185533915],[6901808.429182961,-5591295.9185533915],[7013127.919976234,-5591295.9185533915],[7124447.410769508,-5591295.9185533915],[7235766.901562782,-5591295.9185533915],[7347086.392356056,-5591295.9185533915],[7458405.88314933,-5591295.9185533915],[7569725.373942603,-5591295.9185533915],[7681044.864735875,-5591295.9185533915],[7792364.355529149,-5591295.9185533915],[7903683.846322423,-5591295.9185533915],[8015003.337115697,-5591295.9185533915],[8126322.82790897,-5591295.9185533915],[8237642.318702244,-5591295.9185533915],[8348961.809495518,-5591295.9185533915],[8460281.300288793,-5591295.9185533915],[8571600.791082066,-5591295.9185533915],[8682920.281875338,-5591295.9185533915],[8794239.772668611,-5591295.9185533915],[8905559.263461886,-5591295.9185533915],[9016878.754255159,-5591295.9185533915],[9128198.245048434,-5591295.9185533915],[9239517.735841706,-5591295.9185533915],[9350837.226634981,-5591295.9185533915],[9462156.717428254,-5591295.9185533915],[9573476.208221527,-5591295.9185533915],[9684795.6990148,-5591295.9185533915],[9796115.189808074,-5591295.9185533915],[9907434.680601347,-5591295.9185533915],[10018754.171394622,-5591295.9185533915],[10130073.662187895,-5591295.9185533915],[10241393.15298117,-5591295.9185533915],[10352712.643774442,-5591295.9185533915],[10464032.134567715,-5591295.9185533915],[10575351.62536099,-5591295.9185533915],[10686671.116154263,-5591295.9185533915],[10797990.606947536,-5591295.9185533915],[10909310.09774081,-5591295.9185533915],[11020629.588534083,-5591295.9185533915],[11131949.079327356,-5591295.9185533915],[11243268.57012063,-5591295.9185533915],[11354588.060913904,-5591295.9185533915],[11465907.551707178,-5591295.9185533915],[11577227.042500451,-5591295.9185533915],[11688546.533293726,-5591295.9185533915],[11799866.024086999,-5591295.9185533915],[11911185.514880272,-5591295.9185533915],[12022505.005673544,-5591295.9185533915],[12133824.49646682,-5591295.9185533915],[12245143.987260092,-5591295.9185533915],[12356463.478053367,-5591295.9185533915],[12467782.96884664,-5591295.9185533915],[12579102.459639914,-5591295.9185533915],[12690421.950433187,-5591295.9185533915],[12801741.44122646,-5591295.9185533915],[12913060.932019735,-5591295.9185533915],[13024380.422813008,-5591295.9185533915],[13135699.913606282,-5591295.9185533915],[13247019.404399555,-5591295.9185533915],[13358338.895192828,-5591295.9185533915],[13469658.385986103,-5591295.9185533915],[13580977.876779376,-5591295.9185533915],[13692297.36757265,-5591295.9185533915],[13803616.858365921,-5591295.9185533915],[13914936.349159198,-5591295.9185533915],[14026255.839952469,-5591295.9185533915],[14137575.330745745,-5591295.9185533915],[14248894.821539016,-5591295.9185533915],[14360214.31233229,-5591295.9185533915],[14471533.803125564,-5591295.9185533915],[14582853.293918837,-5591295.9185533915],[14694172.784712112,-5591295.9185533915],[14805492.275505384,-5591295.9185533915],[14916811.76629866,-5591295.9185533915],[15028131.257091932,-5591295.9185533915],[15139450.747885207,-5591295.9185533915],[15250770.23867848,-5591295.9185533915],[15362089.72947175,-5591295.9185533915],[15473409.220265027,-5591295.9185533915],[15584728.711058298,-5591295.9185533915],[15696048.201851575,-5591295.9185533915],[15807367.692644846,-5591295.9185533915],[15918687.183438122,-5591295.9185533915],[16030006.674231393,-5591295.9185533915],[16141326.16502467,-5591295.9185533915],[16252645.65581794,-5591295.9185533915],[16363965.146611214,-5591295.9185533915],[16475284.637404488,-5591295.9185533915],[16586604.128197761,-5591295.9185533915],[16697923.618991036,-5591295.9185533915],[16809243.10978431,-5591295.9185533915],[16920562.600577585,-5591295.9185533915],[17031882.091370855,-5591295.9185533915],[17143201.58216413,-5591295.9185533915],[17254521.072957404,-5591295.9185533915],[17365840.563750677,-5591295.9185533915],[17477160.05454395,-5591295.9185533915],[17588479.545337223,-5591295.9185533915],[17699799.0361305,-5591295.9185533915],[17811118.526923772,-5591295.9185533915],[17922438.017717045,-5591295.9185533915],[18033757.508510318,-5591295.9185533915],[18145076.999303594,-5591295.9185533915],[18256396.490096867,-5591295.9185533915],[18367715.980890136,-5591295.9185533915],[18479035.471683413,-5591295.9185533915],[18590354.962476686,-5591295.9185533915],[18701674.453269962,-5591295.9185533915],[18812993.94406323,-5591295.9185533915],[18924313.434856508,-5591295.9185533915],[19035632.92564978,-5591295.9185533915],[19146952.416443054,-5591295.9185533915],[19258271.907236326,-5591295.9185533915],[19369591.3980296,-5591295.9185533915],[19480910.888822876,-5591295.9185533915],[19592230.37961615,-5591295.9185533915],[19703549.87040942,-5591295.9185533915],[19814869.361202694,-5591295.9185533915],[19926188.85199597,-5591295.9185533915],[20037508.342789244,-5591295.9185533915]]},"properties":{"type":"parallel","value":-45}},
{"type":"Feature","geometry":{"type":"LineString","coordinates":[[-20037508.342789244,-3482189.085408616],[-19926188.85199597,-3482189.085408616],[-19814869.361202694,-3482189.085408616],[-19703549.87040942,-3482189.085408616],[-19592230.37961615,-3482189.085408616],[-19480910.888822876,-3482189.085408616],[-19369591.3980296,-3482189.085408616],[-19258271.907236326,-3482189.085408616],[-19146952.416443054,-3482189.085408616],[-19035632.92564978,-3482189.085408616],[-18924313.434856508,-3482189.085408616],[-18812993.94406323,-3482189.085408616],[-18701674.453269962,-3482189.085408616],[-18590354.962476686,-3482189.085408616],[-18479035.471683413,-3482189.085408616],[-18367715.980890136,-3482189.085408616],[-18256396.490096867,-3482189.085408616],[-18145076.999303594,-3482189.085408616],[-18033757.508510318,-3482189.085408616],[-17922438.017717045,-3482189.085408616],[-17811118.526923772,-3482189.085408616],[-17699799.0361305,-3482189.085408616],[-17588479.545337223,-3482189.085408616],[-17477160.05454395,-3482189.085408616],[-17365840.563750677,-3482189.085408616],[-17254521.072957404,-3482189.085408616],[-17143201.58216413,-3482189.085408616],[-17031882.091370855,-3482189.085408616],[-16920562.600577585,-3482189.085408616],[-16809243.10978431,-3482189.085408616],[-16697923.618991036,-3482189.085408616],[-16586604.128197761,-3482189.085408616],[-16475284.637404488,-3482189.085408616],[-16363965.146611214,-3482189.085408616],[-16252645.65581794,-3482189.085408616],[-16141326.16502467,-3482189.085408616],[-16030006.674231393,-3482189.085408616],[-15918687.183438122,-3482189.085408616],[-15807367.692644846,-3482189.085408616],[-15696048.201851575,-3482189.085408616],[-15584728.711058298,-3482189.085408616],[-15473409.220265027,-3482189.085408616],[-15362089.72947175,-3482189.085408616],[-15250770.23867848,-3482189.085408616],[-15139450.747885207,-3482189.085408616],[-15028131.257091932,-3482189.085408616],[-14916811.76629866,-3482189.085408616],[-14805492.275505384,-3482189.085408616],[-14694172.784712112,-3482189.085408616],[-14582853.293918837,-3482189.085408616],[-14471533.803125564,-3482189.085408616],[-14360214.31233229,-3482189.085408616],[-14248894.821539016,-3482189.085408616],[-14137575.330745745,-3482189.085408616],[-14026255.839952469,-3482189.085408616],[-13914936.349159198,-3482189.085408616],[-13803616.858365921,-3482189.085408616],[-13692297.36757265,-3482189.085408616],[-13580977.876779376,-3482189.085408616],[-13469658.385986103,-3482189.085408616],[-13358338.895192828,-3482189.085408616],[-13247019.404399555,-3482189.085408616],[-13135699.913606282,-3482189.085408616],[-13024380.422813008,-3482189.085408616],[-12913060.932019735,-3482189.085408616],[-12801741.44122646,-3482189.085408616],[-12690421.950433187,-3482189.085408616],[-12579102.459639914,-3482189.085408616],[-12467782.96884664,-3482189.085408616],[-12356463.478053367,-3482189.085408616],[-12245143.987260092,-3482189.085408616],[-12133824.49646682,-3482189.085408616],[-12022505.005673544,-3482189.085408616],[-11911185.514880272,-3482189.085408616],[-11799866.024086999,-3482189.085408616],[-11688546.533293726,-3482189.085408616],[-11577227.042500451,-3482189.085408616],[-11465907.551707178,-3482189.085408616],[-11354588.060913904,-3482189.085408616],[-11243268.57012063,-3482189.085408616],[-11131949.079327356,-3482189.085408616],[-11020629.588534083,-3482189.085408616],[-10909310.09774081,-3482189.085408616],[-10797990.606947536,-3482189.085408616],[-10686671.116154263,-3482189.085408616],[-10575351.62536099,-3482189.085408616],[-10464032.134567715,-3482189.085408616],[-10352712.643774442,-3482189.085408616],[-10241393.15298117,-3482189.085408616],[-10130073.662187895,-3482189.085408616],[-10018754.171394622,-3482189.085408616],[-9907434.680601347,-3482189.085408616],[-9796115.189808074,-3482189.085408616],[-9684795.6990148,-3482189.085408616],[-9573476.208221527,-3482189.085408616],[-9462156.717428254,-3482189.085408616],[-9350837.226634981,-3482189.085408616],[-9239517.735841706,-3482189.085408616],[-9128198.245048434,-3482189.085408616],[-9016878.754255159,-3482189.085408616],[-8905559.263461886,-3482189.085408616],[-8794239.772668611,-3482189.085408616],[-8682920.281875338,-3482189.085408616],[-8571600.791082066,-3482189.085408616],[-8460281.300288793,-3482189.085408616],[-8348961.809495518,-3482189.085408616],[-8237642.318702244,-3482189.085408616],[-8126322.82790897,-3482189.085408616],[-8015003.337115697,-3482189.085408616],[-7903683.846322423,-3482189.085408616],[-7792364.355529149,-3482189.085408616],[-7681044.864735875,-3482189.085408616],[-7569725.373942603,-3482189.085408616],[-7458405.88314933,-3482189.085408616],[-7347086.392356056,-3482189.085408616],[-7235766.901562782,-3482189.085408616],[-7124447.410769508,-3482189.085408616],[-7013127.919976234,-3482189.085408616],[-6901808.429182961,-3482189.085408616],[-6790488.938389688,-3482189.085408616],[-6679169.447596414,-3482189.085408616],[-6567849.956803141,-3482189.085408616],[-6456530.466009867,-3482189.085408616],[-6345210.975216594,-3482189.085408616],[-6233891.48442332,-3482189.085408616],[-6122571.993630046,-3482189.085408616],[-6011252.502836772,-3482189.085408616],[-5899933.012043499,-3482189.085408616],[-5788613.521250226,-3482189.085408616],[-5677294.030456952,-3482189.085408616],[-5565974.539663678,-3482189.085408616],[-5454655.048870405,-3482189.085408616],[-5343335.558077131,-3482189.085408616],[-5232016.067283858,-3482189.085408616],[-5120696.576490585,-3482189.085408616],[-5009377.085697311,-3482189.085408616],[-4898057.594904037,-3482189.085408616],[-4786738.104110763,-3482189.085408616],[-4675418.613317491,-3482189.085408616],[-4564099.122524217,-3482189.085408616],[-4452779.631730943,-3482189.085408616],[-4341460.140937669,-3482189.085408616],[-4230140.650144396,-3482189.085408616],[-4118821.159351122,-3482189.085408616],[-4007501.6685578483,-3482189.085408616],[-3896182.1777645745,-3482189.085408616],[-3784862.6869713017,-3482189.085408616],[-3673543.196178028,-3482189.085408616],[-3562223.705384754,-3482189.085408616],[-3450904.2145914803,-3482189.085408616],[-3339584.723798207,-3482189.085408616],[-3228265.2330049337,-3482189.085408616],[-3116945.74221166,-3482189.085408616],[-3005626.251418386,-3482189.085408616],[-2894306.760625113,-3482189.085408616],[-2782987.269831839,-3482189.085408616],[-2671667.7790385657,-3482189.085408616],[-2560348.2882452924,-3482189.085408616],[-2449028.7974520186,-3482189.085408616],[-2337709.3066587453,-3482189.085408616],[-2226389.8158654715,-3482189.085408616],[-2115070.325072198,-3482189.085408616],[-2003750.8342789242,-3482189.085408616],[-1892431.3434856508,-3482189.085408616],[-1781111.852692377,-3482189.085408616],[-1669792.3618991035,-3482189.085408616],[-1558472.87110583,-3482189.085408616],[-1447153.3803125564,-3482189.085408616],[-1335833.8895192828,-3482189.085408616],[-1224514.3987260093,-3482189.085408616],[-1113194.9079327357,-3482189.085408616],[-1001875.4171394621,-3482189.085408616],[-890555.9263461885,-3482189.085408616],[-779236.435552915,-3482189.085408616],[-667916.9447596414,-3482189.085408616],[-556597.4539663679,-3482189.085408616],[-445277.96317309426,-3482189.085408616],[-333958.4723798207,-3482189.085408616],[-222638.98158654713,-3482189.085408616],[-111319.49079327357,-3482189.085408616],[0,-3482189.085408616],[111319.49079327357,-3482189.085408616],[222638.98158654713,-3482189.085408616],[333958.4723798207,-3482189.085408616],[445277.96317309426,-3482189.085408616],[556597.4539663679,-3482189.085408616],[667916.9447596414,-3482189.085408616],[779236.435552915,-3482189.085408616],[890555.9263461885,-3482189.085408616],[1001875.4171394621,-3482189.085408616],[1113194.9079327357,-3482189.085408616],[1224514.3987260093,-3482189.085408616],[1335833.8895192828,-3482189.085408616],[1447153.3803125564,-3482189.085408616],[1558472.87110583,-3482189.085408616],[1669792.3618991035,-3482189.085408616],[1781111.852692377,-3482189.085408616],[1892431.3434856508,-3482189.085408616],[2003750.8342789242,-3482189.085408616],[2115070.325072198,-3482189.085408616],[2226389.8158654715,-3482189.085408616],[2337709.3066587453,-3482189.085408616],[2449028.7974520186,-3482189.085408616],[2560348.2882452924,-3482189.085408616],[2671667.7790385657,-3482189.085408616],[2782987.269831839,-3482189.085408616],[2894306.760625113,-3482189.085408616],[3005626.251418386,-3482189.085408616],[3116945.74221166,-3482189.085408616],[3228265.2330049337,-3482189.085408616],[3339584.723798207,-3482189.085408616],[3450904.2145914803,-3482189.085408616],[3562223.705384754,-3482189.085408616],[3673543.196178028,-3482189.085408616],[3784862.6869713017,-3482189.085408616],[3896182.1777645745,-3482189.085408616],[4007501.6685578483,-3482189.085408616],[4118821.159351122,-3482189.085408616],[4230140.650144396,-3482189.085408616],[4341460.140937669,-3482189.085408616],[4452779.631730943,-3482189.085408616],[4564099.122524217,-3482189.085408616],[4675418.613317491,-3482189.085408616],[4786738.104110763,-3482189.085408616],[4898057.594904037,-3482189.085408616],[5009377.085697311,-3482189.085408616],[5120696.576490585,-3482189.085408616],[5232016.067283858,-3482189.085408616],[5343335.558077131,-3482189.085408616],[5454655.048870405,-3482189.085408616],[5565974.539663678,-3482189.085408616],[5677294.030456952,-3482189.085408616],[5788613.521250226,-3482189.085408616],[5899933.012043499,-3482189.085408616],[6011252.502836772,-3482189.085408616],[6122571.993630046,-3482189.085408616],[6233891.48442332,-3482189.085408616],[6345210.975216594,-3482189.085408616],[6456530.466009867,-3482189.085408616],[6567849.956803141,-3482189.085408616],[6679169.447596414,-3482189.085408616],[6790488.938389688,-3482189.085408616],[6901808.429182961,-3482189.085408616],[7013127.919976234,-3482189.085408616],[7124447.410769508,-3482189.085408616],[7235766.901562782,-3482189.085408616],[7347086.392356056,-3482189.085408616],[7458405.88314933,-3482189.085408616],[7569725.373942603,-3482189.085408616],[7681044.864735875,-3482189.085408616],[7792364.355529149,-3482189.085408616],[7903683.846322423,-3482189.085408616],[8015003.337115697,-3482189.085408616],[8126322.82790897,-3482189.085408616],[8237642.318702244,-3482189.085408616],[8348961.809495518,-3482189.085408616],[8460281.300288793,-3482189.085408616],[8571600.791082066,-3482189.085408616],[8682920.281875338,-3482189.085408616],[8794239.772668611,-3482189.085408616],[8905559.263461886,-3482189.085408616],[9016878.754255159,-3482189.085408616],[9128198.245048434,-3482189.085408616],[9239517.735841706,-3482189.085408616],[9350837.226634981,-3482189.085408616],[9462156.717428254,-3482189.085408616],[9573476.208221527,-3482189.085408616],[9684795.6990148,-3482189.085408616],[9796115.189808074,-3482189.085408616],[9907434.680601347,-3482189.085408616],[10018754.171394622,-3482189.085408616],[10130073.662187895,-3482189.085408616],[10241393.15298117,-3482189.085408616],[10352712.643774442,-3482189.085408616],[10464032.134567715,-3482189.085408616],[10575351.62536099,-3482189.085408616],[10686671.116154263,-3482189.085408616],[10797990.606947536,-3482189.085408616],[10909310.09774081,-3482189.085408616],[11020629.588534083,-3482189.085408616],[11131949.079327356,-3482189.085408616],[11243268.57012063,-3482189.085408616],[11354588.060913904,-3482189.085408616],[11465907.551707178,-3482189.085408616],[11577227.042500451,-3482189.085408616],[11688546.533293726,-3482189.085408616],[11799866.024086999,-3482189.085408616],[11911185.514880272,-3482189.085408616],[12022505.005673544,-3482189.085408616],[12133824.49646682,-3482189.085408616],[12245143.987260092,-3482189.085408616],[12356463.478053367,-3482189.085408616],[12467782.96884664,-3482189.085408616],[12579102.459639914,-3482189.085408616],[12690421.950433187,-3482189.085408616],[12801741.44122646,-3482189.085408616],[12913060.932019735,-3482189.085408616],[13024380.422813008,-3482189.085408616],[13135699.913606282,-3482189.085408616],[13247019.404399555,-3482189.085408616],[13358338.895192828,-3482189.085408616],[13469658.385986103,-3482189.085408616],[13580977.876779376,-3482189.085408616],[13692297.36757265,-3482189.085408616],[13803616.858365921,-3482189.085408616],[13914936.349159198,-3482189.085408616],[14026255.839952469,-3482189.085408616],[14137575.330745745,-3482189.085408616],[14248894.821539016,-3482189.085408616],[14360214.31233229,-3482189.085408616],[14471533.803125564,-3482189.085408616],[14582853.293918837,-3482189.085408616],[14694172.784712112,-3482189.085408616],[14805492.275505384,-3482189.085408616],[14916811.76629866,-3482189.085408616],[15028131.257091932,-3482189.085408616],[15139450.747885207,-3482189.085408616],[15250770.23867848,-3482189.085408616],[15362089.72947175,-3482189.085408616],[15473409.220265027,-3482189.085408616],[15584728.711058298,-3482189.085408616],[15696048.201851575,-3482189.085408616],[15807367.692644846,-3482189.085408616],[15918687.183438122,-3482189.085408616],[16030006.674231393,-3482189.085408616],[16141326.16502467,-3482189.085408616],[16252645.65581794,-3482189.085408616],[16363965.146611214,-3482189.085408616],[16475284.637404488,-3482189.085408616],[16586604.128197761,-3482189.085408616],[16697923.618991036,-3482189.085408616],[16809243.10978431,-3482189.085408616],[16920562.600577585,-3482189.085408616],[17031882.091370855,-3482189.085408616],[17143201.58216413,-3482189.085408616],[17254521.072957404,-3482189.085408616],[17365840.563750677,-3482189.085408616],[17477160.05454395,-3482189.085408616],[17588479.545337223,-3482189.085408616],[17699799.0361305,-3482189.085408616],[17811118.526923772,-3482189.085408616],[17922438.017717045,-3482189.085408616],[18033757.508510318,-3482189.085408616],[18145076.999303594,-3482189.085408616],[18256396.490096867,-3482189.085408616],[18367715.980890136,-3482189.085408616],[18479035.471683413,-3482189.085408616],[18590354.962476686,-3482189.085408616],[18701674.453269962,-3482189.085408616],[18812993.94406323,-3482189.085408616],[18924313.434856508,-3482189.085408616],[19035632.92564978,-3482189.085408616],[19146952.416443054,-3482189.085408616],[19258271.907236326,-3482189.085408616],[19369591.3980296,-3482189.085408616],[19480910.888822876,-3482189.085408616],[19592230.37961615,-3482189.085408616],[19703549.87040942,-3482189.085408616],[19814869.361202694,-3482189.085408616],[19926188.85199597,-3482189.085408616],[20037508.342789244,-3482189.085408616]]},"properties":{"type":"parallel","value":-30}},
{"type":"Feature","geometry":{"type":"LineString","coordinates":[[-20037508.342789244,-1678147.5163917786],[-19926188.85199597,-1678147.5163917786],[-19814869.361202694,-1678147.5163917786],[-19703549.87040942,-1678147.5163917786],[-19592230.37961615,-1678147.5163917786],[-19480910.888822876,-1678147.5163917786],[-19369591.3980296,-1678147.5163917786],[-19258271.907236326,-1678147.5163917786],[-19146952.416443054,-1678147.5163917786],[-19035632.92564978,-1678147.5163917786],[-18924313.434856508,-1678147.5163917786],[-18812993.94406323,-1678147.5163917786],[-18701674.453269962,-1678147.5163917786],[-18590354.962476686,-1678147.5163917786],[-18479035.471683413,-1678147.5163917786],[-18367715.980890136,-1678147.5163917786],[-18256396.490096867,-1678147.5163917786],[-18145076.999303594,-1678147.5163917786],[-18033757.508510318,-1678147.5163917786],[-17922438.017717045,-1678147.5163917786],[-17811118.526923772,-1678147.5163917786],[-17699799.0361305,-1678147.5163917786],[-17588479.545337223,-1678147.5163917786],[-17477160.05454395,-1678147.5163917786],[-17365840.563750677,-1678147.5163917786],[-17254521.072957404,-1678147.5163917786],[-17143201.58216413,-1678147.5163917786],[-17031882.091370855,-1678147.5163917786],[-16920562.600577585,-1678147.5163917786],[-16809243.10978431,-1678147.5163917786],[-16697923.618991036,-1678147.5163917786],[-16586604.128197761,-1678147.5163917786],[-16475284.637404488,-1678147.5163917786],[-16363965.146611214,-1678147.5163917786],[-16252645.65581794,-1678147.5163917786],[-16141326.16502467,-1678147.5163917786],[-16030006.674231393,-1678147.5163917786],[-15918687.183438122,-1678147.5163917786],[-15807367.692644846,-1678147.5163917786],[-15696048.201851575,-1678147.5163917786],[-15584728.711058298,-1678147.5163917786],[-15473409.220265027,-1678147.5163917786],[-15362089.72947175,-1678147.5163917786],[-15250770.23867848,-1678147.5163917786],[-15139450.747885207,-1678147.5163917786],[-15028131.257091932,-1678147.5163917786],[-14916811.76629866,-1678147.5163917786],[-14805492.275505384,-1678147.5163917786],[-14694172.784712112,-1678147.5163917786],[-14582853.293918837,-1678147.5163917786],[-14471533.803125564,-1678147.5163917786],[-14360214.31233229,-1678147.5163917786],[-14248894.821539016,-1678147.5163917786],[-14137575.330745745,-1678147.5163917786],[-14026255.839952469,-1678147.5163917786],[-13914936.349159198,-1678147.5163917786],[-13803616.858365921,-1678147.5163917786],[-13692297.36757265,-1678147.5163917786],[-13580977.876779376,-1678147.5163917786],[-13469658.385986103,-1678147.5163917786],[-13358338.895192828,-1678147.5163917786],[-13247019.404399555,-1678147.5163917786],[-13135699.913606282,-1678147.5163917786],[-13024380.422813008,-1678147.5163917786],[-12913060.932019735,-1678147.5163917786],[-12801741.44122646,-1678147.5163917786],[-12690421.950433187,-1678147.5163917786],[-12579102.459639914,-1678147.5163917786],[-12467782.96884664,-1678147.5163917786],[-12356463.478053367,-1678147.5163917786],[-12245143.987260092,-1678147.5163917786],[-12133824.49646682,-1678147.5163917786],[-12022505.005673544,-1678147.5163917786],[-11911185.514880272,-1678147.5163917786],[-11799866.024086999,-1678147.5163917786],[-11688546.533293726,-1678147.5163917786],[-11577227.042500451,-1678147.5163917786],[-11465907.551707178,-1678147.5163917786],[-11354588.060913904,-1678147.5163917786],[-11243268.57012063,-1678147.5163917786],[-11131949.079327356,-1678147.5163917786],[-11020629.588534083,-1678147.5163917786],[-10909310.09774081,-1678147.5163917786],[-10797990.606947536,-1678147.5163917786],[-10686671.116154263,-1678147.5163917786],[-10575351.62536099,-1678147.5163917786],[-10464032.134567715,-1678147.5163917786],[-10352712.643774442,-1678147.5163917786],[-10241393.15298117,-1678147.5163917786],[-10130073.662187895,-1678147.5163917786],[-10018754.171394622,-1678147.5163917786],[-9907434.680601347,-1678147.5163917786],[-9796115.189808074,-1678147.5163917786],[-9684795.6990148,-1678147.5163917786],[-9573476.208221527,-1678147.5163917786],[-9462156.717428254,-1678147.5163917786],[-9350837.226634981,-1678147.5163917786],[-9239517.735841706,-1678147.5163917786],[-9128198.245048434,-1678147.5163917786],[-9016878.754255159,-1678147.5163917786],[-8905559.263461886,-1678147.5163917786],[-8794239.772668611,-1678147.5163917786],[-8682920.281875338,-1678147.5163917786],[-8571600.791082066,-1678147.5163917786],[-8460281.300288793,-1678147.5163917786],[-8348961.809495518,-1678147.5163917786],[-8237642.318702244,-1678147.5163917786],[-8126322.82790897,-1678147.5163917786],[-8015003.337115697,-1678147.5163917786],[-7903683.846322423,-1678147.5163917786],[-7792364.355529149,-1678147.5163917786],[-7681044.864735875,-1678147.5163917786],[-7569725.373942603,-1678147.5163917786],[-7458405.88314933,-1678147.5163917786],[-7347086.392356056,-1678147.5163917786],[-7235766.901562782,-1678147.5163917786],[-7124447.410769508,-1678147.5163917786],[-7013127.919976234,-1678147.5163917786],[-6901808.429182961,-1678147.5163917786],[-6790488.938389688,-1678147.5163917786],[-6679169.447596414,-1678147.5163917786],[-6567849.956803141,-1678147.5163917786],[-6456530.466009867,-1678147.5163917786],[-6345210.975216594,-1678147.5163917786],[-6233891.48442332,-1678147.5163917786],[-6122571.993630046,-1678147.5163917786],[-6011252.502836772,-1678147.5163917786],[-5899933.012043499,-1678147.5163917786],[-5788613.521250226,-1678147.5163917786],[-5677294.030456952,-1678147.5163917786],[-5565974.539663678,-1678147.5163917786],[-5454655.048870405,-1678147.5163917786],[-5343335.558077131,-1678147.5163917786],[-5232016.067283858,-1678147.5163917786],[-5120696.576490585,-1678147.5163917786],[-5009377.085697311,-1678147.5163917786],[-4898057.594904037,-1678147.5163917786],[-4786738.104110763,-1678147.5163917786],[-4675418.613317491,-1678147.5163917786],[-4564099.122524217,-1678147.5163917786],[-4452779.631730943,-1678147.5163917786],[-4341460.140937669,-1678147.5163917786],[-4230140.650144396,-1678147.5163917786],[-4118821.159351122,-1678147.5163917786],[-4007501.6685578483,-1678147.5163917786],[-3896182.1777645745,-1678147.5163917786],[-3784862.6869713017,-1678147.5163917786],[-3673543.196178028,-1678147.5163917786],[-3562223.705384754,-1678147.5163917786],[-3450904.2145914803,-1678147.5163917786],[-3339584.723798207,-1678147.5163917786],[-3228265.2330049337,-1678147.5163917786],[-3116945.74221166,-1678147.5163917786],[-3005626.251418386,-1678147.5163917786],[-2894306.760625113,-1678147.5163917786],[-2782987.269831839,-1678147.5163917786],[-2671667.7790385657,-1678147.5163917786],[-2560348.2882452924,-1678147.5163917786],[-2449028.7974520186,-1678147.5163917786],[-2337709.3066587453,-1678147.5163917786],[-2226389.8158654715,-1678147.5163917786],[-2115070.325072198,-1678147.5163917786],[-2003750.8342789242,-1678147.5163917786],[-1892431.3434856508,-1678147.5163917786],[-1781111.852692377,-1678147.5163917786],[-1669792.3618991035,-1678147.5163917786],[-1558472.87110583,-1678147.5163917786],[-1447153.3803125564,-1678147.5163917786],[-1335833.8895192828,-1678147.5163917786],[-1224514.3987260093,-1678147.5163917786],[-1113194.9079327357,-1678147.5163917786],[-1001875.4171394621,-1678147.5163917786],[-890555.9263461885,-1678147.5163917786],[-779236.435552915,-1678147.5163917786],[-667916.9447596414,-1678147.5163917786],[-556597.4539663679,-1678147.5163917786],[-445277.96317309426,-1678147.5163917786],[-333958.4723798207,-1678147.5163917786],[-222638.98158654713,-1678147.5163917786],[-111319.49079327357,-1678147.5163917786],[0,-1678147.5163917786],[111319.49079327357,-1678147.5163917786],[222638.98158654713,-1678147.5163917786],[333958.4723798207,-1678147.5163917786],[445277.96317309426,-1678147.5163917786],[556597.4539663679,-1678147.5163917786],[667916.9447596414,-1678147.5163917786],[779236.435552915,-1678147.5163917786],[890555.9263461885,-1678147.5163917786],[1001875.4171394621,-1678147.5163917786],[1113194.9079327357,-1678147.5163917786],[1224514.3987260093,-1678147.5163917786],[1335833.8895192828,-1678147.5163917786],[1447153.3803125564,-1678147.5163917786],[1558472.87110583,-1678147.5163917786],[1669792.3618991035,-1678147.5163917786],[1781111.852692377,-1678147.5163917786],[1892431.3434856508,-1678147.5163917786],[2003750.8342789242,-1678147.5163917786],[2115070.325072198,-1678147.5163917786],[2226389.8158654715,-1678147.5163917786],[2337709.3066587453,-1678147.5163917786],[2449028.7974520186,-1678147.5163917786],[2560348.2882452924,-1678147.5163917786],[2671667.7790385657,-1678147.5163917786],[2782987.269831839,-1678147.5163917786],[2894306.760625113,-1678147.5163917786],[3005626.251418386,-1678147.5163917786],[3116945.74221166,-1678147.5163917786],[3228265.2330049337,-1678147.5163917786],[3339584.723798207,-1678147.5163917786],[3450904.2145914803,-1678147.5163917786],[3562223.705384754,-1678147.5163917786],[3673543.196178028,-1678147.5163917786],[3784862.6869713017,-1678147.5163917786],[3896182.1777645745,-1678147.5163917786],[4007501.6685578483,-1678147.5163917786],[4118821.159351122,-1678147.5163917786],[4230140.650144396,-1678147.5163917786],[4341460.140937669,-1678147.5163917786],[4452779.631730943,-1678147.5163917786],[4564099.122524217,-1678147.5163917786],[4675418.613317491,-1678147.5163917786],[4786738.104110763,-1678147.5163917786],[4898057.594904037,-1678147.5163917786],[5009377.085697311,-1678147.5163917786],[5120696.576490585,-1678147.5163917786],[5232016.067283858,-1678147.5163917786],[5343335.558077131,-1678147.5163917786],[5454655.048870405,-1678147.5163917786],[5565974.539663678,-1678147.5163917786],[5677294.030456952,-1678147.5163917786],[5788613.521250226,-1678147.5163917786],[5899933.012043499,-1678147.5163917786],[6011252.502836772,-1678147.5163917786],[6122571.993630046,-1678147.5163917786],[6233891.48442332,-1678147.5163917786],[6345210.975216594,-1678147.5163917786],[6456530.466009867,-1678147.5163917786],[6567849.956803141,-1678147.5163917786],[6679169.447596414,-1678147.5163917786],[6790488.938389688,-1678147.5163917786],[6901808.429182961,-1678147.5163917786],[7013127.919976234,-1678147.5163917786],[7124447.410769508,-1678147.5163917786],[7235766.901562782,-1678147.5163917786],[7347086.392356056,-1678147.5163917786],[7458405.88314933,-1678147.5163917786],[7569725.373942603,-1678147.5163917786],[7681044.864735875,-1678147.5163917786],[7792364.355529149,-1678147.5163917786],[7903683.846322423,-1678147.5163917786],[8015003.337115697,-1678147.5163917786],[8126322.82790897,-1678147.5163917786],[8237642.318702244,-1678147.5163917786],[8348961.809495518,-1678147.5163917786],[8460281.300288793,-1678147.5163917786],[8571600.791082066,-1678147.5163917786],[8682920.281875338,-1678147.5163917786],[8794239.772668611,-1678147.5163917786],[8905559.263461886,-1678147.5163917786],[9016878.754255159,-1678147.5163917786],[9128198.245048434,-1678147.5163917786],[9239517.735841706,-1678147.5163917786],[9350837.226634981,-1678147.5163917786],[9462156.717428254,-1678147.5163917786],[9573476.208221527,-1678147.5163917786],[9684795.6990148,-1678147.5163917786],[9796115.189808074,-1678147.5163917786],[9907434.680601347,-1678147.5163917786],[10018754.171394622,-1678147.5163917786],[10130073.662187895,-1678147.5163917786],[10241393.15298117,-1678147.5163917786],[10352712.643774442,-1678147.5163917786],[10464032.134567715,-1678147.5163917786],[10575351.62536099,-1678147.5163917786],[10686671.116154263,-1678147.5163917786],[10797990.606947536,-1678147.5163917786],[10909310.09774081,-1678147.5163917786],[11020629.588534083,-1678147.5163917786],[11131949.079327356,-1678147.5163917786],[11243268.57012063,-1678147.5163917786],[11354588.060913904,-1678147.5163917786],[11465907.551707178,-1678147.5163917786],[11577227.042500451,-1678147.5163917786],[11688546.533293726,-1678147.5163917786],[11799866.024086999,-1678147.5163917786],[11911185.514880272,-1678147.5163917786],[12022505.005673544,-1678147.5163917786],[12133824.49646682,-1678147.5163917786],[12245143.987260092,-1678147.5163917786],[12356463.478053367,-1678147.5163917786],[12467782.96884664,-1678147.5163917786],[12579102.459639914,-1678147.5163917786],[12690421.950433187,-1678147.5163917786],[12801741.44122646,-1678147.5163917786],[12913060.932019735,-1678147.5163917786],[13024380.422813008,-1678147.5163917786],[13135699.913606282,-1678147.5163917786],[13247019.404399555,-1678147.5163917786],[13358338.895192828,-1678147.5163917786],[13469658.385986103,-1678147.5163917786],[13580977.876779376,-1678147.5163917786],[13692297.36757265,-1678147.5163917786],[13803616.858365921,-1678147.5163917786],[13914936.349159198,-1678147.5163917786],[14026255.839952469,-1678147.5163917786],[14137575.330745745,-1678147.5163917786],[14248894.821539016,-1678147.5163917786],[14360214.31233229,-1678147.5163917786],[14471533.803125564,-1678147.5163917786],[14582853.293918837,-1678147.5163917786],[14694172.784712112,-1678147.5163917786],[14805492.275505384,-1678147.5163917786],[14916811.76629866,-1678147.5163917786],[15028131.257091932,-1678147.5163917786],[15139450.747885207,-1678147.5163917786],[15250770.23867848,-1678147.5163917786],[15362089.72947175,-1678147.5163917786],[15473409.220265027,-1678147.5163917786],[15584728.711058298,-1678147.5163917786],[15696048.201851575,-1678147.5163917786],[15807367.692644846,-1678147.5163917786],[15918687.183438122,-1678147.5163917786],[16030006.674231393,-1678147.5163917786],[16141326.16502467,-1678147.5163917786],[16252645.65581794,-1678147.5163917786],[16363965.146611214,-1678147.5163917786],[16475284.637404488,-1678147.5163917786],[16586604.128197761,-1678147.5163917786],[16697923.618991036,-1678147.5163917786],[16809243.10978431,-1678147.5163917786],[16920562.600577585,-1678147.5163917786],[17031882.091370855,-1678147.5163917786],[17143201.58216413,-1678147.5163917786],[17254521.072957404,-1678147.5163917786],[17365840.563750677,-1678147.5163917786],[17477160.05454395,-1678147.5163917786],[17588479.545337223,-1678147.5163917786],[17699799.0361305,-1678147.5163917786],[17811118.526923772,-1678147.5163917786],[17922438.017717045,-1678147.5163917786],[18033757.508510318,-1678147.5163917786],[18145076.999303594,-1678147.5163917786],[18256396.490096867,-1678147.5163917786],[18367715.980890136,-1678147.5163917786],[18479035.471683413,-1678147.5163917786],[18590354.962476686,-1678147.5163917786],[18701674.453269962,-1678147.5163917786],[18812993.94406323,-1678147.5163917786],[18924313.434856508,-1678147.5163917786],[19035632.92564978,-1678147.5163917786],[19146952.416443054,-1678147.5163917786],[19258271.907236326,-1678147.5163917786],[19369591.3980296,-1678147.5163917786],[19480910.888822876,-1678147.5163917786],[19592230.37961615,-1678147.5163917786],[19703549.87040942,-1678147.5163917786],[19814869.361202694,-1678147.5163917786],[19926188.85199597,-1678147.5163917786],[20037508.342789244,-1678147.5163917786]]},"properties":{"type":"parallel","value":-15}},
{"type":"Feature","geometry":{"type":"LineString","coordinates":[[-20037508.342789244,7.081154551613622e-10],[-19926188.85199597,7.081154551613622e-10],[-19814869.361202694,7.081154551613622e-10],[-19703549.87040942,7.081154551613622e-10],[-19592230.37961615,7.081154551613622e-10],[-19480910.888822876,7.081154551613622e-10],[-19369591.3980296,7.081154551613622e-10],[-19258271.907236326,7.081154551613622e-10],[-19146952.416443054,7.081154551613622e-10],[-19035632.92564978,7.081154551613622e-10],[-18924313.434856508,7.081154551613622e-10],[-18812993.94406323,7.081154551613622e-10],[-18701674.453269962,7.081154551613622e-10],[-18590354.962476686,7.081154551613622e-10],[-18479035.471683413,7.081154551613622e-10],[-18367715.980890136,7.081154551613622e-10],[-18256396.490096867,7.081154551613622e-10],[-18145076.999303594,7.081154551613622e-10],[-18033757.508510318,7.081154551613622e-10],[-17922438.017717045,7.081154551613622e-10],[-17811118.526923772,7.081154551613622e-10],[-17699799.0361305,7.081154551613622e-10],[-17588479.545337223,7.081154551613622e-10],[-17477160.05454395,7.081154551613622e-10],[-17365840.563750677,7.081154551613622e-10],[-17254521.072957404,7.081154551613622e-10],[-17143201.58216413,7.081154551613622e-10],[-17031882.091370855,7.081154551613622e-10],[-16920562.600577585,7.081154551613622e-10],[-16809243.10978431,7.081154551613622e-10],[-16697923.618991036,7.081154551613622e-10],[-16586604.128197761,7.081154551613622e-10],[-16475284.637404488,7.081154551613622e-10],[-16363965.146611214,7.081154551613622e-10],[-16252645.65581794,7.081154551613622e-10],[-16141326.16502467,7.081154551613622e-10],[-16030006.674231393,7.081154551613622e-10],[-15918687.183438122,7.081154551613622e-10],[-15807367.692644846,7.081154551613622e-10],[-15696048.201851575,7.081154551613622e-10],[-15584728.711058298,7.081154551613622e-10],[-15473409.220265027,7.081154551613622e-10],[-15362089.72947175,7.081154551613622e-10],[-15250770.23867848,7.081154551613622e-10],[-15139450.747885207,7.081154551613622e-10],[-15028131.257091932,7.081154551613622e-10],[-14916811.76629866,7.081154551613622e-10],[-14805492.275505384,7.081154551613622e-10],[-14694172.784712112,7.081154551613622e-10],[-14582853.293918837,7.081154551613622e-10],[-14471533.803125564,7.081154551613622e-10],[-14360214.31233229,7.081154551613622e-10],[-14248894.821539016,7.081154551613622e-10],[-14137575.330745745,7.081154551613622e-10],[-14026255.839952469,7.081154551613622e-10],[-13914936.349159198,7.081154551613622e-10],[-13803616.858365921,7.081154551613622e-10],[-13692297.36757265,7.081154551613622e-10],[-13580977.876779376,7.081154551613622e-10],[-13469658.385986103,7.081154551613622e-10],[-13358338.895192828,7.081154551613622e-10],[-13247019.404399555,7.081154551613622e-10],[-13135699.913606282,7.081154551613622e-10],[-13024380.422813008,7.081154551613622e-10],[-12913060.932019735,7.081154551613622e-10],[-12801741.44122646,7.081154551613622e-10],[-12690421.950433187,7.081154551613622e-10],[-12579102.459639914,7.081154551613622e-10],[-12467782.96884664,7.081154551613622e-10],[-12356463.478053367,7.081154551613622e-10],[-12245143.987260092,7.081154551613622e-10],[-12133824.49646682,7.081154551613622e-10],[-12022505.005673544,7.081154551613622e-10],[-11911185.514880272,7.081154551613622e-10],[-11799866.024086999,7.081154551613622e-10],[-11688546.533293726,7.081154551613622e-10],[-11577227.042500451,7.081154551613622e-10],[-11465907.551707178,7.081154551613622e-10],[-11354588.060913904,7.081154551613622e-10],[-11243268.57012063,7.081154551613622e-10],[-11131949.079327356,7.081154551613622e-10],[-11020629.588534083,7.081154551613622e-10],[-10909310.09774081,7.081154551613622e-10],[-10797990.606947536,7.081154551613622e-10],[-10686671.116154263,7.081154551613622e-10],[-10575351.62536099,7.081154551613622e-10],[-10464032.134567715,7.081154551613622e-10],[-10352712.643774442,7.081154551613622e-10],[-10241393.15298117,7.081154551613622e-10],[-10130073.662187895,7.081154551613622e-10],[-10018754.171394622,7.081154551613622e-10],[-9907434.680601347,7.081154551613622e-10],[-9796115.189808074,7.081154551613622e-10],[-9684795.6990148,7.081154551613622e-10],[-9573476.208221527,7.081154551613622e-10],[-9462156.717428254,7.081154551613622e-10],[-9350837.226634981,7.081154551613622e-10],[-9239517.735841706,7.081154551613622e-10],[-9128198.245048434,7.081154551613622e-10],[-9016878.754255159,7.081154551613622e-10],[-8905559.263461886,7.081154551613622e-10],[-8794239.772668611,7.081154551613622e-10],[-8682920.281875338,7.081154551613622e-10],[-8571600.791082066,7.081154551613622e-10],[-8460281.300288793,7.081154551613622e-10],[-8348961.809495518,7.081154551613622e-10],[-8237642.318702244,7.081154551613622e-10],[-8126322.82790897,7.081154551613622e-10],[-8015003.337115697,7.081154551613622e-10],[-7903683.846322423,7.081154551613622e-10],[-7792364.355529149,7.081154551613622e-10],[-7681044.864735875,7.081154551613622e-10],[-7569725.373942603,7.081154551613622e-10],[-7458405.88314933,7.081154551613622e-10],[-7347086.392356056,7.081154551613622e-10],[-7235766.901562782,7.081154551613622e-10],[-7124447.410769508,7.081154551613622e-10],[-7013127.919976234,7.081154551613622e-10],[-6901808.429182961,7.081154551613622e-10],[-6790488.938389688,7.081154551613622e-10],[-6679169.447596414,7.081154551613622e-10],[-6567849.956803141,7.081154551613622e-10],[-6456530.466009867,7.081154551613622e-10],[-6345210.975216594,7.081154551613622e-10],[-6233891.48442332,7.081154551613622e-10],[-6122571.993630046,7.081154551613622e-10],[-6011252.502836772,7.081154551613622e-10],[-5899933.012043499,7.081154551613622e-10],[-5788613.521250226,7.081154551613622e-10],[-5677294.030456952,7.081154551613622e-10],[-5565974.539663678,7.081154551613622e-10],[-5454655.048870405,7.081154551613622e-10],[-5343335.558077131,7.081154551613622e-10],[-5232016.067283858,7.081154551613622e-10],[-5120696.576490585,7.081154551613622e-10],[-5009377.085697311,7.081154551613622e-10],[-4898057.594904037,7.081154551613622e-10],[-4786738.104110763,7.081154551613622e-10],[-4675418.613317491,7.081154551613622e-10],[-4564099.122524217,7.081154551613622e-10],[-4452779.631730943,7.081154551613622e-10],[-4341460.140937669,7.081154551613622e-10],[-4230140.650144396,7.081154551613622e-10],[-4118821.159351122,7.081154551613622e-10],[-4007501.6685578483,7.081154551613622e-10],[-3896182.1777645745,7.081154551613622e-10],[-3784862.6869713017,7.081154551613622e-10],[-3673543.196178028,7.081154551613622e-10],[-3562223.705384754,7.081154551613622e-10],[-3450904.2145914803,7.081154551613622e-10],[-3339584.723798207,7.081154551613622e-10],[-3228265.2330049337,7.081154551613622e-10],[-3116945.74221166,7.081154551613622e-10],[-3005626.251418386,7.081154551613622e-10],[-2894306.760625113,7.081154551613622e-10],[-2782987.269831839,7.081154551613622e-10],[-2671667.7790385657,7.081154551613622e-10],[-2560348.2882452924,7.081154551613622e-10],[-2449028.7974520186,7.081154551613622e-10],[-2337709.3066587453,7.081154551613622e-10],[-2226389.8158654715,7.081154551613622e-10],[-2115070.325072198,7.081154551613622e-10],[-2003750.8342789242,7.081154551613622e-10],[-1892431.3434856508,7.081154551613622e-10],[-1781111.852692377,7.081154551613622e-10],[-1669792.3618991035,7.081154551613622e-10],[-1558472.87110583,7.081154551613622e-10],[-1447153.3803125564,7.081154551613622e-10],[-1335833.8895192828,7.081154551613622e-10],[-1224514.3987260093,7.081154551613622e-10],[-1113194.9079327357,7.081154551613622e-10],[-1001875.4171394621,7.081154551613622e-10],[-890555.9263461885,7.081154551613622e-10],[-779236.435552915,7.081154551613622e-10],[-667916.9447596414,7.081154551613622e-10],[-556597.4539663679,7.081154551613622e-10],[-445277.96317309426,7.081154551613622e-10],[-333958.4723798207,7.081154551613622e-10],[-222638.98158654713,7.081154551613622e-10],[-111319.49079327357,7.081154551613622e-10],[0,7.081154551613622e-10],[111319.49079327357,7.081154551613622e-10],[222638.98158654713,7.081154551613622e-10],[333958.4723798207,7.081154551613622e-10],[445277.96317309426,7.081154551613622e-10],[556597.4539663679,7.081154551613622e-10],[667916.9447596414,7.081154551613622e-10],[779236.435552915,7.081154551613622e-10],[890555.9263461885,7.081154551613622e-10],[1001875.4171394621,7.081154551613622e-10],[1113194.9079327357,7.081154551613622e-10],[1224514.3987260093,7.081154551613622e-10],[1335833.8895192828,7.081154551613622e-10],[1447153.3803125564,7.081154551613622e-10],[1558472.87110583,7.081154551613622e-10],[1669792.3618991035,7.081154551613622e-10],[1781111.852692377,7.081154551613622e-10],[1892431.3434856508,7.081154551613622e-10],[2003750.8342789242,7.081154551613622e-10],[2115070.325072198,7.081154551613622e-10],[2226389.8158654715,7.081154551613622e-10],[2337709.3066587453,7.081154551613622e-10],[2449028.7974520186,7.081154551613622e-10],[2560348.2882452924,7.081154551613622e-10],[2671667.7790385657,7.081154551613622e-10],[2782987.269831839,7.081154551613622e-10],[2894306.760625113,7.081154551613622e-10],[3005626.251418386,7.081154551613622e-10],[3116945.74221166,7.081154551613622e-10],[3228265.2330049337,7.081154551613622e-10],[3339584.723798207,7.081154551613622e-10],[3450904.2145914803,7.081154551613622e-10],[3562223.705384754,7.081154551613622e-10],[3673543.196178028,7.081154551613622e-10],[3784862.6869713017,7.081154551613622e-10],[3896182.1777645745,7.081154551613622e-10],[4007501.6685578483,7.081154551613622e-10],[4118821.159351122,7.081154551613622e-10],[4230140.650144396,7.081154551613622e-10],[4341460.140937669,7.081154551613622e-10],[4452779.631730943,7.081154551613622e-10],[4564099.122524217,7.081154551613622e-10],[4675418.613317491,7.081154551613622e-10],[4786738.104110763,7.081154551613622e-10],[4898057.594904037,7.081154551613622e-10],[5009377.085697311,7.081154551613622e-10],[5120696.576490585,7.081154551613622e-10],[5232016.067283858,7.081154551613622e-10],[5343335.558077131,7.081154551613622e-10],[5454655.048870405,7.081154551613622e-10],[5565974.539663678,7.081154551613622e-10],[5677294.030456952,7.081154551613622e-10],[5788613.521250226,7.081154551613622e-10],[5899933.012043499,7.081154551613622e-10],[6011252.502836772,7.081154551613622e-10],[6122571.993630046,7.081154551613622e-10],[6233891.48442332,7.081154551613622e-10],[6345210.975216594,7.081154551613622e-10],[6456530.466009867,7.081154551613622e-10],[6567849.956803141,7.081154551613622e-10],[6679169.447596414,7.081154551613622e-10],[6790488.938389688,7.081154551613622e-10],[6901808.429182961,7.081154551613622e-10],[7013127.919976234,7.081154551613622e-10],[7124447.410769508,7.081154551613622e-10],[7235766.901562782,7.081154551613622e-10],[7347086.392356056,7.081154551613622e-10],[7458405.88314933,7.081154551613622e-10],[7569725.373942603,7.081154551613622e-10],[7681044.864735875,7.081154551613622e-10],[7792364.355529149,7.081154551613622e-10],[7903683.846322423,7.081154551613622e-10],[8015003.337115697,7.081154551613622e-10],[8126322.82790897,7.081154551613622e-10],[8237642.318702244,7.081154551613622e-10],[8348961.809495518,7.081154551613622e-10],[8460281.300288793,7.081154551613622e-10],[8571600.791082066,7.081154551613622e-10],[8682920.281875338,7.081154551613622e-10],[8794239.772668611,7.081154551613622e-10],[8905559.263461886,7.081154551613622e-10],[9016878.754255159,7.081154551613622e-10],[9128198.245048434,7.081154551613622e-10],[9239517.735841706,7.081154551613622e-10],[9350837.226634981,7.081154551613622e-10],[9462156.717428254,7.081154551613622e-10],[9573476.208221527,7.081154551613622e-10],[9684795.6990148,7.081154551613622e-10],[9796115.189808074,7.081154551613622e-10],[9907434.680601347,7.081154551613622e-10],[10018754.171394622,7.081154551613622e-10],[10130073.662187895,7.081154551613622e-10],[10241393.15298117,7.081154551613622e-10],[10352712.643774442,7.081154551613622e-10],[10464032.134567715,7.081154551613622e-10],[10575351.62536099,7.081154551613622e-10],[10686671.116154263,7.081154551613622e-10],[10797990.606947536,7.081154551613622e-10],[10909310.09774081,7.081154551613622e-10],[11020629.588534083,7.081154551613622e-10],[11131949.079327356,7.081154551613622e-10],[11243268.57012063,7.081154551613622e-10],[11354588.060913904,7.081154551613622e-10],[11465907.551707178,7.081154551613622e-10],[11577227.042500451,7.081154551613622e-10],[11688546.533293726,7.081154551613622e-10],[11799866.024086999,7.081154551613622e-10],[11911185.514880272,7.081154551613622e-10],[12022505.005673544,7.081154551613622e-10],[12133824.49646682,7.081154551613622e-10],[12245143.987260092,7.081154551613622e-10],[12356463.478053367,7.081154551613622e-10],[12467782.96884664,7.081154551613622e-10],[12579102.459639914,7.081154551613622e-10],[12690421.950433187,7.081154551613622e-10],[12801741.44122646,7.081154551613622e-10],[12913060.932019735,7.081154551613622e-10],[13024380.422813008,7.081154551613622e-10],[13135699.913606282,7.081154551613622e-10],[13247019.404399555,7.081154551613622e-10],[13358338.895192828,7.081154551613622e-10],[13469658.385986103,7.081154551613622e-10],[13580977.876779376,7.081154551613622e-10],[13692297.36757265,7.081154551613622e-10],[13803616.858365921,7.081154551613622e-10],[13914936.349159198,7.081154551613622e-10],[14026255.839952469,7.081154551613622e-10],[14137575.330745745,7.081154551613622e-10],[14248894.821539016,7.081154551613622e-10],[14360214.31233229,7.081154551613622e-10],[14471533.803125564,7.081154551613622e-10],[14582853.293918837,7.081154551613622e-10],[14694172.784712112,7.081154551613622e-10],[14805492.275505384,7.081154551613622e-10],[14916811.76629866,7.081154551613622e-10],[15028131.257091932,7.081154551613622e-10],[15139450.747885207,7.081154551613622e-10],[15250770.23867848,7.081154551613622e-10],[15362089.72947175,7.081154551613622e-10],[15473409.220265027,7.081154551613622e-10],[15584728.711058298,7.081154551613622e-10],[15696048.201851575,7.081154551613622e-10],[15807367.692644846,7.081154551613622e-10],[15918687.183438122,7.081154551613622e-10],[16030006.674231393,7.081154551613622e-10],[16141326.16502467,7.081154551613622e-10],[16252645.65581794,7.081154551613622e-10],[16363965.146611214,7.081154551613622e-10],[16475284.637404488,7.081154551613622e-10],[16586604.128197761,7.081154551613622e-10],[16697923.618991036,7.081154551613622e-10],[16809243.10978431,7.081154551613622e-10],[16920562.600577585,7.081154551613622e-10],[17031882.091370855,7.081154551613622e-10],[17143201.58216413,7.081154551613622e-10],[17254521.072957404,7.081154551613622e-10],[17365840.563750677,7.081154551613622e-10],[17477160.05454395,7.081154551613622e-10],[17588479.545337223,7.081154551613622e-10],[17699799.0361305,7.081154551613622e-10],[17811118.526923772,7.081154551613622e-10],[17922438.017717045,7.081154551613622e-10],[18033757.508510318,7.081154551613622e-10],[18145076.999303594,7.081154551613622e-10],[18256396.490096867,7.081154551613622e-10],[18367715.980890136,7.081154551613622e-10],[18479035.471683413,7.081154551613622e-10],[18590354.962476686,7.081154551613622e-10],[18701674.453269962,7.081154551613622e-10],[18812993.94406323,7.081154551613622e-10],[18924313.434856508,7.081154551613622e-10],[19035632.92564978,7.081154551613622e-10],[19146952.416443054,7.081154551613622e-10],[19258271.907236326,7.081154551613622e-10],[19369591.3980296,7.081154551613622e-10],[19480910.888822876,7.081154551613622e-10],[19592230.37961615,7.081154551613622e-10],[19703549.87040942,7.081154551613622e-10],[19814869.361202694,7.081154551613622e-10],[19926188.85199597,7.081154551613622e-10],[20037508.342789244,7.081154551613622e-10]]},"properties":{"type":"parallel","value":0}},
{"type":"Feature","geometry":{"type":"LineString","coordinates":[[-20037508.342789244,1678147.5163917788],[-19926188.85199597,1678147.5163917788],[-19814869.361202694,1678147.5163917788],[-19703549.87040942,1678147.5163917788],[-19592230.37961615,1678147.5163917788],[-19480910.888822876,1678147.5163917788],[-19369591.3980296,1678147.5163917788],[-19258271.907236326,1678147.5163917788],[-19146952.416443054,1678147.5163917788],[-19035632.92564978,1678147.5163917788],[-18924313.434856508,1678147.5163917788],[-18812993.94406323,1678147.5163917788],[-18701674.453269962,1678147.5163917788],[-18590354.962476686,1678147.5163917788],[-18479035.471683413,1678147.5163917788],[-18367715.980890136,1678147.5163917788],[-18256396.490096867,1678147.5163917788],[-18145076.999303594,1678147.5163917788],[-18033757.508510318,1678147.5163917788],[-17922438.017717045,1678147.5163917788],[-17811118.526923772,1678147.5163917788],[-17699799.0361305,1678147.5163917788],[-17588479.545337223,1678147.5163917788],[-17477160.05454395,1678147.5163917788],[-17365840.563750677,1678147.5163917788],[-17254521.072957404,1678147.5163917788],[-17143201.58216413,1678147.5163917788],[-17031882.091370855,1678147.5163917788],[-16920562.600577585,1678147.5163917788],[-16809243.10978431,1678147.5163917788],[-16697923.618991036,1678147.5163917788],[-16586604.128197761,1678147.5163917788],[-16475284.637404488,1678147.5163917788],[-16363965.146611214,1678147.5163917788],[-16252645.65581794,1678147.5163917788],[-16141326.16502467,1678147.5163917788],[-16030006.674231393,1678147.5163917788],[-15918687.183438122,1678147.5163917788],[-15807367.692644846,1678147.5163917788],[-15696048.201851575,1678147.5163917788],[-15584728.711058298,1678147.5163917788],[-15473409.220265027,1678147.5163917788],[-15362089.72947175,1678147.5163917788],[-15250770.23867848,1678147.5163917788],[-15139450.747885207,1678147.5163917788],[-15028131.257091932,1678147.5163917788],[-14916811.76629866,1678147.5163917788],[-14805492.275505384,1678147.5163917788],[-14694172.784712112,1678147.5163917788],[-14582853.293918837,1678147.5163917788],[-14471533.803125564,1678147.5163917788],[-14360214.31233229,1678147.5163917788],[-14248894.821539016,1678147.5163917788],[-14137575.330745745,1678147.5163917788],[-14026255.839952469,1678147.5163917788],[-13914936.349159198,1678147.5163917788],[-13803616.858365921,1678147.5163917788],[-13692297.36757265,1678147.5163917788],[-13580977.876779376,1678147.5163917788],[-13469658.385986103,1678147.5163917788],[-13358338.895192828,1678147.5163917788],[-13247019.404399555,1678147.5163917788],[-13135699.913606282,1678147.5163917788],[-13024380.422813008,1678147.5163917788],[-12913060.932019735,1678147.5163917788],[-12801741.44122646,1678147.5163917788],[-12690421.950433187,1678147.5163917788],[-12579102.459639914,1678147.5163917788],[-12467782.96884664,1678147.5163917788],[-12356463.478053367,1678147.5163917788],[-12245143.987260092,1678147.5163917788],[-12133824.49646682,1678147.5163917788],[-12022505.005673544,1678147.5163917788],[-11911185.514880272,1678147.5163917788],[-11799866.024086999,1678147.5163917788],[-11688546.533293726,1678147.5163917788],[-11577227.042500451,1678147.5163917788],[-11465907.551707178,1678147.5163917788],[-11354588.060913904,1678147.5163917788],[-11243268.57012063,1678147.5163917788],[-11131949.079327356,1678147.5163917788],[-11020629.588534083,1678147.5163917788],[-10909310.09774081,1678147.5163917788],[-10797990.606947536,1678147.5163917788],[-10686671.116154263,1678147.5163917788],[-10575351.62536099,1678147.5163917788],[-10464032.134567715,1678147.5163917788],[-10352712.643774442,1678147.5163917788],[-10241393.15298117,1678147.5163917788],[-10130073.662187895,1678147.5163917788],[-10018754.171394622,1678147.5163917788],[-9907434.680601347,1678147.5163917788],[-9796115.189808074,1678147.5163917788],[-9684795.6990148,1678147.5163917788],[-9573476.208221527,1678147.5163917788],[-9462156.717428254,1678147.5163917788],[-9350837.226634981,1678147.5163917788],[-9239517.735841706,1678147.5163917788],[-9128198.245048434,1678147.5163917788],[-9016878.754255159,1678147.5163917788],[-8905559.263461886,1678147.5163917788],[-8794239.772668611,1678147.5163917788],[-8682920.281875338,1678147.5163917788],[-8571600.791082066,1678147.5163917788],[-8460281.300288793,1678147.5163917788],[-8348961.809495518,1678147.5163917788],[-8237642.318702244,1678147.5163917788],[-8126322.82790897,1678147.5163917788],[-8015003.337115697,1678147.5163917788],[-7903683.846322423,1678147.5163917788],[-7792364.355529149,1678147.5163917788],[-7681044.864735875,1678147.5163917788],[-7569725.373942603,1678147.5163917788],[-7458405.88314933,1678147.5163917788],[-7347086.392356056,1678147.5163917788],[-7235766.901562782,1678147.5163917788],[-7124447.410769508,1678147.5163917788],[-7013127.919976234,1678147.5163917788],[-6901808.429182961,1678147.5163917788],[-6790488.938389688,1678147.5163917788],[-6679169.447596414,1678147.5163917788],[-6567849.956803141,1678147.5163917788],[-6456530.466009867,1678147.5163917788],[-6345210.975216594,1678147.5163917788],[-6233891.48442332,1678147.5163917788],[-6122571.993630046,1678147.5163917788],[-6011252.502836772,1678147.5163917788],[-5899933.012043499,1678147.5163917788],[-5788613.521250226,1678147.5163917788],[-5677294.030456952,1678147.5163917788],[-5565974.539663678,1678147.5163917788],[-5454655.048870405,1678147.5163917788],[-5343335.558077131,1678147.5163917788],[-5232016.067283858,1678147.5163917788],[-5120696.576490585,1678147.5163917788],[-5009377.085697311,1678147.5163917788],[-4898057.594904037,1678147.5163917788],[-4786738.104110763,1678147.5163917788],[-4675418.613317491,1678147.5163917788],[-4564099.122524217,1678147.5163917788],[-4452779.631730943,1678147.5163917788],[-4341460.140937669,1678147.5163917788],[-4230140.650144396,1678147.5163917788],[-4118821.159351122,1678147.5163917788],[-4007501.6685578483,1678147.5163917788],[-3896182.1777645745,1678147.5163917788],[-3784862.6869713017,1678147.5163917788],[-3673543.196178028,1678147.5163917788],[-3562223.705384754,1678147.5163917788],[-3450904.2145914803,1678147.5163917788],[-3339584.723798207,1678147.5163917788],[-3228265.2330049337,1678147.5163917788],[-3116945.74221166,1678147.5163917788],[-3005626.251418386,1678147.5163917788],[-2894306.760625113,1678147.5163917788],[-2782987.269831839,1678147.5163917788],[-2671667.7790385657,1678147.5163917788],[-2560348.2882452924,1678147.5163917788],[-2449028.7974520186,1678147.5163917788],[-2337709.3066587453,1678147.5163917788],[-2226389.8158654715,1678147.5163917788],[-2115070.325072198,1678147.5163917788],[-2003750.8342789242,1678147.5163917788],[-1892431.3434856508,1678147.5163917788],[-1781111.852692377,1678147.5163917788],[-1669792.3618991035,1678147.5163917788],[-1558472.87110583,1678147.5163917788],[-1447153.3803125564,1678147.5163917788],[-1335833.8895192828,1678147.5163917788],[-1224514.3987260093,1678147.5163917788],[-1113194.9079327357,1678147.5163917788],[-1001875.4171394621,1678147.5163917788],[-890555.9263461885,1678147.5163917788],[-779236.435552915,1678147.5163917788],[-667916.9447596414,1678147.5163917788],[-556597.4539663679,1678147.5163917788],[-445277.96317309426,1678147.5163917788],[-333958.4723798207,1678147.5163917788],[-222638.98158654713,1678147.5163917788],[-111319.49079327357,1678147.5163917788],[0,1678147.5163917788],[111319.49079327357,1678147.5163917788],[222638.98158654713,1678147.5163917788],[333958.4723798207,1678147.5163917788],[445277.96317309426,1678147.5163917788],[556597.4539663679,1678147.5163917788],[667916.9447596414,1678147.5163917788],[779236.435552915,1678147.5163917788],[890555.9263461885,1678147.5163917788],[1001875.4171394621,1678147.5163917788],[1113194.9079327357,1678147.5163917788],[1224514.3987260093,1678147.5163917788],[1335833.8895192828,1678147.5163917788],[1447153.3803125564,1678147.5163917788],[1558472.87110583,1678147.5163917788],[1669792.3618991035,1678147.5163917788],[1781111.852692377,1678147.5163917788],[1892431.3434856508,1678147.5163917788],[2003750.8342789242,1678147.5163917788],[2115070.325072198,1678147.5163917788],[2226389.8158654715,1678147.5163917788],[2337709.3066587453,1678147.5163917788],[2449028.7974520186,1678147.5163917788],[2560348.2882452924,1678147.5163917788],[2671667.7790385657,1678147.5163917788],[2782987.269831839,1678147.5163917788],[2894306.760625113,1678147.5163917788],[3005626.251418386,1678147.5163917788],[3116945.74221166,1678147.5163917788],[3228265.2330049337,1678147.5163917788],[3339584.723798207,1678147.5163917788],[3450904.2145914803,1678147.5163917788],[3562223.705384754,1678147.5163917788],[3673543.196178028,1678147.5163917788],[3784862.6869713017,1678147.5163917788],[3896182.1777645745,1678147.5163917788],[4007501.6685578483,1678147.5163917788],[4118821.159351122,1678147.5163917788],[4230140.650144396,1678147.5163917788],[4341460.140937669,1678147.5163917788],[4452779.631730943,1678147.5163917788],[4564099.122524217,1678147.5163917788],[4675418.613317491,1678147.5163917788],[4786738.104110763,1678147.5163917788],[4898057.594904037,1678147.5163917788],[5009377.085697311,1678147.5163917788],[5120696.576490585,1678147.5163917788],[5232016.067283858,1678147.5163917788],[5343335.558077131,1678147.5163917788],[5454655.048870405,1678147.5163917788],[5565974.539663678,1678147.5163917788],[5677294.030456952,1678147.5163917788],[5788613.521250226,1678147.5163917788],[5899933.012043499,1678147.5163917788],[6011252.502836772,1678147.5163917788],[6122571.993630046,1678147.5163917788],[6233891.48442332,1678147.5163917788],[6345210.975216594,1678147.5163917788],[6456530.466009867,1678147.5163917788],[6567849.956803141,1678147.5163917788],[6679169.447596414,1678147.5163917788],[6790488.938389688,1678147.5163917788],[6901808.429182961,1678147.5163917788],[7013127.919976234,1678147.5163917788],[7124447.410769508,1678147.5163917788],[7235766.901562782,1678147.5163917788],[7347086.392356056,1678147.5163917788],[7458405.88314933,1678147.5163917788],[7569725.373942603,1678147.5163917788],[7681044.864735875,1678147.5163917788],[7792364.355529149,1678147.5163917788],[7903683.846322423,1678147.5163917788],[8015003.337115697,1678147.5163917788],[8126322.82790897,1678147.5163917788],[8237642.318702244,1678147.5163917788],[8348961.809495518,1678147.5163917788],[8460281.300288793,1678147.5163917788],[8571600.791082066,1678147.5163917788],[8682920.281875338,1678147.5163917788],[8794239.772668611,1678147.5163917788],[8905559.263461886,1678147.5163917788],[9016878.754255159,1678147.5163917788],[9128198.245048434,1678147.5163917788],[9239517.735841706,1678147.5163917788],[9350837.226634981,1678147.5163917788],[9462156.717428254,1678147.5163917788],[9573476.208221527,1678147.5163917788],[9684795.6990148,1678147.5163917788],[9796115.189808074,1678147.5163917788],[9907434.680601347,1678147.5163917788],[10018754.171394622,1678147.5163917788],[10130073.662187895,1678147.5163917788],[10241393.15298117,1678147.5163917788],[10352712.643774442,1678147.5163917788],[10464032.134567715,1678147.5163917788],[10575351.62536099,1678147.5163917788],[10686671.116154263,1678147.5163917788],[10797990.606947536,1678147.5163917788],[10909310.09774081,1678147.5163917788],[11020629.588534083,1678147.5163917788],[11131949.079327356,1678147.5163917788],[11243268.57012063,1678147.5163917788],[11354588.060913904,1678147.5163917788],[11465907.551707178,1678147.5163917788],[11577227.042500451,1678147.5163917788],[11688546.533293726,1678147.5163917788],[11799866.024086999,1678147.5163917788],[11911185.514880272,1678147.5163917788],[12022505.005673544,1678147.5163917788],[12133824.49646682,1678147.5163917788],[12245143.987260092,1678147.5163917788],[12356463.478053367,1678147.5163917788],[12467782.96884664,1678147.5163917788],[12579102.459639914,1678147.5163917788],[12690421.950433187,1678147.5163917788],[12801741.44122646,1678147.5163917788],[12913060.932019735,1678147.5163917788],[13024380.422813008,1678147.5163917788],[13135699.913606282,1678147.5163917788],[13247019.404399555,1678147.5163917788],[13358338.895192828,1678147.5163917788],[13469658.385986103,1678147.5163917788],[13580977.876779376,1678147.5163917788],[13692297.36757265,1678147.5163917788],[13803616.858365921,1678147.5163917788],[13914936.349159198,1678147.5163917788],[14026255.839952469,1678147.5163917788],[14137575.330745745,1678147.5163917788],[14248894.821539016,1678147.5163917788],[14360214.31233229,1678147.5163917788],[14471533.803125564,1678147.5163917788],[14582853.293918837,1678147.5163917788],[14694172.784712112,1678147.5163917788],[14805492.275505384,1678147.5163917788],[14916811.76629866,1678147.5163917788],[15028131.257091932,1678147.5163917788],[15139450.747885207,1678147.5163917788],[15250770.23867848,1678147.5163917788],[15362089.72947175,1678147.5163917788],[15473409.220265027,1678147.5163917788],[15584728.711058298,1678147.5163917788],[15696048.201851575,1678147.5163917788],[15807367.692644846,1678147.5163917788],[15918687.183438122,1678147.5163917788],[16030006.674231393,1678147.5163917788],[16141326.16502467,1678147.5163917788],[16252645.65581794,1678147.5163917788],[16363965.146611214,1678147.5163917788],[16475284.637404488,1678147.5163917788],[16586604.128197761,1678147.5163917788],[16697923.618991036,1678147.5163917788],[16809243.10978431,1678147.5163917788],[16920562.600577585,1678147.5163917788],[17031882.091370855,1678147.5163917788],[17143201.58216413,1678147.5163917788],[17254521.072957404,1678147.5163917788],[17365840.563750677,1678147.5163917788],[17477160.05454395,1678147.5163917788],[17588479.545337223,1678147.5163917788],[17699799.0361305,1678147.5163917788],[17811118.526923772,1678147.5163917788],[17922438.017717045,1678147.5163917788],[18033757.508510318,1678147.5163917788],[18145076.999303594,1678147.5163917788],[18256396.490096867,1678147.5163917788],[18367715.980890136,1678147.5163917788],[18479035.471683413,1678147.5163917788],[18590354.962476686,1678147.5163917788],[18701674.453269962,1678147.5163917788],[18812993.94406323,1678147.5163917788],[18924313.434856508,1678147.5163917788],[19035632.92564978,1678147.5163917788],[19146952.416443054,1678147.5163917788],[19258271.907236326,1678147.5163917788],[19369591.3980296,1678147.5163917788],[19480910.888822876,1678147.5163917788],[19592230.37961615,1678147.5163917788],[19703549.87040942,1678147.5163917788],[19814869.361202694,1678147.5163917788],[19926188.85199597,1678147.5163917788],[20037508.342789244,1678147.5163917788]]},"properties":{"type":"parallel","value":15}},
{"type":"Feature","geometry":{"type":"LineString","coordinates":[[-20037508.342789244,3482189.0854086173],[-19926188.85199597,3482189.0854086173],[-19814869.361202694,3482189.0854086173],[-19703549.87040942,3482189.0854086173],[-19592230.37961615,3482189.0854086173],[-19480910.888822876,3482189.0854086173],[-19369591.3980296,3482189.0854086173],[-19258271.907236326,3482189.0854086173],[-19146952.416443054,3482189.0854086173],[-19035632.92564978,3482189.0854086173],[-18924313.434856508,3482189.0854086173],[-18812993.94406323,3482189.0854086173],[-18701674.453269962,3482189.0854086173],[-18590354.962476686,3482189.0854086173],[-18479035.471683413,3482189.0854086173],[-18367715.980890136,3482189.0854086173],[-18256396.490096867,3482189.0854086173],[-18145076.999303594,3482189.0854086173],[-18033757.508510318,3482189.0854086173],[-17922438.017717045,3482189.0854086173],[-17811118.526923772,3482189.0854086173],[-17699799.0361305,3482189.0854086173],[-17588479.545337223,3482189.0854086173],[-17477160.05454395,3482189.0854086173],[-17365840.563750677,3482189.0854086173],[-17254521.072957404,3482189.0854086173],[-17143201.58216413,3482189.0854086173],[-17031882.091370855,3482189.0854086173],[-16920562.600577585,3482189.0854086173],[-16809243.10978431,3482189.0854086173],[-16697923.618991036,3482189.0854086173],[-16586604.128197761,3482189.0854086173],[-16475284.637404488,3482189.0854086173],[-16363965.146611214,3482189.0854086173],[-16252645.65581794,3482189.0854086173],[-16141326.16502467,3482189.0854086173],[-16030006.674231393,3482189.0854086173],[-15918687.183438122,3482189.0854086173],[-15807367.692644846,3482189.0854086173],[-15696048.201851575,3482189.0854086173],[-15584728.711058298,3482189.0854086173],[-15473409.220265027,3482189.0854086173],[-15362089.72947175,3482189.0854086173],[-15250770.23867848,3482189.0854086173],[-15139450.747885207,3482189.0854086173],[-15028131.257091932,3482189.0854086173],[-14916811.76629866,3482189.0854086173],[-14805492.275505384,3482189.0854086173],[-14694172.784712112,3482189.0854086173],[-14582853.293918837,3482189.0854086173],[-14471533.803125564,3482189.0854086173],[-14360214.31233229,3482189.0854086173],[-14248894.821539016,3482189.0854086173],[-14137575.330745745,3482189.0854086173],[-14026255.839952469,3482189.0854086173],[-13914936.349159198,3482189.0854086173],[-13803616.858365921,3482189.0854086173],[-13692297.36757265,3482189.0854086173],[-13580977.876779376,3482189.0854086173],[-13469658.385986103,3482189.0854086173],[-13358338.895192828,3482189.0854086173],[-13247019.404399555,3482189.0854086173],[-13135699.913606282,3482189.0854086173],[-13024380.422813008,3482189.0854086173],[-12913060.932019735,3482189.0854086173],[-12801741.44122646,3482189.0854086173],[-12690421.950433187,3482189.0854086173],[-12579102.459639914,3482189.0854086173],[-12467782.96884664,3482189.0854086173],[-12356463.478053367,3482189.0854086173],[-12245143.987260092,3482189.0854086173],[-12133824.49646682,3482189.0854086173],[-12022505.005673544,3482189.0854086173],[-11911185.514880272,3482189.0854086173],[-11799866.024086999,3482189.0854086173],[-11688546.533293726,3482189.0854086173],[-11577227.042500451,3482189.0854086173],[-11465907.551707178,3482189.0854086173],[-11354588.060913904,3482189.0854086173],[-11243268.57012063,3482189.0854086173],[-11131949.079327356,3482189.0854086173],[-11020629.588534083,3482189.0854086173],[-10909310.09774081,3482189.0854086173],[-10797990.606947536,3482189.0854086173],[-10686671.116154263,3482189.0854086173],[-10575351.62536099,3482189.0854086173],[-10464032.134567715,3482189.0854086173],[-10352712.643774442,3482189.0854086173],[-10241393.15298117,3482189.0854086173],[-10130073.662187895,3482189.0854086173],[-10018754.171394622,3482189.0854086173],[-9907434.680601347,3482189.0854086173],[-9796115.189808074,3482189.0854086173],[-9684795.6990148,3482189.0854086173],[-9573476.208221527,3482189.0854086173],[-9462156.717428254,3482189.0854086173],[-9350837.226634981,3482189.0854086173],[-9239517.735841706,3482189.0854086173],[-9128198.245048434,3482189.0854086173],[-9016878.754255159,3482189.0854086173],[-8905559.263461886,3482189.0854086173],[-8794239.772668611,3482189.0854086173],[-8682920.281875338,3482189.0854086173],[-8571600.791082066,3482189.0854086173],[-8460281.300288793,3482189.0854086173],[-8348961.809495518,3482189.0854086173],[-8237642.318702244,3482189.0854086173],[-8126322.82790897,3482189.0854086173],[-8015003.337115697,3482189.0854086173],[-7903683.846322423,3482189.0854086173],[-7792364.355529149,3482189.0854086173],[-7681044.864735875,3482189.0854086173],[-7569725.373942603,3482189.0854086173],[-7458405.88314933,3482189.0854086173],[-7347086.392356056,3482189.0854086173],[-7235766.901562782,3482189.0854086173],[-7124447.410769508,3482189.0854086173],[-7013127.919976234,3482189.0854086173],[-6901808.429182961,3482189.0854086173],[-6790488.938389688,3482189.0854086173],[-6679169.447596414,3482189.0854086173],[-6567849.956803141,3482189.0854086173],[-6456530.466009867,3482189.0854086173],[-6345210.975216594,3482189.0854086173],[-6233891.48442332,3482189.0854086173],[-6122571.993630046,3482189.0854086173],[-6011252.502836772,3482189.0854086173],[-5899933.012043499,3482189.0854086173],[-5788613.521250226,3482189.0854086173],[-5677294.030456952,3482189.0854086173],[-5565974.539663678,3482189.0854086173],[-5454655.048870405,3482189.0854086173],[-5343335.558077131,3482189.0854086173],[-5232016.067283858,3482189.0854086173],[-5120696.576490585,3482189.0854086173],[-5009377.085697311,3482189.0854086173],[-4898057.594904037,3482189.0854086173],[-4786738.104110763,3482189.0854086173],[-4675418.613317491,3482189.0854086173],[-4564099.122524217,3482189.0854086173],[-4452779.631730943,3482189.0854086173],[-4341460.140937669,3482189.0854086173],[-4230140.650144396,3482189.0854086173],[-4118821.159351122,3482189.0854086173],[-4007501.6685578483,3482189.0854086173],[-3896182.1777645745,3482189.0854086173],[-3784862.6869713017,3482189.0854086173],[-3673543.196178028,3482189.0854086173],[-3562223.705384754,3482189.0854086173],[-3450904.2145914803,3482189.0854086173],[-3339584.723798207,3482189.0854086173],[-3228265.2330049337,3482189.0854086173],[-3116945.74221166,3482189.0854086173],[-3005626.251418386,3482189.0854086173],[-2894306.760625113,3482189.0854086173],[-2782987.269831839,3482189.0854086173],[-2671667.7790385657,3482189.0854086173],[-2560348.2882452924,3482189.0854086173],[-2449028.7974520186,3482189.0854086173],[-2337709.3066587453,3482189.0854086173],[-2226389.8158654715,3482189.0854086173],[-2115070.325072198,3482189.0854086173],[-2003750.8342789242,3482189.0854086173],[-1892431.3434856508,3482189.0854086173],[-1781111.852692377,3482189.0854086173],[-1669792.3618991035,3482189.0854086173],[-1558472.87110583,3482189.0854086173],[-1447153.3803125564,3482189.0854086173],[-1335833.8895192828,3482189.0854086173],[-1224514.3987260093,3482189.0854086173],[-1113194.9079327357,3482189.0854086173],[-1001875.4171394621,3482189.0854086173],[-890555.9263461885,3482189.0854086173],[-779236.435552915,3482189.0854086173],[-667916.9447596414,3482189.0854086173],[-556597.4539663679,3482189.0854086173],[-445277.96317309426,3482189.0854086173],[-333958.4723798207,3482189.0854086173],[-222638.98158654713,3482189.0854086173],[-111319.49079327357,3482189.0854086173],[0,3482189.0854086173],[111319.49079327357,3482189.0854086173],[222638.98158654713,3482189.0854086173],[333958.4723798207,3482189.0854086173],[445277.96317309426,3482189.0854086173],[556597.4539663679,3482189.0854086173],[667916.9447596414,3482189.0854086173],[779236.435552915,3482189.0854086173],[890555.9263461885,3482189.0854086173],[1001875.4171394621,3482189.0854086173],[1113194.9079327357,3482189.0854086173],[1224514.3987260093,3482189.0854086173],[1335833.8895192828,3482189.0854086173],[1447153.3803125564,3482189.0854086173],[1558472.87110583,3482189.0854086173],[1669792.3618991035,3482189.0854086173],[1781111.852692377,3482189.0854086173],[1892431.3434856508,3482189.0854086173],[2003750.8342789242,3482189.0854086173],[2115070.325072198,3482189.0854086173],[2226389.8158654715,3482189.0854086173],[2337709.3066587453,3482189.0854086173],[2449028.7974520186,3482189.0854086173],[2560348.2882452924,3482189.0854086173],[2671667.7790385657,3482189.0854086173],[2782987.269831839,3482189.0854086173],[2894306.760625113,3482189.0854086173],[3005626.251418386,3482189.0854086173],[3116945.74221166,3482189.0854086173],[3228265.2330049337,3482189.0854086173],[3339584.723798207,3482189.0854086173],[3450904.2145914803,3482189.0854086173],[3562223.705384754,3482189.0854086173],[3673543.196178028,3482189.0854086173],[3784862.6869713017,3482189.0854086173],[3896182.1777645745,3482189.0854086173],[4007501.6685578483,3482189.0854086173],[4118821.159351122,3482189.0854086173],[4230140.650144396,3482189.0854086173],[4341460.140937669,3482189.0854086173],[4452779.631730943,3482189.0854086173],[4564099.122524217,3482189.0854086173],[4675418.613317491,3482189.0854086173],[4786738.104110763,3482189.0854086173],[4898057.594904037,3482189.0854086173],[5009377.085697311,3482189.0854086173],[5120696.576490585,3482189.0854086173],[5232016.067283858,3482189.0854086173],[5343335.558077131,3482189.0854086173],[5454655.048870405,3482189.0854086173],[5565974.539663678,3482189.0854086173],[5677294.030456952,3482189.0854086173],[5788613.521250226,3482189.0854086173],[5899933.012043499,3482189.0854086173],[6011252.502836772,3482189.0854086173],[6122571.993630046,3482189.0854086173],[6233891.48442332,3482189.0854086173],[6345210.975216594,3482189.0854086173],[6456530.466009867,3482189.0854086173],[6567849.956803141,3482189.0854086173],[6679169.447596414,3482189.0854086173],[6790488.938389688,3482189.0854086173],[6901808.429182961,3482189.0854086173],[7013127.919976234,3482189.0854086173],[7124447.410769508,3482189.0854086173],[7235766.901562782,3482189.0854086173],[7347086.392356056,3482189.0854086173],[7458405.88314933,3482189.0854086173],[7569725.373942603,3482189.0854086173],[7681044.864735875,3482189.0854086173],[7792364.355529149,3482189.0854086173],[7903683.846322423,3482189.0854086173],[8015003.337115697,3482189.0854086173],[8126322.82790897,3482189.0854086173],[8237642.318702244,3482189.0854086173],[8348961.809495518,3482189.0854086173],[8460281.300288793,3482189.0854086173],[8571600.791082066,3482189.0854086173],[8682920.281875338,3482189.0854086173],[8794239.772668611,3482189.0854086173],[8905559.263461886,3482189.0854086173],[9016878.754255159,3482189.0854086173],[9128198.245048434,3482189.0854086173],[9239517.735841706,3482189.0854086173],[9350837.226634981,3482189.0854086173],[9462156.717428254,3482189.0854086173],[9573476.208221527,3482189.0854086173],[9684795.6990148,3482189.0854086173],[9796115.189808074,3482189.0854086173],[9907434.680601347,3482189.0854086173],[10018754.171394622,3482189.0854086173],[10130073.662187895,3482189.0854086173],[10241393.15298117,3482189.0854086173],[10352712.643774442,3482189.0854086173],[10464032.134567715,3482189.0854086173],[10575351.62536099,3482189.0854086173],[10686671.116154263,3482189.0854086173],[10797990.606947536,3482189.0854086173],[10909310.09774081,3482189.0854086173],[11020629.588534083,3482189.0854086173],[11131949.079327356,3482189.0854086173],[11243268.57012063,3482189.0854086173],[11354588.060913904,3482189.0854086173],[11465907.551707178,3482189.0854086173],[11577227.042500451,3482189.0854086173],[11688546.533293726,3482189.0854086173],[11799866.024086999,3482189.0854086173],[11911185.514880272,3482189.0854086173],[12022505.005673544,3482189.0854086173],[12133824.49646682,3482189.0854086173],[12245143.987260092,3482189.0854086173],[12356463.478053367,3482189.0854086173],[12467782.96884664,3482189.0854086173],[12579102.459639914,3482189.0854086173],[12690421.950433187,3482189.0854086173],[12801741.44122646,3482189.0854086173],[12913060.932019735,3482189.0854086173],[13024380.422813008,3482189.0854086173],[13135699.913606282,3482189.0854086173],[13247019.404399555,3482189.0854086173],[13358338.895192828,3482189.0854086173],[13469658.385986103,3482189.0854086173],[13580977.876779376,3482189.0854086173],[13692297.36757265,3482189.0854086173],[13803616.858365921,3482189.0854086173],[13914936.349159198,3482189.0854086173],[14026255.839952469,3482189.0854086173],[14137575.330745745,3482189.0854086173],[14248894.821539016,3482189.0854086173],[14360214.31233229,3482189.0854086173],[14471533.803125564,3482189.0854086173],[14582853.293918837,3482189.0854086173],[14694172.784712112,3482189.0854086173],[14805492.275505384,3482189.0854086173],[14916811.76629866,3482189.0854086173],[15028131.257091932,3482189.0854086173],[15139450.747885207,3482189.0854086173],[15250770.23867848,3482189.0854086173],[15362089.72947175,3482189.0854086173],[15473409.220265027,3482189.0854086173],[15584728.711058298,3482189.0854086173],[15696048.201851575,3482189.0854086173],[15807367.692644846,3482189.0854086173],[15918687.183438122,3482189.0854086173],[16030006.674231393,3482189.0854086173],[16141326.16502467,3482189.0854086173],[16252645.65581794,3482189.0854086173],[16363965.146611214,3482189.0854086173],[16475284.637404488,3482189.0854086173],[16586604.128197761,3482189.0854086173],[16697923.618991036,3482189.0854086173],[16809243.10978431,3482189.0854086173],[16920562.600577585,3482189.0854086173],[17031882.091370855,3482189.0854086173],[17143201.58216413,3482189.0854086173],[17254521.072957404,3482189.0854086173],[17365840.563750677,3482189.0854086173],[17477160.05454395,3482189.0854086173],[17588479.545337223,3482189.0854086173],[17699799.0361305,3482189.0854086173],[17811118.526923772,3482189.0854086173],[17922438.017717045,3482189.0854086173],[18033757.508510318,3482189.0854086173],[18145076.999303594,3482189.0854086173],[18256396.490096867,3482189.0854086173],[18367715.980890136,3482189.0854086173],[18479035.471683413,3482189.0854086173],[18590354.962476686,3482189.0854086173],[18701674.453269962,3482189.0854086173],[18812993.94406323,3482189.0854086173],[18924313.434856508,3482189.0854086173],[19035632.92564978,3482189.0854086173],[19146952.416443054,3482189.0854086173],[19258271.907236326,3482189.0854086173],[19369591.3980296,3482189.0854086173],[19480910.888822876,3482189.0854086173],[19592230.37961615,3482189.0854086173],[19703549.87040942,3482189.0854086173],[19814869.361202694,3482189.0854086173],[19926188.85199597,3482189.0854086173],[20037508.342789244,3482189.0854086173]]},"properties":{"type":"parallel","value":30}},
{"type":"Feature","geometry":{"type":"LineString","coordinates":[[-20037508.342789244,5591295.918553393],[-19926188.85199597,5591295.918553393],[-19814869.361202694,5591295.918553393],[-19703549.87040942,5591295.918553393],[-19592230.37961615,5591295.918553393],[-19480910.888822876,5591295.918553393],[-19369591.3980296,5591295.918553393],[-19258271.907236326,5591295.918553393],[-19146952.416443054,5591295.918553393],[-19035632.92564978,5591295.918553393],[-18924313.434856508,5591295.918553393],[-18812993.94406323,5591295.918553393],[-18701674.453269962,5591295.918553393],[-18590354.962476686,5591295.918553393],[-18479035.471683413,5591295.918553393],[-18367715.980890136,5591295.918553393],[-18256396.490096867,5591295.918553393],[-18145076.999303594,5591295.918553393],[-18033757.508510318,5591295.918553393],[-17922438.017717045,5591295.918553393],[-17811118.526923772,5591295.918553393],[-17699799.0361305,5591295.918553393],[-17588479.545337223,5591295.918553393],[-17477160.05454395,5591295.918553393],[-17365840.563750677,5591295.918553393],[-17254521.072957404,5591295.918553393],[-17143201.58216413,5591295.918553393],[-17031882.091370855,5591295.918553393],[-16920562.600577585,5591295.918553393],[-16809243.10978431,5591295.918553393],[-16697923.618991036,5591295.918553393],[-16586604.128197761,5591295.918553393],[-16475284.637404488,5591295.918553393],[-16363965.146611214,5591295.918553393],[-16252645.65581794,5591295.918553393],[-16141326.16502467,5591295.918553393],[-16030006.674231393,5591295.918553393],[-15918687.183438122,5591295.918553393],[-15807367.692644846,5591295.918553393],[-15696048.201851575,5591295.918553393],[-15584728.711058298,5591295.918553393],[-15473409.220265027,5591295.918553393],[-15362089.72947175,5591295.918553393],[-15250770.23867848,5591295.918553393],[-15139450.747885207,5591295.918553393],[-15028131.257091932,5591295.918553393],[-14916811.76629866,5591295.918553393],[-14805492.275505384,5591295.918553393],[-14694172.784712112,5591295.918553393],[-14582853.293918837,5591295.918553393],[-14471533.803125564,5591295.918553393],[-14360214.31233229,5591295.918553393],[-14248894.821539016,5591295.918553393],[-14137575.330745745,5591295.918553393],[-14026255.839952469,5591295.918553393],[-13914936.349159198,5591295.918553393],[-13803616.858365921,5591295.918553393],[-13692297.36757265,5591295.918553393],[-13580977.876779376,5591295.918553393],[-13469658.385986103,5591295.918553393],[-13358338.895192828,5591295.918553393],[-13247019.404399555,5591295.918553393],[-13135699.913606282,5591295.918553393],[-13024380.422813008,5591295.918553393],[-12913060.932019735,5591295.918553393],[-12801741.44122646,5591295.918553393],[-12690421.950433187,5591295.918553393],[-12579102.459639914,5591295.918553393],[-12467782.96884664,5591295.918553393],[-12356463.478053367,5591295.918553393],[-12245143.987260092,5591295.918553393],[-12133824.49646682,5591295.918553393],[-12022505.005673544,5591295.918553393],[-11911185.514880272,5591295.918553393],[-11799866.024086999,5591295.918553393],[-11688546.533293726,5591295.918553393],[-11577227.042500451,5591295.918553393],[-11465907.551707178,5591295.918553393],[-11354588.060913904,5591295.918553393],[-11243268.57012063,5591295.918553393],[-11131949.079327356,5591295.918553393],[-11020629.588534083,5591295.918553393],[-10909310.09774081,5591295.918553393],[-10797990.606947536,5591295.918553393],[-10686671.116154263,5591295.918553393],[-10575351.62536099,5591295.918553393],[-10464032.134567715,5591295.918553393],[-10352712.643774442,5591295.918553393],[-10241393.15298117,5591295.918553393],[-10130073.662187895,5591295.918553393],[-10018754.171394622,5591295.918553393],[-9907434.680601347,5591295.918553393],[-9796115.189808074,5591295.918553393],[-9684795.6990148,5591295.918553393],[-9573476.208221527,5591295.918553393],[-9462156.717428254,5591295.918553393],[-9350837.226634981,5591295.918553393],[-9239517.735841706,5591295.918553393],[-9128198.245048434,5591295.918553393],[-9016878.754255159,5591295.918553393],[-8905559.263461886,5591295.918553393],[-8794239.772668611,5591295.918553393],[-8682920.281875338,5591295.918553393],[-8571600.791082066,5591295.918553393],[-8460281.300288793,5591295.918553393],[-8348961.809495518,5591295.918553393],[-8237642.318702244,5591295.918553393],[-8126322.82790897,5591295.918553393],[-8015003.337115697,5591295.918553393],[-7903683.846322423,5591295.918553393],[-7792364.355529149,5591295.918553393],[-7681044.864735875,5591295.918553393],[-7569725.373942603,5591295.918553393],[-7458405.88314933,5591295.918553393],[-7347086.392356056,5591295.918553393],[-7235766.901562782,5591295.918553393],[-7124447.410769508,5591295.918553393],[-7013127.919976234,5591295.918553393],[-6901808.429182961,5591295.918553393],[-6790488.938389688,5591295.918553393],[-6679169.447596414,5591295.918553393],[-6567849.956803141,5591295.918553393],[-6456530.466009867,5591295.918553393],[-6345210.975216594,5591295.918553393],[-6233891.48442332,5591295.918553393],[-6122571.993630046,5591295.918553393],[-6011252.502836772,5591295.918553393],[-5899933.012043499,5591295.918553393],[-5788613.521250226,5591295.918553393],[-5677294.030456952,5591295.918553393],[-5565974.539663678,5591295.918553393],[-5454655.048870405,5591295.918553393],[-5343335.558077131,5591295.918553393],[-5232016.067283858,5591295.918553393],[-5120696.576490585,5591295.918553393],[-5009377.085697311,5591295.918553393],[-4898057.594904037,5591295.918553393],[-4786738.104110763,5591295.918553393],[-4675418.613317491,5591295.918553393],[-4564099.122524217,5591295.918553393],[-4452779.631730943,5591295.918553393],[-4341460.140937669,5591295.918553393],[-4230140.650144396,5591295.918553393],[-4118821.159351122,5591295.918553393],[-4007501.6685578483,5591295.918553393],[-3896182.1777645745,5591295.918553393],[-3784862.6869713017,5591295.918553393],[-3673543.196178028,5591295.918553393],[-3562223.705384754,5591295.918553393],[-3450904.2145914803,5591295.918553393],[-3339584.723798207,5591295.918553393],[-3228265.2330049337,5591295.918553393],[-3116945.74221166,5591295.918553393],[-3005626.251418386,5591295.918553393],[-2894306.760625113,5591295.918553393],[-2782987.269831839,5591295.918553393],[-2671667.7790385657,5591295.918553393],[-2560348.2882452924,5591295.918553393],[-2449028.7974520186,5591295.918553393],[-2337709.3066587453,5591295.918553393],[-2226389.8158654715,5591295.918553393],[-2115070.325072198,5591295.918553393],[-2003750.8342789242,5591295.918553393],[-1892431.3434856508,5591295.918553393],[-1781111.852692377,5591295.918553393],[-1669792.3618991035,5591295.918553393],[-1558472.87110583,5591295.918553393],[-1447153.3803125564,5591295.918553393],[-1335833.8895192828,5591295.918553393],[-1224514.3987260093,5591295.918553393],[-1113194.9079327357,5591295.918553393],[-1001875.4171394621,5591295.918553393],[-890555.9263461885,5591295.918553393],[-779236.435552915,5591295.918553393],[-667916.9447596414,5591295.918553393],[-556597.4539663679,5591295.918553393],[-445277.96317309426,5591295.918553393],[-333958.4723798207,5591295.918553393],[-222638.98158654713,5591295.918553393],[-111319.49079327357,5591295.918553393],[0,5591295.918553393],[111319.49079327357,5591295.918553393],[222638.98158654713,5591295.918553393],[333958.4723798207,5591295.918553393],[445277.96317309426,5591295.918553393],[556597.4539663679,5591295.918553393],[667916.9447596414,5591295.918553393],[779236.435552915,5591295.918553393],[890555.9263461885,5591295.918553393],[1001875.4171394621,5591295.918553393],[1113194.9079327357,5591295.918553393],[1224514.3987260093,5591295.918553393],[1335833.8895192828,5591295.918553393],[1447153.3803125564,5591295.918553393],[1558472.87110583,5591295.918553393],[1669792.3618991035,5591295.918553393],[1781111.852692377,5591295.918553393],[1892431.3434856508,5591295.918553393],[2003750.8342789242,5591295.918553393],[2115070.325072198,5591295.918553393],[2226389.8158654715,5591295.918553393],[2337709.3066587453,5591295.918553393],[2449028.7974520186,5591295.918553393],[2560348.2882452924,5591295.918553393],[2671667.7790385657,5591295.918553393],[2782987.269831839,5591295.918553393],[2894306.760625113,5591295.918553393],[3005626.251418386,5591295.918553393],[3116945.74221166,5591295.918553393],[3228265.2330049337,5591295.918553393],[3339584.723798207,5591295.918553393],[3450904.2145914803,5591295.918553393],[3562223.705384754,5591295.918553393],[3673543.196178028,5591295.918553393],[3784862.6869713017,5591295.918553393],[3896182.1777645745,5591295.918553393],[4007501.6685578483,5591295.918553393],[4118821.159351122,5591295.918553393],[4230140.650144396,5591295.918553393],[4341460.140937669,5591295.918553393],[4452779.631730943,5591295.918553393],[4564099.122524217,5591295.918553393],[4675418.613317491,5591295.918553393],[4786738.104110763,5591295.918553393],[4898057.594904037,5591295.918553393],[5009377.085697311,5591295.918553393],[5120696.576490585,5591295.918553393],[5232016.067283858,5591295.918553393],[5343335.558077131,5591295.918553393],[5454655.048870405,5591295.918553393],[5565974.539663678,5591295.918553393],[5677294.030456952,5591295.918553393],[5788613.521250226,5591295.918553393],[5899933.012043499,5591295.918553393],[6011252.502836772,5591295.918553393],[6122571.993630046,5591295.918553393],[6233891.48442332,5591295.918553393],[6345210.975216594,5591295.918553393],[6456530.466009867,5591295.918553393],[6567849.956803141,5591295.918553393],[6679169.447596414,5591295.918553393],[6790488.938389688,5591295.918553393],[6901808.429182961,5591295.918553393],[7013127.919976234,5591295.918553393],[7124447.410769508,5591295.918553393],[7235766.901562782,5591295.918553393],[7347086.392356056,5591295.918553393],[7458405.88314933,5591295.918553393],[7569725.373942603,5591295.918553393],[7681044.864735875,5591295.918553393],[7792364.355529149,5591295.918553393],[7903683.846322423,5591295.918553393],[8015003.337115697,5591295.918553393],[8126322.82790897,5591295.918553393],[8237642.318702244,5591295.918553393],[8348961.809495518,5591295.918553393],[8460281.300288793,5591295.918553393],[8571600.791082066,5591295.918553393],[8682920.281875338,5591295.918553393],[8794239.772668611,5591295.918553393],[8905559.263461886,5591295.918553393],[9016878.754255159,5591295.918553393],[9128198.245048434,5591295.918553393],[9239517.735841706,5591295.918553393],[9350837.226634981,5591295.918553393],[9462156.717428254,5591295.918553393],[9573476.208221527,5591295.918553393],[9684795.6990148,5591295.918553393],[9796115.189808074,5591295.918553393],[9907434.680601347,5591295.918553393],[10018754.171394622,5591295.918553393],[10130073.662187895,5591295.918553393],[10241393.15298117,5591295.918553393],[10352712.643774442,5591295.918553393],[10464032.134567715,5591295.918553393],[10575351.62536099,5591295.918553393],[10686671.116154263,5591295.918553393],[10797990.606947536,5591295.918553393],[10909310.09774081,5591295.918553393],[11020629.588534083,5591295.918553393],[11131949.079327356,5591295.918553393],[11243268.57012063,5591295.918553393],[11354588.060913904,5591295.918553393],[11465907.551707178,5591295.918553393],[11577227.042500451,5591295.918553393],[11688546.533293726,5591295.918553393],[11799866.024086999,5591295.918553393],[11911185.514880272,5591295.918553393],[12022505.005673544,5591295.918553393],[12133824.49646682,5591295.918553393],[12245143.987260092,5591295.918553393],[12356463.478053367,5591295.918553393],[12467782.96884664,5591295.918553393],[12579102.459639914,5591295.918553393],[12690421.950433187,5591295.918553393],[12801741.44122646,5591295.918553393],[12913060.932019735,5591295.918553393],[13024380.422813008,5591295.918553393],[13135699.913606282,5591295.918553393],[13247019.404399555,5591295.918553393],[13358338.895192828,5591295.918553393],[13469658.385986103,5591295.918553393],[13580977.876779376,5591295.918553393],[13692297.36757265,5591295.918553393],[13803616.858365921,5591295.918553393],[13914936.349159198,5591295.918553393],[14026255.839952469,5591295.918553393],[14137575.330745745,5591295.918553393],[14248894.821539016,5591295.918553393],[14360214.31233229,5591295.918553393],[14471533.803125564,5591295.918553393],[14582853.293918837,5591295.918553393],[14694172.784712112,5591295.918553393],[14805492.275505384,5591295.918553393],[14916811.76629866,5591295.918553393],[15028131.257091932,5591295.918553393],[15139450.747885207,5591295.918553393],[15250770.23867848,5591295.918553393],[15362089.72947175,5591295.918553393],[15473409.220265027,5591295.918553393],[15584728.711058298,5591295.918553393],[15696048.201851575,5591295.918553393],[15807367.692644846,5591295.918553393],[15918687.183438122,5591295.918553393],[16030006.674231393,5591295.918553393],[16141326.16502467,5591295.918553393],[16252645.65581794,5591295.918553393],[16363965.146611214,5591295.918553393],[16475284.637404488,5591295.918553393],[16586604.128197761,5591295.918553393],[16697923.618991036,5591295.918553393],[16809243.10978431,5591295.918553393],[16920562.600577585,5591295.918553393],[17031882.091370855,5591295.918553393],[17143201.58216413,5591295.918553393],[17254521.072957404,5591295.918553393],[17365840.563750677,5591295.918553393],[17477160.05454395,5591295.918553393],[17588479.545337223,5591295.918553393],[17699799.0361305,5591295.918553393],[17811118.526923772,5591295.918553393],[17922438.017717045,5591295.918553393],[18033757.508510318,5591295.918553393],[18145076.999303594,5591295.918553393],[18256396.490096867,5591295.918553393],[18367715.980890136,5591295.918553393],[18479035.471683413,5591295.918553393],[18590354.962476686,5591295.918553393],[18701674.453269962,5591295.918553393],[18812993.94406323,5591295.918553393],[18924313.434856508,5591295.918553393],[19035632.92564978,5591295.918553393],[19146952.416443054,5591295.918553393],[19258271.907236326,5591295.918553393],[19369591.3980296,5591295.918553393],[19480910.888822876,5591295.918553393],[19592230.37961615,5591295.918553393],[19703549.87040942,5591295.918553393],[19814869.361202694,5591295.918553393],[19926188.85199597,5591295.918553393],[20037508.342789244,5591295.918553393]]},"properties":{"type":"parallel","value":45}},
{"type":"Feature","geometry":{"type":"LineString","coordinates":[[-20037508.342789244,8362698.548500749],[-19926188.85199597,8362698.548500749],[-19814869.361202694,8362698.548500749],[-19703549.87040942,8362698.548500749],[-19592230.37961615,8362698.548500749],[-19480910.888822876,8362698.548500749],[-19369591.3980296,8362698.548500749],[-19258271.907236326,8362698.548500749],[-19146952.416443054,8362698.548500749],[-19035632.92564978,8362698.548500749],[-18924313.434856508,8362698.548500749],[-18812993.94406323,8362698.548500749],[-18701674.453269962,8362698.548500749],[-18590354.962476686,8362698.548500749],[-18479035.471683413,8362698.548500749],[-18367715.980890136,8362698.548500749],[-18256396.490096867,8362698.548500749],[-18145076.999303594,8362698.548500749],[-18033757.508510318,8362698.548500749],[-17922438.017717045,8362698.548500749],[-17811118.526923772,8362698.548500749],[-17699799.0361305,8362698.548500749],[-17588479.545337223,8362698.548500749],[-17477160.05454395,8362698.548500749],[-17365840.563750677,8362698.548500749],[-17254521.072957404,8362698.548500749],[-17143201.58216413,8362698.548500749],[-17031882.091370855,8362698.548500749],[-16920562.600577585,8362698.548500749],[-16809243.10978431,8362698.548500749],[-16697923.618991036,8362698.548500749],[-16586604.128197761,8362698.548500749],[-16475284.637404488,8362698.548500749],[-16363965.146611214,8362698.548500749],[-16252645.65581794,8362698.548500749],[-16141326.16502467,8362698.548500749],[-16030006.674231393,8362698.548500749],[-15918687.183438122,8362698.548500749],[-15807367.692644846,8362698.548500749],[-15696048.201851575,8362698.548500749],[-15584728.711058298,8362698.548500749],[-15473409.220265027,8362698.548500749],[-15362089.72947175,8362698.548500749],[-15250770.23867848,8362698.548500749],[-15139450.747885207,8362698.548500749],[-15028131.257091932,8362698.548500749],[-14916811.76629866,8362698.548500749],[-14805492.275505384,8362698.548500749],[-14694172.784712112,8362698.548500749],[-14582853.293918837,8362698.548500749],[-14471533.803125564,8362698.548500749],[-14360214.31233229,8362698.548500749],[-14248894.821539016,8362698.548500749],[-14137575.330745745,8362698.548500749],[-14026255.839952469,8362698.548500749],[-13914936.349159198,8362698.548500749],[-13803616.858365921,8362698.548500749],[-13692297.36757265,8362698.548500749],[-13580977.876779376,8362698.548500749],[-13469658.385986103,8362698.548500749],[-13358338.895192828,8362698.548500749],[-13247019.404399555,8362698.548500749],[-13135699.913606282,8362698.548500749],[-13024380.422813008,8362698.548500749],[-12913060.932019735,8362698.548500749],[-12801741.44122646,8362698.548500749],[-12690421.950433187,8362698.548500749],[-12579102.459639914,8362698.548500749],[-12467782.96884664,8362698.548500749],[-12356463.478053367,8362698.548500749],[-12245143.987260092,8362698.548500749],[-12133824.49646682,8362698.548500749],[-12022505.005673544,8362698.548500749],[-11911185.514880272,8362698.548500749],[-11799866.024086999,8362698.548500749],[-11688546.533293726,8362698.548500749],[-11577227.042500451,8362698.548500749],[-11465907.551707178,8362698.548500749],[-11354588.060913904,8362698.548500749],[-11243268.57012063,8362698.548500749],[-11131949.079327356,8362698.548500749],[-11020629.588534083,8362698.548500749],[-10909310.09774081,8362698.548500749],[-10797990.606947536,8362698.548500749],[-10686671.116154263,8362698.548500749],[-10575351.62536099,8362698.548500749],[-10464032.134567715,8362698.548500749],[-10352712.643774442,8362698.548500749],[-10241393.15298117,8362698.548500749],[-10130073.662187895,8362698.548500749],[-10018754.171394622,8362698.548500749],[-9907434.680601347,8362698.548500749],[-9796115.189808074,8362698.548500749],[-9684795.6990148,8362698.548500749],[-9573476.208221527,8362698.548500749],[-9462156.717428254,8362698.548500749],[-9350837.226634981,8362698.548500749],[-9239517.735841706,8362698.548500749],[-9128198.245048434,8362698.548500749],[-9016878.754255159,8362698.548500749],[-8905559.263461886,8362698.548500749],[-8794239.772668611,8362698.548500749],[-8682920.281875338,8362698.548500749],[-8571600.791082066,8362698.548500749],[-8460281.300288793,8362698.548500749],[-8348961.809495518,8362698.548500749],[-8237642.318702244,8362698.548500749],[-8126322.82790897,8362698.548500749],[-8015003.337115697,8362698.548500749],[-7903683.846322423,8362698.548500749],[-7792364.355529149,8362698.548500749],[-7681044.864735875,8362698.548500749],[-7569725.373942603,8362698.548500749],[-7458405.88314933,8362698.548500749],[-7347086.392356056,8362698.548500749],[-7235766.901562782,8362698.548500749],[-7124447.410769508,8362698.548500749],[-7013127.919976234,8362698.548500749],[-6901808.429182961,8362698.548500749],[-6790488.938389688,8362698.548500749],[-6679169.447596414,8362698.548500749],[-6567849.956803141,8362698.548500749],[-6456530.466009867,8362698.548500749],[-6345210.975216594,8362698.548500749],[-6233891.48442332,8362698.548500749],[-6122571.993630046,8362698.548500749],[-6011252.502836772,8362698.548500749],[-5899933.012043499,8362698.548500749],[-5788613.521250226,8362698.548500749],[-5677294.030456952,8362698.548500749],[-5565974.539663678,8362698.548500749],[-5454655.048870405,8362698.548500749],[-5343335.558077131,8362698.548500749],[-5232016.067283858,8362698.548500749],[-5120696.576490585,8362698.548500749],[-5009377.085697311,8362698.548500749],[-4898057.594904037,8362698.548500749],[-4786738.104110763,8362698.548500749],[-4675418.613317491,8362698.548500749],[-4564099.122524217,8362698.548500749],[-4452779.631730943,8362698.548500749],[-4341460.140937669,8362698.548500749],[-4230140.650144396,8362698.548500749],[-4118821.159351122,8362698.548500749],[-4007501.6685578483,8362698.548500749],[-3896182.1777645745,8362698.548500749],[-3784862.6869713017,8362698.548500749],[-3673543.196178028,8362698.548500749],[-3562223.705384754,8362698.548500749],[-3450904.2145914803,8362698.548500749],[-3339584.723798207,8362698.548500749],[-3228265.2330049337,8362698.548500749],[-3116945.74221166,8362698.548500749],[-3005626.251418386,8362698.548500749],[-2894306.760625113,8362698.548500749],[-2782987.269831839,8362698.548500749],[-2671667.7790385657,8362698.548500749],[-2560348.2882452924,8362698.548500749],[-2449028.7974520186,8362698.548500749],[-2337709.3066587453,8362698.548500749],[-2226389.8158654715,8362698.548500749],[-2115070.325072198,8362698.548500749],[-2003750.8342789242,8362698.548500749],[-1892431.3434856508,8362698.548500749],[-1781111.852692377,8362698.548500749],[-1669792.3618991035,8362698.548500749],[-1558472.87110583,8362698.548500749],[-1447153.3803125564,8362698.548500749],[-1335833.8895192828,8362698.548500749],[-1224514.3987260093,8362698.548500749],[-1113194.9079327357,8362698.548500749],[-1001875.4171394621,8362698.548500749],[-890555.9263461885,8362698.548500749],[-779236.435552915,8362698.548500749],[-667916.9447596414,8362698.548500749],[-556597.4539663679,8362698.548500749],[-445277.96317309426,8362698.548500749],[-333958.4723798207,8362698.548500749],[-222638.98158654713,8362698.548500749],[-111319.49079327357,8362698.548500749],[0,8362698.548500749],[111319.49079327357,8362698.548500749],[222638.98158654713,8362698.548500749],[333958.4723798207,8362698.548500749],[445277.96317309426,8362698.548500749],[556597.4539663679,8362698.548500749],[667916.9447596414,8362698.548500749],[779236.435552915,8362698.548500749],[890555.9263461885,8362698.548500749],[1001875.4171394621,8362698.548500749],[1113194.9079327357,8362698.548500749],[1224514.3987260093,8362698.548500749],[1335833.8895192828,8362698.548500749],[1447153.3803125564,8362698.548500749],[1558472.87110583,8362698.548500749],[1669792.3618991035,8362698.548500749],[1781111.852692377,8362698.548500749],[1892431.3434856508,8362698.548500749],[2003750.8342789242,8362698.548500749],[2115070.325072198,8362698.548500749],[2226389.8158654715,8362698.548500749],[2337709.3066587453,8362698.548500749],[2449028.7974520186,8362698.548500749],[2560348.2882452924,8362698.548500749],[2671667.7790385657,8362698.548500749],[2782987.269831839,8362698.548500749],[2894306.760625113,8362698.548500749],[3005626.251418386,8362698.548500749],[3116945.74221166,8362698.548500749],[3228265.2330049337,8362698.548500749],[3339584.723798207,8362698.548500749],[3450904.2145914803,8362698.548500749],[3562223.705384754,8362698.548500749],[3673543.196178028,8362698.548500749],[3784862.6869713017,8362698.548500749],[3896182.1777645745,8362698.548500749],[4007501.6685578483,8362698.548500749],[4118821.159351122,8362698.548500749],[4230140.650144396,8362698.548500749],[4341460.140937669,8362698.548500749],[4452779.631730943,8362698.548500749],[4564099.122524217,8362698.548500749],[4675418.613317491,8362698.548500749],[4786738.104110763,8362698.548500749],[4898057.594904037,8362698.548500749],[5009377.085697311,8362698.548500749],[5120696.576490585,8362698.548500749],[5232016.067283858,8362698.548500749],[5343335.558077131,8362698.548500749],[5454655.048870405,8362698.548500749],[5565974.539663678,8362698.548500749],[5677294.030456952,8362698.548500749],[5788613.521250226,8362698.548500749],[5899933.012043499,8362698.548500749],[6011252.502836772,8362698.548500749],[6122571.993630046,8362698.548500749],[6233891.48442332,8362698.548500749],[6345210.975216594,8362698.548500749],[6456530.466009867,8362698.548500749],[6567849.956803141,8362698.548500749],[6679169.447596414,8362698.548500749],[6790488.938389688,8362698.548500749],[6901808.429182961,8362698.548500749],[7013127.919976234,8362698.548500749],[7124447.410769508,8362698.548500749],[7235766.901562782,8362698.548500749],[7347086.392356056,8362698.548500749],[7458405.88314933,8362698.548500749],[7569725.373942603,8362698.548500749],[7681044.864735875,8362698.548500749],[7792364.355529149,8362698.548500749],[7903683.846322423,8362698.548500749],[8015003.337115697,8362698.548500749],[8126322.82790897,8362698.548500749],[8237642.318702244,8362698.548500749],[8348961.809495518,8362698.548500749],[8460281.300288793,8362698.548500749],[8571600.791082066,8362698.548500749],[8682920.281875338,8362698.548500749],[8794239.772668611,8362698.548500749],[8905559.263461886,8362698.548500749],[9016878.754255159,8362698.548500749],[9128198.245048434,8362698.548500749],[9239517.735841706,8362698.548500749],[9350837.226634981,8362698.548500749],[9462156.717428254,8362698.548500749],[9573476.208221527,8362698.548500749],[9684795.6990148,8362698.548500749],[9796115.189808074,8362698.548500749],[9907434.680601347,8362698.548500749],[10018754.171394622,8362698.548500749],[10130073.662187895,8362698.548500749],[10241393.15298117,8362698.548500749],[10352712.643774442,8362698.548500749],[10464032.134567715,8362698.548500749],[10575351.62536099,8362698.548500749],[10686671.116154263,8362698.548500749],[10797990.606947536,8362698.548500749],[10909310.09774081,8362698.548500749],[11020629.588534083,8362698.548500749],[11131949.079327356,8362698.548500749],[11243268.57012063,8362698.548500749],[11354588.060913904,8362698.548500749],[11465907.551707178,8362698.548500749],[11577227.042500451,8362698.548500749],[11688546.533293726,8362698.548500749],[11799866.024086999,8362698.548500749],[11911185.514880272,8362698.548500749],[12022505.005673544,8362698.548500749],[12133824.49646682,8362698.548500749],[12245143.987260092,8362698.548500749],[12356463.478053367,8362698.548500749],[12467782.96884664,8362698.548500749],[12579102.459639914,8362698.548500749],[12690421.950433187,8362698.548500749],[12801741.44122646,8362698.548500749],[12913060.932019735,8362698.548500749],[13024380.422813008,8362698.548500749],[13135699.913606282,8362698.548500749],[13247019.404399555,8362698.548500749],[13358338.895192828,8362698.548500749],[13469658.385986103,8362698.548500749],[13580977.876779376,8362698.548500749],[13692297.36757265,8362698.548500749],[13803616.858365921,8362698.548500749],[13914936.349159198,8362698.548500749],[14026255.839952469,8362698.548500749],[14137575.330745745,8362698.548500749],[14248894.821539016,8362698.548500749],[14360214.31233229,8362698.548500749],[14471533.803125564,8362698.548500749],[14582853.293918837,8362698.548500749],[14694172.784712112,8362698.548500749],[14805492.275505384,8362698.548500749],[14916811.76629866,8362698.548500749],[15028131.257091932,8362698.548500749],[15139450.747885207,8362698.548500749],[15250770.23867848,8362698.548500749],[15362089.72947175,8362698.548500749],[15473409.220265027,8362698.548500749],[15584728.711058298,8362698.548500749],[15696048.201851575,8362698.548500749],[15807367.692644846,8362698.548500749],[15918687.183438122,8362698.548500749],[16030006.674231393,8362698.548500749],[16141326.16502467,8362698.548500749],[16252645.65581794,8362698.548500749],[16363965.146611214,8362698.548500749],[16475284.637404488,8362698.548500749],[16586604.128197761,8362698.548500749],[16697923.618991036,8362698.548500749],[16809243.10978431,8362698.548500749],[16920562.600577585,8362698.548500749],[17031882.091370855,8362698.548500749],[17143201.58216413,8362698.548500749],[17254521.072957404,8362698.548500749],[17365840.563750677,8362698.548500749],[17477160.05454395,8362698.548500749],[17588479.545337223,8362698.548500749],[17699799.0361305,8362698.548500749],[17811118.526923772,8362698.548500749],[17922438.017717045,8362698.548500749],[18033757.508510318,8362698.548500749],[18145076.999303594,8362698.548500749],[18256396.490096867,8362698.548500749],[18367715.980890136,8362698.548500749],[18479035.471683413,8362698.548500749],[18590354.962476686,8362698.548500749],[18701674.453269962,8362698.548500749],[18812993.94406323,8362698.548500749],[18924313.434856508,8362698.548500749],[19035632.92564978,8362698.548500749],[19146952.416443054,8362698.548500749],[19258271.907236326,8362698.548500749],[19369591.3980296,8362698.548500749],[19480910.888822876,8362698.548500749],[19592230.37961615,8362698.548500749],[19703549.87040942,8362698.548500749],[19814869.361202694,8362698.548500749],[19926188.85199597,8362698.548500749],[20037508.342789244,8362698.548500749]]},"properties":{"type":"parallel","value":60}},
{"type":"Feature","geometry":{"type":"LineString","coordinates":[[-20037508.342789244,12890914.137293592],[-19926188.85199597,12890914.137293592],[-19814869.361202694,12890914.137293592],[-19703549.87040942,12890914.137293592],[-19592230.37961615,12890914.137293592],[-19480910.888822876,12890914.137293592],[-19369591.3980296,12890914.137293592],[-19258271.907236326,12890914.137293592],[-19146952.416443054,12890914.137293592],[-19035632.92564978,12890914.137293592],[-18924313.434856508,12890914.137293592],[-18812993.94406323,12890914.137293592],[-18701674.453269962,12890914.137293592],[-18590354.962476686,12890914.137293592],[-18479035.471683413,12890914.137293592],[-18367715.980890136,12890914.137293592],[-18256396.490096867,12890914.137293592],[-18145076.999303594,12890914.137293592],[-18033757.508510318,12890914.137293592],[-17922438.017717045,12890914.137293592],[-17811118.526923772,12890914.137293592],[-17699799.0361305,12890914.137293592],[-17588479.545337223,12890914.137293592],[-17477160.05454395,12890914.137293592],[-17365840.563750677,12890914.137293592],[-17254521.072957404,12890914.137293592],[-17143201.58216413,12890914.137293592],[-17031882.091370855,12890914.137293592],[-16920562.600577585,12890914.137293592],[-16809243.10978431,12890914.137293592],[-16697923.618991036,12890914.137293592],[-16586604.128197761,12890914.137293592],[-16475284.637404488,12890914.137293592],[-16363965.146611214,12890914.137293592],[-16252645.65581794,12890914.137293592],[-16141326.16502467,12890914.137293592],[-16030006.674231393,12890914.137293592],[-15918687.183438122,12890914.137293592],[-15807367.692644846,12890914.137293592],[-15696048.201851575,12890914.137293592],[-15584728.711058298,12890914.137293592],[-15473409.220265027,12890914.137293592],[-15362089.72947175,12890914.137293592],[-15250770.23867848,12890914.137293592],[-15139450.747885207,12890914.137293592],[-15028131.257091932,12890914.137293592],[-14916811.76629866,12890914.137293592],[-14805492.275505384,12890914.137293592],[-14694172.784712112,12890914.137293592],[-14582853.293918837,12890914.137293592],[-14471533.803125564,12890914.137293592],[-14360214.31233229,12890914.137293592],[-14248894.821539016,12890914.137293592],[-14137575.330745745,12890914.137293592],[-14026255.839952469,12890914.137293592],[-13914936.349159198,12890914.137293592],[-13803616.858365921,12890914.137293592],[-13692297.36757265,12890914.137293592],[-13580977.876779376,12890914.137293592],[-13469658.385986103,12890914.137293592],[-13358338.895192828,12890914.137293592],[-13247019.404399555,12890914.137293592],[-13135699.913606282,12890914.137293592],[-13024380.422813008,12890914.137293592],[-12913060.932019735,12890914.137293592],[-12801741.44122646,12890914.137293592],[-12690421.950433187,12890914.137293592],[-12579102.459639914,12890914.137293592],[-12467782.96884664,12890914.137293592],[-12356463.478053367,12890914.137293592],[-12245143.987260092,12890914.137293592],[-12133824.49646682,12890914.137293592],[-12022505.005673544,12890914.137293592],[-11911185.514880272,12890914.137293592],[-11799866.024086999,12890914.137293592],[-11688546.533293726,12890914.137293592],[-11577227.042500451,12890914.137293592],[-11465907.551707178,12890914.137293592],[-11354588.060913904,12890914.137293592],[-11243268.57012063,12890914.137293592],[-11131949.079327356,12890914.137293592],[-11020629.588534083,12890914.137293592],[-10909310.09774081,12890914.137293592],[-10797990.606947536,12890914.137293592],[-10686671.116154263,12890914.137293592],[-10575351.62536099,12890914.137293592],[-10464032.134567715,12890914.137293592],[-10352712.643774442,12890914.137293592],[-10241393.15298117,12890914.137293592],[-10130073.662187895,12890914.137293592],[-10018754.171394622,12890914.137293592],[-9907434.680601347,12890914.137293592],[-9796115.189808074,12890914.137293592],[-9684795.6990148,12890914.137293592],[-9573476.208221527,12890914.137293592],[-9462156.717428254,12890914.137293592],[-9350837.226634981,12890914.137293592],[-9239517.735841706,12890914.137293592],[-9128198.245048434,12890914.137293592],[-9016878.754255159,12890914.137293592],[-8905559.263461886,12890914.137293592],[-8794239.772668611,12890914.137293592],[-8682920.281875338,12890914.137293592],[-8571600.791082066,12890914.137293592],[-8460281.300288793,12890914.137293592],[-8348961.809495518,12890914.137293592],[-8237642.318702244,12890914.137293592],[-8126322.82790897,12890914.137293592],[-8015003.337115697,12890914.137293592],[-7903683.846322423,12890914.137293592],[-7792364.355529149,12890914.137293592],[-7681044.864735875,12890914.137293592],[-7569725.373942603,12890914.137293592],[-7458405.88314933,12890914.137293592],[-7347086.392356056,12890914.137293592],[-7235766.901562782,12890914.137293592],[-7124447.410769508,12890914.137293592],[-7013127.919976234,12890914.137293592],[-6901808.429182961,12890914.137293592],[-6790488.938389688,12890914.137293592],[-6679169.447596414,12890914.137293592],[-6567849.956803141,12890914.137293592],[-6456530.466009867,12890914.137293592],[-6345210.975216594,12890914.137293592],[-6233891.48442332,12890914.137293592],[-6122571.993630046,12890914.137293592],[-6011252.502836772,12890914.137293592],[-5899933.012043499,12890914.137293592],[-5788613.521250226,12890914.137293592],[-5677294.030456952,12890914.137293592],[-5565974.539663678,12890914.137293592],[-5454655.048870405,12890914.137293592],[-5343335.558077131,12890914.137293592],[-5232016.067283858,12890914.137293592],[-5120696.576490585,12890914.137293592],[-5009377.085697311,12890914.137293592],[-4898057.594904037,12890914.137293592],[-4786738.104110763,12890914.137293592],[-4675418.613317491,12890914.137293592],[-4564099.122524217,12890914.137293592],[-4452779.631730943,12890914.137293592],[-4341460.140937669,12890914.137293592],[-4230140.650144396,12890914.137293592],[-4118821.159351122,12890914.137293592],[-4007501.6685578483,12890914.137293592],[-3896182.1777645745,12890914.137293592],[-3784862.6869713017,12890914.137293592],[-3673543.196178028,12890914.137293592],[-3562223.705384754,12890914.137293592],[-3450904.2145914803,12890914.137293592],[-3339584.723798207,12890914.137293592],[-3228265.2330049337,12890914.137293592],[-3116945.74221166,12890914.137293592],[-3005626.251418386,12890914.137293592],[-2894306.760625113,12890914.137293592],[-2782987.269831839,12890914.137293592],[-2671667.7790385657,12890914.137293592],[-2560348.2882452924,12890914.137293592],[-2449028.7974520186,12890914.137293592],[-2337709.3066587453,12890914.137293592],[-2226389.8158654715,12890914.137293592],[-2115070.325072198,12890914.137293592],[-2003750.8342789242,12890914.137293592],[-1892431.3434856508,12890914.137293592],[-1781111.852692377,12890914.137293592],[-1669792.3618991035,12890914.137293592],[-1558472.87110583,12890914.137293592],[-1447153.3803125564,12890914.137293592],[-1335833.8895192828,12890914.137293592],[-1224514.3987260093,12890914.137293592],[-1113194.9079327357,12890914.137293592],[-1001875.4171394621,12890914.137293592],[-890555.9263461885,12890914.137293592],[-779236.435552915,12890914.137293592],[-667916.9447596414,12890914.137293592],[-556597.4539663679,12890914.137293592],[-445277.96317309426,12890914.137293592],[-333958.4723798207,12890914.137293592],[-222638.98158654713,12890914.137293592],[-111319.49079327357,12890914.137293592],[0,12890914.137293592],[111319.49079327357,12890914.137293592],[222638.98158654713,12890914.137293592],[333958.4723798207,12890914.137293592],[445277.96317309426,12890914.137293592],[556597.4539663679,12890914.137293592],[667916.9447596414,12890914.137293592],[779236.435552915,12890914.137293592],[890555.9263461885,12890914.137293592],[1001875.4171394621,12890914.137293592],[1113194.9079327357,12890914.137293592],[1224514.3987260093,12890914.137293592],[1335833.8895192828,12890914.137293592],[1447153.3803125564,12890914.137293592],[1558472.87110583,12890914.137293592],[1669792.3618991035,12890914.137293592],[1781111.852692377,12890914.137293592],[1892431.3434856508,12890914.137293592],[2003750.8342789242,12890914.137293592],[2115070.325072198,12890914.137293592],[2226389.8158654715,12890914.137293592],[2337709.3066587453,12890914.137293592],[2449028.7974520186,12890914.137293592],[2560348.2882452924,12890914.137293592],[2671667.7790385657,12890914.137293592],[2782987.269831839,12890914.137293592],[2894306.760625113,12890914.137293592],[3005626.251418386,12890914.137293592],[3116945.74221166,12890914.137293592],[3228265.2330049337,12890914.137293592],[3339584.723798207,12890914.137293592],[3450904.2145914803,12890914.137293592],[3562223.705384754,12890914.137293592],[3673543.196178028,12890914.137293592],[3784862.6869713017,12890914.137293592],[3896182.1777645745,12890914.137293592],[4007501.6685578483,12890914.137293592],[4118821.159351122,12890914.137293592],[4230140.650144396,12890914.137293592],[4341460.140937669,12890914.137293592],[4452779.631730943,12890914.137293592],[4564099.122524217,12890914.137293592],[4675418.613317491,12890914.137293592],[4786738.104110763,12890914.137293592],[4898057.594904037,12890914.137293592],[5009377.085697311,12890914.137293592],[5120696.576490585,12890914.137293592],[5232016.067283858,12890914.137293592],[5343335.558077131,12890914.137293592],[5454655.048870405,12890914.137293592],[5565974.539663678,12890914.137293592],[5677294.030456952,12890914.137293592],[5788613.521250226,12890914.137293592],[5899933.012043499,12890914.137293592],[6011252.502836772,12890914.137293592],[6122571.993630046,12890914.137293592],[6233891.48442332,12890914.137293592],[6345210.975216594,12890914.137293592],[6456530.466009867,12890914.137293592],[6567849.956803141,12890914.137293592],[6679169.447596414,12890914.137293592],[6790488.938389688,12890914.137293592],[6901808.429182961,12890914.137293592],[7013127.919976234,12890914.137293592],[7124447.410769508,12890914.137293592],[7235766.901562782,12890914.137293592],[7347086.392356056,12890914.137293592],[7458405.88314933,12890914.137293592],[7569725.373942603,12890914.137293592],[7681044.864735875,12890914.137293592],[7792364.355529149,12890914.137293592],[7903683.846322423,12890914.137293592],[8015003.337115697,12890914.137293592],[8126322.82790897,12890914.137293592],[8237642.318702244,12890914.137293592],[8348961.809495518,12890914.137293592],[8460281.300288793,12890914.137293592],[8571600.791082066,12890914.137293592],[8682920.281875338,12890914.137293592],[8794239.772668611,12890914.137293592],[8905559.263461886,12890914.137293592],[9016878.754255159,12890914.137293592],[9128198.245048434,12890914.137293592],[9239517.735841706,12890914.137293592],[9350837.226634981,12890914.137293592],[9462156.717428254,12890914.137293592],[9573476.208221527,12890914.137293592],[9684795.6990148,12890914.137293592],[9796115.189808074,12890914.137293592],[9907434.680601347,12890914.137293592],[10018754.171394622,12890914.137293592],[10130073.662187895,12890914.137293592],[10241393.15298117,12890914.137293592],[10352712.643774442,12890914.137293592],[10464032.134567715,12890914.137293592],[10575351.62536099,12890914.137293592],[10686671.116154263,12890914.137293592],[10797990.606947536,12890914.137293592],[10909310.09774081,12890914.137293592],[11020629.588534083,12890914.137293592],[11131949.079327356,12890914.137293592],[11243268.57012063,12890914.137293592],[11354588.060913904,12890914.137293592],[11465907.551707178,12890914.137293592],[11577227.042500451,12890914.137293592],[11688546.533293726,12890914.137293592],[11799866.024086999,12890914.137293592],[11911185.514880272,12890914.137293592],[12022505.005673544,12890914.137293592],[12133824.49646682,12890914.137293592],[12245143.987260092,12890914.137293592],[12356463.478053367,12890914.137293592],[12467782.96884664,12890914.137293592],[12579102.459639914,12890914.137293592],[12690421.950433187,12890914.137293592],[12801741.44122646,12890914.137293592],[12913060.932019735,12890914.137293592],[13024380.422813008,12890914.137293592],[13135699.913606282,12890914.137293592],[13247019.404399555,12890914.137293592],[13358338.895192828,12890914.137293592],[13469658.385986103,12890914.137293592],[13580977.876779376,12890914.137293592],[13692297.36757265,12890914.137293592],[13803616.858365921,12890914.137293592],[13914936.349159198,12890914.137293592],[14026255.839952469,12890914.137293592],[14137575.330745745,12890914.137293592],[14248894.821539016,12890914.137293592],[14360214.31233229,12890914.137293592],[14471533.803125564,12890914.137293592],[14582853.293918837,12890914.137293592],[14694172.784712112,12890914.137293592],[14805492.275505384,12890914.137293592],[14916811.76629866,12890914.137293592],[15028131.257091932,12890914.137293592],[15139450.747885207,12890914.137293592],[15250770.23867848,12890914.137293592],[15362089.72947175,12890914.137293592],[15473409.220265027,12890914.137293592],[15584728.711058298,12890914.137293592],[15696048.201851575,12890914.137293592],[15807367.692644846,12890914.137293592],[15918687.183438122,12890914.137293592],[16030006.674231393,12890914.137293592],[16141326.16502467,12890914.137293592],[16252645.65581794,12890914.137293592],[16363965.146611214,12890914.137293592],[16475284.637404488,12890914.137293592],[16586604.128197761,12890914.137293592],[16697923.618991036,12890914.137293592],[16809243.10978431,12890914.137293592],[16920562.600577585,12890914.137293592],[17031882.091370855,12890914.137293592],[17143201.58216413,12890914.137293592],[17254521.072957404,12890914.137293592],[17365840.563750677,12890914.137293592],[17477160.05454395,12890914.137293592],[17588479.545337223,12890914.137293592],[17699799.0361305,12890914.137293592],[17811118.526923772,12890914.137293592],[17922438.017717045,12890914.137293592],[18033757.508510318,12890914.137293592],[18145076.999303594,12890914.137293592],[18256396.490096867,12890914.137293592],[18367715.980890136,12890914.137293592],[18479035.471683413,12890914.137293592],[18590354.962476686,12890914.137293592],[18701674.453269962,12890914.137293592],[18812993.94406323,12890914.137293592],[18924313.434856508,12890914.137293592],[19035632.92564978,12890914.137293592],[19146952.416443054,12890914.137293592],[19258271.907236326,12890914.137293592],[19369591.3980296,12890914.137293592],[19480910.888822876,12890914.137293592],[19592230.37961615,12890914.137293592],[19703549.87040942,12890914.137293592],[19814869.361202694,12890914.137293592],[19926188.85199597,12890914.137293592],[20037508.342789244,12890914.137293592]]},"properties":{"type":"parallel","value":75}}
]}