{"type":"FeatureCollection", "features": [
{"type":"Feature","geometry":{"type":"MultiLineString","coordinates":[[[17986413.331285167,-4591085.108745151],[17944591.71134808,-4699814.597959554],[17902701.56450011,-4808145.921737668],[17860752.39910857,-4916087.97451192],[17818753.88146069,-5023650.173901894],[17776715.82235388,-5130842.430181642],[17734648.162968945,-5237675.115492632],[17692560.960085865,-5344159.033038017],[17650464.370707415,-5450305.3864809135],[17621671.23494062,-5522718.357640483],[17608373.59242974,-5556323.931426331],[17566365.65335105,-5662376.052948103],[17524460.44012271,-5768013.744842419],[17482654.015173167,-5873262.808685645],[17440943.048701167,-5978148.298062779],[17399324.837448392,-6082694.5427269535],[17357797.324625965,-6186925.172015005],[17316359.120899033,-6290863.1376524335],[17275009.52631441,-6394530.736081257],[17233748.553035654,-6497949.630443995],[17192576.948726345,-6601140.872356031],[17151496.220397253,-6704124.923596578],[17110508.6585052,-6806921.677845399],[17069617.361062016,-6909550.482587732],[17028826.257480584,-7012030.161303322],[16988140.131851807,-7114379.036046893],[16947564.64531245,-7216614.950516342],[16907106.35712887,-7318755.293690909],[16866772.7440868,-7420817.024104687],[16826572.217743438,-7522816.694800388],[16786514.139065333,-7624770.478984263],[16746608.829946078,-7726694.196375127],[16706867.581071584,-7828603.340208772],[16667302.65558033,-7930513.1048233025],[16627927.287951674,-8032438.413711513],[16588755.677549616,-8134393.947883743],[16549802.976253407,-8236394.174338783],[16511085.26962184,-8338453.374392628],[16472619.551066296,-8440585.671565853],[16434423.688550819,-8542805.058681266],[16396516.383395571,-8645125.423775855],[16358917.120835278,-8747560.574386803],[16321646.112076458,-8850124.259731712],[16284724.227705928,-8952830.190271094],[16248172.922429489,-9055692.054118194],[16218654.417303137,-9139702.223541161]],[[-2082563.1346118879,-9139701.819474988],[-2075928.727702187,-9120697.276574675],[-2040184.8538691772,-9017482.511850731],[-2004878.5488919578,-8914070.77819669],[-1970032.6854205716,-8810448.39480641],[-1935670.2236324511,-8706601.6871633],[-1901814.092139227,-8602517.00035846],[-1868487.0645244177,-8498180.71873963],[-1835711.6327840616,-8393579.292050587],[-1803509.8790746618,-8288699.268091955],[-1771903.347280844,-8183527.331791755],[-1740912.9159937757,-8078050.35041949],[-1710558.6745359728,-7972255.424516423],[-1680859.8036757573,-7866129.943950888],[-1651834.4626430264,-7759661.648346528],[-1623499.6839868682,-7652838.690979289],[-1595871.2777051614,-7545649.705100628],[-1568963.7459299506,-7438083.871526114],[-1542790.2092732408,-7330130.986234503],[-1517362.3457317043,-7221781.526657356],[-1492690.3428214975,-7113026.715306008],[-1468782.863373562,-7003858.57938377],[-1445647.0251726166,-6894270.0050671315],[-1423288.3943771636,-6784254.7852102425],[-1401710.9924210403,-6673807.659329742],[-1380917.3158756548,-6562924.344860145],[-1360908.3685520608,-6451601.558827733],[-1341683.7049485256,-6339837.029270224],[-1323241.484005301,-6227629.495922988],[-1305578.5320165048,-6114978.699895548],[-1288690.4134701318,-6001885.36226784],[-1272571.5085407253,-5888351.151738157],[-1257215.0959442442,-5774378.641648845],[-1242613.4398778914,-5659971.256895825],[-1228757.8798071663,-5545133.211390239],[-1215638.9219232635,-5429869.436881257],[-1203246.3311735282,-5314185.504065474],[-1191569.2228606434,-5198087.5369993765],[-1180596.1529097636,-5081582.1218957845],[-1170315.2060122557,-4964676.211423302],[-1160714.0809669574,-4847377.025640711],[-1151780.1726520339,-4729691.950687282],[-1143500.6501694685,-4611628.436317156],[-1135862.5308083075,-4493193.893314466],[-1130665.5798289422,-4406183.9639952695],[-1131368.415121007,-4372956.913207293],[-1134473.575288474,-4248609.79562098],[-1138299.584788576,-4124216.561381956],[-1142807.7243889004,-3999786.19013588],[-1147960.238471678,-3875325.1999296485],[-1153720.4428549418,-3750837.7500110473],[-1160052.8114726108,-3626325.740643131],[-1166923.0435916155,-3501788.909339244],[-1174298.1133218147,-3377224.923067323],[-1182146.3031961115,-3252629.4660892505],[-1190437.223575568,-3127996.3231970915],[-1199141.8195771025,-3003317.4581849114],[-1208232.3671387266,-2878583.087456818],[-1217682.4597366487,-2753781.7487199553],[-1227466.9871566284,-2628900.364749162],[-1237562.107603309,-2503924.3022385975],[-1247945.2143108705,-2378837.425777194],[-1258594.897698972,-2253622.1470004213],[-1269490.9040019424,-2128259.468981564],[-1280614.091188818,-2002729.0259327563],[-1291946.382887979,-1877009.1182896856],[-1300357.0442787053,-1784927.7174587802],[-1303069.9632956106,-1750875.769826103],[-1313149.192276771,-1624400.9302488524],[-1323201.562196152,-1498322.4726967767],[-1333233.1959048472,-1372564.0956542252],[-1343250.1583598088,-1247050.3483755963],[-1353258.4706610842,-1121706.4547610334],[-1363264.123752788,-996458.1415094946],[-1373273.0918403289,-871231.4697885694],[-1383291.3455711794,-745952.6697076043],[-1393324.8650204577,-620547.976924874],[-1403379.6525169755,-494943.4707619248],[-1413461.7453380015,-369064.9132396971],[-1423577.2282937197,-242837.5884935931],[-1433732.246213116,-116186.1420692769],[-1443933.0163320033,10965.580350006154],[-1454185.8405708887,138694.69517824493],[-1464497.1176739067,267079.4444524603],[-1474873.3551597202,396199.36090071476],[-1485321.1810098565,526135.4347087372],[-1495847.3549874958,656970.2820245454],[-1506458.7794389268,788788.3150938072],[-1517162.5093774006,921675.9137343701],[-1527965.7615821941,1055721.5976250048],[-1538875.9223595457,1191016.1985867887],[-1549900.5535006442,1327653.0316579973],[-1561047.3958279977,1465728.0632807747],[-1572324.369533397,1605340.0743003234],[-1583739.570265986,1746590.8146848776],[-1595301.2596066003,1889585.1458561744],[-1607017.8481404572,2034431.1652067082],[-1618897.86877712,2181240.3056832696],[-1630949.937216932,2330127.4011165462],[-1643182.6954571917,2481210.705117374],[-1655604.7328753064,2634611.8476298605],[-1668224.4775845057,2790455.708348281],[-1681050.048240473,2948870.179787063],[-1694089.0530113098,3109985.7843250916],[-1707348.3176140862,3273935.0983270262],[-1720833.5175962122,3440851.9215183067],[-1734548.680556199,3610870.109851467],[-1748495.510511049,3784121.963360924],[-1762672.467266143,3960736.02451702],[-1777073.5056319295,4140834.094029024],[-1791686.3384221185,4324527.205416773],[-1806490.0269066552,4511910.211007755],[-1821451.6129078942,4703054.512645217],[-1836521.3729231455,4897998.311001697],[-1851626.073556999,5096733.538011929],[-1866659.304700892,5299188.370172886],[-1881467.5122398164,5505203.89987473],[-1895829.6774763376,5714503.201662277],[-1909427.6163587742,5926650.777783093],[-1921802.5431507982,6141000.470180628],[-1932291.9477872548,6356630.973973495],[-1939939.5173255436,6572271.248211352],[-1943371.5092446127,6786225.398047705],[-1940639.89508237,6996320.596037807],[-1929054.020613854,7199923.227283195],[-1905069.2830792635,7394089.833454376],[-1864372.87420791,7575912.393981101],[-1802355.4092484761,7743035.699491499],[-1715062.2106789919,7894163.220373232],[-1600385.0909738832,8029263.1295443],[-1586188.5618162714,8043092.889826781],[-1446142.99090123,8140300.566871037],[-1269507.9686597337,8235182.4986675605],[-1077097.3508826124,8318334.492063812],[-873602.0501979939,8392761.637113774],[-663033.2671254855,8460754.224461017],[-448584.5608048788,8523940.651209395],[-232679.34658957247,8583440.575971698],[-17095.256690485483,8640016.487805653],[196898.33082026558,8694191.24815432],[408417.87889532733,8746330.194614917]]]},"properties":{"type":"meridian","value":-180}},
{"type":"Feature","geometry":{"type":"MultiLineString","coordinates":[[[17986413.331285167,-4591085.108745151],[17914006.00183251,-4686151.463395618],[17841470.427707307,-4780944.426461871],[17768822.938715737,-4875478.121485187],[17696079.597587414,-4969767.272562493],[17623256.178946793,-5063827.147654426],[17621671.23494062,-5065870.856375831],[17550537.34671953,-5159199.407226422],[17478094.968839332,-5254159.352276004],[17405902.590223446,-5348709.6265549045],[17333934.640958186,-5442888.658181094],[17262166.517328404,-5536733.867771841],[17190574.581758924,-5630281.715721522],[17119136.168920115,-5723567.745479198],[17047829.598229844,-5816626.623004886],[16976634.193021253,-5909492.172575367],[16905530.306682907,-6002197.409105233],[16834499.35611351,-6094774.567147855],[16763523.862868547,-6187255.126743642],[16692587.502408128,-6279669.836290112],[16621675.16188526,-6372048.732620423],[16550773.00693856,-6464421.158493864],[16479868.55797335,-6556815.777725131],[16408950.776426816,-6649260.58820811],[16338010.16151539,-6741782.933125794],[16267038.857952325,-6834409.510681211],[16196030.775097834,-6927166.38273484],[16124981.717958942,-7020078.982792312],[16053889.530387638,-7113172.123852832],[15982754.250727823,-7206470.006702316],[15911578.280029463,-7299996.229316224],[15840366.562774783,-7393773.798123218],[15769126.779839495,-7487825.141970834],[15697869.553134417,-7582172.129724883],[15626608.661031255,-7676836.092521439],[15555361.26326285,-7771837.851768647],[15484148.133495074,-7867197.754057758],[15412993.897188762,-7962935.714180048],[15341927.271700187,-8059071.267447421],[15270981.304806925,-8155623.632466182],[15200193.606994228,-8252611.785400163],[15129606.5719043,-8350054.546563871],[15059267.578353211,-8447970.679889113],[14989229.16628357,-8546379.005390758],[14919549.177982356,-8645298.52419926],[14850290.854904836,-8744748.555014206],[14781522.879571196,-8844748.879952395],[14713319.351325495,-8945319.896714818],[14645759.684360169,-9046482.772788381],[14584499.016331911,-9139706.166526744]],[[-448407.70029726217,-9139705.599121798],[-442842.99286530167,-9131161.210266825],[-376829.4935903514,-9028747.291548753],[-311727.56254825654,-8925671.947918514],[-247634.90898272174,-8821909.576834038],[-184652.50788105594,-8717433.250764543],[-122883.83053176533,-8612214.717009768],[-62433.95203777946,-8506224.461280435],[-3408.5432760899716,-8399431.846643012],[54087.23965900864,-8291805.338159904],[109949.9496905723,-8183312.821323151],[164079.10212873647,-8073922.019129394],[216378.45743779003,-7963601.008401029],[266757.2994194587,-7852318.830851351],[315131.6719694872,-7740046.188659052],[361425.5364522005,-7626756.208306729],[405571.8126285527,-7512425.250587033],[447513.2690703516,-7397033.739480566],[487203.2340137261,-7280566.978561376],[524606.1043837863,-7163015.921139465],[559697.6388221844,-7044377.859848342],[592465.0294107792,-6924657.003018854],[622906.7557783803,-6803864.908948959],[651032.2337786454,-6682020.754885683],[676861.2783754835,-6559151.42480096],[700423.4063323346,-6435291.408341477],[721757.0084935622,-6310482.512050675],[740908.4237629073,-6184773.392461089],[757930.947379642,-6058218.928342907],[772883.8049591539,-5930879.455775416],[785831.1212902648,-5802819.894429154],[796840.9094111526,-5674108.796319158],[805984.1013795792,-5544817.349289389],[807220.873280746,-5525023.229357084],[804574.6359201451,-5410174.790383569],[799737.5802632443,-5274681.793504715],[793173.6546034315,-5139322.303999719],[785014.2653903607,-5004161.813665022],[775385.6588199713,-4869258.301958168],[764408.2238467912,-4734662.552527899],[752196.0048032308,-4600418.486284779],[738856.3962265763,-4466563.504668094],[724489.9922623928,-4333128.837895663],[709190.5640827338,-4200139.893860016],[693045.1406928624,-4067616.6040322343],[676134.1709488756,-3935573.7633087533],[658531.7472965672,-3804021.361227189],[640305.8744679069,-3672964.9024096257],[621518.7689975008,-3542405.714481952],[602227.177857589,-3412341.242073141],[582482.7067065636,-3282765.3258228335],[562332.1501801024,-3153668.4656200623],[541817.8183245383,-3025038.0675601354],[520977.85468965955,-2896858.6743403585],[499846.542782335,-2769112.179018375],[478454.5985574467,-2641778.022229806],[456829.44741328096,-2514833.37310571],[434995.484790219,-2388253.294246915],[412974.3199684523,-2262010.8912032424],[390785.0030440956,-2136077.446973727],[368444.23535240174,-2010422.5420914125],[345966.5638202332,-1885014.1608857117],[323364.5598804497,-1759818.7845291814],[300648.9836823337,-1634801.4714762531],[277828.93439423066,-1509925.9258910306],[254911.98742556607,-1385154.5546417863],[231904.31940421934,-1260448.513412762],[208810.82173451682,-1135767.7424514524],[185635.20353938124,-1011070.9924317088],[171491.626154864,-935155.49137757],[162457.09257748665,-886292.9460578508],[139383.15684877557,-761525.590672706],[116310.65792276557,-636803.2845114394],[93226.46155257315,-512054.5654024241],[70117.46886585829,-387208.13132675574],[46970.59302706711,-262192.69721218414],[23772.736937012807,-136936.85455800718],[510.7720252552237,-11368.933621213204],[-22828.481772444688,114583.13202358918],[-46258.274716603446,240991.93864506818],[-69791.94445928694,367930.7432250861],[-93442.93148325461,495473.59190158587],[-117224.79245997049,623695.445701528],[-141151.2111093454,752672.3031058412],[-165236.0060303185,882481.3187771398],[-189493.13483122646,1013200.9175253761],[-213936.69371520556,1144910.9022748736],[-238580.91145985058,1277692.5544149189],[-263440.13646030973,1411628.7244480103],[-288528.8151669263,1546803.910273096],[-313861.4598228728,1683304.3197292837],[-339452.6028703516,1821217.9131441338],[-365316.7347128057,1960634.4205378352],[-391468.22065528086,2101645.326776185],[-417921.1917388987,2244343.8162743566],[-444689.40276855644,2388824.666744632],[-471786.04900832777,2535184.078847636],[-499223.53066145076,2683519.4253127878],[-527013.1511922285,2833928.8989708573],[-555164.7315604927,2986511.0339767872],[-583686.1172230617,3141364.0680311723],[-612582.5479061196,3298585.105309434],[-641855.851120286,3458269.0296842046],[-671503.4084440387,3620507.105213133],[-701516.8277546682,3785385.1852266374],[-731880.2335248255,3952981.432117404],[-762568.0592857165,4123363.426564493],[-793542.1891168696,4296584.51705769],[-824748.2456762622,4472679.228320076],[-856110.7573350915,4651657.511639196],[-887526.8525175746,4833497.584188444],[-918858.0217413206,5018137.07459627],[-949919.3554842836,5205462.180774235],[-980465.5130221674,5395294.57583594],[-1010172.5213349108,5587375.907058554],[-1038614.3894868253,5781349.982350562],[-1065233.551396976,5976743.218633862],[-1089304.5119781364,6172944.753518516],[-1109891.1117488046,6369188.910400215],[-1125800.0859165546,6564544.483317248],[-1135537.784651575,6757917.318390915],[-1137283.6222775627,6948074.078166576],[-1128902.6260493023,7133694.201130628],[-1108027.3133558347,7313451.675762033],[-1072238.5306682053,7486117.267915556],[-1019354.6183311281,7650658.6377140805],[-997724.0248868314,7703342.731022015],[-938108.4754874903,7799995.92228596],[-834479.0021693116,7935291.978695318],[-714637.5507300746,8060124.634601045],[-580317.4085515813,8175752.72830558],[-433653.9549105423,8283587.726142768],[-276944.94420660584,8384982.108010053],[-112445.749940797,8481107.99057352],[57772.6780359672,8572914.755738515],[231901.1354833619,8661137.568035899],[408417.87889532733,8746330.194614917]]]},"properties":{"type":"meridian","value":-165}},
{"type":"Feature","geometry":{"type":"MultiLineString","coordinates":[[[17986413.331285167,-4591085.108745151],[17888325.20095519,-4665999.898998184],[17789991.068593223,-4740767.551021072],[17691421.179942466,-4815409.907658447],[17621671.23494062,-4868061.113247709],[17592656.073907968,-4890728.964076971],[17494198.21245636,-4967631.170011069],[17396177.672318745,-5044165.5175509155],[17298539.857194576,-5120375.093095347],[17201231.28459541,-5196302.105055554],[17104199.483630463,-5271987.970484667],[17007392.899681196,-5347473.39701274],[16910760.805767715,-5422798.460383914],[16814253.220492985,-5498002.67784866],[16717820.832538702,-5573125.077621322],[16621414.9317791,-5648204.264571388],[16524987.34717977,-5723278.482274682],[16428490.391757974,-5798385.671508515],[16331876.815002337,-5873563.52523127],[16235099.763286,-5948849.540042311],[16138112.74896027,-6024281.064071559],[16040869.628990263,-6099895.3411992],[15943324.594193589,-6175729.551454647],[15845432.170371927,-6251820.847389938],[15747147.2328901,-6328206.386165457],[15648425.036563355,-6404923.357026265],[15549221.263068425,-6482009.00378503],[15449492.088506877,-6559500.641863806],[15349194.274229283,-6637435.669382814],[15248285.284587026,-6715851.571722341],[15146723.435928779,-6794785.918926787],[15044468.08191414,-6874276.355272777],[14941479.841093643,-6954360.5802921625],[14837720.87372065,-7035076.320535527],[14733155.215932777,-7116461.291394471],[14627749.180788727,-7198553.148388685],[14521471.837186925,-7281389.427490142],[14414295.57943881,-7365007.474330952],[14306196.80223058,-7449444.362565131],[14197156.697876774,-7534736.802278224],[14087162.19512543,-7620921.04023109],[13976207.061263481,-7708032.754968258],[13864293.191795306,-7796106.951523627],[13751432.114361737,-7885177.8627437595],[13637646.735570917,-7975278.867271344],[13522973.360629303,-8066442.438155708],[13407464.015508221,-8158700.1410560915],[13291189.09902132,-8252082.7072297],[13174240.38645761,-8346620.214039661],[13056734.395737216,-8442342.414526895],[12938816.10936934,-8539279.267355073],[12820663.018212555,-8637461.728411872],[12702489.413112266,-8736922.874096932],[12584550.794633187,-8837699.431399373],[12467148.196322815,-8939833.787430448],[12350632.121542765,-9043376.535570577],[12244812.109379863,-9139705.709271733]],[[1891283.954145269,-9139705.286307331],[1900679.7444207359,-9131031.226922972],[2014159.0479091706,-9024471.056059908],[2125379.5271778153,-8916268.01558917],[2233778.312982238,-8806303.3976684],[2338747.9169206913,-8694431.889447885],[2439647.0720288325,-8580479.04644678],[2535816.2973364997,-8464240.776527565],[2626598.1716437754,-8345485.8492797045],[2711361.639530068,-8223962.395067179],[2789528.884140915,-8099409.053652907],[2860602.537893372,-7971570.82705713],[2924190.4724619132,-7840218.8225006955],[2980025.318859475,-7705172.091658381],[3027976.335037674,-7566318.937861895],[3068052.2220011814,-7423634.661311052],[3100394.779754473,-7277192.950448976],[3125264.5763414497,-7127169.026075337],[3143020.7723065238,-6973834.002558714],[3150598.100553794,-6877972.702336017],[3149284.541615461,-6814865.851726282],[3141434.859241241,-6649871.773833153],[3127804.227964574,-6483932.615678794],[3109153.4299978837,-6317465.594668715],[3086196.4626788846,-6150849.83791039],[3059587.326448127,-5984424.605526806],[3029913.588532944,-5818488.768440296],[2997695.0046457583,-5653301.404606645],[2963385.6183130043,-5489083.321607153],[2927378.035368794,-5326019.283190351],[2890008.882365576,-5164260.715679947],[2851564.7430510144,-5003928.6906115655],[2812288.101575535,-4845117.013249928],[2772383.000040593,-4687895.284509631],[2732020.2469182187,-4532311.840442507],[2691342.101176332,-4378396.505534905],[2650466.414419766,-4226163.122190701],[2609490.2485798425,-4075611.8388447915],[2568493.006505081,-3926731.1537524792],[2527539.1223742985,-3779499.7215342754],[2486680.361876967,-3633887.9359867945],[2445957.781163365,-3489859.306384322],[2405403.3903901028,-3347371.6462433008],[2365041.563407949,-3206378.093905679],[2324890.230469368,-3066827.9837777712],[2284961.886200002,-2928667.585982819],[2245264.440723081,-2791840.7307925997],[2205801.9378671343,-2656289.332668355],[2166575.1608715802,-2521953.8271784824],[2127582.1429303545,-2388773.532543849],[2088818.5972574323,-2256686.946135412],[2050278.2790808303,-2125631.984937358],[2011953.2900321921,-1995546.1778018877],[1973834.333753438,-1866366.816260423],[1935910.930151843,-1738031.069715444],[1898171.5945603275,-1610476.0700096553],[1860603.987072252,-1483638.9696444722],[1823195.036487087,-1357456.977288383],[1785931.0426032327,-1231867.373666365],[1748797.760004393,-1106807.5104450716],[1711780.465989892,-982214.7943151242],[1674864.0148801839,-858026.6581139168],[1638032.8805758734,-734180.5205217472],[1601271.1889499465,-610613.7355943604],[1564562.7413999485,-487263.53316029],[1527891.0306724482,-364066.95090627804],[1491239.2498892266,-240960.75879449045],[1474022.3883546863,-183139.00519372974],[1454591.5760985676,-117882.2585057749],[1417932.940375651,5227.4647374523],[1381243.553078469,128435.36027801828],[1344503.7275145652,251809.7716179488],[1307693.848026985,375419.05608987383],[1270794.347411279,499331.7025071593],[1233785.6874739022,623616.4447304613],[1196648.3431290952,748342.3709796241],[1159362.7905388754,873579.0285821557],[1121909.4999299,999396.5236892406],[1084268.9338752916,1125865.615302889],[1046421.5520161754,1253057.8027361142],[1008347.8234233682,1381045.4053650564],[970028.2480743383,1509901.6332180535],[931443.3892549955,1639700.646570527],[892573.9191060296,1770517.602262908],[853400.6800356753,1902428.6839146358],[813904.765339942,2035511.1125508966],[774067.6231348128,2169843.1333654076],[733871.1886499671,2305503.9733830085],[693298.0511063649,2442573.7636242383],[652331.6628585181,2581133.4179674285],[610956.6003015487,2721264.459200997],[569158.8883161136,2863048.780698083],[526926.4028717626,3006568.3296561106],[484249.3699813298,3151904.694841552],[441120.98368739145,3299138.578171787],[397538.17140682903,3448349.1251479145],[353502.54206138296,3599613.084018506],[309021.56135117094,3753003.7575046215],[264110.0097352931,3908589.7038767976],[218791.7927006817,4066433.1361290887],[173102.1903320642,4226587.959039562],[127090.65467787135,4389097.374334595],[80824.28951324857,4553990.974611711],[34392.17815120634,4721281.238283235],[-12089.23935676214,4890959.332572066],[-58469.49955054503,5062990.132757362],[-104555.88159211609,5237306.37844987],[-150103.29983175133,5413801.919097253],[-194802.013749272,5592324.061555198],[-238262.8966118772,5772665.135826723],[-280000.1551778168,5954553.556224635],[-319411.71797026764,6137644.887405633],[-355758.11586764373,6321513.730166906],[-388141.7027927096,6505647.595855513],[-415489.6428231926,6689444.266091052],[-436546.27161529945,6872214.290287142],[-449882.9984713693,7053190.046147563],[-453936.04809421324,7231541.984417951],[-448493.5257365776,7386244.3544904655],[-445486.3139352704,7405464.667404394],[-413069.7244241703,7566986.170966063],[-368359.24631289195,7721890.043280484],[-310925.4636030337,7869950.139098686],[-240706.4919752825,8011255.904814762],[-158034.15710368627,8146169.882244263],[-63614.65339678568,8275249.563099517],[41533.0385514524,8399155.02298772],[156167.5552777746,8518563.69688527],[278925.96568701864,8634106.52007176],[408417.87889532733,8746330.194614917]]]},"properties":{"type":"meridian","value":-150}},
{"type":"Feature","geometry":{"type":"MultiLineString","coordinates":[[[17986413.331285167,-4591085.108745151],[17869310.019028362,-4640720.118015244],[17751811.805859566,-4690295.981394924],[17633907.094910253,-4739836.994431504],[17621671.234940615,-4744967.243265253],[17516013.632967588,-4792448.8621720765],[17398715.7389554,-4845161.251498634],[17281943.830904413,-4897636.970421953],[17165623.778694317,-4949909.326471982],[17049682.576857224,-5002011.120825832],[16934048.158777963,-5053974.731755947],[16818649.215878725,-5105832.19583107],[16703415.020816602,-5157615.287305958],[16588275.253759334,-5209355.596119067],[16473159.830833139,-5261084.6049043955],[16357998.733856944,-5312833.765414732],[16242721.84048982,-5364634.574747161],[16127258.753923796,-5416518.651759777],[16011538.631251715,-5468517.814068796],[15895490.009630278,-5520664.156019859],[15779040.629341265,-5572990.128034383],[15662117.252829008,-5625528.617742675],[15544645.478760075,-5678313.0333299255],[15426549.550109833,-5731377.389538688],[15307752.155232001,-5784756.396793351],[15188174.220808655,-5838485.553937315],[15067734.695510672,-5892601.2451034635],[14946350.323120806,-5947140.841272377],[14823935.403782936,-6002142.807111588],[14700401.541941216,-6057646.813732731],[14575657.379420493,-6113693.858052279],[14449608.31197476,-6170326.389496019],[14322156.187491996,-6227588.444846768],[14193198.983892284,-6285525.792101063],[14062630.464590602,-6344186.084270957],[13930339.80921786,-6403619.024143555],[13796211.21710453,-6463876.541091115],[13660123.480833923,-6525012.981107592],[13521949.526972366,-6587085.311330565],[13381555.920889683,-6650153.340386601],[13238802.332409294,-6714279.955966602],[13093540.9588943,-6779531.381086599],[12945615.902317006,-6845977.450502465],[12794862.496925052,-6913691.908704028],[12641106.584384227,-6982752.730778645],[12484163.733865328,-7053242.467157067],[12323838.40563386,-7125248.612755899],[12159923.058581393,-7198864.000190156],[11992197.205259351,-7274187.215359376],[11820426.423058152,-7351323.031516309],[11644361.338385673,-7430382.854437066],[11463736.613969361,-7511485.165768149],[11278269.990982749,-7594755.942772431],[11087661.473186024,-7680329.018431554],[10891592.799584005,-7768346.322570346],[10689727.453311324,-7858957.905992333],[10481711.63158934,-7952321.584066843],[10267176.921227064,-8048601.922421355],[10045746.0221416,-8147968.084381421],[9817044.028976807,-8250589.686359335],[9580720.178198062,-8356629.097497188],[9336490.19112532,-8466227.225509634],[9084221.551656762,-8579477.01992156],[8824115.072859306,-8696373.26556765],[8557123.014489418,-8816717.048618928],[8286015.851133574,-8939947.38171987],[8018446.929371463,-9065001.636730166],[7869303.222409759,-9139703.774237564]],[[6266807.561370373,-9139703.64101178],[6359707.1105685355,-9087598.458909765],[6520581.353765897,-8944206.945349306],[6550301.233744928,-8840792.221448727],[6537088.964336758,-8734726.38298807],[6453388.958298231,-8467898.07684629],[6342134.220656238,-8183356.652744024],[6224910.802333329,-7897839.813537041],[6108087.4643934285,-7617736.68958019],[5993776.636673071,-7345389.525364158],[5882711.11840226,-7081557.019469178],[5775103.822849358,-6826331.219612146],[5670950.145244457,-6579508.079550058],[5570149.289088752,-6340750.868791784],[5472558.017387773,-6109667.453012843],[5378016.2240004605,-5885848.683923423],[5286359.682037308,-5668887.993812174],[5197426.544768749,-5458391.403385947],[5111060.637884134,-5253982.435058862],[5027113.037923603,-5055304.239867415],[4945442.710703681,-4862020.175679638],[4865916.627287728,-4673813.523564271],[4788409.590399041,-4490386.733844484],[4712803.9045251515,-4311460.429362501],[4638988.967320231,-4136772.2997035636],[4566860.827947623,-3966075.965187801],[4496321.739205505,-3799139.856623477],[4427279.719018774,-3635746.136927807],[4359648.130040966,-3475689.678556435],[4293345.281924519,-3318777.103213221],[4228294.058246914,-3164825.8857446704],[4164421.5685134535,-3013663.521365856],[4101658.824715468,-2865126.7537503233],[4039940.44137657,-2719060.860622668],[3979204.35772322,-2575318.993055321],[3919391.580477873,-2433761.564519469],[3860445.945732419,-2294255.68576605],[3802313.8983815284,-2156674.6417439245],[3744944.2876519295,-2020897.406954149],[3688288.177341146,-1886808.1958611258],[3632298.6694660312,-1754296.045215068],[3576930.740111634,-1623254.4253728145],[3522141.0863599265,-1493580.8779291555],[3467887.9832636286,-1365176.6771832146],[3414131.1499108295,-1237946.5131625135],[3360831.6237009997,-1111798.1941094191],[3307951.6420215433,-986642.3665010842],[3255454.5305766696,-862392.2508246694],[3203304.5976766204,-738963.3914654481],[3151467.0338465553,-616273.4191866866],[3099907.816158722,-494241.82478874904],[3048593.616732716,-372789.7426300559],[2997491.7148828707,-251839.74277683202],[2946569.9124231334,-131315.63062152418],[2895796.4516660618,-11142.252872452511],[2845139.935674669,108754.69112928388],[2794569.250344932,228448.83376571586],[2744053.4879112546,348013.3201351049],[2693561.871479041,467520.98661945894],[2675410.6577732353,510482.8355563232],[2643053.9822070254,587017.4930932607],[2592540.1625758186,706518.5191622537],[2542007.1461908203,826090.2835507168],[2491428.9024418383,945797.8468142543],[2440779.603537118,1065706.1728454358],[2390033.602210453,1185880.2336058775],[2339165.414670973,1306385.109000469],[2288149.7094314327,1427286.0816429302],[2236961.3028059714,1548648.7261223285],[2185575.1620521843,1670538.9922198527],[2133966.417350314,1793023.2813387145],[2082110.38407278,1916168.5151925264],[2029982.5971087115,2040042.1955416806],[1977558.8593824508,2164712.453465802],[1924815.307155346,2290248.0863035023],[1871728.4952446385,2416718.5799674173],[1818275.5059513515,2544194.1138396948],[1764434.0862881124,2672745.544854714],[1710182.8190680796,2802444.3666636157],[1655501.3345975853,2933362.638926927],[1600370.5711550517,3065572.8807719443],[1544773.0941963235,3199147.921250532],[1488693.486373268,3334160.6982067195],[1432118.823076256,3470683.99527363],[1375039.2514169062,3608790.1047231033],[1317448.6944825428,3748550.401544272],[1259345.7074655532,3890034.8113832083],[1200734.5180723697,4033311.1517935167],[1141626.2906370035,4178444.3225954524],[1082040.66180469,4325495.317010787],[1022007.6057006504,4474520.020661354],[961569.6982954929,4625567.760586472],[900784.8642374072,4778679.561344686],[839729.7045094601,4933886.0603700215],[778503.5192018127,5091205.03062702],[717233.1549864453,5250638.456141736],[656078.818749024,5412169.106483047],[595241.0023390822,5575756.56155604],[534968.6502921783,5741332.650555709],[475568.6594226592,5908796.291563733],[417416.70608351246,6078007.754272081],[360969.224086071,6248782.420522124],[306776.0637268181,6420884.187040665],[255492.9017544519,6594018.740032623],[207891.79737743488,6767827.0256461175],[164867.38401464897,6941879.33340791],[141838.03241845316,7045416.27047853],[132115.23626177548,7112856.745325413],[112544.95626164562,7278086.440758856],[100012.93009159186,7440811.640988446],[95377.48423775048,7600515.5974710435],[99455.07172862545,7756769.938722908],[112968.30510451499,7909269.125287868],[136489.98334600212,8057854.530218856],[170390.43571390604,8202522.479525643],[214796.90495503554,8343413.512121691],[269572.91620110365,8480784.330588058],[334322.3327351263,8614967.980469195],[408417.87889532733,8746330.194614917]]]},"properties":{"type":"meridian","value":-135}},
{"type":"Feature","geometry":{"type":"LineString","coordinates":[[17986413.331285167,-4591085.108745151],[17858269.913730387,-4612025.474142698],[17729592.4106523,-4632928.021822582],[17621671.23494062,-4650370.112277713],[17600356.84153031,-4654500.172314304],[17471373.790859796,-4679483.110479274],[17343041.08484678,-4704322.428960033],[17215282.428188376,-4729032.074553823],[17088023.074041355,-4753625.609101001],[16961189.65853954,-4778116.233958948],[16834710.043882053,-4802516.811907279],[16708513.16940413,-4826839.886484283],[16582528.910136214,-4851097.698719363],[16456687.942451136,-4875302.201188906],[16330921.616495322,-4899465.069281526],[16205161.835200164,-4923597.709513487],[16079340.939776251,-4947711.264683782],[15953391.601708028,-4971816.615600619],[15827246.721393753,-4995924.379045217],[15700839.333717117,-5020044.901562518],[15574102.520997807,-5044188.248580791],[15446969.333952537,-5068364.188259542],[15319372.721511152,-5092582.1693454925],[15191245.47058125,-5116851.292175947],[15062520.157146905,-5141180.271803788],[14933129.110431854,-5165577.392023049],[14803004.392266583,-5190050.448843697],[14672077.79428595,-5214606.681691071],[14540280.856165623,-5239252.690281704],[14407544.908802284,-5263994.3347426485],[14273801.147178318,-5288836.616084977],[14138980.738657339,-5313783.533599871],[14003014.973667044,-5338837.915102242],[13865835.467185527,-5364001.215183732],[13727374.42120776,-5389273.275733689],[13587564.96049569,-5414652.041922522],[13489291.264292028,-5432400.822835181],[13447648.054932991,-5439383.691916248],[13309323.059529016,-5462520.121301913],[13169560.947122885,-5485799.436824598],[13028306.48579632,-5509217.585377485],[12885508.048885085,-5532767.656706318],[12741118.558070045,-5556439.288978455],[12595096.61327667,-5580217.947161081],[12447407.840260468,-5604084.046062564],[12298026.490374852,-5628011.883554629],[12146937.33023498,-5651968.341857253],[11994137.861227563,-5675911.305688494],[11839640.909171397,-5699787.735495623],[11683477.621547261,-5723531.322011082],[11525700.901590338,-5747059.635472723],[11366389.292323068,-5770270.670066593],[11205651.29536184,-5793038.673556104],[11043630.06383374,-5815209.1473359605],[10880508.339439478,-5836592.909474752],[10716513.40307739,-5856959.142524974],[10551921.669168206,-5876027.41380738],[10387062.371342007,-5893458.779463731],[10222319.564597644,-5908846.2918610815],[10058131.425261581,-5921705.553043782],[9894985.610944208,-5931466.418920323],[9733409.333718952,-5937467.558395979],[9573952.93318303,-5938956.249350023],[9417166.278820746,-5935096.389036345],[9263568.433523664,-5924987.914713967],[9113612.70017173,-5907700.256455676],[8967651.211514061,-5882320.670357219],[8825904.999481007,-5848015.194120588],[8688446.09203431,-5804096.0028369175],[8555196.822063234,-5750085.354204879],[8425948.05880911,-5685764.760334358],[8300393.428371927,-5611199.739276169],[8178172.542688287,-5526735.378872517],[8058914.47455339,-5432964.344626826],[7942273.786180185,-5330674.516417454],[7827954.5668044165,-5220786.3467424745],[7715721.627895484,-5104289.875552276],[7605400.877603568,-4982188.948393677],[7496872.328069057,-4855456.916246321],[7390059.298944333,-4725005.090807687],[7284916.674456741,-4591663.092049951],[7181420.081255718,-4456169.059360363],[7079556.942090501,-4319167.314696389],[7068042.711778772,-4303471.911555673],[6979540.338563538,-4172187.828444786],[6881651.099252111,-4023804.735057152],[6785802.451071652,-3875631.282555699],[6691906.099646328,-3728019.223871378],[6599876.564712769,-3581246.1097680475],[6509631.324150486,-3435527.2344059506],[6421090.781610249,-3291026.040692175],[6334178.155574378,-3147863.036578421],[6248819.341726688,-3006123.3459855462],[6164942.773827761,-2865863.049013758],[6082479.2935798885,-2727114.472329499],[6001362.032366741,-2589890.5831502536],[5921526.304197518,-2454188.62602584],[5842909.507819032,-2319993.1248208587],[5765451.035699903,-2187278.355322075],[5689092.187833499,-2056010.3779868423],[5613776.0887269,-1926148.7060925276],[5539447.606380862,-1797647.6721243747],[5466053.272449693,-1670457.544615341],[5393541.203075625,-1544525.438681532],[5321861.020120211,-1419796.0559897958],[5250963.772674419,-1296212.283650583],[5180801.85883332,-1173715.676357419],[5111328.947782801,-1052246.8418227981],[5042499.902276187,-931745.7460378498],[4974270.701587028,-812151.9519807444],[4906598.365017981,-693404.8030081755],[4839440.87602956,-575443.5601941744],[4772757.107030936,-458207.5012561691],[4706506.744850394,-341635.9873672618],[4640650.216877465,-225668.503045407],[4575148.61784318,-110244.67339249134],[4509963.637180261,4695.737804860109],[4445057.486881791,119212.84623386491],[4380392.829754574,233366.6791222126],[4315932.707943063,347217.2193025017],[4251640.471579821,460824.45973441325],[4187479.7074003657,574248.4672565449],[4123414.167141993,687549.45460381],[4059407.6955293585,800787.8599517281],[3995424.1576319537,914024.4334418763],[3931427.365361603,1027320.3303103572],[3867381.0028602546,1140737.2103873633],[3842714.644813189,1184426.1066999647],[3803034.8355165767,1254113.7865117397],[3738617.8008105773,1367275.4730111149],[3674273.6425833325,1480347.9636910525],[3609968.988346841,1593393.1037407715],[3545670.8712924398,1706472.361977282],[3481346.6917059426,1819646.9382603483],[3416964.1840748736,1932977.8662279502],[3352491.390347907,2046526.111351569],[3287896.6399414293,2160352.664211227],[3223148.5372429127,2274518.628778854],[3158215.9575420343,2389085.3053722107],[3093068.052532426,2504114.2677972945],[3027674.266776822,2619667.434030137],[2962004.3668237706,2735807.12959507],[2896028.485014691,2852596.142569489],[2829717.1804375206,2970097.76887862],[2763041.519981167,3088375.8462296445],[2695973.1830405574,3207494.774662639],[2628484.5941360914,3327519.521255884],[2560549.0885672932,3448515.606000249],[2492141.1172497827,3570549.0652367445],[2423236.4981217594,3693686.3883131617],[2353812.7229949674,3817994.422238085],[2283849.3305159705,3943540.2380668526],[2213328.3580572107,4070390.951514058],[2142234.887944098,4198613.488815307],[2070557.7065240445,4328274.287116879],[1998290.098286784,4459438.916610523],[1925430.8016473567,4592171.609201395],[1851985.158200413,4726534.675647297],[1777966.4933297962,4862587.789781397],[1703397.7730599963,5000387.114577234],[1628313.5899425878,5139984.240390233],[1552762.539427572,5281424.900689321],[1476810.0571920131,5424747.424982971],[1400541.7965231917,5569980.882504591],[1324067.6317082366,5717142.8636912955],[1247526.3761443284,5866236.839821551],[1171091.2988006652,6017249.034792977],[1094976.5038980688,6170144.73758037],[1019444.1974973214,6324863.980421331],[944812.7886362209,6481316.507765234],[880932.5471381901,6618699.85344851],[872625.8667284189,6638700.546519377],[809831.3143262019,6792678.697277838],[749060.5495831571,6947275.022441387],[690797.8658530574,7102220.43587077],[635596.2410094696,7257215.814632592],[584078.6284878302,7411938.832326158],[536935.2940997094,7566054.576396711],[494915.547642589,7719230.188601621],[458812.1563138611,7871153.167997114],[429437.02158461825,8021552.113245579],[407587.53342617245,8170217.664649558],[394004.4932716266,8317020.489908938],[389324.5289265526,8461922.720398033],[394032.10802107333,8604979.674922224],[408417.87889532733,8746330.194614917]]},"properties":{"type":"meridian","value":-120}},
{"type":"Feature","geometry":{"type":"LineString","coordinates":[[17986413.331285167,-4591085.108745151],[17855969.93387346,-4581868.509958484],[17724905.115754582,-4572561.300887718],[17621671.234940615,-4565199.603120937],[17593183.737380352,-4564151.747491628],[17461708.42142093,-4559271.488749837],[17330864.790105347,-4554338.010229753],[17200595.89105053,-4549343.850500677],[17070846.586573914,-4544281.235352393],[16941563.499225903,-4539142.0428031515],[16812694.96815459,-4533917.76599276],[16684191.016483637,-4528599.473766997],[16556003.329975544,-4523177.768757296],[16428085.247345082,-4517642.742758387],[16300391.762684261,-4511983.929208993],[16172879.540558947,-4506190.252586262],[16045506.944440447,-4500249.974535258],[15918234.079241622,-4494150.636572128],[15791022.848837031,-4487878.99922446],[15663837.029559808,-4481420.977508063],[15536642.360783864,-4474761.572688148],[15409406.653816732,-4467884.800336111],[15282099.920445707,-4460773.614777704],[15182165.681088068,-4455019.322593761],[15156031.690620944,-4452641.7631149525],[15034761.985804006,-4441515.429252574],[14913436.287028236,-4430222.529744033],[14792032.292795504,-4418749.927673077],[14670529.923107535,-4407083.563097707],[14548911.448848719,-4395208.356742243],[14427161.632860204,-4383108.104244535],[14305267.88231555,-4370765.360184813],[14183220.41175784,-4358161.311130903],[14061012.41585172,-4345275.636971819],[13938640.250533087,-4332086.359883938],[13816103.6207968,-4318569.680392777],[13693405.77284349,-4304699.800172791],[13570553.68770461,-4290448.731480533],[13447558.272778334,-4275786.093462894],[13324434.546938654,-4260678.896040091],[13201201.814032732,-4245091.312654584],[13077883.818669075,-4228984.443924266],[12954508.877244994,-4212316.075163101],[12831109.976197332,-4195040.43185349],[12707724.828533944,-4177107.938486585],[12584395.878875932,-4158464.987732778],[12461170.246593038,-4139053.7286550845],[12338099.596244173,-4118811.884601909],[12215239.924557768,-4097672.6134539503],[12092651.253731005,-4075564.4249592065],[11970397.222029582,-4052411.1718347734],[11848544.56466327,-4028132.132961315],[11727162.480810635,-4002642.2081157886],[11606321.886543069,-3975852.244005084],[11486094.558264697,-3947669.5105736703],[11366552.177061092,-3917998.3443514993],[11247765.290841402,-3886740.9717020122],[11129802.218037954,-3853798.519022298],[11012727.923425797,-3819072.209167183],[10896602.90274852,-3782464.733739716],[10781482.117603084,-3743881.7797752814],[10667414.024739968,-3703233.677379276],[10554439.743937645,-3660437.1229527257],[10442592.405446965,-3615416.9218586716],[10331896.711482815,-3568107.6859484147],[10222368.736538878,-3518455.4164384394],[10114015.978984801,-3466418.9021424754],[10006837.662416141,-3411970.867567036],[9900825.270791706,-3355098.8149004756],[9795963.2878681,-3295805.5179183506],[9692230.10013317,-3234109.1432025083],[9589599.014412792,-3170042.993324903],[9488039.337253809,-3103654.8860621587],[9387517.463266816,-3035006.201584228],[9287997.923561735,-2964170.6444450747],[9189444.352535224,-2891232.778053939],[9091820.340601116,-2816286.3955928083],[8995090.150904574,-2739432.7930557257],[8899219.288574092,-2660779.0076547232],[8804174.920748942,-2580436.0790302306],[8709926.153819328,-2498517.382469583],[8616444.180647105,-2415137.073669184],[8523702.314867238,-2330408.674397806],[8431675.93178825,-2244443.8185037836],[8340342.336149624,-2157351.168640138],[8249680.576381812,-2069235.5062419253],[8159671.223409606,-1980196.9908776071],[8070296.129790787,-1890330.580158292],[7981538.182396857,-1799725.5978559982],[7893381.059171977,-1708465.4356110126],[7805808.997937537,-1616627.3724097207],[7718806.582870522,-1524282.495685008],[7632358.552249879,-1431495.7082300906],[7546449.629368343,-1338325.8059408204],[7461064.377149753,-1244825.612550707],[7376187.075972385,-1151042.1588661927],[7291801.623443611,-1057016.895441223],[7207891.454359231,-962785.9290711005],[7124439.478769343,-868380.2748780951],[7068042.711778772,-804209.7818199927],[7041439.8505054945,-771113.8023632127],[6959035.067657256,-668029.3154115815],[6877247.258494122,-564907.1724535286],[6796044.273063606,-461770.9619108904],[6715393.563858142,-358638.7172299936],[6635262.288580349,-255523.35780463225],[6555617.390495951,-152433.09956183686],[6476425.65977757,-49371.834843073324],[6397653.7787281405,53660.5181916524],[6319268.353321431,156667.69596429658],[6241235.933105823,259656.79869021784],[6163523.021181252,362638.0271867053],[6086096.075671523,465624.4459251998],[6008921.503869762,568631.7708984934],[5931965.650027014,671678.1808484504],[5855194.777578413,774784.1504119306],[5778575.046452234,877972.3037834279],[5702072.485980768,981267.287554107],[5625652.963824773,1084695.661463087],[5549282.1512311455,1188285.80588222],[5472925.484865036,1292067.844947748],[5396548.125389318,1396073.584346892],[5320114.912904835,1500336.462863928],[5243590.319312532,1604891.5168859551],[5166938.397611385,1709775.357163256],[5090122.728103843,1815026.1572116287],[5044152.631407243,1878076.6516746858],[5012357.415812628,1920155.4704547965],[4933638.4240324935,2024356.9305693735],[4855201.584715389,2128218.0382435634],[4777003.401882145,2231798.271684764],[4699001.152934361,2335156.2779352204],[4621152.812045418,2438349.9934750996],[4543416.979228823,2541436.759686111],[4465752.815071462,2644473.4335147333],[4388119.981207225,2747516.4936065725],[4310478.586703109,2850622.1421139],[4232789.140636721,2953846.4023043606],[4155012.5112645947,3057245.2120191734],[4077109.892317214,3160874.5129412976],[3999042.7771137496,3264790.335536338],[3920772.9413708104,3369048.8794177347],[3842262.4357910487,3473706.58876102],[3763473.5897647706,3578820.2222445193],[3684369.0278092124,3684446.9168224446],[3604911.700713575,3790644.2444344126],[3525064.9337659217,3897470.2605174007],[3444792.4949216596,4004983.54290303],[3364058.6863498497,4113243.2193464013],[3282828.4634809736,4222308.981529826],[3201067.586500541,4332241.082902468],[3118742.8102145935,4443100.3171372],[3035822.119387017,4554947.973288797],[2952275.0180531708,4667845.762896746],[2868072.882994032,4781855.71326136],[2783189.3935614442,4897040.019895003],[2697601.052437357,5013460.849665945],[2611287.8147542183,5131180.084354652],[2524233.846370427,5250258.992163729],[2436428.436056748,5370757.8120817775],[2347867.090971551,5492735.232800107],[2258552.850132104,5616247.744003037],[2168497.856629563,5741348.833159434],[2077725.236016065,5868087.995276442],[2005514.8633530112,5969421.950455991],[1987490.5154620495,5995800.732858511],[1901211.3958909772,6122427.310727956],[1814346.2927554972,6250566.341217339],[1726961.3677148004,6380223.209308948],[1639143.5326300357,6511391.872466722],[1551004.387180851,6644053.003601195],[1462684.806331952,6778172.022514948],[1374360.2359075353,6913697.08874361],[1286246.7297875846,7050557.17289986],[1198607.7157585586,7188660.38237689],[1111761.398351361,7327892.791582729],[1026088.5827209833,7468118.114828024],[942040.5183983315,7609178.654026772],[860146.1010774592,7750898.036559455],[781017.427286571,7893086.300258298],[705352.2826718934,8035547.834497799],[633931.7087563657,8178092.484534504],[567610.4441573308,8320549.701490618],[507297.96030326193,8462784.928156411],[453928.26385978947,8604716.481606768],[408417.87889532733,8746330.194614917]]},"properties":{"type":"meridian","value":-105}},
{"type":"Feature","geometry":{"type":"LineString","coordinates":[[17986413.331285167,-4591085.108745151],[17862574.607235,-4552308.694554633],[17738107.341664802,-4513330.449386219],[17621671.23494062,-4476862.897336528],[17612935.281352073,-4474450.414274399],[17487750.401270017,-4439799.463470092],[17363101.610295534,-4405136.979004539],[17238962.30104651,-4370441.89147469],[17115307.585848145,-4335693.028772586],[16992114.32083631,-4300869.090917833],[16869361.135863427,-4265948.627511869],[16747028.470195955,-4230910.0181584405],[16625098.613978928,-4195731.45625147],[16503555.755424742,-4160390.9365920885],[16382386.033659296,-4124866.2473606234],[16261577.597127093,-4089134.967035716],[16141120.66741988,-4053174.466921654],[16021007.608346645,-4016961.9200130515],[15968516.994541794,-4001019.277588719],[15905789.67159771,-3977885.173604231],[15794538.351395244,-3936654.3191064433],[15683717.529045617,-3895317.5024931617],[15573318.012883978,-3853862.0813670503],[15463331.821679035,-3812275.2617317005],[15353752.170576205,-3770544.0773432124],[15244573.454921922,-3728655.3692765636],[15135791.231541274,-3686595.765878337],[15027402.197032688,-3644351.663311193],[14919404.162639948,-3601909.206933132],[14811796.025262935,-3559254.2737936527],[14704577.734176962,-3516372.4565709117],[14597750.253045414,-3473249.0493159387],[14491315.516834773,-3429869.0354130464],[14385276.383274855,-3386217.078207241],[14279636.578551535,-3342277.514789024],[14174400.636976013,-3298034.3534626956],[14069573.834443389,-3253471.275453974],[13965162.115575932,-3208571.64143445],[13861172.014541877,-3163318.5034520295],[13757610.569649851,-3117694.6228549853],[13654485.231940553,-3071682.4947802173],[13551803.768130785,-3025264.3797415863],[13449574.158407569,-2978422.342798555],[13347804.489720345,-2931138.300707486],[13246502.845372856,-2883394.0773556787],[13145677.191870488,-2835171.46765094],[13045335.264127348,-2786452.309886909],[12945484.450276522,-2737218.5664277887],[12846131.677449591,-2687452.412357307],[12747283.299992703,-2637136.3315201807],[12648944.991659364,-2586253.2191538136],[12551121.643359412,-2534786.490071636],[12453817.268044181,-2482720.191123125],[12357034.91426527,-2430039.116430189],[12260776.589856522,-2376728.923692931],[12165043.197053924,-2322776.2496812376],[12069834.480187785,-2268168.8228912917],[11975148.986858651,-2212895.57125675],[11880984.043248016,-2156946.722771665],[11787335.74392461,-2100313.8969102562],[11694198.956195954,-2042990.184822336],[11601567.338733897,-1984970.2164414541],[11509433.373883085,-1926250.2128636912],[11417788.412755607,-1866828.0226324901],[11326622.731934078,-1806703.140890176],[11235925.60036076,-1745876.7107186306],[11145685.35479035,-1684351.5063769156],[11055889.482036075,-1622131.8985382698],[10966524.706147058,-1559223.8020176606],[10877577.078621464,-1495634.606850458],[10789032.069783065,-1431373.0939189969],[10700874.659526149,-1366449.3366164577],[10613089.425758125,-1300874.5902773808],[10525660.629034124,-1234661.1712857313],[10438572.292073835,-1167822.3278915824],[10351808.273068829,-1100372.104826144],[10265352.331918577,-1032325.2038044571],[10179188.188766465,-963696.8419504501],[10093299.574434375,-894502.6100765445],[10007670.272569377,-824758.3326075672],[9922284.153512176,-754479.9307648822],[9837125.200070113,-683683.2904298352],[9752177.52552497,-612384.1358949818],[9667425.38432585,-540597.9104942691],[9582853.176010078,-468339.66488739656],[9498445.44296089,-395623.95356415847],[9414186.862652166,-322464.7399374198],[9330062.235048847,-248875.31021181983],[9246056.46583116,-174868.19605189608],[9162154.546093157,-100455.1059302684],[9078341.529135427,-25646.864913894584],[8994602.504930481,49546.63745549137],[8910922.572790565,125116.49161260971],[8827286.81271392,201054.80524060264],[8743680.25582894,277354.7338988581],[8660087.854298405,354010.50557222974],[8576494.450989451,431017.4397243454],[8492884.749160388,508371.9614427779],[8409243.282364124,586071.6112594808],[8325554.384719905,664115.051217322],[8241802.161661592,742502.0677347245],[8157970.461231049,821233.5717966293],[8074042.845950326,900311.5969729372],[7990002.565275502,979739.29573594],[7905832.528608589,1059520.934517531],[7821515.278820856,1139661.8879155868],[7737032.9662221465,1220168.6324279842],[7652367.322894448,1301048.7400624137],[7567499.637295044,1382310.8721411403],[7482410.729023956,1463964.773592616],[7397080.923641846,1546021.2679960916],[7311490.0274178125,1628492.2536221102],[7225617.301881675,1711390.700690196],[7139441.438050778,1794730.65004595],[7068042.711778772,1863887.23647085],[7052943.419668545,1880066.5204990192],[6966222.4956231555,1973179.5356485124],[6879317.5438589165,2066798.5318583492],[6792201.386486458,2160934.405620264],[6704845.964536965,2255599.6535244333],[6617222.340329703,2350808.347387025],[6529300.694188784,2446576.112911757],[6441050.315745162,2542920.1120379632],[6356291.952944833,2635640.6421787026],[6352166.117096162,2639699.289608283],[6257439.93905474,2732891.6374696796],[6163382.057577941,2825443.7837805278],[6069932.953834197,2917414.9260076457],[5977034.705055158,3008862.761079203],[5884630.841891057,3099843.6310856873],[5792666.2141819615,3190412.6613440197],[5701086.864503971,3280623.891528914],[5609839.908930928,3370530.4005055954],[5518873.424530905,3460184.4254327365],[5428136.343192995,3549637.4756432963],[5337578.351456247,3638940.441751809],[5247149.79608909,3728143.7003795393],[5156801.59524745,3817297.214832314],[5066485.155122673,3906450.632007998],[4976152.292080656,3995653.3757515238],[4885755.160390702,4084954.7368121226],[4795246.18575168,4174403.959489985],[4704578.004944732,4264050.324984323],[4613703.412081247,4353943.2313714605],[4522575.3120746,4444132.270045733],[4431146.682150387,4534667.298346086],[4348141.795760958,4616905.660419397],[4339647.886803163,4625438.206865293],[4250383.699738882,4715114.653881365],[4160676.3496533968,4805248.727327191],[4070478.6326818657,4895889.608420995],[3979743.1691431087,4987086.913953802],[3888422.413714716,5078890.728835266],[3796468.6828449937,5171351.6292512445],[3703834.202725519,5264520.694736977],[3610471.1818710673,5358449.507119355],[3516331.9132305942,5453190.133871278],[3421368.911816727,5548795.092942023],[3325535.095135491,5645317.295569801],[3228784.015273339,5742809.962936088],[3131070.153419775,5841326.511777258],[3032349.2899465566,5940920.403219549],[2932578.966025127,6041644.948145829],[2831719.056252993,6143553.061340287],[2729732.476015549,6246696.955507757],[2626586.0524891205,6351127.765063364],[2522251.5944785783,6456895.088405282],[2416707.203881482,6564046.436334853],[2309938.880695285,6672626.573565747],[2201942.4843373275,6782676.740166324],[2092726.1267798343,6894233.740766561],[1982313.0876373362,7007328.892118769],[1870745.3576494276,7121986.825136727],[1758087.93427707,7238224.147291371],[1644434.0098617328,7356047.98722439],[1529911.2061143836,7475454.468367946],[1414689.0135595566,7596427.195724719],[1298987.5825376094,7718935.893952973],[1183087.9700333686,7842935.409915887],[1067343.8534960025,7968365.39225274],[952194.5494570242,8095151.083994528],[838178.8817611395,8223205.802906374],[725948.9850786309,8352435.8126915395],[616282.4614540486,8482748.353293128],[510090.4188079292,8614063.507329121],[408417.87889532733,8746330.194614917]]},"properties":{"type":"meridian","value":-90}},
{"type":"Feature","geometry":{"type":"LineString","coordinates":[[17986413.331285167,-4591085.108745151],[17877634.097841673,-4525370.6424460355],[17768302.86297095,-4459317.656907131],[17658349.898377076,-4392884.038438216],[17621671.234940615,-4370721.675925813],[17547949.07169895,-4329083.652380821],[17437855.38159648,-4266704.526903071],[17328128.931139685,-4204274.182153828],[17218771.614834327,-4141770.339455668],[17109786.494295057,-4079171.0580268344],[17001177.818841096,-4016454.77099473],[16892951.045165986,-3953600.3273481084],[16785112.85584221,-3890587.0400728467],[16677671.17640535,-3827394.7406780063],[16570635.190745926,-3764003.840265809],[16476386.492296012,-3707800.691910288],[16465128.484202716,-3699755.0881066914],[16368585.59767276,-3630555.6504237843],[16272600.91572292,-3561387.1240177583],[16177170.053229121,-3492245.001400995],[16082288.570585718,-3423124.8537245328],[15987951.945292203,-3354022.330117146],[15894155.544280153,-3284933.1577323736],[15800894.597092845,-3215853.142509848],[15708164.170031784,-3146778.1706503397],[15615959.141384354,-3077704.2107940284],[15524274.177847005,-3008627.316883971],[15433103.712255793,-2939543.6316856546],[15342441.922733657,-2870449.3909244654],[15252282.713359265,-2801340.927991754],[15162619.696456686,-2732214.679160077],[15073446.17659799,-2663067.1892373376],[14984755.136402983,-2593895.117579327],[14896539.224210136,-2524695.244370232],[14808790.743682185,-2455464.477071359],[14721501.64539755,-2386199.856929824],[14634663.520465365,-2316898.5654317704],[14548267.596187681,-2247557.930578329],[14462304.733776875,-2178175.432858215],[14376765.42812036,-2108748.710787679],[14291639.809568012,-2039275.5658877965],[14206917.647700585,-1969753.9669695771],[14122588.357020268,-1900182.0536008163],[14038641.004487243,-1830558.1386333397],[13955064.318809325,-1760880.7096767577],[13871846.70137572,-1691148.4294142881],[13788976.238710074,-1621360.134667274],[13706440.716304185,-1551514.8341286387],[13624227.633680684,-1481611.7047002485],[13542324.220521528,-1411650.086385504],[13460717.453689951,-1341629.475706232],[13379394.07496601,-1271549.5176311035],[13298340.6093103,-1201409.9960218263],[13217543.383467926,-1131210.8226224252],[13136988.544723552,-1060952.0246356009],[13056662.079620507,-990633.7309483846],[12976549.8324606,-920256.1570866916],[12896637.523407776,-849819.5889939467],[12816910.76602685,-779324.3657436335],[12737355.084099172,-708770.8613077733],[12657955.92756878,-638159.4655138178],[12578698.687486356,-567490.5643304476],[12499568.709832953,-496764.5196285002],[12420551.308121128,-425981.648566533],[12341631.774687432,-355142.2027514602],[12262795.390606904,-284246.3473231518],[12184027.434176728,-213294.14010827374],[12105313.187932888,-142285.51098288945],[12026637.944179276,-71220.24157570249],[11947987.009024134,-97.94543453447733],[11869345.704932725,71081.95123188815],[11790699.37181835,142320.22813664438],[11712033.366705464,213617.8887341695],[11633333.062009279,284976.1772020492],[11554583.842484979,356396.5945240687],[11475771.100907441,427880.9136268416],[11396880.232548108,499431.1935357512],[11317896.62852047,571049.7925287847],[11251455.151917746,631275.835941938],[11238807.25676241,642738.4006162462],[11159606.02727775,714491.4305712038],[11080271.501235945,786312.1246284482],[11000789.424904404,858201.0278641809],[10921145.587078547,930158.6702412216],[10841325.831618486,1002185.5782010121],[10761316.070677571,1074282.2856948532],[10681102.298533838,1146449.344587495],[10600670.6059285,1218687.334373421],[10520007.194810541,1290996.8711532927],[10439098.393381257,1363378.6158267308],[10357930.671329087,1435833.2814660869],[10276490.655142058,1508361.6398455207],[10194765.14338345,1580964.5271090858],[10112741.121815335,1653642.8485712889],[10030405.77825493,1726397.5826534354],[9947746.517049791,1799229.7839684458],[9864750.973060075,1872140.585576214],[9781407.025038838,1945131.200440335],[9697702.808305597,2018202.9221252436],[9613626.726612682,2091357.1247803643],[9529167.463109244,2164595.262464797],[9444313.990314232,2237918.867871696],[9359055.579015441,2311329.5505170166],[9273381.806019524,2384828.994460795],[9187282.560684826,2458418.95563288],[9100748.050176749,2532101.258836642],[9013768.803393506,2605877.7945056753],[8926335.67351811,2679750.5152886324],[8838439.839160852,2753721.4325365108],[8750072.804064672,2827792.61276554],[8661226.395354206,2901966.1741658826],[8571892.760317413,2976244.2832238977],[8482064.361716531,3050629.1515216082],[8391733.971633175,3125123.0327727557],[8300894.663859496,3199728.220150206],[8209539.804854875,3274447.0439541466],[8117663.043294251,3349281.869665078],[8025258.29824057,3424235.0964198904],[7932319.7459799815,3499309.155943535],[7898873.456932625,3526250.488752994],[7832538.342425519,3570793.4429588667],[7728812.30405877,3640106.7060284517],[7624699.72847555,3709289.8626620444],[7520211.007161899,3778359.966547215],[7415355.603144182,3847334.7866206537],[7310142.0582719585,3916232.7477997085],[7204578.002250168,3985072.876537141],[7098670.163257149,4053874.7512404793],[7068042.711778772,4073726.2912120414],[6992697.005026228,4126266.2909650886],[6887387.413732103,4199693.3849401465],[6782719.354198361,4272664.640719361],[6678626.543479779,4345226.307291981],[6575044.1874190215,4417423.58077471],[6471908.8195196595,4489300.7174316235],[6369158.147395329,4560901.14142592],[6266730.90603602,4632267.5478498945],[6164566.717203823,4703442.001532569],[6062605.954336964,4774466.032080859],[5960789.612404346,4845380.725569947],[5859059.182213517,4916226.813260744],[5757356.528735057,4987044.757686395],[5655623.773066536,5057874.836414733],[5553803.1777210925,5128757.223759335],[5451837.034991083,5199732.070676815],[5349667.558207606,5270839.583052122],[5247236.775794703,5342120.098535434],[5144486.428104699,5413614.162053002],[5041357.867121838,5485362.60006878],[4937791.959238766,5557406.593622227],[4833728.991448709,5629787.750109061],[4729108.581461335,5702548.173703619],[4623869.59244865,5775730.534241783],[4517950.053367289,5849378.134289428],[4411287.086096098,5923534.974009413],[4303816.840985222,5998245.813306965],[4195474.442852076,6073556.230573363],[4086193.950000492,6149512.677156404],[3975908.3295084354,6226162.526455916],[3864549.4528589915,6303554.116265961],[3752048.1170208636,6381736.782653246],[3638334.097371016,6460760.88326288],[3523336.2404602882,6540677.807465686],[3406982.6066391147,6621539.970192629],[3289200.675094837,6703400.785626824],[3169917.627045706,6786314.616127684],[3049060.7268710076,6870336.690832034],[2926557.8260651007,6955522.987305376],[2802338.021384865,7041930.068404304],[2676332.506799849,7129614.865178261],[2548475.6693429397,7218634.395237578],[2418706.4923208538,7309045.404652048],[2286970.346362506,7400903.9203178985],[2153221.270430835,7494264.699186132],[2017424.872370539,7589180.561362794],[1879562.0131661769,7685701.596824775],[1739633.4822906773,7783874.241876357],[1597665.9246497261,7883740.2339217765],[1453719.3433494046,7985335.475400407],[1307896.5758599904,8088688.875516291],[1160355.219575334,8193821.300085915],[1011322.5546768622,8300744.857300242],[861114.0529008169,8409462.896160148],[710156.0225130308,8519971.31317839],[559012.7365475574,8632262.067533761],[408417.87889532733,8746330.194614917]]},"properties":{"type":"meridian","value":-75}},
{"type":"Feature","geometry":{"type":"LineString","coordinates":[[17986413.331285167,-4591085.108745151],[17900114.596330266,-4502903.016070816],[17813400.41771788,-4414259.071968952],[17726225.524714373,-4325105.784518821],[17638543.371027622,-4235394.364964036],[17621671.23494062,-4218127.1821298385],[17550547.310690865,-4148427.6247535767],[17462706.9111714,-4062077.4241496446],[17375050.33492692,-3975582.3983919285],[17287592.99300269,-3888928.551496113],[17200350.7186094,-3802102.6777557796],[17113339.75513292,-3715092.426857593],[17026576.74245939,-3627886.371234974],[16940078.701620113,-3540474.075198573],[16877058.526816938,-3476472.589311805],[16856698.853105206,-3451223.5270554624],[16781406.7941119,-3357548.685339819],[16706566.19967084,-3263968.9808619586],[16632170.760516765,-3170490.4680323442],[16558213.359356513,-3077119.000323718],[16484686.090506446,-2983860.2339746454],[16411580.282405816,-2890719.6322584487],[16338886.522746868,-2797702.4701835816],[16266594.68595345,-2704813.839492922],[16194693.962733505,-2612058.6538329446],[16123172.89142816,-2519441.6539689144],[16052019.39087887,-2426967.4129285295],[15981220.79453625,-2334640.3409645665],[15910763.88553859,-2242464.6902361857],[15840634.93249381,-2150444.559118264],[15770819.725707639,-2058583.8960593087],[15701303.613609672,-1966886.5029195154],[15662275.772461679,-1915312.6366762538],[15631762.140022686,-1875190.8750003478],[15562143.172851263,-1783577.7442303465],[15492846.02099788,-1692293.7607578705],[15423849.515825821,-1601320.048506584],[15355132.88100036,-1510638.6950222647],[15286675.700438455,-1420232.754400267],[15218457.886408782,-1330086.2521843633],[15150459.647684,-1240184.1921071461],[15082661.45765424,-1150512.5645265798],[15015044.02231828,-1061058.3563957035],[14947588.248079382,-971809.5625824876],[14880275.209283551,-882755.1983344977],[14813086.115451934,-793885.31265857],[14746002.278175034,-705191.0023590013],[14679005.077654649,-616664.4264491056],[14612075.928901758,-528298.820620658],[14545196.247622514,-440088.511424006],[14478347.415853588,-352028.9297790369],[14411510.747439496,-264116.6234042137],[14344667.453480685,-176349.26771842488],[14277798.60792045,-88725.67473900635],[14210885.113482196,-1245.7994705569763],[14143907.668215621,86089.25674661442],[14076846.732959993,173277.24647993318],[14009682.500085942,260314.7806060385],[13942394.863930816,347197.337442833],[13874963.393398678,433919.2771816403],[13807367.307249539,520473.8621746448],[13739585.452655386,606853.2836055624],[13671596.28764819,693048.6950295191],[13603377.86812699,779050.2532102999],[13534907.840123795,864847.1666081209],[13466163.438049778,950427.7517780747],[13397121.48965016,1035779.4978285553],[13327758.428386385,1120889.1389601668],[13258050.31393495,1205742.7349603528],[13187972.861439858,1290325.7593694713],[13117501.480080381,1374623.1948621194],[13046611.321413288,1458619.6352086996],[12975277.337820776,1542299.392999436],[12903474.35124056,1625646.612132957],[12831177.132174678,1708645.3839001998],[12758360.488771599,1791279.8653379178],[12684999.365554577,1873534.3983918265],[12611068.95113447,1955393.6283242088],[12536544.794002287,2036842.6197301357],[12461402.925253306,2117866.9684965275],[12385619.986859057,2198452.9080526643],[12309173.36388317,2278587.4083218817],[12232041.318842158,2358258.2658929126],[12154203.12624933,2437454.1840839866],[12075639.205258043,2516164.841769935],[11996331.248245044,2594380.9500762364],[11916262.343150616,2672094.2963071126],[11835417.087423144,2749297.774758167],[11753781.69150158,2825985.4043574035],[11671344.069909723,2902152.33337176],[11588093.918227501,2977794.8316979045],[11504022.774440728,3052910.2715170197],[11419124.063446125,3127497.0973236924],[11333393.123792842,3201554.786531983],[11246827.216066891,3275083.802011563],[11159425.512660194,3348085.53801001],[11071189.06900144,3420562.260972515],[10982120.776651878,3492517.0467789154],[10892225.298976533,3563953.7158817565],[10801508.990382431,3634876.7677539433],[10709979.80036337,3705291.315944743],[10617647.163800813,3775203.0249064434],[10524521.879139164,3844618.049597266],[10430615.976178922,3913542.978696367],[10335942.575312782,3981984.7820921293],[10240515.740068702,4049950.7631300245],[10144350.324822418,4117448.5159389656],[10047461.819503019,4184485.8879981437],[9949866.193043426,4251070.9479649635],[9851579.7372267,4317211.958660836],[9752618.912455047,4382917.355006732],[9653000.196825117,4448195.726616314],[9578897.789915524,4496212.989645796],[9550303.983120732,4511636.145662626],[9440184.567353645,4570460.984576046],[9329666.54209833,4628629.322445793],[9218780.453011919,4686172.389768354],[9107553.942743152,4743121.743594604],[8996011.79317668,4799509.10746227],[8884175.977254236,4855366.23447332],[8772065.718697801,4910724.792002948],[8659697.558071094,4965616.266381748],[8547085.423734196,5020071.88582143],[8434240.706369165,5074122.559842521],[8321172.335877652,5127798.8334963],[8207886.859573724,5181130.85474115],[8094388.520712771,5234148.353425807],[7980679.336510647,5286880.630439994],[7866759.174913128,5339356.555710835],[7752625.829475037,5391604.573844882],[7638275.091799712,5443652.716337571],[7523700.821072681,5495528.619390793],[7408895.010298704,5547259.546492874],[7293847.848918748,5598872.415022539],[7178547.781542984,5650393.826238252],[7068042.711778772,5699600.175826905],[7062982.23148849,5701915.499253003],[6947505.162174717,5754747.25202716],[6832374.171354224,5807415.819560977],[6717519.562173035,5859953.042422757],[6602872.373817908,5912390.414109934],[6488364.220392382,5964759.154736015],[6373927.133482884,6017090.283022302],[6259493.407718083,6069414.686921058],[6144995.448666405,6121763.193179375],[6030365.622455614,6174166.636137503],[5915536.1065355055,6226655.9260409465],[5800438.741041892,6279262.117132465],[5685004.880257534,6332016.475777207],[5569165.243705911,6384950.548861545],[5452849.766457974,6438096.232693127],[5335987.44828277,6491485.842615358],[5218506.201332704,6545152.183533777],[5100332.696126674,6599128.621533095],[4981392.2056834195,6653449.156741578],[4861608.447769043,6708148.497572135],[4740903.425362811,6763262.136435756],[4619197.265623645,6818826.426980549],[4496408.0578667065,6874878.662856237],[4372451.691350048,6931457.1579364985],[4247241.694043741,6988601.327846041],[4120689.0740333083,7046351.772531247],[3992702.165826452,7104750.35947645],[3863186.4846300734,7163840.306995115],[3732044.5926974323,7223666.266807414],[3599175.983186869,7284274.40484143],[3464476.9887210857,7345712.478851006],[3327840.724119502,7408029.911012325],[3189157.075772492,7471277.853123998],[3048312.7540717763,7535509.24136925],[2905191.430531631,7600778.836777926],[2759673.988173617,7667143.246525596],[2611638.9230165794,7734660.9200039655],[2460962.946962096,7803392.112181766],[2307521.8591783224,7873398.805165218],[2151191.775924023,7944744.577138282],[1991850.839962466,8017494.406201987],[1829381.5736093356,8091714.395436786],[1663674.0987503293,8167471.405565708],[1494630.5295448373,8244832.584384161],[1322170.9584809477,8323864.790396737],[1146241.617276058,8404633.926888138],[966826.0191812358,8487204.241047302],[783960.2029518309,8571637.717083849],[597753.6312495709,8657993.831575345],[408417.87889532733,8746330.194614917]]},"properties":{"type":"meridian","value":-60}},
{"type":"Feature","geometry":{"type":"LineString","coordinates":[[17986413.331285167,-4591085.108745151],[17928471.056014374,-4486448.796395798],[17870267.305356815,-4381272.997840519],[17811783.485663943,-4275517.758690885],[17753000.139093738,-4169141.8424063805],[17693896.93504311,-4062102.6725501935],[17634452.65750369,-3954356.2702927697],[17621671.23494061,-3931177.062381697],[17574759.46108442,-3848563.4867651677],[17515061.09001926,-3743162.2125430387],[17455378.861473247,-3637460.093862194],[17395725.834222782,-3531452.004445036],[17336115.01491893,-3425133.694842802],[17276559.34587251,-3318501.8327612635],[17245935.191242248,-3263501.551848727],[17222335.88307854,-3208563.140729791],[17173899.279794477,-3095368.6192199127],[17125702.998117838,-2982179.620757985],[17077734.29754275,-2869007.0840978036],[17029979.638099983,-2755861.3854541793],[17001689.52187724,-2688623.5254576122],[16980856.624489512,-2641901.7438753447],[16929772.85377922,-2527277.537855333],[16879066.285130087,-2413418.329342021],[16828710.605711255,-2300268.9420696627],[16778680.258111168,-2187775.992265927],[16728950.386838196,-2075887.8021297313],[16679496.787543206,-1964554.3219433324],[16630295.858694712,-1853727.0606013394],[16581324.555447867,-1743359.0244012105],[16532560.345456682,-1633404.6640002744],[16483981.16638335,-1523819.829503411],[16435565.384860251,-1414561.7337042214],[16387291.756659376,-1305588.9235605963],[16339139.387818953,-1196861.260043157],[16291087.696469512,-1088339.9065530112],[16243116.375089817,-979987.3261625398],[16195205.352907699,-871767.28799017],[16147334.758141346,-763644.8830770534],[16099484.879752083,-655586.5501890877],[16051636.128350833,-547560.1120220486],[16003768.995866075,-439534.82233941474],[15955864.013541248,-331481.4246200486],[15907901.707783721,-223372.22283585876],[15859862.553335572,-115181.16501440365],[15811726.92317849,-6883.9402665991065],[15763475.034520585,101541.91002866959],[15715086.890142975,210116.8661967507],[15666542.214308986,318859.2887378098],[15617820.382359512,427785.2606933829],[15568900.343037158,536908.4133972294],[15519760.532501988,646239.7352331221],[15470378.778925503,755787.3632090491],[15420732.196484903,865556.3574075619],[15370797.06753099,975548.4586978571],[15320548.711681936,1085761.8305098326],[15269961.340611441,1196190.785987551],[15219007.89737046,1306825.5024739653],[15167659.879223084,1417651.7260439803],[15115887.143212564,1528650.469710761],[15063657.694028372,1639797.709990188],[15010937.454248572,1751064.087722283],[14957690.017717073,1862414.620412699],[14903876.3877157,1973808.4348536227],[14849454.702740593,2085198.5303794544],[14794379.954121314,2196531.5847551674],[14738603.701449487,2307747.816305589],[14682073.79381858,2418780.9173644898],[14624734.107200572,2529558.075313204],[14566524.310848054,2640000.0982158766],[14507379.678321177,2750021.662138762],[14447230.961449545,2859531.6964387917],[14386004.348044612,2968433.921389269],[14323621.526204636,3076627.549262869],[14259999.879269283,3184008.1552483253],[14195052.835502358,3290468.718259304],[14128690.39501189,3395900.823859051],[14060819.852880983,3500196.012403187],[13991346.731691761,3603247.2455346924],[13920175.928441482,3704950.4540076144],[13847213.070359547,3805206.120325261],[13772366.061708225,3903920.8418482128],[13695546.789972065,4001008.814887978],[13616672.94590357,4096393.1787804104],[13535669.8989278,4190007.161700797],[13452472.55877355,4281794.977306748],[13367027.147205977,4371712.432936139],[13279292.801469026,4459727.225263236],[13189242.934177147,4545818.9167603],[13096866.283055753,4629978.604418376],[13002167.597644659,4712208.309219082],[12905167.92781052,4792520.129210041],[12805904.49917635,4870935.209460142],[12704430.181631498,4947482.587910091],[12600812.577163352,5022197.977031636],[12495132.770772051,5095122.537666864],[12387483.801967658,5166301.694288],[12277968.923554575,5235784.031327648],[12166699.718825027,5303620.299399364],[12053794.148125434,5369862.549304718],[11939374.591609078,5434563.401643747],[11823565.947685942,5497775.451277356],[11706493.837190073,5559550.799203773],[11588282.952580947,5619940.6997116385],[11554526.559028702,5636842.791312056],[11462130.559429295,5674854.097506527],[11332633.600188127,5726550.597045369],[11202722.875605222,5776719.260521133],[11072523.14259799,5825456.635899989],[10942146.291659374,5872855.578400063],[10811691.815293588,5919004.793487562],[10681247.366769971,5963988.561384774],[10550889.38160891,6007886.608102556],[10420683.7382606,6050774.091642936],[10290686.438346757,6092721.676154692],[10160944.290471898,6133795.671035876],[10031495.584893933,6174058.215984272],[9902370.749232752,6213567.496638284],[9773592.977884118,6252377.97864849],[9645178.82990609,6290540.650753385],[9517138.791884398,6328103.269717977],[9389477.803697277,6365110.601867225],[9262195.746227024,6401604.657456219],[9135287.890945211,6437624.915315765],[9008745.31196814,6473208.536145622],[8882555.261673667,6508390.563543692],[8756701.51132105,6543204.11239875],[8631164.658349518,6577680.544671733],[8505922.402172236,6611849.632876245],[8380949.79034993,6645739.711766831],[8256219.43704013,6679377.818874088],[8131701.715586247,6712789.824605515],[8007364.927048057,6746000.552671889],[7883175.446389539,6779033.891612638],[7759097.847939048,6811912.898186911],[7635095.011626045,6844659.893376525],[7511128.211382335,6877296.551717604],[7387157.186976784,6909843.984642556],[7263140.200434153,6942322.818476197],[7139034.078071772,6974753.267691118],[7068042.711778772,6993275.18180423],[7014825.642733358,7007294.761454111],[6890714.029732914,7039990.186573975],[6766681.464742392,7072663.77191148],[6642652.888756552,7105335.267862033],[6518553.2800638685,7138024.412064136],[6394307.475173955,7170750.976443595],[6269839.989382195,7203534.814340016],[6145074.836103521,7236395.907944351],[6019935.344105304,7269354.416276796],[5894343.971762041,7302430.723936604],[5768222.117441536,7335645.490859197],[5641489.925114,7369019.703321248],[5514066.084252656,7402574.7264412735],[5385867.623066833,7436332.358431336],[5256809.694077739,7470314.886865166],[5126805.351012952,7504545.147238698],[4995765.3159601,7539046.584110753],[4863597.735684558,7573843.315124507],[4730207.925982498,7608960.198223432],[4595498.102912497,7644422.902388859],[4459367.099730522,7680257.982239203],[4321710.068350383,7716492.956842495],[4182418.1641730666,7753156.393102954],[4041378.2131850705,7790277.994087619],[3898472.360334301,7827888.692657952],[3753577.6983736306,7866020.750761414],[3606565.876648654,7904707.864714927],[3457302.6897397903,7943985.276770863],[3305647.646510809,7983889.8931891695],[3151453.521051885,8024460.408937013],[2994565.8883572943,8065737.438986292],[2834822.649521487,8107763.6559620965],[2672053.554025835,8150583.933587591],[2506079.730692405,8194245.494941527],[2336713.2446471113,8238798.06395149],[2163756.7059782064,8284294.017736224],[1987002.9679303286,8330788.536316158],[1806234.9703258772,8378339.744755198],[1621225.8103900482,8427008.840898601],[1431739.1629041394,8476860.199479619],[1237530.232068056,8527961.44053066],[1038347.5107960153,8580383.447079387],[833935.7697373126,8634200.3150464],[624040.9327985203,8689489.21972167],[408417.87889532733,8746330.194614917]]},"properties":{"type":"meridian","value":-45}},
{"type":"Feature","geometry":{"type":"LineString","coordinates":[[17986413.331285167,-4591085.108745151],[17960756.551175017,-4477136.940202723],[17934963.314184885,-4362634.427100103],[17909031.77354224,-4247552.465334826],[17882959.704586573,-4131865.141322162],[17856744.51097104,-4015545.7068753694],[17830383.230310846,-3898566.5530952862],[17803872.539241467,-3780899.1831690683],[17777208.757854227,-3662514.1839777254],[17750387.853481866,-3543381.1964104287],[17723405.443809036,-3423468.8842833964],[17696256.799287155,-3302744.901758929],[17668936.84483428,-3181175.8591597537],[17641440.160799377,-3058727.2870773687],[17641248.444840837,-3057873.0417932793],[17621671.234940615,-2964326.447670721],[17614451.83295315,-2927191.1497379723],[17589279.262794685,-2797688.397573639],[17564326.681958847,-2669285.05109757],[17539577.147413556,-2541894.5288420925],[17515014.237577077,-2415432.887124802],[17490622.006832194,-2289818.5916534034],[17466384.94264475,-2164972.3026929004],[17442287.925025243,-2040816.672572012],[17418316.188101746,-1917276.154426752],[17394455.2835881,-1794276.8211909705],[17370691.045950085,-1671746.193945763],[17347009.55908547,-1549613.0788359083],[17323397.124348756,-1427807.4118516943],[17299840.22976141,-1306260.1108612127],[17276325.520259444,-1184902.9343622297],[17252839.76883772,-1063668.3465062554],[17229369.848457694,-942489.3880316457],[17205902.70459117,-821299.5528291845],[17182425.32827578,-700032.6699550194],[17158924.72956187,-578622.7910035809],[17135387.911229264,-457004.0828602737],[17111801.842653535,-335110.72597263847],[17088153.43369604,-212876.818413021],[17064429.508487023,-90236.2861594161],[17040616.77896153,32877.19980155957],[17016701.817993816,156530.29873845034],[16992671.031957928,280790.0667513688],[16968510.63251657,405724.013319454],[16944206.607406132,531400.1461362712],[16919744.68994145,657887.0021426603],[16895110.326904625,785253.6621791575],[16870288.64440343,913569.746094511],[16845264.411183547,1042905.3844428248],[16820021.9987425,1173331.1620528193],[16794545.33741652,1304918.0277275224],[16768817.867376447,1437737.1630933918],[16742822.48315986,1571859.8021178234],[16716541.469957147,1707356.9909978362],[16689956.429327793,1844299.2759228013],[16663048.19130366,1982756.3035505798],[16635796.7088806,2122796.3158144588],[16608180.929627417,2264485.5167868],[16580178.63744519,2407887.2846386097],[16551766.255246969,2553061.196111698],[16522918.596305385,2700061.8242141902],[16493608.547980335,2848937.261918706],[16463806.666151606,2999727.3153718784],[16433480.651505576,3152461.2994733],[16402594.669291135,3307155.3567538178],[16371108.461560804,3463809.2076437175],[16338976.184384285,3622402.2272897684],[16306144.881085778,3782888.732627638],[16272552.475217277,3945192.356219586],[16238125.132984838,4109199.3850789275],[16202773.804200495,4274750.960795602],[16166389.705298098,4441634.0832897965],[16128838.462792274,4609571.451521203],[16089952.602453656,4778210.3343843855],[16049522.070951771,4947110.924817059],[16007282.552191941,5115735.025045179],[15962901.552839221,5283436.470674589],[15915962.669883978,5449455.428336206],[15865949.224063434,5612919.529904995],[15812229.632093666,5772855.540936513],[15754048.474693246,5928215.513414296],[15690528.917389601,6077920.548664438],[15620693.260842782,6220922.739409177],[15543507.796150876,6356281.265705631],[15457954.58921463,6483242.675651192],[15363125.891064474,6601310.227858403],[15258328.033419492,6710285.926105112],[15143174.54224982,6810273.810129162],[15017647.02068135,6901643.382779797],[14882109.080917116,6984963.418655353],[14737271.002790647,7060923.429410477],[14584115.471323106,7130259.989783301],[14423802.545508504,7193699.368013683],[14317124.661282044,7231829.549310768],[14253454.08713601,7249449.5894919],[14071563.407369424,7295538.057228148],[13887159.492557924,7336973.449511431],[13701319.58586383,7374495.657536042],[13514939.512152273,7408732.92444027],[13328749.834080864,7440209.789515346],[13143335.64583453,7469359.689969873],[12959157.118969312,7496538.782987551],[12776569.079852745,7522039.120105156],[12595838.725649605,7546100.320711279],[12417161.124375377,7568919.481857823],[12240672.46752007,7590659.370624588],[12066461.219476195,7611455.084807264],[11894577.38984472,7631419.413014294],[11725040.18036744,7650647.122658252],[11557844.252677277,7669218.380392057],[11392964.841888716,7687201.478568972],[11230361.913573422,7704655.010413672],[11069983.53311686,7721629.608902842],[10911768.589554114,7738169.340897039],[10755648.99196904,7754312.8288406],[10601551.435795214,7770094.156910842],[10449398.818815855,7785543.606264418],[10299111.37203799,7800688.2544110585],[10150607.558547147,7815552.4662202755],[10003804.783552378,7830158.298193406],[9858619.950752314,7844525.833053971],[9714969.893575935,7858673.458136625],[9572771.704506464,7872618.098264643],[9431942.98135602,7886375.411622468],[9292402.005833533,7899959.955417051],[9154067.866885262,7913385.326774713],[9016860.538959231,7926664.283257637],[8880700.923450235,7939808.8465429675],[8745510.860038105,7952830.3921399135],[8611213.113371326,7965739.727488276],[8477731.33951754,7978547.160356537],[8344990.035757775,7991262.559116762],[8212914.4766076505,8003895.406198755],[8081430.638377756,8016454.845804784],[7950465.114113552,8028949.726786303],[7819945.020364588,8041388.641438588],[7689797.896907266,8053779.960850326],[7559951.600273746,8066131.867348311],[7430334.191710535,8078452.384498231],[7300873.819996642,8090749.405057215],[7171498.599385402,8103030.717221041],[7068042.711778772,8112846.661673537],[7042138.291554074,8115310.779443746],[6912778.618942885,8127615.9170558555],[6783370.292521247,8139925.681964968],[6653834.361098673,8152247.584245682],[6524091.561993086,8164589.163598722],[6394062.126542008,8176958.0078510335],[6263665.582979457,8189361.771706362],[6132820.555638249,8201808.195845365],[6001444.559403943,8214305.126477284],[5869453.78830401,8226860.535449462],[5736762.89706212,8239482.541025927],[5603284.774382689,8252179.429452523],[5468930.306653866,8264959.677433351],[5333608.130666849,8277831.97565188],[5197224.373844562,8290805.253480032],[5059682.380351531,8303888.705030104],[4920882.421317952,8317091.816717567],[4780721.387251672,8330424.39651795],[4639092.460529994,8343896.605118247],[4495884.765656154,8357518.989183038],[4350982.9947290495,8371302.516977956],[4204267.005306008,8385258.616618601],[4055611.387532022,8399399.217242282],[3904884.997060076,8413736.793432927],[3751950.4498891006,8428284.413267486],[3596663.574792026,8443055.790395193],[3438872.818487553,8458065.340610374],[3278418.598115517,8473328.243435863],[3115132.594895513,8488860.509298677],[2948836.9820680544,8504679.052953638],[2779343.579320272,8520801.773895811],[2606452.9248652672,8537247.644600404],[2429953.255153197,8554036.807541858],[2249619.3808153905,8571190.682073925],[2065211.4458502617,8588732.082403265],[1876473.5552130658,8606685.348063322],[1683132.2538284715,8625076.488497132],[1484894.8375544124,8643933.343591511],[1281447.4737312098,8663285.762275793],[1072453.1055876052,8683165.801610617],[857549.1108798559,8703607.949150877],[636344.6806520878,8724649.37177377],[408417.87889532733,8746330.194614917]]},"properties":{"type":"meridian","value":-30}},
{"type":"Feature","geometry":{"type":"MultiLineString","coordinates":[[[17986413.331285167,-4591085.108745151],[17994759.383124854,-4475603.675423708],[18003030.943488378,-4359614.916519363],[18011227.86040551,-4243106.9912588755],[18019350.044668376,-4126068.018226699],[18027397.46589721,-4008486.0683935746],[18035370.148583006,-3890349.1577102994],[18043268.16812255,-3771645.239273857],[18051091.646858666,-3652362.1950747124],[18058840.750137553,-3532487.8273347327],[18066515.682393383,-3412009.849445535],[18073100.87195831,-3307203.26749843],[18072825.486500565,-3290173.3526152503],[18070636.78971775,-3163048.5679333913],[18068219.307243858,-3035517.720378882],[18065589.783446807,-2907574.037934512],[18063048.48854155,-2791740.8582067164],[18063425.880894758,-2778835.862354293],[18067279.37382356,-2647044.2992653],[18071101.695741117,-2516280.8312525284],[18074895.479251403,-2386455.2875075075],[18078663.28296052,-2257479.9311460652],[18082407.59867732,-2129269.2119757975],[18086130.85824273,-2001739.5314487433],[18089835.440029245,-1874809.0183865533],[18093523.675148055,-1748397.3141692672],[18097197.853399396,-1622425.3661697656],[18100860.228998713,-1496815.228294204],[18104513.026109323,-1371489.86755725],[18108158.44421071,-1246372.9756786532],[18111798.66332922,-1121388.7847372121],[18115435.849158026,-996461.8859594724],[18119072.158090588,-871517.050754276],[18122709.74219222,-746479.0531315801],[18126350.75413303,-621272.4926646713],[18129997.352105275,-495821.61717064143],[18133651.704747915,-370050.1442938398],[18137315.996101,-243881.0811830369],[18140992.430612814,-117236.54145463761],[18144683.238222666,9962.441367214005],[18148390.679543417,137796.10474675993],[18152117.0511681,266346.1531877592],[18155864.691126376,395695.96026411216],[18159635.984518215,525930.7774590593],[18163433.369353876,657137.9506432487],[18167259.34263214,789407.1450169855],[18171116.466691844,922830.5793275784],[18175007.37587595,1057503.270143616],[18178934.783553414,1193523.2869183468],[18182901.489551008,1330992.0184953639],[18186910.388057202,1470014.4515899797],[18190964.47607386,1610699.461603872],[18195066.862508558,1753160.1158780884],[18199220.77802621,1897513.9891314153],[18203429.58581178,2043883.4903300025],[18207696.793444984,2192396.1995363594],[18212026.066155087,2343185.2123191496],[18216421.241821934,2496389.4879691796],[18220886.348229315,2652154.195919912],[18225425.623281553,2810631.0522167366],[18230043.539195336,2971978.6343359733],[18234744.832126047,3136362.657723282],[18239534.53935967,3303956.1905225995],[18244418.047221657,3474939.7732590986],[18249401.154420618,3649501.396482157],[18254490.15798309,3827836.269717611],[18259691.97277756,4010146.2867350294],[18265014.30177283,4196639.050844793],[18270465.88416099,4387526.263105248],[18276056.86497342,4583021.185580215],[18281799.35757896,4783334.754626712],[18287708.318101805,4988669.708894134],[18293802.934340842,5199211.769423513],[18300108.88167529,5415116.391978543],[18306662.074104875,5636488.781777807],[18313515.058868892,5863353.510499588],[18320748.2118298,6095607.855419875],[18328489.899184797,6332949.319514779],[18336953.86638144,6574761.832467301],[18346510.603168074,6819935.912138192],[18357826.989756983,7066585.875982119],[18372143.177477203,7311619.500612133],[18391813.05667496,7550147.419683885],[18421273.535789534,7774904.840098773],[18468369.569885895,7976414.618924736],[18544787.527305502,8145371.502407875],[18662617.107869525,8277525.315281086],[18826796.538578354,8376547.622447706],[18894400.355832666,8404899.902609704],[19040080.80780367,8444386.334128618],[19282958.261539828,8490234.081909006],[19538476.466552615,8524765.615054023],[19798863.79768762,8552677.647675477],[20059322.6800999,8576551.817545721],[20317001.28517547,8597810.314538484],[20570252.811612174,8617261.627422124],[20818166.897666242,8635385.684889263],[21060284.445964575,8652481.248354271],[21107247.03432251,8655743.69734812]],[[-21107247.56234451,8655745.04855758],[-20918089.346461847,8668743.530361863],[-20687934.474581387,8684306.294779472],[-20463666.47060513,8699265.456362594],[-20245121.5550221,8713692.755241873],[-20032097.296538975,8727643.938630015],[-19824369.79470777,8741163.808267431],[-19621704.86905278,8754289.426419083],[-19423865.358800612,8767052.20976895],[-19230615.863100696,8779479.3340714],[-19041725.777059168,8791594.701091537],[-18856971.182576034,8803419.621088604],[-18676135.964627378,8814973.306339111],[-18499012.401912812,8826273.23647105],[-18325401.400905453,8837335.435060756],[-18155112.489169985,8848174.683587909],[-17987963.647965956,8858804.690323059],[-17823781.03970351,8869238.226189276],[-17662398.66897056,8879487.235984903],[-17503658.004135456,8889562.930906814],[-17347407.578319747,8899475.86664288],[-17193502.582745265,8909236.010153117],[-17041804.461354576,8918852.797450123],[-16892180.51268191,8928335.184118891],[-16744503.502867823,8937691.689902164],[-16598651.292222828,8946930.438380131],[-16454506.4766852,8956059.192550192],[-16311956.044764811,8965085.386948636],[-16170891.050033554,8974016.156831209],[-16031206.2988519,8982858.364834758],[-15892800.052766025,8991618.62546793],[-15755573.74483877,9000303.32772256],[-15619431.709066767,9008918.656051764],[-15484280.921968319,9017470.609924452],[-15350030.755389303,9025965.022138072],[-15216592.739558516,9034407.5760474],[-15083880.335422,9042803.821848681],[-14951808.71529366,9051159.19204203],[-14820294.550872473,9059479.016184205],[-14689255.807692416,9067768.535031255],[-14558611.545087494,9076032.914162774],[-14428281.720769782,9084277.257173356],[-14298186.999131355,9092506.618510416],[-14168248.562391073,9100726.016031453],[-14039214.334544916,9108888.168245018],[-14038387.923715152,9108940.443358231],[-13908526.764121741,9117154.882406944],[-13778586.66995491,9125374.314009719],[-13648489.006089,9133603.732605923],[-13551993.50938335,9139707.648653822]],[[6580737.755860297,9139707.83588513],[6546983.172060995,9137572.649689902],[6416332.904684895,9129308.165485393],[6285286.350844213,9121018.51755351],[6153762.364882149,9112698.540764404],[6021678.6881826585,9104342.995300384],[5888951.7466087,9095946.553131586],[5755496.442080125,9087503.78399598],[5621225.937315906,9079009.140796794],[5486051.432737949,9070456.944323082],[5349881.9345052345,9061841.36719023],[5212624.012617863,9053156.416886443],[5074181.548003564,9044395.917798216],[4934455.467477047,9035553.49207207],[4793343.465449218,9026622.539150693],[4650739.711264018,9017596.213798035],[4506534.541063036,9008467.402399056],[4360614.13313242,8999228.697283661],[4212860.1657864535,8989872.368779054],[4063149.4570074254,8980390.33463713],[3911353.5853180187,8970774.126409592],[3757338.491747933,8961014.852247301],[3600964.0633218517,8951103.155473871],[3442083.6993133724,8941029.168114893],[3280543.862681051,8930782.45833636],[3116183.6207718416,8920351.970434166],[2948834.1817512624,8909725.955583625],[2778318.436595311,8898891.89094871],[2604450.521290942,8887836.38388036],[2427035.4207777693,8876545.056671336],[2245868.646072884,8865002.405477311],[2060736.0303855268,8853191.624235021],[1871413.7110314884,8841094.38018142],[1677668.3949839012,8828690.521036318],[1479258.0522662576,8815957.683598181],[1275933.251614797,8802870.756924663],[1067439.4607597815,8789401.126055965],[853520.8022748914,8775515.576556854],[633926.0241111582,8761174.661594838],[408417.87889532733,8746330.194614917]]]},"properties":{"type":"meridian","value":-15}},
{"type":"Feature","geometry":{"type":"MultiLineString","coordinates":[[[17986413.331285167,-4591085.108745151],[18028157.086502567,-4481949.112880516],[18069813.821569335,-4372398.851643475],[18111374.57439086,-4262427.177054407],[18152830.58627093,-4152027.5788347013],[18194173.3110485,-4041194.209800241],[18235394.423286486,-3929921.909416592],[18276485.82549626,-3818206.225245313],[18317439.654387973,-3706043.4320159284],[18358248.286142424,-3593430.5480665364],[18394468.46261688,-3492744.928953741],[18397761.163419522,-3479707.724091965],[18427700.325703606,-3360336.8278069496],[18457313.820449043,-3240816.5992109003],[18486619.398319446,-3121156.5258865887],[18515635.47622841,-3001365.2105593355],[18544381.067954354,-2881450.393693969],[18572875.717328805,-2761418.976738159],[18601139.434412405,-2641277.0457628057],[18629192.634996578,-2521029.8952840227],[18644228.194792073,-2456196.5983554437],[18658654.342681058,-2399850.964063726],[18689773.451962296,-2278231.31742893],[18720686.077638734,-2157318.177664078],[18751409.87437982,-2037045.273825962],[18781962.056989584,-1917348.0615158668],[18812359.44017806,-1798163.5985462589],[18842618.4766039,-1679430.430055586],[18872755.29340656,-1561088.4827358609],[18902785.727440532,-1443078.9679287274],[18932725.35942101,-1325344.293437098],[18962589.547190566,-1207827.9839925936],[18992393.458319414,-1090474.6104152317],[19022152.10225903,-973229.72760229],[19051880.362279862,-856039.8215893705],[19081593.027439326,-738852.266040275],[19111304.82484703,-621615.2886442624],[19141030.452521328,-504277.9480321262],[19170784.613164745,-386790.12196705356],[19200582.0492286,-269102.5077254714],[19230437.579688605,-151166.6357576965],[19260366.13901732,-32934.89791152134],[19290382.81891603,85639.40828502746],[19320502.91346252,204602.0175501233],[19350741.968443606,323997.6149925528],[19381115.83577673,443869.73219749844],[19411640.73408735,564260.6186649086],[19442333.31670259,685211.0856719607],[19473210.748553105,806760.3192643652],[19504290.79374956,928945.6586906195],[19535591.915925276,1051802.3361819736],[19567133.393819958,1175363.1735579628],[19598935.455028504,1299658.2307139875],[19631019.431362297,1424714.400642273],[19663407.93987547,1550554.9452762594],[19696125.094300248,1677198.9661671547],[19729196.75241739,1804660.8038500487],[19762650.805755094,1932949.3598016326],[19796517.518951584,2062067.335220287],[19830829.92710531,2192010.381586358],[19865624.300427046,2322766.1592304963],[19900940.686422803,2454313.302132619],[19936823.540560022,2586620.2901143436],[19973322.456729308,2719644.2337347297],[20010493.008566633,2853329.582850405],[20048397.711510405,2987606.7772767735],[20087107.11288702,3122390.867601906],[20126701.012775384,3257580.1462230193],[20167269.811190404,3393054.8432327867],[20208915.96643392,3528675.9587777937],[20251755.534416966,3664284.3224535543],[20295919.738554288,3799699.990120543],[20341556.49392917,3934722.1073606294],[20388831.777858622,4069129.3837903887],[20437930.702793926,4202681.329644484],[20489058.109217927,4335120.400451616],[20542438.460429482,4466175.171647751],[20598314.794799324,4595564.617294979],[20656946.483505856,4723003.492143397],[20718605.563662764,4848208.7142429445],[20783571.4785069,4970906.52214433],[20852124.164974477,5090840.049718934],[20924535.58460843,5207776.843400098],[21001059.985917605,5321515.766681696],[21081923.392462745,5431892.720040835],[21107250.564226463,5464576.376214246]],[[-21107250.650126774,5464592.778514078],[-21047201.094876483,5538784.668327129],[-20957146.81544474,5642111.614285315],[-20862346.42918022,5741836.369226414],[-20762781.53676567,5837962.215156002],[-20658499.8479965,5930528.782131871],[-20549615.037474792,6019606.637431824],[-20436303.395133022,6105291.170262302],[-20318797.59737654,6187696.34937133],[-20197378.178060874,6266948.844564679],[-20072363.440561265,6343182.86535174],[-19944098.609467827,6416535.914649285],[-19909310.761163633,6435671.88646478],[-19804882.97607257,6482238.187202166],[-19660724.424160037,6543070.399756188],[-19515056.419375394,6600998.129369002],[-19368261.658164933,6656270.730520304],[-19220685.230690155,6709123.200618041],[-19072634.64350899,6759773.881615381],[-18924380.818393093,6808423.43738245],[-18776159.79777162,6855254.765986573],[-18628174.924572855,6900433.557325806],[-18480599.305461224,6944109.264480657],[-18333578.406842228,6986416.312431247],[-18187232.669645432,7027475.415785854],[-18041660.060374547,7067394.916271255],[-17896938.501821954,7106272.081098675],[-17753128.147406213,7144194.325976647],[-17610273.478874974,7181240.342850783],[-17468405.218842164,7217481.123774443],[-17327542.05803708,7252980.879867667],[-17187692.202924885,7287797.859111758],[-17048854.753115255,7321985.069549066],[-16911020.920213964,7355590.915918771],[-16774175.1008986,7388659.758308415],[-16638295.817336736,7421232.401362759],[-16503356.53785962,7453346.5221941965],[-16369326.390243648,7485037.044541095],[-16236170.779172981,7516336.4660277385],[-16103851.918559235,7547275.144660074],[-15972329.288447937,7577881.549990228],[-15841560.025294956,7608182.4837224325],[-15711499.253480297,7638203.273928862],[-15582100.365061771,7667967.946500461],[-15453315.253967723,7697499.376974984],[-15325094.510091532,7726819.425461167],[-15197387.57808196,7755949.057007861],[-15070142.885020599,7784908.449447189],[-14943307.940637805,7813717.090464146],[-14816829.413236197,7842393.865407976],[-14690653.184062172,7870957.13715686],[-14564724.382485036,7899424.81917394],[-14438987.404005533,7927814.442744284],[-14313385.912815996,7956143.219256165],[-14187862.830368571,7984428.098283086],[-14062360.31117138,8012685.822132051],[-14039214.334544916,8017895.106179029],[-13936852.129777072,8040966.0533399265],[-13811334.298700618,8069253.797315648],[-13685734.427775275,8097557.707528052],[-13559978.315757446,8125894.550564422],[-13433991.528634483,8154281.150484275],[-13307699.236595761,8182734.427181092],[-13181026.05101281,8211271.435023704],[-13053895.860923698,8239909.401949385],[-12926231.668565096,8268665.769182464],[-12797955.423551949,8297558.231754675],[-12668987.855370685,8326604.780007878],[-12539248.303932412,8355823.742265276],[-12408654.548031745,8385233.828864586],[-12277122.631681012,8414854.177755963],[-12144566.688445888,8444704.401879009],[-12010898.764107302,8474804.63854777],[-11876028.638227554,8505175.601090804],[-11739863.645522576,8535838.633016331],[-11602308.498357944,8566815.765002012],[-11463265.11222027,8598129.77504685],[-11322632.436704248,8629804.252172949],[-11180306.29544424,8661863.664131677],[-11036179.23957022,8694333.429659178],[-10890140.420761222,8727239.995950537],[-10742075.49191397,8760610.922194092],[-10591866.545983262,8794474.970249757],[-10439392.106879303,8828862.20389878],[-10284527.19068664,8863804.098584773],[-10127143.461256618,8899333.664277187],[-9967109.511907967,8935485.585124673],[-9804291.315217651,8972296.381087402],[-9638552.89662283,9009804.598988643],[-9469757.306071348,9048051.043782258],[-9297767.987048801,9087079.065875389],[-9122450.67649359,9126934.927980905],[-9066347.464318188,9139707.10134674]],[[2095157.7943381157,9139709.594921364],[1972504.3931618647,9111752.51969742],[1790151.4958001284,9070087.964944895],[1604112.8034444293,9027433.573685722],[1414300.6904192977,8983724.49398366],[1220656.443077445,8938887.825961296],[1023162.4805629979,8892839.918331305],[821859.0084600751,8845482.32349525],[616866.7377492455,8796695.660484686],[408417.87889532733,8746330.194614917]]]},"properties":{"type":"meridian","value":0}},
{"type":"Feature","geometry":{"type":"MultiLineString","coordinates":[[[17986413.331285167,-4591085.108745151],[18058675.841570262,-4495731.899049029],[18130776.73717396,-4400079.092989542],[18202699.02642865,-4304114.735640318],[18274425.547475718,-4207827.724475789],[18345938.995219074,-4111207.8766519814],[18417221.949153546,-4014245.997000113],[18488256.901943885,-3916933.946104712],[18559026.288622845,-3819264.7077723164],[18629512.51626999,-3721232.4551329603],[18676434.114038095,-3655537.7665655566],[18696161.637739405,-3620814.355430975],[18755263.703675162,-3516182.4513437105],[18813882.750824038,-3411516.69338577],[18872029.073589373,-3306828.492189545],[18929714.052770525,-3202128.813126958],[18986950.100780435,-3097428.1791848144],[19043750.60390853,-2992736.6749001737],[19100129.862293344,-2888063.9511213712],[19156103.028247025,-2783419.2303763535],[19211686.043545753,-2678811.3126481976],[19266895.57626595,-2574248.5813779593],[19321748.957708173,-2469739.0095361285],[19376264.119909152,-2365290.165626069],[19430459.534198582,-2260909.219504498],[19484354.151211966,-2156602.9479259443],[19537967.342725035,-2052377.7397387382],[19591318.84562929,-1948239.600679928],[19619465.56011098,-1893143.0429647844],[19644889.097665407,-1843959.4110003898],[19698715.82580133,-1739728.9308720757],[19752287.951956686,-1635863.9855890032],[19805626.68087858,-1532332.9934392818],[19858752.84241441,-1429105.615398007],[19911686.93156356,-1326152.7523090383],[19964449.14849185,-1223446.5474977116],[20017059.438739773,-1120960.3948298006],[20069537.533860672,-1018668.9522348559],[20121902.992730606,-916548.1607100767],[20174175.24377728,-814575.2688138393],[20226373.628380775,-712728.8626456888],[20278517.445703685,-610988.9012902288],[20330625.999211308,-509336.7576759487],[20382718.64514398,-407755.26476499444],[20434814.843201995,-306228.76694566675],[20486934.209697943,-204743.17644441273],[20539096.573420476,-103286.03450758738],[20591322.034436397,-1846.5770239732078],[20643631.02603228,99584.19583413532],[20696044.379961453,201013.4464813962],[20748583.395114396,302446.42395497474],[20801269.909668606,403886.3859081596],[20854126.376695,505334.5195103032],[20907175.94309957,606789.8623722483],[20960442.53165834,708249.2248011883],[21013950.925758503,809707.1148859067],[21067726.85628638,911155.6681185762],[21107253.204484366,985361.8339300746]],[[-21107252.92026808,985376.7602656377],[-21092717.002745975,1012584.5834689796],[-21038324.57494347,1113981.068033847],[-20983580.849604633,1215329.7925813822],[-20928455.42573024,1316612.860488105],[-20872916.52353715,1417809.7927110628],[-20816930.90979496,1518897.5315395228],[-20760463.832185984,1619850.4659116187],[-20703478.96559638,1720640.481046693],[-20645938.37358754,1821237.0350168273],[-20587802.488608327,1921607.2646449395],[-20529030.114767317,2021716.1227567862],[-20469578.457164984,2121526.5483191055],[-20409403.18186088,2220999.67035844],[-20348458.510490283,2320095.0457748547],[-20286697.353319317,2418770.9302495597],[-20224071.48411006,2516984.5804131394],[-20160531.759534482,2614692.584320818],[-20096028.385014307,2711851.216113359],[-20030511.227768783,2808416.8095786865],[-19963930.176533267,2904346.1442309762],[-19896235.545894854,2999596.8365587746],[-19827378.521519877,3094127.7283316036],[-19757311.64078241,3187899.26336211],[-19685989.301520523,3280873.8439565776],[-19613368.289937053,3373016.158492531],[-19539408.317122087,3464293.4721601005],[-19464072.5524045,3554675.8738898435],[-19387328.140832856,3644136.473832457],[-19309146.691621102,3732651.547395836],[-19229504.72443019,3820200.623699219],[-19148384.06092424,3906766.518269729],[-19065772.15013841,3992335.3117708527],[-18981662.317792743,4076896.278400258],[-18896053.931717325,4160441.7692198367],[-18808952.477927368,4242967.056995174],[-18720369.54448921,4324470.150059672],[-18630322.71302494,4404951.583246287],[-18538835.360383492,4484414.194041232],[-18445936.37553654,4562862.891834889],[-18351659.79902592,4640304.427524598],[-18256044.394204725,4716747.169830742],[-18159133.161009148,4792200.893601522],[-18060972.80403335,4866676.584187283],[-17961613.167241137,4940186.260742567],[-17861106.64774998,5012742.8201355925],[-17759507.600799065,5084359.902068816],[-17672612.902284574,5144313.775545096],[-17655358.8119822,5154172.341940373],[-17541998.328758255,5217999.945004741],[-17428013.229032807,5280619.2306903275],[-17313482.91706796,5342083.848443973],[-17198481.249744922,5402447.889573176],[-17083076.491410583,5461765.400035735],[-16967331.322639056,5520089.97520275],[-16851302.895608496,5577474.430409802],[-16735042.928984014,5633970.5401528245],[-16618597.835533869,5689628.838339866],[-16502008.876149897,5744498.471959455],[-16385312.334458405,5798627.1007656595],[-16268539.706764989,5852060.836019647],[-16151717.902650187,5904844.211893414],[-16034869.452103635,5957020.183775992],[-15918012.715636106,6008630.14838129],[-15801162.094330886,6059713.981207835],[-15684328.237280903,6110310.087521907],[-15567518.24430018,6160455.463612619],[-15450735.862196982,6210185.765592228],[-15333981.673248954,6259535.3834841335],[-15217253.274830677,6308537.518753922],[-15100545.449411679,6357224.263798158],[-14983850.324372042,6405626.682214138],[-14867157.521275628,6453774.888936754],[-14750454.294401364,6501698.129549787],[-14633725.658464354,6549424.858263959],[-14516954.505563848,6596982.814207173],[-14400121.711478002,6644399.09579798],[-14283206.231488219,6691700.233075684],[-14166185.185961993,6738912.257943045],[-14049033.935954724,6786060.772343688],[-14039214.33454492,6790007.961775991],[-13931874.075114837,6833534.608162595],[-13814856.83389314,6880977.104939315],[-13697916.084987246,6928380.078702056],[-13580984.786702016,6975770.746583451],[-13463996.129165197,7023176.231019433],[-13346883.400424644,7070623.616665693],[-13229579.855655342,7118140.0064872615],[-13112018.58923981,7165752.577210706],[-12994132.409568815,7213488.634313705],[-12875853.716503669,7261375.666711684],[-12757114.38154953,7309441.401285859],[-12637845.630915375,7357713.857381137],[-12517977.931785401,7406221.401385102],[-12397440.882304847,7454992.801480994],[-12276163.105997896,7504057.282647193],[-12154072.151595538,7553444.5819534315],[-12031094.39956901,7603185.004179034],[-11907154.977053495,7653309.4777510725],[-11782177.683325531,7703849.610970098],[-11656084.928588746,7754837.748458598],[-11528797.689554306,7806307.027732983],[-11400235.486211373,7858291.435765398],[-11270316.3853146,7910825.865369652],[-11138957.037528211,7963946.171220048],[-11006072.756934466,8017689.225300598],[-10871577.653832331,8072092.971595255],[-10735384.834541824,8127196.4798851],[-10597406.685446167,8183039.998641346],[-10457555.262946935,8239665.007232728],[-10315742.816632295,8297114.268061634],[-10171882.48009357,8355431.879892529],[-10025889.172888577,8414663.334670793],[-9877680.768675195,8474855.581745472],[-9727179.59919742,8536057.105896108],[-9574314.382438902,8598318.029353516],[-9419022.686892875,8661690.25373465],[-9261254.073752742,8726227.666424323],[-9100974.09628073,8791986.448812729],[-8938169.382069409,8859025.542949114],[-8772854.080515241,8927407.361494217],[-8605078.02483056,8997198.867436256],[-8434937.033498308,9068473.210484793],[-8266367.100787454,9139706.185293112]],[[1295181.035206498,9139708.48746952],[1291414.2312992266,9138108.61264025],[1117082.695378377,9063610.841040166],[941095.6782890507,8987342.31066689],[763897.3848969921,8909165.195997655],[586080.2187971917,8828904.211521609],[408417.87889532733,8746330.194614917]]]},"properties":{"type":"meridian","value":15}},
{"type":"Feature","geometry":{"type":"MultiLineString","coordinates":[[[17986413.331285167,-4591085.108745151],[18084244.27297309,-4516001.6986546],[18181805.8932996,-4440728.598197113],[18279085.110592645,-4365245.2039104765],[18376067.893981703,-4289531.441679566],[18472739.265946858,-4213567.835385824],[18569083.307855815,-4137335.581928746],[18665083.16867644,-4060816.6325300974],[18760721.077043246,-3983993.780125062],[18855978.356844697,-3906850.7525221794],[18950835.44648408,-3829372.310875118],[18961856.061556727,-3820326.3057214017],[19036272.662823882,-3746504.2821914656],[19119945.774777435,-3662907.6661804337],[19203033.64000818,-3579267.304841626],[19285538.878532827,-3495585.828550381],[19367464.863265373,-3411865.8795818514],[19448815.733339667,-3328110.112782141],[19529596.403219204,-3244321.1969923214],[19609812.567599583,-3160501.817104157],[19689470.70214461,-3076654.676613156],[19768578.060130466,-2992782.500524856],[19847142.665106058,-2908888.038461983],[19925173.299709268,-2824974.0678148135],[20002679.490809128,-2741043.3967744387],[20079671.491171867,-2657098.8670887616],[20156160.257874683,-2573143.3563840273],[20232157.42771392,-2489179.77990047],[20307675.289874777,-2405211.0914991405],[20382726.75614654,-2321240.2838080744],[20457325.32898141,-2237270.387389104],[20531485.067705657,-2153304.468822399],[20605220.553198814,-2069345.6276227152],[20678546.851360854,-1985396.9919202279],[20751479.475687776,-1901461.712858267],[20824034.349273145,-1817542.957680966],[20896227.766547654,-1733643.9015042642],[20968076.355059884,-1649767.7177842448],[21039597.037589878,-1565917.5675169395],[21107253.62066293,-1486286.881553758]],[[-21107253.290812366,-1486278.4139940937],[-21103707.09777418,-1482096.587222763],[-21032790.463450596,-1398307.875786516],[-20962149.563537765,-1314554.4802406433],[-20891766.657176267,-1230839.3805934065],[-20821623.883608427,-1147165.4738168058],[-20751703.29287205,-1063535.5571188284],[-20681986.87461952,-979952.3106331322],[-20612456.584930103,-896418.2796646133],[-20543094.37100634,-812935.8566327019],[-20473882.193669453,-729507.2628552623],[-20404802.047591075,-646134.5303144876],[-20376993.29264228,-612548.2531344586],[-20335827.566939555,-562816.6509250801],[-20266945.636886694,-479564.0222954268],[-20198145.0276283,-396377.83110145445],[-20129408.321734514,-313255.26387635386],[-20060718.017208897,-230194.1209978553],[-19992056.510780927,-147192.8086825219],[-19923406.08264069,-64250.32912942797],[-19854748.882805217,18633.731309656057],[-19786066.91931542,101459.21604166442],[-19717342.048470106,184225.41431524462],[-19648555.96730819,266931.0795444523],[-19579690.208552547,349574.4499180571],[-19510726.138227046,432153.27131235495],[-19441644.956153464,514664.8224956502],[-19372427.69952529,597105.9425805146],[-19303055.24974166,679473.0606458193],[-19233508.34266587,761762.2274152014],[-19163767.582449507,843969.1488423592],[-19093813.45903442,926089.2214174222],[-19023626.36941137,1008117.5689731644],[-18953186.642675925,1090049.0807360765],[-18882474.568879202,1171878.450336085],[-18811470.431624733,1253600.215461017],[-18740154.544312164,1335208.797818532],[-18668507.289876178,1416698.5430501527],[-18596509.16381429,1498063.7602299766],[-18524140.820242107,1579298.7605751485],[-18451383.12065968,1660397.8949968345],[-18378217.185059115,1741355.5901297117],[-18304624.444952972,1822166.3824944189],[-18230586.69785592,1902824.9504717793],[-18156086.16271035,1983326.1437986568],[-18081105.535710562,2063665.0103330864],[-18005628.0459516,2143836.819879836],[-17929637.510307625,2223837.084915863],[-17853118.386932354,2303661.578106913],[-17776055.82677092,2383306.3465610705],[-17698435.72247799,2462767.7228200748],[-17620244.75415274,2542042.332644513],[-17541470.4313254,2621127.0997020113],[-17462101.13066368,2700019.247317813],[-17382126.128908977,2778716.297492994],[-17301535.630601365,2857216.0674361046],[-17220320.790208597,2935516.663888287],[-17138473.728335496,3013616.475549207],[-17055987.541756466,3091514.1639310443],[-16972856.307083145,3169208.65297996],[-16889075.07795046,3246699.1178090363],[-16804639.875676937,3323984.972883608],[-16719547.673426474,3401065.859990083],[-16633796.373969182,3477941.636302574],[-16547384.781206239,3554612.3628397165],[-16460312.56568706,3631078.2935767216],[-16372580.22440604,3707339.8654468046],[-16284189.035219356,3783397.6894321507],[-16195141.006269172,3859252.5429086233],[-16105438.82084292,3934905.363371708],[-16015085.778128322,4010357.2436342845],[-15924085.730350573,4085609.4285509926],[-15888917.747016238,4114496.8974986915],[-15826456.649317414,4157132.7272915295],[-15724600.11751802,4226026.27046949],[-15622314.415201869,4294460.62055684],[-15519621.907538176,4362457.34611298],[-15416543.382843625,4430038.829292956],[-15313098.045728587,4497228.1433839705],[-15209303.516122462,4564048.941561582],[-15105175.83363409,4630525.356829222],[-15000729.466704885,4696681.912936498],[-14895977.326020565,4762543.445937737],[-14790930.781660507,4828135.035949841],[-14685599.683481535,4893481.948593404],[-14579992.384254226,4958609.585550076],[-14474115.765093803,5023543.44363863],[-14367975.262753874,5088309.081798585],[-14261574.898378655,5152932.09537096],[-14154917.307338007,5217438.097077375],[-14048003.769797932,5281852.70411937],[-14039214.334544914,5287138.157386007],[-13941131.470264722,5347980.742503287],[-13834667.51313477,5414007.766955213],[-13728552.222167313,5479803.464575742],[-13622724.46035129,5545405.829888791],[-13517123.948134644,5610852.312225986],[-13411691.139259314,5676179.8954070695],[-13306367.10206368,5741425.174351449],[-13201093.405929057,5806624.428898694],[-13095812.012623169,5871813.695082127],[-12990465.172374135,5937028.834066151],[-12884995.324595047,6002305.598924278],[-12779345.003273925,6067679.699400473],[-12673456.747149749,6133186.864760206],[-12567273.014914772,6198862.904799642],[-12460736.105820585,6264743.769039939],[-12353788.08622462,6330865.604088746],[-12246370.72279993,6397264.809100891],[-12138425.42335085,6463978.089214743],[-12029893.186437748,6531042.506777894],[-11920714.561325181,6598495.530105096],[-11810829.62014027,6666375.079431035],[-11700177.944576235,6734719.569629667],[-11588698.630016595,6803567.949168822],[-11476330.310608936,6872959.734652656],[-11363011.209609965,6942935.040174778],[-11248679.220285676,7013534.600560601],[-11133272.023822201,7084799.787420305],[-11016727.25213011,7156772.616765412],[-10898982.705167115,7229495.746767669],[-10779976.634531934,7303012.464067183],[-10659648.107682964,7377366.656881927],[-10537937.470315227,7452602.773055493],[-10414786.928315705,7528765.761139673],[-10290141.275462924,7605900.992695739],[-10163948.798821263,7684054.164292688],[-10036162.4008097,7763271.1782979565],[-9906740.985427488,7843598.00266568],[-9775651.166335385,7925080.511772742],[-9642869.366645576,8007764.31328064],[-9508384.394529056,8091694.570501022],[-9372200.59512059,8176915.836493336],[-9234341.697406532,8263471.926052666],[-9094855.493998725,8351405.86608929],[-8953819.510176055,8440759.985248655],[-8811347.83301744,8531576.231908226],[-8667599.276096243,8623896.848064797],[-8522787.040511256,8717765.577045891],[-8377189.983889235,8813229.646269178],[-8231165.502646219,8910342.84027736],[-8085163.836891572,9009170.055484366],[-7939743.279610426,9109793.786065575],[-7897242.149582466,9139701.189227602]],[[-7897230.057989333,9139709.73369875],[-7897229.110599771,9139710.403162206],[824413.6412559362,9067097.81657389],[682335.952249025,8962516.153689483],[543301.3580188086,8855682.799992437],[408417.87889532733,8746330.194614917]]]},"properties":{"type":"meridian","value":30}},
{"type":"Feature","geometry":{"type":"MultiLineString","coordinates":[[[17986413.331285167,-4591085.108745151],[18103131.798158318,-4541366.6376307905],[18219473.89731858,-4491540.363209282],[18335446.48964403,-4441581.918157595],[18451054.778075207,-4391466.9142090725],[18566302.264502678,-4341170.952899554],[18681190.70496795,-4290669.642745912],[18795720.063500468,-4239938.623498451],[18909888.464959353,-4188953.5981386784],[19023692.147297587,-4137690.3733158503],[19137125.413719025,-4086124.908924643],[19250180.585254323,-4034233.3775190026],[19295816.580497388,-4013138.4003071636],[19357485.841579277,-3978954.1189010446],[19460645.424354475,-3921440.456495721],[19563277.37800117,-3863797.680973614],[19665382.722216066,-3806016.65798863],[19766961.975008097,-3748088.285875244],[19868015.201472946,-3690003.4919851697],[19968542.06478679,-3631753.2303986805],[20068541.879348807,-3573328.481170922],[20168013.66596552,-3514720.2512744293],[20266956.208930876,-3455919.577398272],[20365368.114815883,-3396917.530758424],[20463247.8727397,-3337705.2240644153],[20560593.915852375,-3278273.8207732155],[20657404.683717005,-3218614.5467419233],[20753678.68523839,-3158718.7043661093],[20849414.56174578,-3098577.6892608623],[20944611.149800856,-3038183.009505808],[21039267.54326943,-2977526.3074344695],[21107253.199466344,-2933577.6986032454]],[[-21107252.864214186,-2933572.4891298716],[-21081130.938480042,-2916599.38390251],[-20987556.320878234,-2855394.2249187897],[-20894522.473194145,-2793903.0304693035],[-20802028.6838973,-2732118.2453069943],[-20710073.702585187,-2670032.5914223967],[-20618655.693111133,-2607639.101851656],[-20527772.19105776,-2544931.155421818],[-20437420.066020854,-2481902.511980033],[-20347595.48912527,-2418547.3476051316],[-20258293.9061403,-2354860.289259334],[-20169510.016498033,-2290836.4483054937],[-20081237.758445002,-2226471.452294254],[-19993470.300476607,-2161761.474416057],[-19906200.039116245,-2096703.2600169436],[-19819418.60300967,-2031294.1495954248],[-19733116.863210827,-1965532.0977298613],[-19647284.94944173,-1899415.6874329054],[-19561912.27201724,-1832944.1394897508],[-19476987.549038935,-1766117.3164097585],[-19392498.838383052,-1698935.7207048363],[-19308433.573937137,-1631400.4872997282],[-19224778.605481386,-1563513.3699781664],[-19141520.241564896,-1495276.7218704484],[-19058644.294694636,-1426693.4700903127],[-18976136.12813786,-1357767.0847290622],[-18893980.703635912,-1288501.5425095393],[-18812162.62933925,-1218901.2854896009],[-18730666.207298893,-1148971.1752814318],[-18649475.479887646,-1078716.4433180327],[-18568574.27457295,-1008142.6377493741],[-18487946.246521696,-937255.5675881895],[-18407574.918581713,-866061.244747402],[-18327443.718254846,-794565.8246192904],[-18247536.01134919,-722775.5458401757],[-18167835.132071313,-650696.669865451],[-18088324.409391284,-578335.4209489072],[-18008987.18958295,-505697.92707970954],[-17929806.854906213,-432790.16238128365],[-17850766.838457704,-359617.89142126404],[-17771850.635268573,-286186.61582171876],[-17693041.809774213,-212501.523496695],[-17614323.999818597,-138567.44078077757],[-17535680.917386644,-64388.787649730424],[-17457096.346281894,10030.463826180756],[-17378554.136982452,84686.82771316182],[-17300038.1989186,159577.3390995739],[-17221532.490419235,234699.58565529488],[-17143021.006572843,310051.73592737585],[-17064487.76524332,385632.56447265815],[-16985916.791470896,461441.4739604498],[-16907292.100476135,537478.5144055411],[-16828597.679469727,613744.399713517],[-16749817.468454033,690240.5217372396],[-16670935.340184579,766968.9620554622],[-16591935.079440663,843932.5016925732],[-16512800.361735858,921134.6290028604],[-16433514.7315804,998579.5459434127],[-16354061.580389036,1076272.1729584043],[-16274424.124110717,1154218.152692944],[-16194585.380639866,1232423.8527489977],[-16114528.1470532,1310896.367688145],[-16034234.976701858,1389643.520477374],[-15953688.156175118,1468673.8635645828],[-15872869.682139825,1547996.6797605539],[-15791761.238048775,1627621.9830938324],[-15710344.170701053,1707560.519794857],[-15628599.466628747,1787823.769555392],[-15546507.728276383,1868423.947199706],[-15464049.14993219,1949374.0048944813],[-15381203.493364511,2030687.635015644],[-15297950.063110547,2112379.273782136],[-15214267.681360226,2194464.105759038],[-15130134.662373347,2276958.0693256706],[-15045528.786364052,2359877.863198124],[-14960427.272783704,2443240.954090293],[-14874806.752929276,2527065.585592839],[-14788643.24180184,2611370.7883455995],[-14782364.095774913,2617512.419693056],[-14703329.599829502,2695310.8673798013],[-14617724.039012393,2779481.669039334],[-14531713.754429072,2863942.6655526217],[-14445290.635705085,2948693.3212648556],[-14358447.03514538,3033732.9927830556],[-14271175.779181942,3119060.9226096133],[-14231642.990561781,3157668.8707385343],[-14177777.1576959,3201332.937301808],[-14079369.670858672,3280917.706480869],[-14039214.33454492,3313328.2367152534],[-13980880.899834055,3365068.441357824],[-13883135.802968964,3451755.71749192],[-13786166.152303526,3537742.816568601],[-13689908.953924881,3623085.84085178],[-13594303.06481391,3707839.2362977285],[-13499289.035341812,3792055.9345883923],[-13404808.961331446,3875787.4867893755],[-13310806.344908062,3959084.1893597837],[-13217225.963451969,4041995.2031678776],[-13124013.746047694,4124568.666099259],[-13031116.656902554,4206851.799781877],[-12938482.58528234,4288891.010893908],[-12846060.241585819,4370731.987465119],[-12753799.059252499,4452419.790529598],[-12661649.102272626,4533998.941436086],[-12569560.978144987,4615513.505071451],[-12477485.75620871,4697007.169201739],[-12385374.891362231,4778523.320083196],[-12293180.153276665,4860105.114441562],[-12200853.561315779,4941795.547860822],[-12108347.325492183,5023637.519561484],[-12015613.793922782,5105673.893481999],[-11922605.40739977,5187947.5555038415],[-11829274.661870562,5270501.466579902],[-11735574.079826485,5353378.711434925],[-11641456.19184198,5436622.542404698],[-11546873.529790567,5520276.417865193],[-11451778.633600619,5604384.034571631],[-11356124.073812723,5688989.353078624],[-11259862.492674945,5774136.6152433045],[-11162946.66707752,5859870.352621364],[-11065329.597303282,5946235.38434894],[-10966964.626376722,6033276.802859075],[-10867805.595760053,6121039.945508733],[-10767807.044300592,6209570.349890769],[-10666924.458718987,6298913.690276492],[-10565114.585586607,6389115.692282968],[-10462335.816726511,6480222.022494241],[-10358548.662346313,6572278.149402983],[-10253716.329043308,6665329.171704283],[-10147805.423189487,6759419.609706593],[-10040786.804189699,6854593.155486541],[-9932636.616792962,6950892.3774933275],[-9823337.537098922,7048358.375734442],[-9712880.273186775,7147030.384630839],[-9601265.368397499,7246945.322375712],[-9488505.36312064,7348137.288522842],[-9374627.379204566,7450637.016052305],[-9259676.199284166,7554471.290953687],[-9143717.920429675,7659662.362255202],[-9026844.265929578,7766227.379430073],[-8909177.63810733,7874177.913412445],[-8790876.98478686,7983519.643286539],[-8672144.526342798,8094252.324089464],[-8553233.340592207,8206370.192349669],[-8434455.717401033,8319863.013520203],[-8316192.058927613,8434718.024634372],[-8198899.897967603,8550923.06599388],[-8083122.320279994,8668471.208574716],[-7969494.700186343,8787367.138510602],[-7858748.207324992,8907635.412894277],[-7751708.073485734,9029330.399696425],[-7659658.580569946,9139700.290216971]],[[688477.0392792214,9139708.2770565],[678112.622269776,9126873.59374718],[581280.3708264368,9001988.565093296],[491048.9647533421,8875229.764826844],[408417.87889532733,8746330.194614917]]]},"properties":{"type":"meridian","value":45}},
{"type":"Feature","geometry":{"type":"MultiLineString","coordinates":[[[17986413.331285167,-4591085.108745151],[18114063.17627079,-4570090.559666311],[18241258.15065109,-4549025.175293773],[18368035.140310906,-4527871.976122041],[18494429.200556148,-4506613.61226356],[18620473.531975195,-4485232.32079293],[18746199.44639995,-4463709.883048769],[18871636.322676115,-4442027.582072758],[18996811.551926713,-4420166.160429135],[19121750.471973464,-4398105.778722681],[19246476.290567823,-4375825.975219184],[19371009.997079406,-4353305.62707141],[19495370.262294773,-4330522.9137673],[19619573.325997464,-4307455.283545431],[19743632.87203255,-4284079.423667641],[19759784.23447444,-4281010.342408984],[19861191.983447034,-4256780.761460559],[19977576.067452896,-4228748.03773035],[20093743.77890234,-4200514.92980973],[20209705.05985893,-4172066.03875215],[20325467.90384726,-4143385.3876209795],[20441038.31404618,-4114456.369121139],[20556420.262471035,-4085261.6908803717],[20671615.65125895,-4055783.3185476842],[20786624.27730581,-4026002.416971161],[20901443.801642,-3995899.2898304947],[21016069.72507427,-3965453.3182328017],[21107252.858660724,-3940936.280201135]],[[-21107251.95621225,-3940933.7716828957],[-21084018.72088932,-3934642.898935384],[-20969802.210153647,-3903445.3830376593],[-20855805.872991964,-3871837.0161850904],[-20742042.90689326,-3839792.881552709],[-20628528.634947438,-3807286.847119862],[-20515280.453796633,-3774291.5190095133],[-20402317.76174109,-3740778.20293825],[-20289661.865031656,-3706716.8760986864],[-20177335.86054675,-3672076.1720641456],[-20065364.4933037,-3636823.3815511535],[-19953773.987603117,-3600924.472081671],[-19842591.85105882,-3564344.1297337543],[-19731846.651330616,-3527045.8262326964],[-19621567.76605247,-3488991.9145899923],[-19511785.10723013,-3450143.756317807],[-19402528.822256584,-3410461.8829073734],[-19293828.974640336,-3369906.193738177],[-19185715.208529517,-3328436.1918641776],[-19078216.40210514,-3286011.2581963167],[-18971360.315860003,-3242590.9634697153],[-18865173.242620736,-3198135.4160686457],[-18759679.66684818,-3152605.6423168774],[-18654901.941205095,-3105963.9942779574],[-18550859.988552418,-3058174.5785203427],[-18447571.037379343,-3009203.697771176],[-18345049.39815525,-2959020.2960055256],[-18243306.287202176,-2907596.3963976754],[-18142349.703437325,-2854907.5207919264],[-18042184.361766733,-2800933.079019298],[-17942811.685089234,-2745656.7165536103],[-17844229.854884304,-2689066.60969956],[-17746433.918316275,-2631155.698732169],[-17649415.947806023,-2571921.8511203034],[-17553165.247217767,-2511367.9490877017],[-17457668.597287048,-2449501.898182657],[-17362910.5317634,-2386336.55610903],[-17268873.635015577,-2321889.5836707447],[-17175538.85157465,-2256183.222155427],[-17082885.79826557,-2189244.003698411],[-16990893.07016192,-2121102.403017661],[-16899538.53253019,-2051792.4403155944],[-16808799.592126343,-1981351.2460624143],[-16718653.44257848,-1909818.5987994254],[-16629077.28004063,-1837236.4470542343],[-16540048.486749098,-1763648.425993207],[-16451544.781476999,-1689099.3786201521],[-16363544.33710711,-1613634.8902452104],[-16276025.866585493,-1537300.8436798425],[-16188968.679354558,-1460143.0012451434],[-16102352.710987836,-1382206.6182864688],[-16016158.529164603,-1303536.0915311137],[-15930367.31934887,-1224174.6443576622],[-15844960.853597255,-1144164.0499025024],[-15759921.445843238,-1063544.3919339941],[-15675231.89682012,-982353.8625895411],[-15590875.431522096,-900628.5953975047],[-15506835.631787818,-818402.5314880109],[-15423096.366247868,-735707.3165232672],[-15339641.719526365,-652572.2256331899],[-15256455.922242336,-569024.1135091165],[-15173523.283030957,-485087.3867686409],[-15090828.123505618,-400783.9957407705],[-15008354.71681456,-316133.44291608105],[-14926087.230212737,-231152.8054459298],[-14844009.671870716,-145856.76924553417],[-14762105.841977997,-60257.67244583013],[-14680359.288063763,25634.44386006162],[-14598753.26435364,111811.77942648002],[-14517270.694900736,198268.714870906],[-14435894.140171697,285001.74935237266],[-14354605.766729169,372009.4371867685],[-14273387.319628134,459292.32450298325],[-14192220.097132465,546852.886888321],[-14111084.927356275,634695.4688301237],[-14039214.334544914,712759.9822428405],[-14029963.358122762,723769.2970208541],[-13948945.96863021,820458.0375603467],[-13868079.997523353,917434.4435497096],[-13787338.170290245,1014702.4979770167],[-13706692.611489553,1112268.604719081],[-13626114.871744936,1210141.4801394448],[-13545575.946127797,1308332.0536673767],[-13465046.284710927,1406853.377423923],[-13384495.79597792,1505720.5448897767],[-13303893.84368207,1604950.6185555996],[-13223209.237663709,1704562.566455251],[-13142410.219056685,1804577.2074553482],[-13061464.440242572,1905017.1651579335],[-12980338.939844985,2005906.830265974],[-12899000.112995109,2107272.331262005],[-12817413.67704336,2209141.513257825],[-12745193.121570557,2299466.6387395696],[-12735082.560288798,2311265.850267572],[-12649434.833475946,2411234.632982162],[-12564257.904897112,2510684.110124246],[-12479502.199666353,2609673.581887818],[-12395119.312344879,2708261.127147531],[-12311061.906139892,2806503.733827506],[-12227283.61898565,2904457.4227263527],[-12143738.97623726,3002177.3652961217],[-12060383.30978845,3099717.9958053133],[-11977172.683506576,3197133.1182497377],[-11894063.824965484,3294476.0083085033],[-11811014.063549269,3391799.5105741643],[-11727981.275100522,3489156.1312155146],[-11644923.833397651,3586598.126155749],[-11561800.568869123,3684177.5847675214],[-11478570.73509183,3781946.5089963754],[-11395193.983779343,3879956.887723693],[-11311630.349147558,3978260.7660666467],[-11227840.242755407,4076910.3091822327],[-11143784.460162096,4175957.8599917735],[-11059424.201026868,4275455.990066568],[-10974721.104610203,4375457.542709049],[-10889637.303026384,4476015.66702033],[-10804135.495057069,4577183.84145652],[-10718179.043877818,4679015.885032626],[-10631732.10268889,4781565.953922727],[-10544759.772996988,4884888.520714215],[-10457228.30118651,4989038.332984437],[-10369105.320071807,5094070.347159485],[-10280360.143363902,5200039.6327607855],[-10253339.57086247,5232345.948317673],[-10193907.267439727,5305278.657359711],[-10108057.281761255,5410730.282700388],[-10021502.930272307,5517177.509685039],[-9934218.68349062,5624668.243083968],[-9846182.069169868,5733249.268399486],[-9757374.33741993,5842965.909788136],[-9667781.257464979,5953861.623038703],[-9577394.07022107,6065977.515345143],[-9486210.625094403,6179351.783387506],[-9394236.734169343,6294019.061443208],[-9301487.782227168,6410009.672144675],[-9207990.636680467,6527348.774426547],[-9113785.90724953,6646055.406645548],[-9018930.610548064,6766141.428451399],[-8923501.298844522,6887610.373577833],[-8827597.713771133,7010456.238366172],[-8731347.02257114,7134662.248799767],[-8634908.683473952,7260199.67352211],[-8538479.963431524,7387026.783089571],[-8442302.089421637,7515088.097474565],[-8346666.945442558,7644314.114315554],[-8251924.120802683,7774621.766969478],[-8158487.959808708,7905915.917273375],[-8066844.048184231,8038092.22977101],[-7977554.2934390195,8171041.779653647],[-7891259.425823222,8304657.6827585725],[-7808677.402168658,8438843.860525865],[-7730595.918868433,8573525.72308933],[-7657857.169315184,8708662.04592714],[-7591333.301022025,8844256.657454655],[-7531891.930164268,8980367.864508871],[-7480352.6593982475,9117113.051010111],[-7472676.185050761,9139700.283081278]],[[501500.0641909176,9139707.07458368],[466266.0749993389,9024754.899129389],[432550.3211454778,8886176.239612687],[408417.87889532733,8746330.194614917]]]},"properties":{"type":"meridian","value":60}},
{"type":"Feature","geometry":{"type":"MultiLineString","coordinates":[[[17986413.331285167,-4591085.108745151],[18116302.484706946,-4600213.072308753],[18245702.902723234,-4609254.018951075],[18374678.529916793,-4618209.19584804],[18503291.84053204,-4627079.461758921],[18631603.921699233,-4635865.266574584],[18759674.54613229,-4644566.627432799],[18887562.23409111,-4653183.101092061],[19015324.304270353,-4661713.75221398],[19143016.913137875,-4670157.117159951],[19270695.082096554,-4678511.162859432],[19398412.71167976,-4686773.240254609],[19526222.581811808,-4694940.031769866],[19654176.336967077,-4703007.49219349],[19782324.4548433,-4710970.782294887],[19910716.196921438,-4718824.194433065],[20039399.539015707,-4726561.069341888],[20168421.0796164,-4734173.703208037],[20297825.923495818,-4741653.2440876225],[20427657.5376766,-4748989.576643876],[20557957.57645187,-4756171.194133873],[20585361.014610298,-4757657.309613827],[20684608.288658433,-4760825.665401698],[20810622.293111335,-4764747.240928117],[20937129.02242623,-4768561.960034261],[21064160.83486873,-4772259.629795123],[21107252.23988507,-4773481.828811554]],[[-21107251.6480304,-4773482.116252801],[-21022766.479955614,-4775828.598853362],[-20894597.61475983,-4779255.569004589],[-20765822.621840376,-4782525.380371312],[-20636420.90350731,-4785620.766592605],[-20506375.70769085,-4788522.076059308],[-20375674.574772585,-4791206.9548256425],[-20244309.829639234,-4793649.986447734],[-20112279.119455036,-4795822.283670815],[-19979585.996447846,-4797691.026654306],[-19846240.5433742,-4799218.94235071],[-19712260.037174292,-4800363.719828357],[-19577669.643547878,-4801077.356865339],[-19442503.131670196,-4801305.434192725],[-19306803.593928892,-4800986.315526426],[-19170624.150322445,-4800050.27423435],[-19034028.61099334,-4798418.551430428],[-18897092.063324492,-4796002.355793551],[-18759901.34228084,-4792701.822832137],[-18622555.334576834,-4788404.960991604],[-18485165.059380926,-4782986.624197902],[-18347853.46151693,-4776307.565246189],[-18210754.84872588,-4768213.641672854],[-18074013.904119816,-4758535.264717088],[-17937784.210421924,-4747087.201325489],[-17802226.236049697,-4733668.856649929],[-17667504.756540783,-4718065.176886087],[-17533785.719633847,-4700048.315354378],[-17401232.608658243,-4679380.193475552],[-17270002.414963935,-4655816.057741416],[-17140241.391533453,-4629109.080005078],[-17012080.819338445,-4599015.970088077],[-16885633.0655347,-4565303.469725046],[-16760988.237024447,-4527755.483646124],[-16638211.723991767,-4486180.4912825795],[-16517342.879327945,-4440418.789692601],[-16398394.991657961,-4390349.064488164],[-16281356.590520227,-4335893.786946754],[-16166193.98855932,-4277022.999928016],[-16052854.83871374,-4213756.178822846],[-15941272.385758905,-4146162.020583862],[-15831370.037431162,-4074356.198907136],[-15723065.877746811,-3998497.2985071987],[-15616276.790559039,-3918781.2810303536],[-15510921.942529114,-3835434.9228931605],[-15406925.474192329,-3748708.6956646536],[-15304218.347913587,-3658869.5374393775],[-15202739.38787961,-3566193.9013522905],[-15102435.611026803,-3470961.3808178594],[-15003261.985974628,-3373449.115820205],[-14905180.771427812,-3273927.09335159],[-14808160.580962794,-3172654.376493985],[-14712175.30369468,-3069876.235109078],[-14617202.985925013,-2965822.107647681],[-14523224.752350908,-2860704.296814019],[-14430223.820227964,-2754717.2889674427],[-14338184.638105046,-2648037.5849446626],[-14247092.163326634,-2540823.935244459],[-14156931.27954496,-2433217.8824538244],[-14067686.346598692,-2325344.52619169],[-14039214.334544914,-2290659.4732794855],[-13979413.037715135,-2211215.329187379],[-13892305.996101253,-2094244.1476064397],[-13806336.388261966,-1977435.755340743],[-13721458.357168486,-1860874.763508417],[-13637625.964074513,-1744630.4234856132],[-13554793.425360339,-1628758.2857782906],[-13472915.285430938,-1513301.7239254657],[-13391946.540185707,-1398293.3215827877],[-13311842.722334582,-1283756.125465611],[-13232559.95726134,-1169704.7698718796],[-13154054.9961192,-1056146.480412388],[-13076285.231280852,-943081.9656405618],[-12999208.69806156,-830506.2057281107],[-12922784.065712187,-718409.1473572586],[-12846970.61997428,-606776.3137335236],[-12771728.238952016,-495589.338167721],[-12697017.36364505,-384826.42910877574],[-12622798.964171967,-274462.77388435643],[-12549034.50247295,-164470.88776259607],[-12475685.89209318,-54820.91431189309],[-12402715.455503743,54519.11757629559],[-12330085.879302556,163583.07521383325],[-12257760.167547287,272406.53793990257],[-12185701.59339962,381026.6434842715],[-12113873.64920058,489481.9615611682],[-12042239.995047292,597812.391792651],[-11970764.405900149,706059.0834283318],[-11899410.717212899,814264.3746591292],[-11828142.769046765,922471.7496199218],[-11756924.348601008,1030725.8114425795],[-11685719.131065847,1139072.269959964],[-11614490.618678914,1247557.9428766917],[-11543202.077842265,1356230.76941583],[-11471816.474133596,1465139.8356259593],[-11424694.359748874,1537076.323137252],[-11399978.830336863,1574103.0308793627],[-11327611.237442266,1682540.3477567194],[-11255414.64496173,1790756.5099284677],[-11183350.162462238,1898812.159270973],[-11111379.459417885,2006767.3410537625],[-11039464.70544303,2114681.619754529],[-10967568.515861453,2222614.190259401],[-10895653.902794845,2330623.9846606213],[-10823684.2320572,2438769.7747879373],[-10751623.186258338,2547110.2705277423],[-10679434.734652843,2655704.2138939165],[-10607083.110424163,2764610.468713656],[-10534532.79627187,2873888.10567748],[-10461748.519378396,2983596.482372274],[-10388695.257076535,3093795.3177652336],[-10315338.254828215,3204544.7604307644],[-10241643.058468016,3315905.449605983],[-10167575.563072668,3427938.567917147],[-10093102.081304334,3540705.884330867],[-10018189.43465684,3654269.7855413784],[-9942805.071730819,3768693.293596334],[-9866917.218499446,3884040.067075395],[-9790495.066530762,4000374.3825513846],[-9713509.006340249,4117761.092362878],[-9635930.91450072,4236265.553885827],[-9557734.504885577,4355953.524481079],[-9478895.75652581,4476891.01507925],[-9399393.433089683,4599144.093902946],[-9319209.71202715,4722778.630068223],[-9238330.94504773,4847859.964693298],[-9156748.575917609,4974452.494602699],[-9074460.246667469,5102619.150666336],[-8991471.129284639,5232420.749160794],[-8907795.526880117,5363915.190175058],[-8823458.796166906,5497156.471883734],[-8738499.651733937,5632193.483346338],[-8652972.92171265,5769068.531227229],[-8566952.833322516,5907815.547341902],[-8480536.914193556,6048457.914129985],[-8393850.599167226,6191005.834014751],[-8307052.629014344,6335453.156264715],[-8288347.585189267,6366834.600201555],[-8226064.178030313,6478342.280701301],[-8146901.107248274,6621758.324028598],[-8068218.003054375,6766505.363633973],[-7990295.433171372,6912459.043301101],[-7913469.3540337905,7059466.513713711],[-7838138.645414968,7207345.547668774],[-7764772.496695138,7355885.122621018],[-7693916.9239596855,7504848.099395955],[-7626199.346046072,7653976.682356953],[-7562329.735104235,7803001.2960693175],[-7503096.441714377,7951653.281069792],[-7449354.497200082,8099681.318473771],[-7402004.214208146,8246870.69478355],[-7361958.4991363995,8393063.4611228],[-7330098.698612858,8538176.429407893],[-7307221.097444914,8682213.17207067],[-7293979.067097416,8825266.254119867],[-7290828.5422851555,8967507.22033158],[-7297985.842835169,9109164.36292037],[-7300885.110189651,9139699.810764829]],[[329714.88947117777,9139707.357468378],[344234.2469724128,9028929.439741574],[371613.5739672404,8887688.34911297],[408417.87889532733,8746330.194614917]]]},"properties":{"type":"meridian","value":75}},
{"type":"Feature","geometry":{"type":"MultiLineString","coordinates":[[[17986413.331285167,-4591085.108745151],[18109701.43407989,-4629683.917502541],[18232515.42648456,-4668128.883765773],[18354930.59977698,-4706443.365627111],[18477021.208569173,-4744650.3717112],[18598860.64775333,-4782772.614432827],[18720521.62432309,-4820832.56136762],[18842076.324864592,-4858852.484947175],[18963596.579460092,-4896854.5106679145],[19085154.02269885,-4934860.663980572],[19206820.25244555,-4972892.916004912],[19328666.98697278,-5010973.2281907],[19450766.221021824,-5049123.5960205225],[19573190.381311707,-5087366.091822521],[19696012.48197072,-5125722.9067292875],[19819306.280313134,-5164216.391783106],[19943146.43332605,-5202869.098145289],[20067608.65516356,-5241703.816316383],[20192769.875864193,-5280743.614213024],[20318708.401408106,-5320011.873872719],[20445504.075108007,-5359532.326466437],[20573238.440174054,-5399329.085185748],[20701994.903099746,-5439426.675431083],[20831858.897270672,-5479850.061552149],[20962918.045886993,-5520624.669172075],[21095262.322892882,-5561776.401849997],[21107252.047139175,-5565503.359074538]],[[-21107251.309303064,-5565506.696290142],[-20985529.88254879,-5603331.650487204],[-20850335.244618915,-5645317.293438689],[-20713569.915456414,-5687760.6847269945],[-20575133.02726213,-5730689.627033655],[-20434920.677384898,-5774132.32521646],[-20292825.84810115,-5818117.314907127],[-20148738.363689736,-5862673.359197067],[-20002544.897839654,-5907829.304408245],[-19854129.048473,-5953613.8833198],[-19703371.502392385,-6000055.450769873],[-19550150.319216453,-6047181.632002718],[-19394341.373447705,-6095018.858094564],[-19235819.006064035,-6143591.754751413],[-19220550.554759882,-6148264.668569293],[-19077503.828135192,-6191195.835089747],[-18916642.96622211,-6239420.249289976],[-18752802.250310805,-6288471.549903551],[-18585868.610533934,-6338368.772269913],[-18415736.434360977,-6389124.737110187],[-18242311.457624502,-6440743.607987991],[-18065515.932455894,-6493217.58307758],[-17885295.476316933,-6546522.38985121],[-17701628.131228305,-6600611.111358434],[-17514536.317813493,-6655405.669488166],[-17324102.5515774,-6710784.995470426],[-17130489.979566056,-6766568.492393724],[-16933968.938432526,-6822492.792240373],[-16734950.697370945,-6878178.990287142],[-16534029.0467957,-6933086.513936681],[-16332028.863723345,-6986448.739524245],[-16130057.219948713,-7037185.074642307],[-15929545.462326296,-7083786.240482174],[-15732258.402248776,-7124177.801572989],[-15540229.96863677,-7155588.3496889975],[-15355572.284029463,-7174490.068456859],[-15180122.542871919,-7176734.104530267],[-15014976.019679684,-7158023.032124306],[-14860099.43594238,-7114751.6614915645],[-14714299.739570906,-7044969.446917027],[-14575658.530964216,-6948979.789768499],[-14442199.783423567,-6829224.274024182],[-14312403.095755324,-6689559.362580641],[-14185367.889832338,-6534357.533921368],[-14060708.436638076,-6367804.201864866],[-14039214.334544914,-6337889.429983676],[-13938833.1081602,-6183296.173023172],[-13820499.548047224,-5992366.465110698],[-13705483.464459656,-5799639.973169153],[-13593591.245856442,-5606860.669429369],[-13484664.9332759,-5415253.901608418],[-13378568.01119246,-5225663.789013343],[-13275176.262656776,-5038657.548733629],[-13174372.518938117,-4854602.410809371],[-13076043.938094182,-4673721.540665271],[-12980080.772353971,-4496134.48109703],[-12886375.943928106,-4321886.381601536],[-12794825.019551752,-4150969.1650738586],[-12705326.351533147,-3983336.9041902013],[-12617781.261357516,-3818917.0302570853],[-12532094.204873845,-3657618.530135188],[-12448172.89324685,-3499337.955259878],[-12365928.362590102,-3343963.8325607395],[-12285274.994526803,-3191379.9016281646],[-12206130.494031021,-3041467.4852447626],[-12128415.83220945,-2894107.2169432435],[-12052055.161572792,-2749180.289495448],[-11976975.710584648,-2606569.345179402],[-11903107.663278444,-2466159.0974414595],[-11830384.028713012,-2327836.750770907],[-11758740.504097575,-2191492.268850472],[-11688115.33459622,-2057018.528658116],[-11618449.172130829,-1924311.388979985],[-11549684.934931302,-1793269.6949003944],[-11481767.669120343,-1663795.23464895],[-11414644.413249964,-1535792.6612653835],[-11348264.066414148,-1409169.388565625],[-11282577.260331623,-1283835.4686220705],[-11217536.235613523,-1159703.4562324693],[-11153094.722291827,-1036688.264515543],[-11089207.82457824,-914707.0147411007],[-11025831.909742247,-793678.88270571],[-10962924.500936218,-673524.9433465316],[-10900444.173750097,-554168.0148054943],[-10838350.456244677,-435532.5027807353],[-10776603.73218836,-317544.24570910697],[-10715165.147204563,-200130.36109314504],[-10653996.517524645,-83219.09310444049],[-10593060.241032152,33260.33854856617],[-10532319.210277805,149377.8886153645],[-10471736.727139337,265202.83538064896],[-10411276.418796225,380803.9291199626],[-10350902.154684827,496249.5402934093],[-10290577.96409491,611607.807891364],[-10230267.954062885,726946.788394343],[-10181861.443448957,819526.4043537704],[-10169913.306261105,842316.2289110379],[-10109475.367644832,957608.1563038818],[-10049058.699908743,1072882.505840125],[-9988630.627291275,1188203.8307503893],[-9928158.686799997,1303636.5181632773],[-9867610.581353087,1419244.908753541],[-9806954.13699452,1535093.4129006746],[-9746157.264507078,1651246.6234322062],[-9685187.92586256,1767769.4249307292],[-9624014.106083658,1884727.099475738],[-9562603.791251285,2002185.4285670216],[-9500924.953580955,2120210.790831697],[-9438945.544718167,2238870.254947203],[-9376633.498675326,2358231.667011612],[-9313956.746160835,2478363.7313535106],[-9250883.242448859,2599336.0834878553],[-9187381.011421148,2721219.353580921],[-9123418.209000973,2844085.2183743725],[-9058963.209918445,2968006.4390198444],[-8993984.722627692,3093056.881672442],[-8928451.938279051,3219311.5169614404],[-8862334.720982067,3346846.393571004],[-8795603.84824025,3475738.5800894704],[-8728231.312472403,3606066.0679812673],[-8660190.69705556,3737907.6269516614],[-8591457.643451996,3871342.6020516683],[-8522010.429868484,4006450.6395383687],[-8451830.686728284,4143311.3256807937],[-8380904.280246922,4282003.719287507],[-8309222.402874408,4422605.754618926],[-8236782.9186392,4565193.486414899],[-8163592.022900299,4709840.142889476],[-8089666.290130332,4856614.945598705],[-8015035.200582029,5005581.646975978],[-7939744.257456561,5156796.727010725],[-7863858.830742374,5310307.180084212],[-7787468.892051657,5466147.811618263],[-7710694.835506027,5624337.952481858],[-7633694.610333773,5784877.488030651],[-7556672.415732055,5947742.089867194],[-7479889.217097199,6112877.5344238635],[-7403675.3160743145,6280192.996887411],[-7328445.113266778,6449553.226592454],[-7254713.991247442,6620769.546655605],[-7183116.841319206,6793589.68279585],[-7114427.058854346,6967686.520828509],[-7077434.496672752,7065955.597821803],[-7054153.528533093,7139893.486440725],[-7004370.218491632,7308234.77657862],[-6960089.954947616,7475392.126806177],[-6922382.286121548,7640763.533467185],[-6892392.136599473,7803770.52334735],[-6871294.689468735,7963905.307009739],[-6860229.567259594,8120780.543030931],[-6860216.76626356,8274172.347544502],[-6872062.935902021,8424045.611132968],[-6896272.846061035,8570552.697687611],[-6932984.257330624,8714002.688170074],[-6981942.06689873,8854806.74002519],[-7042519.041404379,8993412.26401111],[-7113778.6303878585,9130241.092038954],[-7119103.992174707,9139702.119142279]],[[147939.8511784801,9139705.456915004],[223393.69622975565,9013777.092610901],[312432.0721719581,8879545.745595902],[408417.87889532733,8746330.194614917]]]},"properties":{"type":"meridian","value":90}},
{"type":"Feature","geometry":{"type":"MultiLineString","coordinates":[[[17986413.331285167,-4591085.108745151],[18094708.878345102,-4656502.304821145],[18202587.813548084,-4721662.719428429],[18310116.136686716,-4786606.18124269],[18417358.93250428,-4851371.955336527],[18524380.525071774,-4915998.836430536],[18631244.6275923,-4980525.239369749],[18738014.488316596,-5044989.287245578],[18844753.033206187,-5109428.897556662],[18951523.005937055,-5173881.866777186],[19058387.105794746,-5238385.953678429],[19165408.123971436,-5302978.961727732],[19272649.07873427,-5367698.820868478],[19380173.349892568,-5432583.668963491],[19488044.81294572,-5497671.933163443],[19596327.973243807,-5563002.411438989],[19705088.10043542,-5628614.354490364],[19814391.363410246,-5694547.548220053],[19924304.965863064,-5760842.396920789],[20034897.282508567,-5827540.007291972],[20146237.995854557,-5894682.273349599],[20258398.23329154,-5962311.962235954],[20371450.704067487,-6030472.8008630825],[20485469.83547908,-6099209.563232984],[20600531.907309685,-6168568.158164807],[20716715.183162253,-6238595.717017238],[20834100.03684866,-6309340.6808163],[20952769.071375187,-6380852.885974815],[21072807.227267258,-6453183.647508238],[21107252.03461905,-6473937.7271624515]],[[-21107251.884595145,-6473943.856902831],[-21020212.216693442,-6526385.838296863],[-20897171.200033456,-6600513.962498145],[-20772491.39146638,-6675624.220650748],[-20646077.8106509,-6751774.563304515],[-20517832.962929666,-6829024.729120453],[-20387656.947317697,-6907436.262266339],[-20255447.651480448,-6987072.502530386],[-20121101.061308626,-7067998.539820153],[-19984511.72132921,-7150281.122528039],[-19845573.393687654,-7233988.506539336],[-19704179.97882494,-7319190.228345013],[-19560226.781678565,-7405956.781721848],[-19413612.235243954,-7494359.172729396],[-19264240.23140531,-7584468.322430945],[-19112023.260945145,-7676354.28109842],[-18956886.63594308,-7770085.212502783],[-18798774.165820166,-7865726.1039140215],[-18637655.793233946,-7963337.159999288],[-18473537.88139669,-8062971.853328748],[-18306477.097282972,-8164674.642600195],[-18136599.17513916,-8268478.453664484],[-17964124.28865456,-8374402.186592525],[-17789401.308180023,-8482448.831277337],[-17612953.819336202,-8592605.355597602],[-17435541.24687496,-8704846.545762781],[-17258238.27938518,-8819146.656479593],[-17082533.93266635,-8935505.263367847],[-16910445.845671143,-9053996.913528351],[-16791664.933251824,-9139704.749602517]],[[-11286779.372864606,-9139704.498434495],[-11333796.525432687,-9104564.282572126],[-11489970.387409313,-8980811.586990103],[-11632488.299751816,-8853186.469346998],[-11756970.199322382,-8720114.62837583],[-11859264.112441935,-8579436.480198134],[-11936269.590712242,-8428724.390571866],[-11986690.982676804,-8265941.5383486515],[-12011328.161057226,-8090191.771001887],[-12014692.924008932,-7970852.421809088],[-12007493.209203342,-7899322.847117851],[-11974283.678972857,-7695083.740853023],[-11925763.744594837,-7485838.971862522],[-11866351.09227867,-7273793.69078577],[-11799510.67622053,-7060805.124805104],[-11727826.772964384,-6848352.445708052],[-11653172.07485865,-6637561.045863062],[-11576881.502914738,-6429253.614290016],[-11499897.15017251,-6224007.930340471],[-11422878.788597697,-6022210.590179778],[-11346284.575209495,-5824102.4261104865],[-11270428.81534216,-5629814.944165994],[-11195522.979971856,-5439398.679924159],[-11121704.803029595,-5252844.870551681],[-11049058.98241897,-5070101.841368915],[-10977631.980806038,-4891087.316174392],[-10907442.670711238,-4715697.627854364],[-10838490.038078703,-4543814.589647179],[-10770758.790338935,-4375310.607295681],[-10704223.460969653,-4210052.470021898],[-10638851.427340562,-4047904.1490510916],[-10574605.1373519,-3888728.8499300196],[-10511443.755980197,-3732390.5031099278],[-10449324.383716112,-3578754.8311789297],[-10388202.95714898,-3427690.0967787793],[-10328034.912271822,-3279067.609616418],[-10268775.669807093,-3132762.051824428],[-10210380.986487146,-2988651.6665632282],[-10152807.2050407,-2846618.3439564747],[-10096011.427439705,-2706547.630298311],[-10039951.629911061,-2568328.680295685],[-9984586.733721174,-2431854.1674156697],[-9929876.642382026,-2297020.1638268055],[-9875782.253399033,-2163725.998684599],[-9822265.450768773,-2031874.101409712],[-9769289.082983602,-1901369.834988247],[-9716816.93018876,-1772121.3230767248],[-9664813.66328675,-1644039.2737286445],[-9613244.797128184,-1517036.8018117035],[-9562076.63941783,-1391029.2516062448],[-9511276.236581359,-1265934.0206180327],[-9460811.31750089,-1141670.3853047686],[-9410650.235843446,-1018159.3291093626],[-9360761.91145056,-895323.3730177301],[-9311115.771159533,-773086.4086616768],[-9261681.689288108,-651373.5338675341],[-9212429.927921847,-530110.8904459483],[-9163331.077073622,-409225.503931679],[-9114355.994719462,-288645.1249171101],[-9065475.74666939,-168298.07156504624],[-9016661.54618822,-48113.07284064389],[-8967884.693248432,71980.88804020727],[-8952534.771719202,109774.31950860926],[-8919116.833988281,192053.66354344663],[-8870331.422132304,312172.4517417683],[-8821501.011830665,432406.199531707],[-8772598.006630423,552824.0273811993],[-8723594.787829556,673495.2455742463],[-8674463.667157788,794489.4911948522],[-8625176.841433275,915876.8634309764],[-8575706.349364912,1037728.057353578],[-8526024.030753672,1160114.4962334686],[-8476101.488446536,1283108.4623506104],[-8425910.053517243,1406783.2261225693],[-8375420.75429499,1531213.1732256494],[-8324604.290041676,1656473.929196888],[-8273431.010298826,1782642.4807799198],[-8221870.901197444,1909797.2930019828],[-8169893.580361362,2038018.4206308431],[-8117468.30245406,2167387.6122430656],[-8064563.977942684,2297988.4046190693],[-8011149.208309146,2429906.2045411533],[-7957192.341763099,2563228.354276424],[-7902661.554552697,2698044.1760384766],[-7847524.964287476,2834444.9894893705],[-7791750.783363578,2972524.0948048267],[-7735307.522719874,3112376.7119005914],[-7678164.258892771,3254099.864006724],[-7620290.980858847,3397792.1907522995],[-7561659.037701033,3543553.6721261228],[-7502241.714024717,3691485.2399093485],[-7442014.967713207,3841688.247183468],[-7380958.37461571,3994263.758992873],[-7319056.337864122,4149311.617808684],[-7256299.636727907,4306929.225650261],[-7192687.412577973,4467209.970054079],[-7128229.719402906,4630241.202972872],[-7062950.805690846,4796101.659590027],[-6996893.3462581,4964858.1775375195],[-6930123.9103068095,5136561.546093601],[-6862740.039632686,5311241.280440362],[-6794879.422348977,5488899.080461684],[-6726731.784931051,5669500.702327074],[-6658554.285862883,5852965.954821367],[-6590691.362404008,6039156.549896917],[-6523600.116325546,6227861.6194708655],[-6457882.330794551,6418780.905732228],[-6394323.897632639,6611506.004857717],[-6333941.445076708,6805500.664597196],[-6278033.687273918,7000082.042368263],[-6228230.588631485,7194405.941195357],[-6186525.9187756535,7387460.025855972],[-6155268.113778961,7578069.231915803],[-6152430.640220137,7600006.823346163],[-6148466.234483577,7757367.70201313],[-6157396.280123151,7928956.358510468],[-6182122.072614345,8092946.218828226],[-6223792.727698671,8249084.036926396],[-6282879.825478224,8397660.60084551],[-6359064.615351527,8539413.227208225],[-6451259.643506523,8675341.071600549],[-6557760.6567902705,8806500.82164996],[-6676478.186950992,8933845.321024109],[-6805180.387727143,9058134.837034808],[-6895591.848591142,9139701.987117983]],[[-75566.35960239991,9139706.994180746],[-29478.358458770028,9099504.658241061],[112862.59592921934,8979874.701917773],[259309.09929461428,8862186.034629773],[408417.87889532733,8746330.194614917]]]},"properties":{"type":"meridian","value":105}},
{"type":"Feature","geometry":{"type":"MultiLineString","coordinates":[[[17986413.331285167,-4591085.108745151],[18072340.698891982,-4678851.640740851],[18157939.65490393,-4766247.790932151],[18243252.101270683,-4853317.709602783],[18328318.945853353,-4940104.596020925],[18413180.155105107,-5026650.770561879],[18497874.7996429,-5112997.741590037],[18582441.092555005,-5199186.267268507],[18666916.420202628,-5285256.412422467],[18751337.365181565,-5371247.6005418645],[18835739.721010145,-5457198.660968565],[18920158.498001006,-5543147.871274507],[19004627.919655297,-5629132.994798926],[19089181.408786766,-5715191.313275573],[19173851.5624388,-5801359.654445012],[19258670.11449717,-5887674.414512935],[19343667.884723872,-5974171.575283718],[19428874.712740585,-6060886.715770391],[19514319.375272438,-6147855.018058786],[19600029.48472156,-6235111.267187059],[19686031.36687449,-6322689.844794207],[19772349.91525581,-6410624.7162957955],[19859008.41932279,-6498949.41136593],[19946028.363351557,-6587696.9975459445],[20033429.192497823,-6676900.046869491],[20121228.042126365,-6766590.5954970615],[20209439.42610205,-6856800.096500713],[20298074.879329972,-6947559.3661422925],[20387142.549440533,-7038898.524259169],[20476646.732158754,-7130846.9297258],[20566587.344608396,-7223433.112413801],[20656959.330623843,-7316684.703648012],[20747751.992135376,-7410628.367869674],[20838948.24093331,-7505289.739091388],[20930523.765704755,-7600693.366778224],[21022446.110301334,-7696862.677026486],[21107252.80755026,-7785999.555375794]],[[-21107251.872626215,-7786009.4724293705],[-21099840.431751076,-7793819.956336695],[-21007359.550425377,-7891586.366871064],[-20914688.665974673,-7990182.00380218],[-20821903.827666964,-8089626.007109815],[-20729095.138938315,-8189936.741820678],[-20636368.129389897,-8291132.061987585],[-20543845.131977346,-8393229.674348138],[-20451666.61815375,-8496247.617148155],[-20359992.4284657,-8600204.867493384],[-20269002.81881629,-8705122.086109722],[-20178899.224030804,-8811022.500762561],[-20089904.621822316,-8917932.918015968],[-20002263.363843005,-9025884.836842667],[-19916240.329178482,-9134915.61653131],[-19912522.114985734,-9139705.853129284]],[[-8165914.0697880965,-9139705.2636809],[-8246309.415882359,-9034351.18057183],[-8328228.573437967,-8923021.535368847],[-8407633.328661913,-8810455.033038678],[-8484203.498764398,-8696581.267930077],[-8557617.135810403,-8581320.857461603],[-8627557.45683285,-8464586.394805714],[-8693720.548088983,-8346284.287815178],[-8755823.507916544,-8226317.569862986],[-8813612.59274952,-8104589.6832551835],[-8866870.863117127,-7981009.126715383],[-8915424.808044376,-7855494.737480298],[-8959149.468204977,-7727981.264164724],[-8997971.68137999,-7598424.800115565],[-9031871.227336502,-7466807.608086342],[-9060879.831798961,-7333141.8883651355],[-9085078.173372315,-7197472.125636736],[-9104591.195950072,-7059875.784212194],[-9119582.141419478,-6920462.285888713],[-9130245.772714665,-6779370.3732064],[-9136801.25597659,-6636764.107455672],[-9139485.122474285,-6492827.855778646],[-9138544.65121567,-6347760.674928434],[-9137736.503320703,-6309840.857877922],[-9126037.71822386,-6197276.497959521],[-9107386.62685788,-6045133.280175696],[-9085810.26585808,-5893203.186568535],[-9061654.138846016,-5741659.762756638],[-9035238.54469405,-5590655.063621913],[-9006857.043730432,-5440320.725922793],[-8976776.083828196,-5290769.172529902],[-8945235.492388122,-5142094.903893114],[-8912449.579404648,-4994375.838090073],[-8878608.641765429,-4847674.666026553],[-8843880.70320443,-4702040.193525582],[-8808413.36426203,-4557508.647214774],[-8772335.670565218,-4414104.926164817],[-8735759.935372848,-4271843.78595974],[-8698783.474020882,-4130730.946130684],[-8661490.224400865,-3990764.1155556864],[-8623952.2397846,-3851933.9334765007],[-8586231.04902404,-3714224.8262182637],[-8548378.885176448,-3577615.781563838],[-8510439.787580747,-3442081.044097906],[-8472450.584871486,-3307590.7357720747],[-8434441.767781118,-3174111.4065280766],[-8396438.261171775,-3041606.5201233737],[-8358460.104798763,-2910036.8803957934],[-8320523.0520207295,-2779361.0031366064],[-8282639.095166367,-2649535.4385594134],[-8244816.925640014,-2520515.0490924274],[-8207062.3361628475,-2392253.2469128114],[-8169378.571847743,-2264702.1953056343],[-8131766.636123343,-2137812.9775834945],[-8094225.556874915,-2011535.7369576734],[-8056752.617566073,-1885819.7904162414],[-8019343.557552289,-1760613.7193445598],[-7981992.745294895,-1635865.4393223878],[-7944693.327732836,-1511522.2512510812],[-7907437.35866561,-1387530.875705116],[-7870215.908641876,-1263837.4721638798],[-7833019.1585299345,-1140387.6445616758],[-7795836.478665316,-1017126.4343950291],[-7758656.495222514,-893998.3024454343],[-7721467.145239781,-770947.1000105877],[-7684255.72153325,-647916.0303871003],[-7677700.575114205,-626251.5470734271],[-7647070.12189213,-524859.5316514698],[-7609892.02704219,-401801.2465193027],[-7572691.058148745,-278675.4388096882],[-7535445.2188171195,-155409.2143368658],[-7498132.451149492,-31929.4658652367],[-7460730.588087014,91837.28900309795],[-7423217.305927212,215965.070135447],[-7385570.076898676,340528.5979261354],[-7347766.121696687,465603.45762330585],[-7309782.361909562,591266.2654020763],[-7271595.372296433,717594.8366126163],[-7233181.332915517,844668.3565732683],[-7194515.981149258,972567.5542069126],[-7155574.5637324285,1101374.8787285693],[-7116331.788964284,1231174.6794780558],[-7076761.779381496,1362053.3888459129],[-7036838.025290517,1494099.708053915],[-6996533.339714234,1627404.7953114114],[-6955819.815508502,1762062.455559213],[-6914668.785663364,1898169.3306133945],[-6873050.788138895,2035825.0880052121],[-6830935.537021438,2175132.606145239],[-6788291.902353696,2316198.15257409],[-6745087.901736302,2459131.550937424],[-6701290.707776128,2604046.330859718],[-6656866.676749489,2751059.852982082],[-6611781.4055653,2900293.398932017],[-6565999.826406555,3051872.212715769],[-6519486.351510899,3205925.4757084684],[-6472205.084719222,3362586.191714373],[-6424120.122098207,3521990.9510023906],[-6375195.971729629,3684279.532140817],[-6325398.133523769,3849594.286966897],[-6274693.894915953,4018079.235902635],[-6223053.419388629,4189878.7763755396],[-6170451.234654172,4365135.87398486],[-6116868.270096881,4543989.561059629],[-6062294.654804716,4726571.505997972],[-6006733.577430936,4913001.333353097],[-5950206.641180935,5103380.26129988],[-5892761.34261958,5297782.470228395],[-5834481.593752788,5496243.412930644],[-5775502.640576488,5698744.013944594],[-5716032.376501136,5905189.383185369],[-5656381.997321071,6115380.315127974],[-5597010.297940606,6328975.557357958],[-5538587.722995186,6545442.865445005],[-5482088.366021984,6763997.787783587],[-5428919.516002671,6983532.088839707],[-5381096.134525401,7202540.658240264],[-5341454.478530844,7419068.951504232],[-5313860.338203322,7630722.178740135],[-5303284.1860831585,7834791.672001477],[-5315495.160416872,8028532.220814834],[-5323431.170291218,8078629.890467686],[-5366793.037805628,8202085.053993073],[-5451124.374284201,8356435.872202536],[-5563517.765511653,8495492.571302008],[-5700924.863527302,8622190.6228579],[-5858779.809400279,8739669.347715141],[-6032050.298536822,8850529.136446482],[-6216051.883991893,8956604.840822808],[-6406860.525785045,9059060.57088348],[-6563924.5435675,9139705.10609991]],[[-407230.3681219777,9139707.25453537],[-369766.5750857698,9120835.592155864],[-173784.8283550673,9023850.365733813],[21966.303010030126,8929183.491566736],[216305.9957604361,8836705.059480056],[408417.87889532733,8746330.194614917]]]},"properties":{"type":"meridian","value":120}},
{"type":"Feature","geometry":{"type":"MultiLineString","coordinates":[[[17986413.331285167,-4591085.108745151],[18044111.865086436,-4695220.6603606595],[18101583.531913437,-4798892.996753697],[18158844.34293099,-4902138.528364906],[18215909.437766097,-5004992.571592497],[18272793.07190574,-5107489.386154657],[18329508.599590417,-5209662.208976467],[18386068.452082925,-5311543.284789419],[18442484.11118288,-5413163.893631857],[18498766.07785135,-5514554.37544224],[18554923.835807372,-5615744.151943863],[18610965.809959676,-5716761.746029581],[18666899.31954328,-5817634.798868545],[18722730.52584307,-5918390.084974088],[18778464.37440618,-6019053.525492172],[18834104.531672154,-6119650.199994524],[18889653.315987885,-6220204.357087817],[18945111.623022757,-6320739.424181916],[19000478.845661007,-6421278.016793995],[19055752.788525164,-6521841.9478024095],[19110929.57737748,-6622452.237102632],[19166003.56375842,-6723129.122157032],[19220967.22535439,-6823892.069969141],[19275811.06274203,-6924759.791049865],[19330523.493336692,-7025750.2559752],[19385090.743577972,-7126880.715160478],[19439496.740616858,-7228167.722491119],[19493723.005027212,-7329627.163450962],[19547748.546346616,-7431274.288372089],[19601549.763557073,-7533123.751389967],[19655100.352938145,-7635189.6556191575],[19708371.226058986,-7737485.604962761],[19761330.44101103,-7840024.762827579],[19813943.15030767,-7942819.917831286],[19866171.56917642,-8045883.556353872],[19917974.968223263,-8149227.941500273],[19969309.694636043,-8252865.1977029145],[20020129.22619,-8356807.3998049],[20070384.26229443,-8461066.665031474],[20120022.8561483,-8565655.245789833],[20168990.591725353,-8670585.620750172],[20217230.808759905,-8775870.581175555],[20264684.87813338,-8881523.309011213],[20311292.529055323,-8987557.442847606],[20356992.228190847,-9093987.127573522],[20376276.726698507,-9139706.18593263]],[[-6240195.000788944,-9139705.805376409],[-6265636.185863783,-9078593.762949578],[-6309332.527710797,-8971328.39657264],[-6351933.273652972,-8863621.845863892],[-6393376.5886902,-8755457.920561593],[-6433601.943646901,-8646820.067213766],[-6472550.716955462,-8537691.499919523],[-6510166.802133492,-8428055.36909189],[-6546397.207974533,-8317894.967354902],[-6581192.637714753,-8207193.970046766],[-6614508.033203065,-8095936.706080893],[-6646303.070446605,-7984108.453213611],[-6676542.593850761,-7871695.750188616],[-6705196.978004652,-7758686.716881311],[-6732242.407920462,-7645071.372554256],[-6757661.071119457,-7530841.9417417925],[-6781441.257739236,-7415993.137167884],[-6803577.367763913,-7300522.4094942985],[-6824069.827390539,-7184430.154588707],[-6842924.919285496,-7067719.8703519255],[-6860154.53391473,-6950398.256874996],[-6875775.851140478,-6832475.255710221],[-6889810.962787549,-6713964.026218058],[-6902286.447857309,-6594880.859170153],[-6913232.912504274,-6475245.029926444],[-6922684.506823316,-6355078.595453003],[-6930678.429982971,-6234406.141117094],[-6937254.434361312,-6113254.484522637],[-6942454.33818426,-5991652.344593629],[-6946321.554824031,-5869629.984663622],[-6948900.645474194,-5747218.838497566],[-6950236.900457335,-5624451.127990725],[-6950375.953005428,-5501359.480805051],[-6949363.428034163,-5377976.555474233],[-6947244.627246383,-5254334.680596475],[-6944064.250869195,-5130465.513702315],[-6941159.151995948,-5041646.332794737],[-6937221.74412154,-5004890.479854394],[-6922657.080055759,-4875570.422435505],[-6907063.802654553,-4746466.702052322],[-6890516.147692396,-4617603.21913306],[-6873084.618994258,-4488999.160051467],[-6854835.870302264,-4360669.279982922],[-6835832.649525693,-4232624.176020931],[-6816133.795676887,-4104870.548969597],[-6795794.279421903,-3977411.4527113102],[-6774865.278952934,-3850246.5304271197],[-6753394.283748632,-3723372.2372422637],[-6731425.219672065,-3596782.0490977066],[-6708998.589725648,-3470466.6578248753],[-6686151.625608186,-3344414.1525360243],[-6662918.445985252,-3218610.1875453894],[-6639330.218078654,-3093038.13711348],[-6615415.319800454,-2967679.237363346],[-6591199.500201434,-2842512.7157577714],[-6566706.036475383,-2717515.908553017],[-6541955.886164916,-2592664.3666603304],[-6516967.8335559005,-2467931.950353036],[-6491758.629533915,-2343290.9132561125],[-6466343.124412401,-2218711.9760479163],[-6440734.393435753,-2094164.390291234],[-6414943.854816304,-1969615.9927941766],[-6388981.380288488,-1845033.2508808426],[-6362855.398259975,-1720381.2989284447],[-6336572.989714073,-1595623.9665016215],[-6310139.977072687,-1470723.798386664],[-6299757.667188815,-1421807.2558920837],[-6284034.1680551525,-1345485.7156620251],[-6258247.377542984,-1220321.628307224],[-6232500.448398091,-1095356.672435374],[-6206777.711991435,-970514.9210876172],[-6181063.562889588,-845720.7711932726],[-6155342.421346561,-720898.7623684127],[-6129598.695987767,-595973.3967519399],[-6103816.746503147,-470868.9589980427],[-6077980.846168234,-345509.335552193],[-6052075.144012234,-219817.8323400582],[-6026083.626451352,-93716.98999483536],[-5999990.078203647,32871.60426099324],[-5973778.042298714,160027.50897832512],[-5947430.778991502,287831.6260072817],[-5920931.223384819,416366.4041295333],[-5894261.94155964,545716.0497688155],[-5867405.08500649,675966.7457834925],[-5840342.343145196,807206.879379031],[-5813054.893714544,939527.2802136408],[-5785523.350808503,1073021.4698047235],[-5757727.710332566,1207785.9233745702],[-5729647.292653195,1343920.3452977245],[-5701260.68221713,1481527.9593243338],[-5672545.663927574,1620715.8147467668],[-5643479.1560836835,1761595.1096419538],[-5614037.139722491,1904281.5322454968],[-5584194.584254554,2048895.6213784318],[-5553925.369363298,2195563.146628322],[-5523202.203255543,2344415.508648465],[-5491996.537522354,2495590.1594343837],[-5460278.479118523,2649231.0416970854],[-5428016.700328195,2805489.0453819004],[-5395178.348102166,2964522.477843607],[-5361728.954898677,3126497.541986725],[-5327632.35423927,3291588.813531293],[-5292850.605760528,3459979.704055804],[-5257343.93683941,3631862.8899902836],[-5221070.711259903,3807440.678375537],[-5183987.44044474,3986925.266596471],[-5146048.860405446,4170538.833340938],[-5107208.10923611,4358513.368473789],[-5067417.05810948,4551090.105219897],[-5026626.877396371,4748518.35080178],[-4984788.965717751,4951053.408077383],[-4941856.445783235,5158953.118509018],[-4897786.559080606,5372472.298236474],[-4852544.513394313,5591853.918867965],[-4806109.732490001,5817315.187626121],[-4758486.184316483,6049025.5002647415],[-4709719.847678948,6287071.195167674],[-4659929.108907219,6531398.428044792],[-4609359.481338906,6781719.035152449],[-4558485.953157639,7037352.755114838],[-4508212.338682694,7296959.5662274845],[-4460274.303817312,7558087.697793461],[-4418070.4640260395,7816448.917855037],[-4388317.636434773,8064964.792849381],[-4383744.444921839,8293342.402749853],[-4424560.953789828,8490521.236316454],[-4467169.40089367,8572992.853526141],[-4538489.645809776,8645176.676971516],[-4720653.769786325,8759361.580996884],[-4943806.646266245,8852271.69527068],[-5189443.931478892,8934531.056325315],[-5444872.275430802,9011154.811458847],[-5702587.179309923,9084219.543613344],[-5903868.836585671,9139706.315977907]],[[-1067280.0955799595,9139708.288620666],[-1012783.0816348699,9124841.86626469],[-761186.5355416941,9056809.110652868],[-515003.0069625292,8990905.824056232],[-274820.5587537994,8927003.86092765],[-40866.7648707243,8865001.19885959],[186842.849341683,8804805.855212918],[408417.87889532733,8746330.194614917]]]},"properties":{"type":"meridian","value":135}},
{"type":"Feature","geometry":{"type":"MultiLineString","coordinates":[[[17986413.331285167,-4591085.108745151],[18011935.11668728,-4704503.251576181],[18037322.977777958,-4817414.925727154],[18062577.585596792,-4929842.949154403],[18087699.20390093,-5041809.422885548],[18112687.680967283,-5153335.75266687],[18137542.441202585,-5264442.670207457],[18162262.47665169,-5375150.2541149305],[18186846.338504493,-5485477.950615258],[18211292.12871315,-5595444.594146937],[18235597.491842724,-5705068.427916635],[18259759.607290365,-5814367.12449923],[18283775.1820204,-5923357.806560571],[18307640.443975028,-6032057.067774815],[18331351.136332482,-6140480.9940014165],[18354902.512796506,-6248645.184777892],[18378289.334111962,-6356564.775174879],[18401505.8660117,-6464254.458048174],[18424545.878808465,-6571728.506709703],[18447402.64885261,-6679000.798024563],[18470068.962080926,-6786084.835925134],[18492537.11988377,-6892993.775315633],[18514798.947516244,-6999740.446321221],[18536845.805273887,-7106337.378815749],[18558668.60264363,-7212796.827140598],[18580257.815626565,-7319130.794905658],[18601603.507409036,-7425351.059741026],[18622695.352533646,-7531469.197846293],[18643522.664690215,-7637496.608163329],[18664074.428209618,-7743444.535978898],[18684339.333300237,-7849324.095745903],[18704305.81501746,-7955146.292897628],[18723962.095902417,-8060922.044418346],[18743296.232166603,-8166662.197927072],[18762296.163236033,-8272377.549029752],[18780949.764402438,-8378078.856699414],[18799244.902261686,-8483776.85645433],[18817169.492552105,-8589482.271121288],[18834711.559939913,-8695205.818995345],[18851859.29923737,-8800958.219238255],[18868601.13748272,-8906750.19439552],[18884925.796262927,-9012592.46995608],[18900822.353620954,-9118495.770927863],[18903952.56436374,-9139706.470187757]],[[-4767868.4476442905,-9139705.455196202],[-4780194.881304114,-9054949.99086773],[-4795204.197997848,-8948892.500751419],[-4809755.3844796065,-8842741.891114093],[-4823839.531155075,-8736487.53062603],[-4837448.363953452,-8630118.84733244],[-4850574.289309969,-8523625.3473732],[-4863210.434118279,-8416996.635285923],[-4875350.68016323,-8310222.435483868],[-4886989.692625486,-8203292.614465276],[-4898122.942340337,-8096197.203284909],[-4908746.721589915,-7988926.419803066],[-4918858.153309596,-7881470.690222442],[-4928455.19369185,-7773820.669429512],[-4937536.628272294,-7665967.259674045],[-4946102.061679724,-7557901.627147637],[-4954151.9013227755,-7449615.21605884],[-4961687.335367809,-7341099.759847429],[-4968710.305434375,-7232347.289232115],[-4975223.474494406,-7123350.136843023],[-4981230.1905084,-7014100.938250936],[-4986734.446366144,-6904592.6292677075],[-4991740.836720257,-6794818.439455009],[-4996254.512309264,-6684771.881839611],[-5000281.132363102,-6574446.738891935],[-5003826.815669603,-6463837.044878615],[-5006898.090856129,-6352937.06474888],[-5009501.846408477,-6241741.269757499],[-5011645.280910129,-6130244.310063327],[-5013335.853941062,-6018440.984571986],[-5014581.238027825,-5906326.208313417],[-5015389.27198696,-5793894.977660491],[-5015767.915953616,-5681142.333703341],[-5015725.208337007,-5568063.324096453],[-5015269.224896102,-5454652.963691877],[-5014408.040082247,-5340906.194263247],[-5013149.690752377,-5226817.843611851],[-5011502.142316107,-5112382.584329023],[-5009473.257343929,-4997594.892468581],[-5007070.766631241,-4882449.00636041],[-5004302.242684663,-4766938.885771713],[-5001175.0755726425,-4651058.171596566],[-4997696.451061854,-4534800.146228227],[-4993873.330944021,-4418157.694741908],[-4989712.4354442805,-4301123.26698976],[-4985220.227591969,-4183688.840684198],[-4980402.8994271895,-4065845.885521051],[-4975266.359911627,-3947585.3283710764],[-4973369.07965126,-3905542.2048178604],[-4964088.847166097,-3825654.7517715846],[-4949350.33510081,-3701693.770680047],[-4934195.1948787505,-3577517.0176110463],[-4918644.282536646,-3453115.020453575],[-4902717.683700912,-3328476.6179707153],[-4886434.700413168,-3203589.019833575],[-4869813.844412416,-3078437.861920898],[-4852872.836176917,-2953007.256857924],[-4835628.609059237,-2827279.8398023853],[-4818097.317885567,-2701236.8095111903],[-4800294.351432208,-2574857.9647410596],[-4782234.348237433,-2448121.736049551],[-4763931.215253068,-2321005.2130720746],[-4762263.042677114,-2309480.1912315236],[-4748906.8758139135,-2192025.27374284],[-4734299.848900489,-2063570.233058861],[-4719765.631248486,-1935755.4959340105],[-4705294.886580256,-1808498.9589194546],[-4690878.437053332,-1681719.911904539],[-4676507.23953215,-1555338.8294515433],[-4662172.362574685,-1429277.1684182724],[-4647864.964007864,-1303457.1707585163],[-4633576.268970801,-1177801.6704373825],[-4619297.548309262,-1052233.9034356659],[-4605020.097207804,-926677.3198452711],[-4590735.213948256,-801055.3970762406],[-4576434.17868428,-675291.4532059905],[-4562108.23212189,-549308.459502604],[-4547748.55399501,-423028.85114661156],[-4533346.241223293,-296374.3351597447],[-4518892.28563653,-169265.6945239891],[-4504377.551146253,-41622.58744006401],[-4489792.750239782,86636.65936968388],[-4475128.41966623,215595.26446340026],[-4460374.895176021,345338.21380185545],[-4445522.285167065,475952.49248328013],[-4430560.443080098,607527.3274744364],[-4415478.938373886,740154.4428267698],[-4400267.025897051,873928.3289879117],[-4384913.613457513,1008946.527958297],[-4369407.227372288,1145309.936201843],[-4353735.975759794,1283123.1274016884],[-4337887.50931308,1422494.697359479],[-4321848.979265589,1563537.633572717],[-4305606.992230328,1706369.712293966],[-4289147.561558469,1851113.9261820323],[-4272456.05482363,1997898.9460044908],[-4255517.136992577,2146859.6202491457],[-4238314.708791411,2298137.516956714],[-4220831.8397168815,2451881.512606496],[-4203050.695074767,2608248.433481388],[-4184952.456349272,2767403.755619986],[-4166517.2341182395,2929522.370245631],[-4147723.9726258884,3094789.422461161],[-4128550.3450064417,3263401.232033782],[-4108972.6380148833,3435566.306288554],[-4088965.6249625725,3611506.4565089205],[-4068502.425371505,3791458.0308396835],[-4047554.3496470973,3975673.278538171],[-4026090.726820152,4164421.8625663244],[-4004078.7131175147,4357992.540008106],[-3981483.078780352,4556695.032688189],[-3958265.970149227,4760862.113717255],[-3934386.643565678,4970851.939551851],[-3909801.167087779,5187050.661573131],[-3884462.085366886,5409875.35615046],[-3858318.0422691302,5639777.317537361],[-3831313.3549312647,5877245.763344472],[-3803387.531906124,6122812.006678193],[-3774474.726884257,6377054.149633437],[-3744503.118229563,6640602.3427997865],[-3713394.203420629,6914144.616246296],[-3681061.9969695797,7198433.164893648],[-3647412.1219129795,7494290.587301063],[-3612340.7919186726,7802614.246358188],[-3575733.6941843564,8124371.334427598],[-3537464.631348313,8460544.710555127],[-3497385.9587082686,8811625.582665548],[-3485585.811383073,8913963.160251727],[-3431383.5263748714,9108416.699322028],[-3429285.3996753762,9108439.084309699],[-3064826.860341305,9076620.197958054],[-2706505.7714680117,9042594.684628813],[-2363684.914828564,9010000.996649541],[-2035512.3680147459,8978791.651675617],[-1720950.435846604,8948873.697998043],[-1419012.4524242363,8920155.029145041],[-1128789.8557864206,8892549.922558472],[-849451.6209754301,8865979.663568184],[-580238.328478478,8840372.193153586],[-320455.373947255,8815661.542784078],[-69466.45954788152,8791787.250601733],[173312.3381970348,8768693.814235272],[408417.87889532733,8746330.194614917]]]},"properties":{"type":"meridian","value":150}},
{"type":"Feature","geometry":{"type":"MultiLineString","coordinates":[[[17986413.331285167,-4591085.108745151],[17977993.006597236,-4706071.02314434],[17969498.69818479,-4820573.197252476],[17960930.769428972,-4934603.387303936],[17952289.66163239,-5048173.332316207],[17943575.897563357,-5161294.758816774],[17934790.08485673,-5273979.385118203],[17925932.919246495,-5386238.925144935],[17917005.187604524,-5498085.0918173455],[17908007.77075882,-5609529.600000729],[17898941.64606419,-5720584.169029611],[17889807.889697954,-5831260.524819656],[17880607.67865322,-5941570.401582613],[17871342.29240234,-6051525.543161685],[17862013.11420416,-6161137.704007723],[17852621.632029317,-6270418.649818903],[17843169.439079024,-6379380.157869308],[17833658.233875085,-6488034.017054029],[17824089.8199002,-6596392.027680967],[17814466.10477077,-6704466.001041515],[17804789.098926775,-6812267.758794418],[17795060.913826987,-6919809.132198838],[17785283.75964097,-7027101.961234142],[17775459.942433406,-7134158.093645306],[17765591.86084057,-7240989.383953519],[17755682.002242878,-7347607.692472368],[17745732.938442305,-7454024.884369971],[17735747.320857976,-7560252.828817375],[17725727.875258084,-7666303.398262836],[17715677.3960508,-7772188.4678705605],[17705598.74016178,-7877919.915161232],[17695494.820529882,-7983509.619889496],[17685368.599257223,-8088969.4641917795],[17675223.080453373,-8194311.3330347715],[17665061.30281692,-8299547.114992463],[17654886.33200074,-8404688.703376055],[17644701.252809662,-8509747.997737844],[17634509.161281142,-8614736.905766428],[17624313.156700976,-8719667.345586885],[17621671.234940615,-8746845.506196374],[17614116.348387077,-8824551.303842314],[17603921.81019236,-8929400.600567555],[17593732.561313257,-9034227.261203537],[17583551.661002815,-9139043.314377705],[17583487.295404512,-9139706.314500231]],[[-3447401.0338973156,-9139705.860462645],[-3437296.7805625107,-9035560.055136528],[-3427141.8896481106,-8930729.276283287],[-3417004.7067822,-8825873.225260707],[-3406888.3852758333,-8720979.996249752],[-3396796.081250275,-8616037.704205334],[-3386730.945160232,-8511034.481762853],[-3376696.113317775,-8405958.476580342],[-3366694.699474644,-8300797.849107378],[-3356729.7865198925,-8195540.770767954],[-3346804.4183490393,-8090175.4225401385],[-3336921.5919590886,-7984689.993911392],[-3327084.2498213854,-7879072.682184384],[-3317295.2725813133,-7773311.692104643],[-3307557.4721302125,-7667395.23577792],[-3297873.5850908305,-7561311.53284218],[-3288246.2667531143,-7455048.810856512],[-3278678.0854923525,-7348595.305867131],[-3269171.51769639,-7241939.263108684],[-3259728.9432236818,-7135068.937798178],[-3250352.6414081305,-7027972.595977557],[-3241044.7876218255,-6920638.515361144],[-3231807.4504010086,-6813054.986143734],[-3222642.5891358904,-6705210.31172621],[-3213552.052319822,-6597092.809316157],[-3204537.5763488407,-6488690.810362448],[-3195600.7848583898,-6379992.66078452],[-3186743.1885800348,-6270986.720959008],[-3177966.185697818,-6161661.365428704],[-3169271.06268065,-6052004.982301344],[-3160658.995564776,-5942005.972308367],[-3152131.051658304,-5831652.747496637],[-3143688.1916379905,-5720933.729529007],[-3135331.2720076144,-5609837.347572541],[-3127061.0478862566,-5498352.035756236],[-3118878.176094638,-5386466.23018297],[-3110783.218507565,-5274168.365483188],[-3102776.6456411234,-5161446.870900939],[-3094858.8404436503,-5048290.1659050975],[-3087030.102260731,-4934686.655321639],[-3079290.650945466,-4820624.7239847705],[-3071640.631086663,-4706092.730907375],[-3064080.116329276,-4591079.002972904],[-3056609.1137628076,-4475571.828153016],[-3049227.5683554416,-4359559.448256825],[-3041935.367413257,-4243030.051219008],[-3034732.3450458115,-4125971.762935606],[-3027618.2866213205,-4008372.638657217],[-3020592.9331963193,-3890220.6539502717],[-3013655.985906777,-3771503.6952380496],[-3006807.1103091207,-3652209.549933292],[-3000045.9406616446,-3532325.896175123],[-2993372.0841381694,-3411840.292182929],[-2989082.3643839797,-3333226.5331659014],[-2990142.463951159,-3288821.745726026],[-2993337.504417004,-3161772.363021125],[-2996768.8408659296,-3034317.8185061333],[-3000419.723458842,-2906450.641306565],[-3004273.3825990222,-2778162.208687128],[-3004560.0483052987,-2768849.780587306],[-3002111.2708286336,-2646555.058725017],[-2999491.9000559854,-2515695.33752164],[-2996892.2550674793,-2385773.4608865515],[-2994310.5825425247,-2256701.5402100277],[-2991745.1753987316,-2128393.8722653287],[-2989194.368114315,-2000766.703363361],[-2986656.5322794844,-1873738.0042576275],[-2984130.0723508894,-1747227.2544823184],[-2981613.421584952,-1621155.2348965472],[-2979105.0381278456,-1495443.8272856683],[-2976603.4012412657,-1370015.8199379127],[-2974107.007644191,-1244794.7181714552],[-2971614.3679522476,-1119704.5588353844],[-2969124.003197059,-994669.7278475672],[-2966634.441408658,-869614.7798647139],[-2964144.2142448733,-744464.2592047111],[-2961651.853651914,-619142.5211600137],[-2959155.888540796,-493573.55285297567],[-2956654.8414646387,-367680.7927908781],[-2954147.225281752,-241386.94827974573],[-2951631.539789509,-114613.80985283035],[-2949106.2683139727,12717.938137926505],[-2946569.8742396897,140688.91163047546],[-2944020.797463819,269381.2265383038],[-2941457.4507578905,398878.7049066214],[-2938878.216019712,529267.0884494559],[-2936281.4403965394,660634.2603945401],[-2933665.4322591727,793070.4765763145],[-2931028.4570042854,926668.6067254529],[-2928368.7326596705,1061524.3869017905],[-2925684.4252630165,1197736.6840017526],[-2922973.6439800877,1335407.7732340016],[-2920234.435921109,1474643.62938928],[-2917464.7806048547,1615554.2326190055],[-2914662.5840072413,1758253.8892654355],[-2911825.6721131653,1902861.5680299425],[-2908951.783865533,2049501.2513934567],[-2906038.563369782,2198302.3016689885],[-2903083.5511620226,2349399.840309048],[-2900084.1742757643,2502935.138024022],[-2897037.734737209,2659056.011770235],[-2893941.395963841,2817917.2225671513],[-2890792.166312644,2979680.865157606],[-2887586.878682559,3144516.736382905],[-2884322.1645603604,3312602.663296176],[-2880994.4201129773,3484124.7637364883],[-2877599.760716118,3659277.600225951],[-2874133.9584126626,3838264.1709716315],[-2870592.353789925,4021295.656929736],[-2866969.7289332924,4208590.807430884],[-2863260.1202176926,4400374.792689938],[-2859456.536565045,4596877.269966903],[-2855550.5265283086,4798329.285598232],[-2851531.499008715,5004958.441929369],[-2847385.63411571,5216981.453435257],[-2843094.096638891,5434592.726927727],[-2838630.0331329433,5657946.800083055],[-2833953.388858169,5887131.137915184],[-2829001.6991530745,6122123.523115467],[-2823673.2043132395,6362724.384057501],[-2817794.8184016845,6608447.683063779],[-2811059.1710845297,6858342.579051922],[-2802896.533865289,7110700.068159553],[-2792207.16395701,7362576.92374917],[-2776799.3103676345,7609072.59938259],[-2752270.7850919263,7842453.606915904],[-2710208.0067158593,8051897.307120797],[-2637015.8639031006,8225978.839341005],[-2517805.443201202,8359158.282654139],[-2346796.003478345,8456098.36692126],[-2320232.792604517,8466893.524069466],[-2121003.984911986,8518096.968463529],[-1869200.6640497928,8560309.357084984],[-1606051.5061855905,8592223.3829573],[-1339454.2750421104,8618350.658951066],[-1074020.293238619,8641018.763123414],[-812357.9054359401,8661454.853139816],[-555897.2262518237,8680336.629478218],[-305375.94823077833,8698059.51352301],[-61120.8044646977,8714867.814810902],[176787.82659133774,8730921.278961327],[408417.87889532733,8746330.194614917]]]},"properties":{"type":"meridian","value":165}},
{"type":"Feature","geometry":{"type":"MultiLineString","coordinates":[[[17986413.331285167,-4591085.108745151],[17944591.71134808,-4699814.597959554],[17902701.56450011,-4808145.921737668],[17860752.39910857,-4916087.97451192],[17818753.88146069,-5023650.173901894],[17776715.82235388,-5130842.430181642],[17734648.162968945,-5237675.115492632],[17692560.960085865,-5344159.033038017],[17650464.370707415,-5450305.3864809135],[17621671.23494061,-5522718.357640486],[17608373.59242974,-5556323.931426331],[17566365.65335105,-5662376.052948103],[17524460.44012271,-5768013.744842419],[17482654.015173167,-5873262.808685645],[17440943.048701167,-5978148.298062779],[17399324.837448392,-6082694.5427269535],[17357797.32462596,-6186925.172014999],[17316359.120899033,-6290863.1376524335],[17275009.52631441,-6394530.736081257],[17233748.553035654,-6497949.630443995],[17192576.94872635,-6601140.872356031],[17151496.22039726,-6704124.923596578],[17110508.6585052,-6806921.677845399],[17069617.361062024,-6909550.482587738],[17028826.257480584,-7012030.161303322],[16988140.131851807,-7114379.036046891],[16947564.64531245,-7216614.950516342],[16907106.35712887,-7318755.293690909],[16866772.7440868,-7420817.024104687],[16826572.217743438,-7522816.694800388],[16786514.139065333,-7624770.478984263],[16746608.829946078,-7726694.196375127],[16706867.581071584,-7828603.340208772],[16667302.65558033,-7930513.1048233025],[16627927.28795168,-8032438.413711513],[16588755.677549616,-8134393.947883743],[16549802.976253413,-8236394.174338783],[16511085.26962184,-8338453.374392628],[16472619.551066296,-8440585.671565853],[16434423.688550819,-8542805.058681266],[16396516.383395571,-8645125.423775855],[16358917.120835278,-8747560.574386803],[16321646.112076458,-8850124.259731712],[16284724.227705928,-8952830.190271094],[16248172.922429489,-9055692.054118194],[16218654.417303137,-9139702.223541161]],[[-2082563.1346118879,-9139701.819474988],[-2075928.7277021923,-9120697.27657467],[-2040184.8538691772,-9017482.511850731],[-2004878.5488919578,-8914070.77819669],[-1970032.6854205716,-8810448.39480641],[-1935670.2236324511,-8706601.6871633],[-1901814.092139227,-8602517.00035846],[-1868487.0645244177,-8498180.71873963],[-1835711.6327840672,-8393579.292050583],[-1803509.8790746618,-8288699.268091955],[-1771903.347280844,-8183527.331791755],[-1740912.9159937757,-8078050.35041949],[-1710558.6745359728,-7972255.424516423],[-1680859.8036757626,-7866129.943950888],[-1651834.4626430317,-7759661.648346526],[-1623499.6839868682,-7652838.690979286],[-1595871.2777051614,-7545649.70510063],[-1568963.7459299506,-7438083.871526114],[-1542790.2092732461,-7330130.986234503],[-1517362.3457317096,-7221781.526657353],[-1492690.3428215026,-7113026.715306008],[-1468782.863373562,-7003858.57938377],[-1445647.0251726166,-6894270.0050671315],[-1423288.3943771636,-6784254.78521024],[-1401710.9924210403,-6673807.659329742],[-1380917.3158756548,-6562924.344860145],[-1360908.3685520608,-6451601.558827733],[-1341683.704948531,-6339837.029270227],[-1323241.484005301,-6227629.495922988],[-1305578.5320165101,-6114978.699895545],[-1288690.4134701318,-6001885.36226784],[-1272571.5085407307,-5888351.151738154],[-1257215.0959442442,-5774378.641648845],[-1242613.4398778968,-5659971.2568958225],[-1228757.8798071716,-5545133.211390239],[-1215638.9219232635,-5429869.436881257],[-1203246.3311735282,-5314185.504065474],[-1191569.2228606434,-5198087.5369993765],[-1180596.152909769,-5081582.1218957845],[-1170315.2060122557,-4964676.211423302],[-1160714.080966963,-4847377.025640714],[-1151780.1726520394,-4729691.950687279],[-1143500.6501694685,-4611628.436317156],[-1135862.5308083075,-4493193.893314466],[-1130665.5798289475,-4406183.963995268],[-1131368.415121007,-4372956.913207293],[-1134473.5752884792,-4248609.795620983],[-1138299.5847885816,-4124216.5613819533],[-1142807.7243889004,-3999786.19013588],[-1147960.238471678,-3875325.1999296485],[-1153720.4428549474,-3750837.7500110525],[-1160052.8114726108,-3626325.740643131],[-1166923.0435916155,-3501788.909339244],[-1174298.11332182,-3377224.923067321],[-1182146.3031961115,-3252629.4660892505],[-1190437.223575568,-3127996.3231970915],[-1199141.819577108,-3003317.45818491],[-1208232.3671387213,-2878583.0874568154],[-1217682.4597366487,-2753781.748719954],[-1227466.9871566284,-2628900.364749162],[-1237562.107603309,-2503924.3022385947],[-1247945.2143108705,-2378837.4257771918],[-1258594.8976989773,-2253622.147000424],[-1269490.9040019424,-2128259.468981564],[-1280614.091188818,-2002729.0259327549],[-1291946.382887979,-1877009.1182896856],[-1300357.0442787053,-1784927.7174587843],[-1303069.9632956106,-1750875.769826103],[-1313149.192276771,-1624400.9302488524],[-1323201.562196152,-1498322.4726967767],[-1333233.1959048472,-1372564.0956542252],[-1343250.1583598088,-1247050.3483755963],[-1353258.4706610842,-1121706.454761032],[-1363264.123752788,-996458.1415094946],[-1373273.0918403398,-871231.4697885707],[-1383291.3455711794,-745952.6697076057],[-1393324.8650204632,-620547.9769248768],[-1403379.6525169811,-494943.47076192754],[-1413461.7453380015,-369064.9132396971],[-1423577.2282937197,-242837.5884935931],[-1433732.246213116,-116186.1420692769],[-1443933.0163320033,10965.580350007505],[-1454185.8405708943,138694.6951782422],[-1464497.1176739067,267079.444452463],[-1474873.3551597255,396199.36090071616],[-1485321.1810098565,526135.4347087399],[-1495847.3549874958,656970.2820245454],[-1506458.779438932,788788.3150938059],[-1517162.5093774006,921675.9137343701],[-1527965.7615821993,1055721.5976250034],[-1538875.9223595457,1191016.1985867873],[-1549900.5535006442,1327653.0316579973],[-1561047.3958280033,1465728.0632807747],[-1572324.3695334024,1605340.074300322],[-1583739.570265986,1746590.8146848776],[-1595301.2596066003,1889585.1458561744],[-1607017.8481404572,2034431.1652067082],[-1618897.86877712,2181240.3056832682],[-1630949.937216932,2330127.4011165462],[-1643182.695457197,2481210.705117373],[-1655604.7328753122,2634611.847629859],[-1668224.4775845057,2790455.70834828],[-1681050.048240473,2948870.179787063],[-1694089.0530113098,3109985.7843250916],[-1707348.3176140862,3273935.098327025],[-1720833.5175962122,3440851.9215183062],[-1734548.680556199,3610870.1098514693],[-1748495.510511049,3784121.963360924],[-1762672.467266143,3960736.02451702],[-1777073.5056319295,4140834.0940290242],[-1791686.3384221185,4324527.205416773],[-1806490.0269066552,4511910.211007753],[-1821451.6129078942,4703054.512645217],[-1836521.3729231455,4897998.311001696],[-1851626.073556999,5096733.538011928],[-1866659.304700892,5299188.370172887],[-1881467.5122398164,5505203.89987473],[-1895829.6774763376,5714503.201662277],[-1909427.6163587742,5926650.777783093],[-1921802.5431507982,6141000.470180628],[-1932291.9477872548,6356630.973973495],[-1939939.5173255436,6572271.248211351],[-1943371.5092446127,6786225.398047705],[-1940639.89508237,6996320.596037807],[-1929054.020613854,7199923.227283195],[-1905069.2830792635,7394089.833454376],[-1864372.87420791,7575912.393981101],[-1802355.4092484761,7743035.699491499],[-1715062.210678986,7894163.220373234],[-1600385.0909738832,8029263.1295443],[-1586188.5618162714,8043092.889826781],[-1446142.99090123,8140300.566871037],[-1269507.9686597446,8235182.498667566],[-1077097.3508826124,8318334.492063813],[-873602.0501979939,8392761.637113774],[-663033.2671254855,8460754.224461017],[-448584.5608048788,8523940.651209395],[-232679.34658957247,8583440.575971698],[-17095.256690485483,8640016.487805653],[196898.33082026558,8694191.24815432],[408417.87889532733,8746330.194614917]]]},"properties":{"type":"meridian","value":180}},
{"type":"Feature","geometry":null,"properties":{"type":"parallel","value":-90}},
{"type":"Feature","geometry":{"type":"LineString","coordinates":[[17357797.324625965,-6186925.172015005],[17325980.41872449,-6177739.812607388],[17294365.17046965,-6168097.674634242],[17262959.91681121,-6158000.716939442],[17231773.012979303,-6147450.9838802675],[17200812.831037045,-6136450.60734993],[17170087.758157764,-6125001.808867525],[17139606.194622453,-6113106.901730535],[17109376.55153402,-6100768.293224793],[17079407.248245537,-6087988.486886366],[17049706.709501047,-6074770.084809536],[17020283.36228811,-6061115.78999471],[16991145.63240282,-6047028.408729622],[16962301.940728802,-6032510.852996948],[16933760.69923306,-6017566.1429009205],[16905530.306682907,-6002197.409105233],[16877619.144089215,-5986407.895274128],[16850035.569882847,-5970200.960508079],[16822787.9148323,-5953580.081765172],[16795884.476711947,-5936548.856258858],[16769333.51473181,-5919111.003822378],[16743143.24374106,-5901270.369229828],[16717321.828218741,-5883030.924463361],[16691877.376066802,-5864396.770915949],[16666817.932221668,-5845372.141518493],[16642151.472101895,-5825961.40278012],[16617885.89491081,-5806169.056730088],[16594029.016814092,-5785999.742749588],[16570588.564013438,-5765458.239281628],[16547572.165738445,-5744549.46540703],[16524987.34717977,-5723278.482274682],[16502841.522387564,-5701650.49437402],[16481141.987159576,-5679670.850638057],[16459895.911944404,-5657345.045365334],[16439110.334785255,-5634678.718949343],[16418792.154330365,-5611677.658404649],[16398948.122936048,-5588347.797678847],[16379584.839888526,-5564695.217740613],[16360708.744770506,-5540726.146434097],[16342326.110998077,-5516446.958091138],[16324443.03955311,-5491864.172893141],[16307065.452935632,-5466984.455975582],[16290199.089359943,-5441814.616268924],[16273849.497217096,-5416361.6050708145],[16258022.029825488,-5390632.514345411],[16242721.84048982,-5364634.574747161],[16227953.8778875,-5338375.153367058],[16213722.88179989,-5311861.751201311],[16200033.379204132,-5285102.000343148],[16186889.680739827,-5258103.660900232],[16174295.877562603,-5230874.617641276],[16162255.838594966,-5203422.87637702],[16150773.208182853,-5175756.560082108],[16139851.404164148,-5147883.904765689],[16129493.616353445,-5119813.25510013],[16119702.805445375,-5091553.059818412],[16110481.702336513,-5063111.866892031],[16101832.807864176,-5034498.318502743],[16093758.392958025,-5005721.145822307],[16086260.499198793,-4976789.163615628],[16079340.939776251,-4947711.264683782],[16073001.30083698,-4918496.414164048],[16067242.943210501,-4889153.643705141],[16062067.00450089,-4859692.045536202],[16057474.401529506,-4830120.766449013],[16053465.833112698,-4800449.001712888],[16050041.783157626,-4770685.988942351],[16047202.524057666,-4740841.001937694],[16044948.12036823,-4710923.344518559],[16043278.432742622,-4680942.344370485],[16042193.122107226,-4650907.34692446],[16041691.65405421,-4620827.709288658],[16041773.303430036,-4590712.79425151],[16042437.15909722,-4560571.964374417],[16043682.128847042,-4530414.576191792],[16045506.944440447,-4500249.974535258],[16047910.166754937,-4470087.486998097],[16050890.191014802,-4439936.41855482],[16054445.252083054,-4409806.046349929],[16058573.42979317,-4379705.61466874],[16063272.654299702,-4349644.330101798],[16068540.711427169,-4319631.356913619],[16074375.2479975,-4289675.812624893],[16080773.777116636,-4259786.763816171],[16087733.68340235,-4229973.222159916],[16095252.228135368,-4200244.14068618],[16103326.554317635,-4170608.4102865173],[16111953.691621609,-4141074.856458652],[16121130.561216336,-4111652.236294243],[16130853.98045622,-4082349.2357099964],[16141120.66741988,-4053174.466921654],[16151927.245287338,-4024136.4661593474],[16163270.246544717,-3995243.6916216044],[16175146.117006775,-3966504.521664281],[16187551.21964831,-3937927.2532199225],[16200481.838236796,-3909520.10044194],[16213934.18075915,-3881291.1935676034],[16227904.382636175,-3853248.577991402],[16229341.303154632,-3850432.1953048115],[16243727.73276035,-3824630.5042382837],[16260178.096002588,-3796155.108575643],[16277098.7716223,-3767917.628453099],[16294484.8998034,-3739925.4830757924],[16312331.587289046,-3712186.005533808],[16330633.908718893,-3684706.444266378],[16349386.907707747,-3657493.964610317],[16368585.59767276,-3630555.6504237843],[16388224.962413885,-3603898.505771572],[16408299.95645544,-3577529.456663899],[16428805.505154634,-3551455.352835705],[16449736.504584795,-3525682.969557112],[16471087.82120019,-3500219.009463818],[16492854.2912902,-3475070.104397495],[16515030.720230553,-3450242.817246183],[16537611.881539347,-3425743.64377453],[16560592.51574584,-3401579.01443444],[16583967.329079887,-3377755.2961464063],[16607730.991990402,-3354278.794042668],[16631878.137500748,-3331155.753163329],[16656403.359409064,-3308392.360095744],[16681301.210342195,-3285994.7445501285],[16706566.19967084,-3263968.9808619586],[16732192.791294593,-3242321.08941379],[16758175.401304698,-3221057.037968497],[16784508.395532988,-3200182.7429064424],[16811186.086995002,-3179704.0703594256],[16838202.733235657,-3159626.837234311],[16865552.5335854,-3139956.812119591],[16893229.62633524,-3120699.7160681775],[16921228.085838873,-3101861.223250682],[16949541.919549834,-3083446.961472333],[16978165.065002166,-3065462.5125485235],[17007091.386742737,-3047913.412532936],[17036314.67322354,-3030805.1517933565],[17065828.633662082,-3014143.174929622],[17095626.894878548,-2997932.8805295695],[17125702.998117838,-2982179.620757985],[17156050.39586507,-2966888.700774359],[17186662.44866313,-2952065.3779758303],[17217532.42194074,-2937714.8610611283],[17248653.48285978,-2923842.3089123685],[17280018.697190665,-2910452.8292915393],[17311621.02622462,-2897551.477348871],[17342620.869247764,-2885460.3306371737],[17343406.798434004,-2885116.4248475772],[17373645.571331304,-2872207.2696887804],[17404039.626292914,-2859858.9638135256],[17434582.134775724,-2848074.147498591],[17465266.22157456,-2836855.371566511],[17496084.965625044,-2826205.094512726],[17527031.400920514,-2816125.6796733886],[17558098.517541148,-2806619.3924459275],[17589279.262794685,-2797688.397573639],[17620566.542469475,-2789334.7565059806],[17621671.136940587,-2789050.8772066245],[17651942.48740695,-2784646.6524372404],[17683387.47466494,-2780660.106579548],[17714894.100220904,-2777263.0531051126],[17746454.974129684,-2774455.914321785],[17778062.708473697,-2772238.9910317897],[17809709.919594783,-2770612.4622966116],[17841389.230318222,-2769576.385375927],[17873093.272160694,-2769130.695841445],[17904814.68751595,-2769275.2078658687],[17936546.131812487,-2770009.614686455],[17968280.275636412,-2771333.489241831],[18000009.806813676,-2773246.2849795907],[18031727.432445962,-2775747.336831774],[18063425.880894758,-2778835.862354293],[18081826.69765226,-2780899.254121758],[18095568.692024805,-2782235.022879274],[18128309.047417518,-2785815.393120468],[18160977.451108713,-2789947.9434665637],[18193565.368608173,-2794629.774487795],[18226064.36857072,-2799857.8768023737],[18258466.122196425,-2805629.1349189915],[18290762.40246074,-2811940.330937623],[18322945.083181016,-2818788.148104272],[18355006.13792657,-2826169.1742146234],[18386937.63877867,-2834079.9048633534],[18418731.7549479,-2842516.746534818],[18450380.751255732,-2851476.0195323676],[18481876.986487336,-2860953.9607432424],[18513212.91162286,-2870946.72623684],[18544381.067954354,-2881450.393693969],[18575374.085095424,-2892460.964665997],[18606184.678890962,-2903974.3666618764],[18636805.649234213,-2915986.4550625826],[18667229.87779824,-2928493.0148623637],[18697450.32568945,-2941489.762236035],[18727460.031030048,-2954972.3459330495],[18757252.10647724,-2968936.3484981647],[18786819.736686047,-2983377.287319818],[18816156.175723594,-2998290.615506936],[18845254.744441863,-3013671.7225958267],[18874108.8278168,-3029515.935088398],[18902711.872260865,-3045818.51682421],[18931057.3829169,-3062574.6691881446],[18959138.920940746,-3079779.5311565814],[18986950.100780435,-3097428.1791848144],[19014484.587459516,-3115515.6269390667],[19041736.093872607,-3134036.8248764486],[19068698.378100906,-3152986.6596768126],[19095365.240755767,-3172359.953530721],[19121730.522358626,-3192151.4632876767],[19147788.100765295,-3212355.879469867],[19173531.8886433,-3232967.8251562254],[19198955.831010625,-3253981.854742342],[19224053.902844723,-3275392.45258209],[19248820.10677049,-3297194.0315170926],[19273248.47083638,-3319380.931300525],[19297333.046387743,-3341947.4169220948],[19321067.90604689,-3364887.676841401],[19344447.141809206,-3388195.821137422],[19367464.863265373,-3411865.8795818514],[19390115.195959166,-3435891.7996449475],[19412392.279891413,-3460267.4444421316],[19434290.268179856,-3484986.590631065],[19455803.325885653,-3510042.926268274],[19476925.629016988,-3535430.0486351894],[19497651.363720316,-3561141.462044193],[19517974.7256702,-3587170.575635032],[19537889.919668652,-3613510.701172614],[19557391.15946453,-3640155.050857929],[19576472.667804495,-3667096.735163294],[19595128.67672606,-3694328.7607044773],[19613353.428103715,-3721844.028161894],[19631141.174458977,-3749635.3302637865],[19648486.180045027,-3777695.3498440622],[19665382.722216066,-3806016.65798863],[19681825.093091976,-3834591.712283117],[19697807.601527613,-3863412.8551762905],[19713324.575396214,-3892472.312472884],[19728370.36419607,-3921762.191969367],[19742939.34198806,-3951274.4822477098],[19757025.910672095,-3981001.0516405036],[19770624.503608905,-4010933.6473819152],[19783729.58959314,-4041063.8949584523],[19796335.67718244,-4071383.297673313],[19808437.319386136,-4101883.2364385026],[19820029.1187162,-4132554.9698073473],[19831105.732601054,-4163389.6342615522],[19841661.879162382,-4194378.244764322],[19851692.34335221,-4225511.695592769],[19861191.983447034,-4256780.761460559],[19870155.737892892,-4288176.0989422565],[19878578.632494275,-4319688.248208593],[19886455.78793731,-4351307.635082235],[19887242.700321972,-4354598.339006946],[19891901.498257443,-4381930.928197213],[19896553.444726754,-4412484.608611669],[19900625.277759284,-4443083.702003612],[19904113.906625677,-4473718.039381143],[19907016.410007052,-4504377.390555079],[19909330.043776754,-4535051.470662996],[19911052.248795573,-4565729.946991976],[19912180.65869051,-4596402.4460849],[19912713.10758697,-4627058.561111864],[19912647.63776181,-4657687.859488309],[19911982.507185783,-4688279.890717256],[19910716.196921438,-4718824.194433065],[19908847.418343257,-4749310.308621599],[19906375.12014575,-4779727.777990584],[19903298.495105572,-4810066.162462337],[19899616.9865638,-4840315.045759839],[19895330.294594176,-4870464.044056756],[19890438.381824933,-4900502.814660029],[19884941.478881422,-4930421.064694274],[19878840.08941835,-4960208.559756364],[19872134.994711872,-4989855.132508097],[19864827.25778287,-5019350.691175667],[19856918.22702495,-5048685.227924437],[19848409.539312273,-5077848.827078439],[19839303.122564957,-5106831.673154505],[19829601.19775179,-5135624.058682411],[19819306.280313134,-5164216.391783106],[19808421.18098898,-5192599.203479128],[19796949.006040756,-5220763.154712463],[19784893.156858154,-5248699.043047301],[19772257.328945473,-5276397.809036648],[19759045.51028522,-5303850.542234597],[19745261.979080226,-5331048.486837257],[19730911.30087856,-5357983.046938585],[19715998.325088978,-5384645.791389158],[19700528.18089809,-5411028.458248359],[19684506.272603247,-5437122.958823243],[19667938.274378836,-5462921.381289223],[19650830.124496095,-5488415.993890416],[19633188.019019905,-5513599.2477198085],[19615018.405008387,-5538463.779081419],[19596327.973243807,-5563002.411438989],[19577123.650525488,-5587208.156957721],[19557412.59155748,-5611074.217647407],[19537202.170465615,-5634593.986117159],[19516499.971979957,-5657761.045953572],[19495313.782320075,-5680569.171735559],[19473651.57982158,-5703012.328700499],[19451521.52534288,-5725084.672077309],[19428931.952491727,-5746780.546103373],[19405891.357711326,-5768094.482742597],[19382408.39026548,-5789021.200122937],[19358491.84216203,-5809555.600711992],[19334150.638053335,-5829692.769249639],[19309393.825151205,-5849427.9704570165],[19284230.563193474,-5868756.646540908],[19258670.11449717,-5887674.414512935],[19232721.834132582,-5906177.0633423515],[19206395.160250377,-5924260.550961224],[19179699.604592454,-5941921.001140332],[19152644.743215177,-5959154.700253579],[19125240.207451683,-5975958.093948167],[19097495.675137896,-5992327.783737319],[19069420.862124737,-6008260.523531507],[19041025.51409678,-6023753.216123476],[19012319.398715507,-6038802.909641758],[18983312.29810294,-6053406.793986438],[18954014.001679458,-6067562.19726032],[18924434.299367175,-6081266.582207691],[18894582.97516833,-6094517.542672369],[18864469.801125955,-6107312.800085697],[18834104.531672154,-6119650.199994524],[18803496.898367234,-6131527.708638525],[18772656.60503141,-6142943.409585371],[18741593.323268592,-6153895.500431635],[18710316.688380577,-6164382.289576732],[18678836.295668103,-6174402.193076442],[18647161.697113827,-6183953.731581961],[18615302.398441218,-6193035.527370029],[18583267.856541622,-6201646.30146888],[18551067.47726122,-6209784.870884508],[18518710.61353816,-6217450.145931071],[18486206.563879386,-6224641.127668941],[18453564.57116604,-6231356.905453426],[18420793.821775295,-6237596.654596798],[18387903.445006225,-6243359.634145986],[18354902.512796506,-6248645.184777892],[18321800.03971655,-6253452.726813934],[18288604.98322719,-6257781.7583553],[18255326.24418684,-6261631.853539977],[18221972.667593814,-6265002.660922448],[18188553.043549497,-6267893.901976779],[18155076.108427644,-6270305.369723464],[18121550.54623562,-6272236.927480431],[18087984.990152895,-6273688.507738175],[18054388.024232544,-6274660.1111590965],[18020768.185251426,-6275151.805700759],[17987133.964695048,-6275163.725862721],[17953493.810863074,-6274696.072056543],[17919856.131081957,-6273749.110098253],[17886229.294011086,-6272323.170822717],[17852621.632029317,-6270418.649818903],[17819041.443688992,-6268036.007285271],[17785496.996224675,-6265175.768004123],[17751996.528104387,-6261838.521433901],[17718548.251611102,-6258024.921918051],[17685160.355442867,-6253735.689009252],[17651841.007320028,-6248971.607907437],[17621671.23494062,-6244238.14669332],[17618598.53952864,-6243755.705505585],[17585466.03929007,-6238285.438198575],[17552469.24678166,-6232345.582905325],[17519616.331612267,-6225937.47772765],[17486915.48410276,-6219062.533009402],[17454374.915799495,-6211722.232680591],[17422002.8597715,-6203918.135697506],[17389807.570682038,-6195651.877575986],[17357797.32462596,-6186925.172014999]]},"properties":{"type":"parallel","value":-75}},
{"type":"Feature","geometry":{"type":"MultiLineString","coordinates":[[[16746608.829946078,-7726694.196375127],[16684108.85001969,-7710202.062141863],[16621843.841297619,-7692902.316243127],[16559826.137963368,-7674793.482031168],[16498068.736432789,-7655874.013889935],[16436585.320794405,-7636142.305279494],[16375390.287181001,-7615596.697266532],[16314498.766845265,-7594235.487576873],[16253926.647691553,-7572056.940211077],[16193690.593995444,-7549059.295669675],[16133808.06402245,-7525240.781840757],[16074297.32523778,-7500599.625608871],[16015177.466780778,-7475134.065251083],[15956468.408860836,-7448842.36369303],[15898190.90871738,-7421722.8227047445],[15840366.562774783,-7393773.798123218],[15783017.804615345,-7364993.716195301],[15726167.898389377,-7335381.091140705],[15669840.927283237,-7304934.5440402785],[15614061.776672993,-7273652.823158575],[15558856.111605285,-7241534.82581248],[15504250.348268004,-7208579.621897532],[15450271.61914256,-7174786.479181552],[15396947.731567279,-7140154.890469472],[15344307.11948811,-7104684.602733876],[15292378.78822971,-7068375.648292371],[15241192.252184883,-7031228.378094088],[15190777.465396833,-6993243.497154014],[15141164.745091971,-6954422.102144012],[15092384.688314563,-6914765.721113744],[15044468.08191414,-6874276.355272777],[14997445.806242965,-6832956.522716923],[14951348.733030967,-6790809.303928055],[14906207.618018275,-6747838.388817147],[14862052.989037814,-6704048.125016711],[14818915.030350145,-6659443.5670616105],[14776823.464136502,-6614030.526028484],[14735807.430151654,-6567815.619135219],[14695895.364621878,-6520806.318735096],[14657114.879542721,-6473011.000078228],[14619492.643583309,-6424438.987157373],[14583054.265836563,-6375100.595909682],[14547824.183665477,-6325007.174012201],[14513825.555883655,-6274171.13649],[14481080.162472107,-6222605.996353278],[14449608.31197476,-6170326.389496019],[14419428.757631348,-6117348.093124535],[14390558.623201812,-6063688.037040293],[14363013.339310423,-6009364.3071778715],[14336806.590996243,-5954396.1408944465],[14311950.277000021,-5898803.913620878],[14288454.481151497,-5842609.116612984],[14266327.456049073,-5785834.325682822],[14245575.619049614,-5728503.160939262],[14226203.560414888,-5670640.237721157],[14208214.063296199,-5612271.109060496],[14191608.13508418,-5553422.20016265],[14176385.049509656,-5494120.735531236],[14162542.398757227,-5434394.659493137],[14150076.154747449,-5374272.55099081],[14138980.738657339,-5313783.533599871],[14129249.09768471,-5252957.181800392],[14120872.788018333,-5191823.424577169],[14113842.06295261,-5130412.447445776],[14108646.270016976,-5074816.043555943],[14108631.696719784,-5068474.756240866],[14109209.636355931,-5003815.148405005],[14111095.61440671,-4939089.2944478765],[14114267.756735165,-4874326.5189230805],[14118703.716520788,-4809555.428184714],[14124380.799537692,-4744803.870747965],[14131276.082399061,-4680098.903243811],[14139366.523253947,-4615466.761869814],[14148629.064578215,-4550932.839197409],[14159040.727846729,-4486521.666162357],[14170578.70000301,-4422256.899033785],[14183220.41175784,-4358161.311130903],[14196943.607846553,-4294256.7890349245],[14211726.409459222,-4230564.333026464],[14227547.369125767,-4167104.061465132],[14244385.5183937,-4103895.218820278],[14262220.408677055,-4040956.187055828],[14281032.145685619,-3978304.500071383],[14300801.417862555,-3915956.8609035215],[14321509.519268997,-3853929.1613961454],[14343138.367356157,-3792236.5040560514],[14365670.516061144,-3730893.225819453],[14389089.164652884,-3669912.9234669073],[14413378.162739776,-3609308.4804366655],[14438522.01183309,-3549092.094800769],[14464505.863839628,-3489275.3081829567],[14491315.516834773,-3429869.0354130464],[14518937.40844372,-3370883.5947279655],[14547358.607134623,-3312328.7383455248],[14576566.801703334,-3254213.683252672],[14606550.289205292,-3196547.1420650007],[14637297.961567236,-3139337.353829508],[14668799.291088458,-3082592.1146565527],[14701044.31502021,-3026318.8080805903],[14734023.619391307,-2970524.4350622785],[14767728.322228912,-2915215.6435563737],[14802150.056305485,-2860398.7575811483],[14837280.951526383,-2806079.805735532],[14873113.617057271,-2752264.5491195954],[14909641.123276176,-2698958.5086227222],[14946856.983622452,-2646166.9915518914],[14984755.136402983,-2593895.117579327],[15023329.926605286,-2542147.8439953458],[15062576.087757822,-2490929.9902578024],[15102488.723868864,-2440246.2618344296],[15143063.291467788,-2390101.2733386983],[15184295.581765661,-2340499.570963619],[15226181.702945765,-2291445.6542208083],[15268718.062589537,-2242943.996995046],[15311901.350238228,-2194999.067926419],[15355728.520086689,-2147615.350134013],[15400196.773801854,-2100797.360296262],[15445303.543455303,-2054549.6671040724],[15491046.474556535,-2008876.909103265],[15537423.409171095,-1963783.8119433415],[15584432.369105801,-1919275.2050491793],[15616967.58912936,-1889153.9448328514],[15631762.140022686,-1875190.8750003478],[15678952.98763186,-1831465.8530531088],[15726621.494160509,-1788528.2970100718],[15774762.751503808,-1746384.923486257],[15823371.691447135,-1705042.862871237],[15872443.073514462,-1664509.6515170196],[15921971.472977549,-1624793.222420687],[15971951.269045942,-1585901.894333446],[16022376.633259594,-1547844.3592314061],[16073241.518107576,-1510629.6680880096],[16124539.6458979,-1474267.214893986],[16176264.497905469,-1438766.718878015],[16228409.303827066,-1404138.2048896053],[16280967.031574413,-1370391.9819158218],[16333930.377438301,-1337538.6197146724],[16387291.756659376,-1305588.9235605963],[16441043.29444345,-1274553.9071117076],[16495176.817461614,-1244444.763423559],[16549683.845878256,-1215272.8341510235],[16604555.58595266,-1187049.576997409],[16659782.923262587,-1159786.531488684],[16715356.416601097,-1133495.2831703094],[16771266.292600242,-1108187.4263439842],[16827502.44113821,-1083874.5254825028],[16884054.411588468,-1060568.0754811103],[16940911.409971796,-1038279.4609243064],[16998062.297073606,-1017019.9145669393],[17055495.587590363,-996800.4752471708],[17113199.450369213,-977631.9454668771],[17171161.70980495,-959524.848890994],[17229369.848457694,-942489.3880316457],[17287811.010952275,-926535.4023945305],[17346472.009217605,-911672.3273745087],[17405339.32912005,-897909.1541932226],[17464399.138539553,-885254.3911748038],[17523637.296929527,-873716.0266550588],[17583039.366394833,-863301.4938153381],[17621671.234940615,-857147.2198042002],[17642584.512674365,-856149.7451848004],[17702185.390541524,-854080.8753928506],[17761805.554140203,-853155.7105294985],[17821429.4960411,-853373.2363978785],[17881041.822222117,-854731.7359630051],[17940627.272200327,-857228.7968904699],[18000170.738186624,-860861.3225936475],[18059657.28319985,-865625.5466921076],[18119072.158090588,-871517.050754276],[18178400.817435816,-878530.7851690791],[18237628.934277304,-886661.0929659016],[18296742.41368695,-895901.7363790857],[18355727.405151606,-906245.9259332279],[18414570.31377952,-917686.3518085845],[18473257.81033751,-930215.2172326513],[18531776.840135287,-943824.2736336737],[18590114.630779177,-958504.8572854548],[18648258.69882195,-974247.9271694415],[18706196.85534003,-991044.1037802179],[18763917.210471507,-1008883.7086038132],[18821408.176951602,-1027756.8040041896],[18878658.47268286,-1047653.2332621576],[18935657.122378744,-1068562.660522127],[18992393.458319414,-1090474.6104152317],[19048857.12025857,-1113378.5071424965],[19105038.05451942,-1137263.7128179187],[19160926.512317486,-1162119.5648890338],[19216513.047346782,-1187935.4124706385],[19271788.512664683,-1214700.6514460747],[19326744.056910116,-1242404.75820949],[19381371.1198879,-1271037.3219411052],[19435661.427551337,-1300588.0753260562],[19489606.986413717,-1331046.9236452621],[19543200.07741833,-1362403.9721838678],[19596433.249295693,-1394649.5519190535],[19649299.311435316,-1427774.2434642573],[19701791.32629888,-1461768.8992608609],[19753902.601400442,-1496624.6640212988],[19805626.68087858,-1532332.9934392818],[19856957.336684816,-1568885.6711929964],[19907888.559411526,-1606274.8242764452],[19958414.5487822,-1644492.936701833],[19997530.948992286,-1674866.8889228809],[20008660.03269011,-1683452.7523679878],[20058883.123740908,-1722861.3421032706],[20108575.67650761,-1762944.318405128],[20157735.126153782,-1803696.9063365185],[20206358.852184407,-1845114.5113632788],[20254444.161735587,-1887192.7076835502],[20301988.272721935,-1929927.2259059611],[20348988.29681275,-1973313.9400549352],[20395441.222207204,-2017348.8538795684],[20441343.896178067,-2062028.0864406363],[20486693.007353503,-2107347.8569484237],[20531485.067705657,-2153304.468822399],[20575716.394215073,-2199894.2929424425],[20619383.09017981,-2247113.750059871],[20662481.026138928,-2294959.292335337],[20705005.820380185,-2343427.3839702806],[20746952.819003344,-2392514.48089755],[20788317.07551159,-2442217.009497124],[20829093.329905603,-2492531.344302849],[20869275.987257387,-2543453.784666831],[20908859.09574374,-2594980.5303494926],[20947836.324123506,-2647107.6560049206],[20986200.93864674,-2699831.084533785],[21023945.77939009,-2753146.5592791247],[21061063.236018665,-2807049.615044668],[21097545.222982854,-2861535.5479199025],[21107253.248718716,-2876297.112611295]],[[-21107252.86963153,-2876309.284460955],[-21081130.938480042,-2916599.38390251],[-21045946.17562713,-2972235.846315607],[-21011424.246444903,-3028439.322025675],[-20977575.39583592,-3085203.8264766736],[-20944410.47539801,-3142522.967566924],[-20911940.97082307,-3200389.9084079154],[-20880179.02945369,-3258797.3290182943],[-20849137.487865478,-3317737.3870224226],[-20818829.89931626,-3377201.677440205],[-20789270.560875043,-3437181.1916746404],[-20760474.540011,-3497666.275824649],[-20732457.700387586,-3558646.588473807],[-20705236.726568427,-3620111.0581305698],[-20678829.14729958,-3682047.840522125],[-20653253.35698793,-3744444.275971815],[-20628528.634947438,-3807286.847119862],[-20604675.161934283,-3870561.1372769554],[-20581714.03343948,-3934251.7897321917],[-20559667.269152828,-3998342.468367119],[-20538557.817957718,-4062815.8199597904],[-20518409.55776168,-4127653.438592079],[-20499247.289415322,-4192835.8326026592],[-20481096.723923624,-4258342.394553821],[-20463984.46211041,-4324151.374703751],[-20447937.96586189,-4390239.858494328],[-20432985.520050798,-4456583.748578524],[-20419156.184232056,-4523157.75191875],[-20406479.733207434,-4589935.372488473],[-20394986.585583534,-4656888.910101533],[-20384707.719498593,-4723989.465877524],[-20375674.574772585,-4791206.9548256425],[-20367918.94084526,-4858510.125993564],[-20361472.830011718,-4925866.590581393],[-20356368.33564653,-4993242.858364246],[-20352637.4753283,-5060604.382700108],[-20350312.01903597,-5127915.6143223755],[-20349423.3028869,-5195140.06403229],[-20350002.0292204,-5262240.374312018],[-20352078.05419613,-5329178.399780588],[-20355680.16446646,-5395915.296310542],[-20360835.844887063,-5462411.618515898],[-20363295.985963296,-5488500.159338631],[-20370813.11506676,-5526725.532472431],[-20384466.70088034,-5589369.003179508],[-20399697.737239387,-5651509.1384632755],[-20416513.9688169,-5713108.896724884],[-20434920.677384898,-5774132.32521646],[-20454920.571145933,-5834544.70650367],[-20476513.690786164,-5894312.692910578],[-20499697.334089022,-5953404.427038307],[-20524466.000708148,-6011789.646737263],[-20550811.358410195,-6069439.773249588],[-20578722.231765084,-6126327.981606662],[-20608184.613894623,-6182429.252757771],[-20639181.7014984,-6237720.407302811],[-20671693.95297054,-6292180.121090726],[-20705699.169013865,-6345788.923312536],[-20741172.59476274,-6398529.178051518],[-20778087.042052735,-6450385.050541493],[-20816413.030137476,-6501342.459621388],[-20856118.942858674,-6551389.018054179],[-20897171.200033456,-6600513.962498145],[-20939534.44063889,-6648708.074980631],[-20983171.715251062,-6695963.597729754],[-21028044.68513553,-6742274.143174863],[-21074113.82538666,-6787634.600837267],[-21107251.64106016,-6819005.206641951]],[[21107252.548526257,-6819014.432286394],[21093175.463075582,-6832041.042707816],[21044836.279200558,-6875490.628554684],[20995424.577181377,-6917981.512432555],[20944982.60064443,-6959512.751480785],[20893552.787223946,-7000084.21791132],[20841177.589252885,-7039696.51490246],[20787899.304575834,-7078350.8969394285],[20733759.918582007,-7116049.194978864],[20678800.95829758,-7152793.746667514],[20623063.359128322,-7188587.331715505],[20566587.344608396,-7223433.112413801],[20509412.319295157,-7257334.579193535],[20451576.77475496,-7290295.501051203],[20393118.208413403,-7322319.880607254],[20334073.054896355,-7353411.913524881],[20274476.629365258,-7383575.951988853],[20214363.082251284,-7412816.4719293155],[20153765.364716675,-7441138.043670909],[20092715.2041166,-7468545.3056905875],[20031243.08869849,-7495042.941177914],[19969378.26075745,-7520635.657105848],[19907148.717461918,-7545328.165538835],[19844581.218572784,-7569125.166925092],[19781701.300298247,-7592031.335142084],[19718533.294554673,-7614051.3040861245],[19655100.352938145,-7635189.6556191575],[19591424.474750936,-7655450.908706839],[19527526.538470075,-7674839.509602202],[19463426.336090103,-7693359.822947759],[19399142.609818593,-7711016.123686255],[19334693.09064873,-7727812.589685653],[19270094.538379114,-7743753.294998119],[19205362.782694835,-7758842.203684892],[19140512.764966354,-7773083.1641502045],[19075558.58046286,-7786479.903936421],[19010513.520714667,-7799036.02494119],[18945390.115794137,-7810754.999024173],[18880200.17631763,-7821640.16397684],[18814954.83500038,-7831694.719834064],[18749664.58762399,-7840921.725510189],[18684339.333300237,-7849324.095745903],[18618988.41393787,-7856904.598355143],[18553620.652838346,-7863665.851763504],[18488244.39236429,-7869610.322831676],[18422867.53064021,-7874740.324959042],[18357497.557258334,-7879058.016463684],[18292141.587974627,-7882565.399236422],[18226806.39839007,-7885264.317666962],[18161498.45662141,-7887156.457841305],[18096223.954972547,-7888243.347010054],[18030988.840624545,-7888526.353327696],[17965798.845366985,-7888006.685863489],[17900659.514397867,-7886685.394885065],[17835576.234222446,-7884563.37241609],[17770554.25968404,-7881641.353069892],[17705598.74016178,-7877919.915161232],[17640714.744971454,-7873399.482098787],[17621671.23494062,-7871919.969905103],[17575915.908304572,-7868103.579761927],[17511232.06148351,-7862019.500960105],[17446670.63705715,-7855137.805680564],[17382237.864253867,-7847458.466569021],[17317940.2763695,-7838981.317265908],[17253784.73757329,-7829706.055835846],[17189778.4700538,-7819632.24849865],[17125929.08147328,-7808759.333665252],[17062244.592689563,-7797086.626282922],[16998733.465694673,-7784613.322495414],[16935404.631708518,-7771338.504625059],[16872267.519353557,-7757261.146485119],[16809332.082823686,-7742380.119032817],[16746608.829946078,-7726694.196375127]]]},"properties":{"type":"parallel","value":-60}},
{"type":"Feature","geometry":{"type":"MultiLineString","coordinates":[[[-2040184.8538691772,-9017482.511850731],[-1947949.2370910677,-9037937.202765273],[-1855607.1175007243,-9059394.329724012],[-1763153.5043900332,-9081863.658688828],[-1670584.6822954917,-9105355.45229998],[-1577898.352542846,-9129880.466338791],[-1541798.8207067659,-9139705.689419074]],[[15677852.949182263,-9139706.532633508],[15621179.211913897,-9123970.859924538],[15528257.428144421,-9097345.181389052],[15435221.366685532,-9069651.087446688],[15342076.098642783,-9040875.878226638],[15248829.044291064,-9011006.371312529],[15155490.211791774,-8980028.900607685],[15062072.455535457,-8947929.31322395],[14968591.754815843,-8914692.963869011],[14875067.51331501,-8880304.70612764],[14781522.879571196,-8844748.879952395],[14687985.088194191,-8808009.294603745],[14594485.82106818,-8770069.20621446],[14501061.587118376,-8730911.289108124],[14407754.11839297,-8690517.59998802],[14314610.779204015,-8648869.534146177],[14221684.983858837,-8605947.772942943],[14129036.617079373,-8561732.221998908],[14036732.44953983,-8516201.939852102],[13944846.53905171,-8469335.057298275],[13853460.605803857,-8421108.688286925],[13762664.367757939,-8371498.8341297],[13672555.819870792,-8320480.283928682],[13583241.43835991,-8268026.515579668],[13494836.288888536,-8214109.603469084],[13407464.015508221,-8158700.1410560915],[13321256.685697222,-8101767.188875752],[13236354.466159437,-8043278.261027801],[13152905.104523677,-7983199.365780588],[13071063.194052884,-7921495.1183005115],[12990989.202268345,-7858128.945411635],[12912848.250293216,-7793063.403317567],[12836808.637889072,-7726260.628934763],[12763040.119593756,-7657682.943420884],[12691711.949830402,-7587293.622190618],[12622990.728825916,-7515057.838856727],[12557038.09583123,-7440943.780982448],[12494008.330369918,-7364923.923447601],[12434045.934743207,-7286976.431167811],[12377283.280389769,-7207086.647844776],[12323838.40563386,-7125248.612755899],[12273813.051836748,-7041466.535008748],[12227291.018453382,-6955756.1459939815],[12184336.905062959,-6868145.847622703],[12144995.290828612,-6778677.57752767],[12109290.380410098,-6687407.323223324],[12077226.121923253,-6594405.234831629],[12048786.77915918,-6499755.309031562],[12023937.918939084,-6403554.6432190025],[12002627.756879842,-6305912.285808042],[11999949.884567704,-6292272.523357988],[11992050.041523589,-6202941.762960264],[11986117.218597539,-6098533.3343167845],[11983518.738071425,-5993496.118677648],[11984096.850977624,-5887962.124863912],[11987690.489301004,-5782059.415231007],[11994137.861227563,-5675911.305688494],[12003278.685998378,-5569635.685007187],[12014956.057817165,-5463344.457475546],[12029017.947236152,-5357143.109420074],[12045318.36242696,-5251130.396632781],[12063718.202053912,-5145398.146627034],[12084085.8367401,-5040031.167066103],[12106297.45812844,-4935107.249786851],[12130237.234090026,-4830697.258602284],[12155797.306459047,-4726865.288477684],[12182877.664407827,-4623668.883652596],[12211385.922725111,-4521159.302721288],[12241237.03020862,-4419381.819471195],[12272352.92940121,-4318376.049303583],[12304662.185169015,-4218176.292223054],[12338099.596244173,-4118811.884601909],[12372605.800886078,-4020307.553136763],[12408126.885263637,-3922683.7655707784],[12444614.001012739,-3825957.0738242324],[12482022.996646697,-3730140.4461392476],[12520314.066053728,-3635243.585692047],[12559451.416160844,-3541273.233857713],[12599402.954937376,-3448233.4569308637],[12640140.000211332,-3356125.9156195857],[12681637.009243876,-3264950.117048694],[12723871.328618173,-3174703.6493425434],[12766822.963721907,-3085382.3991186726],[12810474.366914209,-2996980.752421486],[12854810.243348518,-2909491.7797705852],[12899817.37335704,-2822907.4060997088],[12945484.450276522,-2737218.5664277887],[12991801.93259945,-2652415.348140358],[13038761.909360364,-2568487.120773483],[13086357.977708004,-2485422.6541883224],[13134585.131664647,-2403210.226007199],[13183439.661131097,-2321837.7191545633],[13232919.06025592,-2241292.7103116643],[13283021.944348665,-2161562.5500545623],[13333747.974577185,-2082634.4354027135],[13385097.789748259,-2004495.4754617144],[13437072.944526492,-1927132.7507996766],[13489675.85350016,-1850533.367153005],[13542909.740552083,-1774684.5040151002],[13596778.593040213,-1699573.4586204197],[13651287.120335568,-1625187.6857976406],[13706440.716304185,-1551514.8341286387],[13762245.425356416,-1478542.7788156648],[13818707.911719209,-1406259.6516266228],[13875835.431617312,-1334653.8682585524],[13933635.808076095,-1263714.153431558],[13992117.408083318,-1193429.5639999197],[14051289.121868927,-1123789.5103436077],[14111160.344081722,-1054783.7762819475],[14131585.930481102,-1031568.4443629489],[14171599.53038908,-986363.4688055108],[14232605.862964524,-918657.5113042239],[14294242.029437583,-851707.0567833076],[14356514.083432151,-785511.0034221197],[14419427.915312566,-720069.6534058301],[14482989.223737624,-655384.7558703589],[14547203.486248592,-591459.5517984466],[14612075.928901758,-528298.820620658],[14677611.494964806,-465908.92822044465],[14743814.81270585,-404297.87598115735],[14810690.162312565,-343475.35044459114],[14878241.44198809,-283452.7730751102],[14946472.133278303,-224243.34954078545],[15015385.265692297,-165862.11783306178],[15084983.380683932,-108325.99445025834],[15155268.495066382,-51653.81776760026],[15226242.063933719,4133.612390686639],[15297904.94316309,59013.500072528186],[15370257.351567617,112961.02462001082],[15443298.832763506,165949.31951128165],[15517028.216804653,217949.46004859166],[15591443.58162463,268930.4614185293],[15666542.214308986,318859.2887378098],[15742320.572201043,367700.8807684932],[15818774.243822638,415418.18903377256],[15895897.909568785,461972.2340838615],[15973685.30211358,507322.1806439394],[16052129.166445829,551425.4333155274],[16131221.219440224,594237.7543923976],[16210952.108866,635713.4051850397],[16291311.371743292,675805.3120181458],[16372287.391982768,714465.2577682995],[16453867.357289128,751644.0994412118],[16536037.215378515,787292.011848256],[16618781.629656542,821358.756932394],[16702083.934629465,853793.9777193924],[16785926.09147737,884547.5152398669],[16870288.64440343,913569.746094511],[16955150.678584028,940811.9376357992],[17040489.780774504,966226.6170361838],[17126282.003866266,989767.9498296777],[17212501.836928066,1011392.1228793344],[17299122.182487424,1031057.7261671192],[17386114.342994884,1048726.127355177],[17473448.018551026,1064361.832757904],[17561091.318041176,1077932.8282187567],[17621671.141370304,1086070.8771028302],[17648997.830765348,1086624.7610685793],[17736940.605856776,1087017.949544167],[17824819.69130864,1085295.0258371062],[17912599.708508365,1081465.7628155889],[18000246.304115348,1075544.368818669],[18087726.224739537,1067549.340290896],[18175007.37587595,1057503.270143616],[18262058.866259098,1045432.6158934812],[18348851.039065488,1031367.4323625441],[18435355.491562318,1015341.0742911933],[18521545.084880862,997389.8746031561],[18607393.94559145,977552.8042674739],[18692877.460682686,955871.1197315532],[18777972.26741776,932388.0037637475],[18862656.23936842,907148.2052623844],[18946908.46972929,880197.6831830374],[19030709.25280584,851583.2592327613],[19114040.06436233,821352.2834053499],[19196883.541320138,789552.3158123556],[19279223.461122345,756230.8276246235],[19361044.720931012,721434.9233019259],[19442333.31670259,685211.0856719607],[19523076.322095413,647604.9448415296],[19603261.86709948,608661.0713930478],[19682879.116240885,568422.7938478644],[19761918.246197462,526932.0399687531],[19840370.42266491,484229.201129902],[19918227.7763294,440353.0187026615],[19995483.377829857,395340.4911874317],[20072131.21162689,349226.8006614026],[20148166.148731902,302045.25700401154],[20223583.91828822,253827.25830012228],[20298381.078031447,204602.2657995446],[20372554.98368948,154397.79182375185],[20446103.757411193,103239.39905050515],[20519026.255336143,51150.70966893001],[20591322.034436397,-1846.5770239732078],[20662991.318774156,-55732.65992427927],[20734034.96532725,-110489.60556023399],[20804454.429537866,-166101.31280801055],[20874251.730739165,-222553.47391886718],[20943429.417610135,-279833.5327898403],[21011990.533802103,-337930.64131037955],[21079938.583870597,-396835.6145217063],[21107253.540658288,-420893.2453833719]],[[-21107253.271933686,-420899.686440716],[-21067236.59301226,-456540.88523575437],[-21000502.485570505,-517040.4586762057],[-20934368.49877624,-578329.8676266357],[-20868829.615010023,-640406.1284996424],[-20803880.517671235,-703267.6986764587],[-20739515.62129822,-766914.4354086734],[-20704802.91028247,-801809.2241219726],[-20675698.44121292,-831318.0164298293],[-20612456.584930103,-896418.2796646133],[-20549832.058500387,-962237.02269866],[-20487815.292159196,-1028783.8335439764],[-20426396.99216314,-1096068.8860382617],[-20365568.15361469,-1164102.9313680849],[-20305320.074188557,-1232897.2890929978],[-20245644.368916713,-1302463.837505012],[-20186532.98620329,-1372815.0031384276],[-20127978.225258075,-1443963.7492236707],[-20069972.755156137,-1515923.5628539855],[-20012509.635753486,-1588708.4406067482],[-19955582.340714034,-1662332.8723302924],[-19899184.782931827,-1736811.8227726878],[-19843311.34266554,-1812160.710690092],[-19787956.89873985,-1888395.3850292633],[-19733116.863210827,-1965532.0977298613],[-19678787.21994144,-2043587.4726384643],[-19624964.567588363,-2122578.4699654593],[-19571646.167564355,-2202522.3456486925],[-19518829.9976121,-2283436.6049130037],[-19466514.81170625,-2365338.9492318803],[-19414700.207092743,-2448247.215805484],[-19363386.69937848,-2532179.3085687794],[-19312575.80670238,-2617153.1196324187],[-19262270.144151695,-2703186.4399383697],[-19212473.52973703,-2790296.8577811057],[-19163191.10340744,-2878501.6437042938],[-19114429.46077453,-2967817.6201322116],[-19066196.80342314,-3058261.013936632],[-19018503.107916888,-3149847.2899752324],[-18971360.315860003,-3242590.9634697153],[-18924782.54765188,-3336505.3889258807],[-18878786.342865728,-3431602.5231395876],[-18833390.930494003,-3527892.659691027],[-18788618.532623965,-3625384.132216606],[-18744494.705426276,-3724082.983678154],[-18701048.721642636,-3823992.5988429296],[-18658313.9990212,-3925113.2972708056],[-18616328.579339378,-4027441.884307892],[-18575135.662726473,-4130971.157948115],[-18534784.201893114,-4235689.369993651],[-18495329.560507823,-4341579.640776091],[-18456834.23922647,-4448619.327858894],[-18419368.671637766,-4556779.350697955],[-18383012.09046249,-4666023.475268483],[-18347853.46151693,-4776307.565246189],[-18313992.47896002,-4887578.809526178],[-18281540.609883584,-4999774.939714206],[-18250622.16903819,-5112823.455736032],[-18221375.39506416,-5226640.882814165],[-18193953.487704072,-5341132.088601194],[-18168525.550893024,-5456189.694942445],[-18145277.36935033,-5571693.624121359],[-18124411.92667945,-5687510.823880141],[-18106149.551922113,-5803495.218190903],[-18090727.56068909,-5919487.930712049],[-18078399.239106696,-6035317.824099466],[-18069432.007781684,-6150802.389982338],[-18064104.60394618,-6265749.010981454],[-18062703.13902447,-6379956.597871259],[-18065515.932455894,-6493217.58307758],[-18072827.09604733,-6605320.228514618],[-18084908.94875632,-6716051.184646894],[-18097058.142171238,-6796913.188499695],[-18104382.593600336,-6823805.355474425],[-18135629.08800108,-6925456.408249031],[-18171919.02339157,-7024582.092906631],[-18213288.102229085,-7121061.211084962],[-18259728.29953912,-7214806.264517983],[-18311186.51959115,-7305763.440577764],[-18367564.832179885,-7393911.042278958],[-18428722.31376165,-7479256.577276934],[-18494478.393783078,-7561832.830415573],[-18564617.49222197,-7641693.304403578],[-18638894.64567696,-7718907.4199145185],[-18717041.76647161,-7793555.826593676],[-18798774.165820166,-7865726.1039140215],[-18883796.995206077,-7935509.042161102],[-18971811.311724287,-8002995.604546273],[-19062519.542432975,-8068274.593263651],[-19155630.198615476,-8131430.982039838],[-19250861.763734344,-8192544.837560491],[-19347945.7419607,-8251690.73074831],[-19446628.903691903,-8308937.532744094],[-19546674.79932647,-8364348.495307466],[-19647864.633646514,-8417981.52703],[-19749997.602590904,-8469889.591744341],[-19852890.794652313,-8520121.171226837],[-19956378.75328438,-8568720.749028668],[-20060312.786947902,-8615729.285083866],[-20164560.101684537,-8661184.66124802],[-20269002.81881629,-8705122.086109722],[-20373536.928508423,-8747574.45350281],[-20478071.21910204,-8788572.653450962],[-20582526.212632753,-8828145.83714689],[-20686833.12890718,-8866321.6393375],[-20790932.893878285,-8903126.36244361],[-20894775.202730983,-8938585.127126088],[-20998317.643905472,-8972721.994008169],[-21101524.887079023,-9005560.061016826],[-21107251.824136592,-9007347.901506716]],[[21107252.618375413,-9007350.911065115],[21010146.15691597,-9037121.54041991],[20907690.649465557,-9067427.819181398],[20805641.002875697,-9096499.505785476],[20704011.074583847,-9124356.466221705],[20646244.402786415,-9139706.48740583]],[[-6510125.293412283,-9139705.469746362],[-6466725.346655277,-9128402.95492699],[-6365961.079901414,-9102918.688464265],[-6265636.185863783,-9078593.762949578],[-6165751.291731645,-9055411.067715077],[-6066304.648620165,-9033354.150391107],[-5967292.428159924,-9012407.21019709],[-5868708.987226951,-8992555.092698423],[-5770547.103962486,-8973783.285548028],[-5672798.187987646,-8956077.914846903],[-5575452.467476076,-8939425.741851611],[-5478499.155512824,-8923814.159831136],[-5381926.597944378,-8909231.190934801],[-5285722.404715193,-8895665.48297892],[-5189873.566491086,-8883106.30609575],[-5094366.558190385,-8871543.549215462],[-4999187.430879548,-8860967.716372117],[-4904321.893340258,-8851369.922839642],[-4809755.3844796065,-8842741.891114093],[-4715473.1376327425,-8835075.946765939],[-4621460.237697008,-8828365.014190087],[-4527701.671938146,-8822602.612284085],[-4434182.375220313,-8817782.85008561],[-4340887.270332869,-8813900.42239988],[-4247801.304015996,-8810950.605446491],[-4154909.4792245836,-8808929.252553288],[-4062196.884113635,-8807832.78992236],[-3969648.7181787686,-8807658.212490916],[-3877250.3159411554,-8808403.079906741],[-3784987.1685270453,-8810065.51263506],[-3692844.9434573464,-8812644.188210838],[-3600809.5029317355,-8816138.337647345],[-3508866.920864912,-8820547.742009057],[-3485585.811383073,-8821810.23597253],[-3417004.7067822,-8825873.225260707],[-3325212.1283673444,-8832115.260890605],[-3233475.5403023977,-8839275.07060586],[-3141781.3178131394,-8847354.595022222],[-3050116.0320608034,-8856356.314206548],[-2958466.484426487,-8866283.245454146],[-2866819.743988272,-8877138.941062015],[-2775163.188578693,-8888927.486072509],[-2683484.5498431367,-8901653.495961221],[-2591771.9627558705,-8915322.114243884],[-2500014.0200889935,-8929939.009977967],[-2408199.832371506,-8945510.375136942],[-2316319.0939199594,-8962042.92183897],[-2224362.1555694137,-8979543.87941621],[-2132320.10478291,-8998020.991318129],[-2040184.8538691772,-9017482.511850731]]]},"properties":{"type":"parallel","value":-45}},
{"type":"Feature","geometry":{"type":"MultiLineString","coordinates":[[[-1568963.7459299506,-7438083.871526114],[-1452726.703744029,-7458239.527020555],[-1335856.1057512932,-7479360.274487065],[-1218299.5481706741,-7501465.295963685],[-1100003.4240604166,-7524575.023738996],[-980912.8632401619,-7548711.181672868],[-860971.6749923807,-7573896.828264974],[-740122.2947765115,-7600156.401275168],[-618305.7365115797,-7627515.7636330705],[-495461.5523865552,-7656002.250290867],[-371527.8026613272,-7685644.7155708205],[-246441.0385521432,-7716473.580432367],[-120136.3020871575,-7748520.878928823],[7452.852185243548,-7781820.302934332],[136394.3074945532,-7816407.243991435],[266757.2994194587,-7852318.830851351],[398612.2849758322,-7889593.960944315],[532030.7538875431,-7928273.323618423],[667084.9664094175,-7968399.412515039],[803847.5978406663,-8010016.523902243],[942391.2644161246,-8053170.7371663675],[1082787.8982135206,-8097909.872977446],[1225107.9295650295,-8144283.423929946],[1369419.223541724,-8192342.451782525],[1515785.7014985022,-8242139.444907356],[1664265.5582395233,-8293728.129437929],[1814908.958519907,-8347163.228269136],[1967755.061273062,-8402500.164184328],[2122828.173467502,-8459794.708081575],[2280132.7744623194,-8519102.582400141],[2439647.0720288325,-8580479.04644678],[2601314.6482183677,-8643978.519321049],[2765033.622641429,-8709654.345440652],[2930642.6004096507,-8777558.889714608],[3097902.4866320747,-8847744.283274168],[3266473.059624608,-8920264.354300717],[3435883.0558345276,-8995178.609659286],[3605492.5538769118,-9072559.624650821],[3747850.768404394,-9139704.657564811]],[[10388211.30131198,-9139704.946002724],[10361638.522224825,-9126914.929240972],[10194462.659861121,-9044257.928732522],[10030515.580577938,-8958664.677853936],[9871627.985232634,-8869781.594438488],[9720041.265553057,-8777063.331328738],[9578384.424146552,-8679701.269013466],[9449557.925920272,-8576568.369467733],[9336490.19112532,-8466227.225509634],[9241769.113118213,-8347062.079592281],[9167221.194680402,-8217570.339377323],[9113578.22800619,-8076763.430230506],[9088598.232285095,-7973142.310651745],[9084503.268850686,-7922279.249987963],[9083848.263550863,-7753874.956414795],[9099658.674718218,-7578884.557035452],[9128619.322617719,-7398989.970007515],[9167755.41108467,-7215822.492966114],[9214589.478227818,-7030857.34056959],[9267152.798862942,-6845356.346703729],[9323925.539398441,-6660352.5165695185],[9383754.45407881,-6476662.092470206],[9445772.98092019,-6294910.618367628],[9509333.398443282,-6115563.582824411],[9573952.93318303,-5938956.249350023],[9639272.449644182,-5765320.147239031],[9705025.380984772,-5594805.404589467],[9771014.576339565,-5427498.992141177],[9837095.10359001,-5263439.335814016],[9903161.469817227,-5102627.875302289],[9969138.098413216,-4945038.134321936],[10034972.203570621,-4790622.801750065],[10100628.432443893,-4639319.241088463],[10166084.815270346,-4491053.766612318],[10231329.687850785,-4345744.955445029],[10296359.340805817,-4203306.207440458],[10361176.21518642,-4063647.71855221],[10425787.511237117,-3926677.996807925],[10490204.111430012,-3792305.021378671],[10554439.743937645,-3660437.1229527257],[10618510.331087528,-3530983.646336291],[10682433.480895124,-3403855.4428059706],[10746228.089827117,-3278965.2293527205],[10809914.032450655,-3156227.843896991],[10873511.919257578,-3035560.419288876],[10937042.908206087,-2916882.494025162],[11000528.558753062,-2800116.073802734],[11063990.719617274,-2685185.655042423],[11127451.44340841,-2572018.2191745252],[11190932.922719259,-2460543.2046331256],[11254457.443412831,-2350692.4620520477],[11318047.35172088,-2242400.197005086],[11381725.03246284,-2135602.9037220306],[11445512.896239102,-2030239.2924886663],[11509433.373883085,-1926250.2128636912],[11573508.916797854,-1823578.5743874644],[11637762.00207499,-1722169.2660923738],[11702215.141510405,-1621969.0758332706],[11766890.893806195,-1522926.610224015],[11831811.879387468,-1424992.2157805504],[11897000.797376357,-1328117.901723166],[11962480.4443568,-1232257.2647725532],[12028273.734637937,-1137365.4161808803],[12094403.721784642,-1043398.9111646189],[12160893.621232659,-950315.6808475322],[12227766.833846621,-858074.9667760972],[12295046.970312094,-766637.2580339017],[12362757.87627997,-675964.2309540085],[12430923.65820432,-586018.6914071855],[12499568.709832953,-496764.5196285002],[12568717.73932566,-408166.6175332333],[12638395.796987718,-320190.85846555926],[12708628.30361695,-232804.0393182586],[12721207.802125718,-217286.25229779913],[12779437.232288705,-145976.62559233786],[12850844.62794197,-59686.35073521473],[12922875.541017167,26094.06275858322],[12995554.957871743,111390.94074671817],[13068908.019536793,196229.27319199187],[13142960.008821392,280632.6687043616],[13217736.33336184,364623.29754484014],[13293262.504222311,448221.8220680418],[13369564.109624049,531447.3134558754],[13446666.783352999,614317.1534616],[13524596.167370044,696846.9197424088],[13603377.86812699,779050.2532102999],[13683037.406075679,860938.7056768782],[13763600.157849679,942521.5659104325],[13845091.290600646,1023805.6620667198],[13927535.687987914,1104795.138302921],[14010957.867353199,1185491.2032448824],[14095381.887668002,1265891.847859302],[14180831.247923452,1345991.5301979298],[14267328.775746446,1425780.8244453801],[14354896.506178735,1505246.0317365057],[14443555.550752223,1584368.7503386755],[14533325.957240367,1663125.40305134],[14624226.560767414,1741486.7200987495],[14716274.827317134,1819417.1764299986],[14809486.691100705,1896874.3832500898],[14903876.3877157,1973808.4348536227],[14999456.28554248,2050161.213493686],[15096236.718360452,2125865.657177329],[15194225.822691174,2200844.998022688],[15293429.383838218,2275011.9822297753],[15393850.694927383,2348268.086885026],[15495490.433363134,2420502.753795274],[15598346.558895867,2491592.666346201],[15702414.236803869,2561401.101956573],[15807685.788386093,2629777.399912747],[15914150.6688889,2696556.591950397],[16021795.47002884,2761559.2504690653],[16130603.940362385,2824591.6160858297],[16240557.011939561,2885446.0714950864],[16351632.816177627,2943902.0312055354],[16463806.666151606,2999727.3153718784],[16577050.977250347,3052680.06919864],[16691335.094431318,3102511.275857599],[16806624.99343292,3148967.8893575757],[16922882.826731224,3191796.583695218],[17040066.294131786,3230748.076125432],[17158127.833609078,3265581.936950926],[17277013.65042222,3296071.7487241863],[17396662.630441405,3322010.428584056],[17517005.214224465,3343215.4843108472],[17621671.234940615,3357629.442521111],[17637955.929947454,3357873.655793983],[17758988.178613182,3356852.0779443355],[17879743.440294083,3350857.884491459],[18000136.368507117,3339965.108036661],[18120089.901418146,3324283.6776831527],[18239534.53935967,3303956.1905225995],[18358407.433347642,3279153.8707107245],[18476651.403019786,3250071.9524198184],[18594213.987258233,3216924.7355243904],[18711046.606479097,3179940.554451875],[18827103.88719346,3139356.8750450187],[18942343.17154778,3095415.696737841],[19056724.21057828,3048359.393427431],[19170209.02187846,2998427.0812688335],[19282761.880926162,2945851.559362039],[19394349.410014644,2890856.8327975986],[19504940.728467822,2833656.1983524873],[19614507.631171748,2774450.8517396213],[19723024.768000912,2713428.9613238755],[19830469.803230047,2650765.1456854413],[19936823.540560022,2586620.2901143436],[20042070.00531853,2521141.638764347],[20146196.480366334,2454463.103564561],[20249193.49611068,2386705.7370336684],[20351054.777815133,2317978.323020206],[20451777.155212067,2248378.0464675464],[20551360.44043284,2177991.210128501],[20649807.2806452,2106893.972446101],[20747122.991698127,2035153.0864160236],[20843315.378666427,1962826.6240860405],[20938394.548584387,1889964.67543043],[21032372.71995325,1816610.0137048166],[21107252.88334646,1757211.8239863727]],[[-21107252.68379016,1757205.0131532673],[-21089250.059775565,1742798.7221075806],[-20997429.729725845,1668560.7787270492],[-20906662.951377828,1593920.5984213992],[-20816930.90979496,1518897.5315395228],[-20728213.568668034,1443506.3203188535],[-20640489.822399415,1367757.514454214],[-20553737.637352575,1291657.847775821],[-20467934.182046227,1215210.578251715],[-20383055.946311664,1138415.7936783684],[-20299078.849617176,1061270.6854754759],[-20215978.338902403,983769.7929818414],[-20133729.476365577,905905.2205795028],[-20052307.01771473,827666.8298684696],[-19971685.48143635,749042.408987003],[-19891839.209656097,670017.8210313285],[-19812742.42117189,590577.1333815521],[-19734369.257232305,510702.7295916972],[-19656693.820616994,430375.4053554947],[-19579690.208552547,349574.4499180571],[-19503332.53996962,268277.71416845394],[-19427594.977576215,186461.66652062972],[-19352451.74518947,104101.43757046631],[-19278381.372434467,21735.634732455615],[-19277877.140749075,21170.85440038084],[-19203845.620558403,-62357.41903116898],[-19130331.941690657,-146511.6239733312],[-19057311.10368609,-231321.00249823192],[-18984758.326866567,-316815.82979860035],[-18912649.024100546,-403027.46104644466],[-18840958.772220097,-489988.3817050306],[-18769663.28302666,-577732.2614825248],[-18698738.373817943,-666294.012134391],[-18628159.937363368,-755709.849341701],[-18557903.911250822,-846017.3589139757],[-18487946.246521696,-937255.5675881895],[-18418262.875505853,-1029465.0187203011],[-18348829.67876197,-1122687.8531921979],[-18279622.451022334,-1216967.895885447],[-18210616.866034523,-1312350.7481040568],[-18141788.440184873,-1408883.8863610798],[-18073112.494781427,-1506616.7679794934],[-18004564.116865892,-1605600.9439954585],[-17936118.11841579,-1705890.179892411],[-17867748.99378979,-1807540.5847375814],[-17799430.875259988,-1910610.7493378627],[-17731137.486467,-2015161.8940801409],[-17662842.093624756,-2121258.027170994],[-17594517.454294734,-2228966.1140424353],[-17526135.76354275,-2338356.258742653],[-17457668.597287048,-2449501.898182657],[-17389086.85264477,-2562480.010159223],[-17320360.685087,-2677371.336119328],[-17251459.44222135,-2794260.6196672055],[-17182351.59403974,-2913236.86183717],[-17113004.659499492,-3034393.594155981],[-17043385.1293556,-3157829.1704868022],[-16973458.38523596,-3283647.078568207],[-16903188.615062676,-3411956.27201447],[-16832538.725083277,-3542871.5232978514],[-16761470.24900963,-3676513.7978461087],[-16689943.255098514,-3813010.6487977025],[-16617916.252491359,-3952496.631072915],[-16545346.098828433,-4095113.732111032],[-16472187.91216143,-4241011.814698974],[-16398394.991657961,-4390349.064488164],[-16323918.753748275,-4543292.430632157],[-16248708.693562511,-4700018.041815962],[-16172712.386304997,-4860711.570766588],[-16095875.550511505,-5025568.506520473],[-16018142.206417192,-5194794.2726935325],[-15939454.980416307,-5368604.0975325145],[-15859755.635107402,-5547222.490577244],[-15778985.951274022,-5730882.09929888],[-15697089.167169724,-5919821.58602139],[-15614012.317675265,-6114281.942812131],[-15529710.062072944,-6314500.279343345],[-15444151.047614021,-6520699.440679213],[-15357328.746425753,-6733070.569412669],[-15269280.517112726,-6951743.363597308],[-15180122.542871919,-7176734.104530267],[-15090117.213693783,-7407851.87877157],[-14999811.326506998,-7644522.740056868],[-14910340.73983588,-7885446.293317501],[-14824157.131576147,-8127903.897922994],[-14746883.14419538,-8366389.851973371],[-14691981.076025005,-8590431.458817545],[-14685446.208684852,-8766608.117232934],[-14690058.792236373,-8783360.616407778],[-14783283.456446031,-8923681.687513812],[-14950681.337781167,-9032129.540317051],[-15161289.901658483,-9128699.45112095],[-15187614.350002723,-9139704.022710506]],[[-12890783.218615556,-9139703.86944302],[-12687743.301567342,-9058583.369040923],[-12452353.708977064,-8969416.364758141],[-12217071.69103621,-8883191.008991178],[-11984811.711424654,-8800059.596984183],[-11756970.199322382,-8720114.62837583],[-11534187.883171642,-8643371.448447336],[-11316711.368425224,-8569789.132297575],[-11104574.135850808,-8499291.238177186],[-10897691.973128263,-8431780.713860996],[-10695915.594943322,-8367149.723275935],[-10499060.73254244,-8305285.926909944],[-10306925.82549385,-8246076.433954302],[-10119302.62472486,-8189410.252906066],[-9935982.608950477,-8135179.776319244],[-9756760.861164644,-8083281.6427680105],[-9581438.37047158,-8033617.196106386],[-9409823.341352561,-7986092.6842162255],[-9241731.870075123,-7940619.289918378],[-9076988.215215212,-7897113.0549687],[-8915424.808044376,-7855494.737480298],[-8756882.097732997,-7815689.6296264585],[-8601208.293924319,-7777627.353546293],[-8448259.048219629,-7741241.647401265],[-8297897.10228316,-7706470.149502902],[-8149991.921053587,-7673254.185696852],[-8004419.323338459,-7641538.563322651],[-7861061.117847738,-7611271.373791666],[-7719804.749839218,-7582403.804952178],[-7580542.961569234,-7554889.963814008],[-7443173.46838325,-7528686.709801602],[-7307598.65134892,-7503753.498434222],[-7173725.266699732,-7480052.2351552835],[-7041464.171930286,-7457547.1389217535],[-6910730.068102043,-7436204.615098408],[-6781441.257739236,-7415993.137167884],[-6653519.417585873,-7396883.136754971],[-6526889.3854372315,-7378846.901466266],[-6401478.960235483,-7361858.480058747],[-6277218.714620189,-7345893.594469801],[-6154041.819140923,-7330929.558264074],[-6031883.87736672,-7316945.201077558],[-5910682.771161254,-7303920.798665419],[-5790378.515430429,-7291838.00818608],[-5670913.121688961,-7280679.8083798485],[-5552230.469832579,-7270430.444325226],[-5434276.187542651,-7261075.3764795475],[-5316997.536788389,-7252601.233733525],[-5200343.30692908,-7244995.770230161],[-5084263.713954455,-7238247.825718605],[-4968710.305434375,-7232347.289232115],[-4853635.870781158,-7227285.065896771],[-4738994.356457032,-7223053.046693653],[-4624740.78578751,-7219644.08101237],[-4510831.183066969,-7217051.951847808],[-4397222.501667459,-7215271.353504894],[-4283872.555884191,-7214297.871688395],[-4170739.9562724996,-7214127.965865778],[-4057784.0482509327,-7214758.953801842],[-3944964.8537635524,-7216188.998173201],[-3832243.015812281,-7218417.095179936],[-3719579.7456861725,-7221443.0650800355],[-3606936.7727303044,-7225267.544579939],[-3494276.2965112976,-7229891.98102189],[-3485585.811383068,-7230281.9160041],[-3381657.7816611947,-7235507.616649],[-3269171.51769639,-7241939.263108684],[-3156776.948587798,-7249173.249098586],[-3044432.6287551094,-7257212.715577921],[-2932096.8525935546,-7266061.668754857],[-2819727.6027850583,-7275724.989311411],[-2707282.4975761194,-7286208.443485018],[-2594718.7369777863,-7297518.696032194],[-2481993.0478507117,-7309663.325102187],[-2369061.627849088,-7322650.839050522],[-2255880.088210835,-7336490.6952234795],[-2142403.3953994564,-7351193.320744757],[-2028585.8116256304,-7366770.135334949],[-1914380.834305415,-7383233.576192056],[-1799741.1345483358,-7400597.1249574],[-1684618.4948136196,-7418875.336785291],[-1568963.7459299506,-7438083.871526114]]]},"properties":{"type":"parallel","value":-30}},
{"type":"Feature","geometry":{"type":"MultiLineString","coordinates":[[[-1257215.0959442442,-5774378.641648845],[-1129579.4734372038,-5789233.430255727],[-1001288.8886547474,-5804618.228583631],[-872277.4519557019,-5820543.3212173935],[-742478.0696955329,-5837019.536871403],[-611822.3600222996,-5854058.240561556],[-480240.57314483146,-5871671.321459162],[-347661.51759828907,-5889871.17524927],[-214012.49444533297,-5908670.679549455],[-79219.24186557057,-5928083.1606148025],[56794.10677387385,-5948122.349144635],[194105.0474741869,-5968802.322495645],[332792.70789293025,-5990137.429968372],[472937.8212143539,-6012142.197035567],[614622.6638696342,-6034831.203379356],[757930.947379642,-6058218.928342907],[902947.6520657715,-6082319.555811443],[1049758.7871672076,-6107146.728524188],[1198451.0578171723,-6132713.239265508],[1349111.4141113674,-6159030.643137981],[1501826.4508116602,-6186108.770986712],[1656681.6176270894,-6213955.118774195],[1813760.1889241207,-6242574.080981774],[1973141.927379941,-6271965.98754248],[2134901.3575141504,-6302125.892907184],[2162007.497086597,-6307209.651305894],[2295005.460640772,-6330736.886193625],[2456683.961368133,-6359735.749075975],[2620786.717544922,-6389581.251209917],[2787340.9443139224,-6420253.918053481],[2956353.3452951275,-6451721.059914642],[3127804.227964574,-6483932.615678794],[3301640.2038159613,-6516815.702520312],[3477765.19776707,-6550267.4506747965],[3656029.4892109595,-6584145.569278457],[3836216.5555978203,-6618255.9263379555],[4018027.635636416,-6652336.24239098],[4201064.250767193,-6686034.826194285],[4384809.539971928,-6718883.203857467],[4568610.339830532,-6750261.686194634],[4751663.665977766,-6779357.720112166],[4933013.730297389,-6805118.851282549],[5111568.625800623,-6826206.096165093],[5286148.25371563,-6840960.238987057],[5455574.402109371,-6847402.768271973],[5618805.993320313,-6843301.607043278],[5775103.822849358,-6826331.219612146],[5924182.375359055,-6794335.483407897],[6066286.973562668,-6745655.463391993],[6202146.215303845,-6679431.591724419],[6332800.700151205,-6595771.801100843],[6459370.809677526,-6495721.984071074],[6582851.609221145,-6381059.598140595],[6703994.744643807,-6253996.599291035],[6823284.666344875,-6116887.555638401],[6940979.05439568,-5972004.784022527],[7057175.067508305,-5821399.032777069],[7068042.711778772,-5806984.746940894],[7171444.230701126,-5656303.550114748],[7283262.519302248,-5488005.5988139585],[7392776.78640318,-5318927.507728316],[7500118.091889562,-5150071.381903329],[7605400.877603568,-4982188.948393677],[7708727.285893455,-4815834.83519033],[7810190.682067473,-4651410.3189577],[7909878.212754714,-4489198.247450287],[8007872.534161956,-4329390.456815832],[8104252.917558998,-4172109.090698012],[8199095.923126323,-4017423.09115364],[8292475.791258417,-3865360.9234809563],[8384464.65811971,-3715920.3875876595],[8475132.667900395,-3569076.1846799683],[8564548.02890637,-3424785.7569579086],[8652777.042983172,-3282993.7981771627],[8739884.125949353,-3143635.73982613],[8825931.829023963,-3006640.446146389],[8910980.866370814,-2871932.296628866],[8995090.150904574,-2739432.7930557257],[9078316.838753367,-2609061.796533684],[9160716.381805599,-2480738.4758759085],[9242342.587289872,-2354382.0303040524],[9323247.683154594,-2229912.2353701494],[9403482.388004333,-2107249.850193913],[9483095.984434726,-1986316.915787316],[9562136.394739153,-1867036.9678021658],[9640650.258108487,-1749335.1820423743],[9718683.008593243,-1633138.4671931947],[9796278.953236563,-1518375.5161797593],[9873481.349911438,-1404976.8251837243],[9950332.48450535,-1292874.68747086],[10026873.74719013,-1182003.167702402],[10103145.707594773,-1072298.0612307938],[10179188.188766465,-963696.8419504501],[10255040.339860767,-856138.601533526],[10330740.70754841,-749563.982290222],[10406327.306163859,-643915.1054207527],[10481837.686652074,-539135.4960476991],[10557309.004395112,-435170.0061138053],[10632778.086020928,-331964.7359860782],[10708281.495313674,-229466.95541033556],[10783855.59835859,-127625.02430191288],[10859536.628066024,-26388.313730089125],[10935360.748228978,74292.87264963711],[11011364.117276667,174467.3765451815],[11087582.95189401,274183.2622570614],[11164053.590683715,373487.8931401041],[11240812.55805391,472428.007295626],[11317896.62852047,571049.7925287847],[11329707.992849309,586096.5371652461],[11395358.480236903,669346.4338524131],[11473173.212534925,767329.2910372136],[11551376.263665523,865054.4333637732],[11630010.727544317,962574.8617582307],[11709120.282908605,1059943.280789771],[11788749.277494099,1157212.198225445],[11868942.813067552,1254434.022280872],[11949746.831455566,1351661.1566811434],[12031208.20167583,1448946.0935787149],[12113374.808236655,1546341.5042962823],[12196295.640621047,1643900.3277704217],[12280020.883911457,1741675.8564612959],[12364602.010437202,1839721.81936113],[12450091.872235281,1938092.461572493],[12536544.794002287,2036842.6197301357],[12624016.666075371,2136027.792297068],[12712565.036806546,2235704.2034650506],[12802249.203479389,2335928.8590166755],[12893130.30064965,2436759.592040933],[12985271.384458842,2538255.095812501],[13078737.511056026,2640474.9404142173],[13173595.806748992,2743479.568762316],[13269915.526864853,2847330.2665307135],[13367768.09950288,2952089.0989957033],[13467227.149368186,3057818.8059449466],[13568368.495637106,3164582.6433964926],[13671270.116262468,3272444.1577989887],[13776012.069207145,3381466.8744275053],[13882676.358705875,3491713.8765780106],[13991346.731691761,3603247.2455346924],[14102108.385855606,3716127.322655067],[14215047.566289173,3830411.743642297],[14330251.02213815,3946154.180288661],[14447805.288003435,4063402.70552482],[14567795.746862236,4182197.6719569946],[14690305.42201423,4302568.960178606],[14815413.435192293,4424532.408327931],[14943193.05713718,4548085.175180993],[15073709.267038887,4673199.711213765],[15207015.731126595,4799815.910454618],[15343151.113617301,4927830.885200713],[15482134.654575534,5057085.641540597],[15623961.004946027,5187347.736322872],[15768594.425112994,5318288.777582369],[15915962.669883978,5449455.428336206],[16065951.256215388,5580232.479089598],[16218399.40707917,5709796.7590733925],[16373099.83231638,5837061.527241257],[16529805.583916077,5960613.157704688],[16688248.14330113,6078646.37027152],[16848170.65337373,6188912.064611073],[17009376.80396663,6288703.43939881],[17171786.659813076,6374919.256588553],[17335474.891237546,6444249.666885274],[17500651.445028625,6493514.203413904],[17621671.234940615,6515202.476102819],[17667437.89978953,6515461.0958783785],[17833872.646421436,6501301.127414194],[17999350.149479773,6464509.1960913185],[18164153.146677364,6407394.638780505],[18328489.899184797,6332949.319514779],[18492390.318608258,6244387.274026652],[18655698.133732826,6144787.167503152],[18818122.275439106,6036879.210824315],[18979304.89632315,5922958.44236355],[19138879.520265065,5804882.891773212],[19296510.04472714,5684117.077355545],[19451911.589508913,5561792.955562015],[19604857.995119296,5438772.206793794],[19755180.980716545,5315702.184478033],[19902764.837135278,5193062.880772421],[20047539.226616308,5071204.840613757],[20189471.616326973,4950379.0642432235],[20328560.15744595,4830760.26769335],[20464827.377081916,4712464.834955588],[20598314.794799324,4595564.617294979],[20729078.440346763,4480097.523352471],[20857185.185797364,4366075.645680681],[20982709.78238799,4253491.501789916],[21105732.49080264,4142322.833039883],[21107251.6240306,4140944.9270855696]],[[-21107251.536552858,4140935.010871616],[-20988176.89026825,4032536.2994450796],[-20869904.13111262,3924090.327579245],[-20753876.279317357,3816937.3072000244],[-20640006.179732352,3711025.285579759],[-20528207.247694183,3606299.2732671318],[-20418393.98184224,3502702.2483372698],[-20310482.34330618,3400175.9259900725],[-20204390.028745875,3298661.3450199016],[-20100036.65930823,3198099.3109991644],[-19997343.90318159,3098430.7270911266],[-19896235.545894854,2999596.8365587746],[-19796637.5196688,2901539.3957630983],[-19698477.900847748,2804200.7923671566],[-19601686.882611968,2707524.120298379],[-19506196.728705704,2611453.2205567374],[-19411941.712741062,2515932.6950290394],[-19318858.046694934,2420907.8989566807],[-19226883.80146022,2326324.9165129126],[-19135958.82170445,2232130.5230035307],[-19046024.636801023,2138272.136458096],[-18957024.369205073,2044697.760784011],[-18868902.64132996,1951355.9221809541],[-18781605.481725454,1858195.6001323818],[-18695080.231152985,1765166.1539844447],[-18609275.44898765,1672217.2458751074],[-18524140.820242107,1579298.7605751485],[-18439627.063398845,1486360.72263847],[-18355685.8391489,1393353.2111243256],[-18272269.660063043,1300226.2720419655],[-18189331.801162146,1206929.8285747478],[-18106826.21130487,1113413.5890612241],[-18024707.42526991,1019626.9526426144],[-17942930.476375572,925518.9124262363],[-17866483.919277877,836895.0093805589],[-17861458.949435834,831033.7229194422],[-17780427.522944048,736155.8238788539],[-17699730.726519413,640992.6558798255],[-17619333.228054617,545506.7675758126],[-17539199.973083023,449660.4490149484],[-17459296.132626746,353415.7024659781],[-17379587.051779367,256734.21583368952],[-17300038.1989186,159577.3390995739],[-17220615.115451947,61906.064311503986],[-17141283.366005905,-36318.990250585884],[-17062008.48897706,-135137.5909842118],[-16982755.947371613,-234589.894057308],[-16903491.079868015,-334716.4436240662],[-16824179.05204652,-435558.1619037176],[-16744784.80773797,-537156.3296270267],[-16665273.020453693,-639552.5550765333],[-16585608.044867544,-742788.7296167042],[-16505753.868330186,-846906.9672189028],[-16425674.062404275,-951949.5250220493],[-16345331.734416867,-1057958.7014184543],[-16264689.479030712,-1164976.707499431],[-16183709.329839166,-1273045.5069163481],[-16102352.710987836,-1382206.6182864688],[-16020580.388818339,-1492500.8731709183],[-15938352.423513735,-1603968.1213415894],[-15855628.12069739,-1716646.8734959064],[-15772365.982894633,-1830573.8697287324],[-15688523.660704624,-1945783.5598778434],[-15604057.903444346,-2062307.4792669017],[-15518924.508912351,-2180173.5003144555],[-15433078.271774499,-2299404.936895678],[-15346472.929895882,-2420019.4741715384],[-15259061.107739426,-2542027.8917866694],[-15170794.255740026,-2665432.542855001],[-15081622.58438331,-2790225.5450217705],[-14991494.991647664,-2916386.6332163913],[-14900358.982645324,-3043880.6167363273],[-14808160.580962794,-3172654.376493985],[-14714844.232748993,-3302633.3324295077],[-14620352.707672372,-3433717.307576465],[-14524627.006468173,-3565775.7161698737],[-14427606.294447059,-3698642.011705334],[-14329227.896261944,-3832107.351696172],[-14229427.412523124,-3965913.4756822838],[-14128139.057496922,-4099744.8607860673],[-14039214.334544914,-4215313.603920396],[-14025301.88296143,-4231801.896047718],[-13921240.601215024,-4353862.16049116],[-13816177.393594826,-4474561.5662789615],[-13710108.61697586,-4593411.957390238],[-13603019.344190747,-4709867.883540515],[-13494877.24226628,-4823330.043366328],[-13385625.622687332,-4933152.912866212],[-13275176.262656776,-5038657.548733629],[-13163402.987021059,-5139150.316829262],[-13050137.38952397,-5233947.770603255],[-12935168.331713343,-5322407.048655199],[-12818246.81808279,-5403960.0165210245],[-12699097.346453907,-5478148.121991523],[-12577435.81168718,-5544653.891719066],[-12452992.629502296,-5603324.582248799],[-12325538.301871696,-5654184.055956509],[-12194907.659153482,-5697430.560928391],[-12061018.9091646,-5733420.440369706],[-11923884.526265027,-5762640.235851118],[-11783612.659840384,-5785671.458061776],[-11640399.589698717,-5803153.000446292],[-11494515.243710708,-5815745.718001833],[-11346284.575209495,-5824102.4261104865],[-11196067.635193843,-5828845.006116747],[-11044240.664562935,-5830548.888395677],[-10891179.762711154,-5829734.178884394],[-10737247.91323342,-5826862.157458221],[-10582785.520306464,-5822335.726584535],[-10428104.187052408,-5816502.493601523],[-10273483.238136716,-5809659.403059434],[-10119168.4082836,-5802058.1039144],[-9965372.134790363,-5793910.4849051675],[-9812274.96138804,-5785394.015211208],[-9660027.651161572,-5776656.680952187],[-9508753.697823448,-5767821.41600228],[-9358552.006787322,-5758989.996783155],[-9209499.585814044,-5750246.41449161],[-9061654.138846016,-5741659.762756638],[-8915056.49730505,-5733286.690421371],[-8769732.852709856,-5725173.472726813],[-8625696.775227917,-5717357.752932712],[-8482951.016783563,-5709870.002549662],[-8341489.106347267,-5702734.743288416],[-8201296.750431697,-5695971.568420499],[-8063532.11151152,-5689648.663102211],[-8062305.0411366485,-5689568.268435312],[-7919007.530865844,-5680278.625505571],[-7777014.669538497,-5671286.483914958],[-7636291.048426152,-5662610.895970079],[-7496797.330942526,-5654267.741267966],[-7358491.020446175,-5646270.206872023],[-7221327.101650169,-5638629.202076813],[-7085258.575000865,-5631353.7163370475],[-6950236.900457335,-5624451.127990725],[-6816212.364592823,-5617927.470500501],[-6683134.382800342,-5611787.662096056],[-6550951.746565334,-5606035.703936747],[-6419612.824226646,-5600674.851231675],[-6289065.722341093,-5595707.761151616],[-6159258.413662545,-5591136.620839862],[-6030138.836813183,-5586963.258369923],[-5901654.971935168,-5583189.239100878],[-5773754.895944396,-5579815.949538382],[-5646386.820443858,-5576844.67051481],[-5519499.114877253,-5574276.6412490625],[-5393040.317099423,-5572113.115629869],[-5266959.133198117,-5570355.411881122],[-5141204.428111218,-5569004.956609144],[-5015725.208337007,-5568063.324096453],[-4890470.597825466,-5567532.27159089],[-4765389.807960006,-5567413.771240341],[-4640432.102386901,-5567710.03923915],[-4515546.75731914,-5568423.562680611],[-4390683.017830384,-5569557.124548892],[-4265790.050558536,-5571113.827231935],[-4140816.8931562756,-5573097.114892773],[-4015712.4007544266,-5575510.794999585],[-3890425.189642381,-5578359.059283261],[-3764903.578315903,-5581646.5043651555],[-3639095.525995339,-5585378.152275434],[-3512948.568675974,-5589559.471064574],[-3485585.811383068,-5590524.587638775],[-3386679.61707263,-5595617.770131873],[-3260820.343659188,-5602508.541594416],[-3135331.2720076144,-5609837.347572541],[-3010152.762279879,-5617605.34317757],[-2885225.5770214726,-5625814.215390713],[-2760490.780992283,-5634466.180164413],[-2635889.642378438,-5643563.980602426],[-2511363.535142723,-5653110.886141739],[-2386853.8422926255,-5663110.692654844],[-2262301.859867739,-5673567.723383371],[-2137648.7014738116,-5684486.8306043],[-2012835.2032188487,-5695873.397917151],[-1887801.8289399284,-5707733.343023361],[-1762488.5756474128,-5720073.120848575],[-1636834.8791585998,-5732899.726831582],[-1510779.5199470208,-5746220.700170948],[-1384260.5292984813,-5760044.126779818],[-1257215.0959442442,-5774378.641648845]]]},"properties":{"type":"parallel","value":-15}},
{"type":"Feature","geometry":{"type":"MultiLineString","coordinates":[[[-1142807.7243889004,-3999786.19013588],[-1021907.7640045892,-4004878.6000724672],[-900939.4480863975,-4009917.82727444],[-779864.4011952449,-4014900.0085924333],[-658645.7031452787,-4019820.599456918],[-537247.9619075002,-4024674.2981628687],[-415637.4012693006,-4029454.960534539],[-293781.9641078233,-4034155.503828703],[-171651.43215223384,-4038767.798612344],[-49217.56310433602,-4043282.547222486],[73545.7540487474,-4047689.1472834153],[196662.32477088924,-4051975.538623561],[320153.45512729126,-4056128.031805963],[444037.7378993755,-4060131.1163690356],[568330.8184766287,-4063967.2467788765],[693045.1406928624,-4067616.6040322343],[818189.6732413672,-4071056.8308390486],[943769.6179043659,-4074262.738376024],[1069786.1015883668,-4077205.9827672034],[1196235.8550940207,-4079854.709748756],[1323110.8826868164,-4082173.166457175],[1450398.127895715,-4084121.2799950116],[1578079.1425616269,-4085654.203438321],[1706129.767991427,-4086721.831325652],[1834519.839130617,-4087268.288487137],[1963212.9249131377,-4087231.3984154626],[2092166.1203103622,-4086542.1403248785],[2221329.9079704247,-4085124.1076541706],[2350648.1095508565,-4082892.9850796205],[2480057.948673818,-4079756.066099666],[2609490.2485798425,-4075611.8388447915],[2738869.7876589787,-4070349.673756978],[2868115.8346754066,-4063849.652835169],[2997142.8822200466,-4055982.585744368],[3125861.5912847444,-4046610.2625304963],[3254179.9514972237,-4035585.9950646176],[3382004.650310697,-4022755.498590691],[3509242.630422324,-4007958.1597191524],[3635802.7984225014,-3991028.7268050276],[3761597.8301801016,-3971799.442053446],[3886546.0013152966,-3950102.611613236],[4010572.956363311,-3925773.5808508582],[4133613.320251958,-3898654.0484676193],[4255612.052860486,-3868595.6177751375],[4376525.453608135,-3835463.4499351946],[4496321.739205505,-3799139.856623477],[4614981.143545118,-3759527.6527421996],[4732495.522267599,-3716553.08711449],[4848867.482419828,-3670168.1826325534],[4964109.095367933,-3620352.34706404],[5078240.283961821,-3567113.1592591857],[5191286.998639649,-3510486.2883544066],[5303279.308814527,-3450534.559861845],[5414249.534473248,-3387346.236003194],[5524230.529392198,-3321032.6226954567],[5633254.204376934,-3251725.1481597084],[5741350.350174231,-3179572.076148414],[5848545.7892229045,-3104735.020290261],[5954863.856860802,-3027385.416790562],[6060324.188756993,-2947701.093637088],[6164942.773827761,-2865863.049013758],[6268732.22122654,-2782052.5232433723],[6371702.185744311,-2696448.420219592],[6473859.897050044,-2609225.108191046],[6575210.74324582,-2520550.607389029],[6675758.866759324,-2430585.154079685],[6775507.739336286,-2339480.117317237],[6874460.691773221,-2247377.2356905364],[6972621.382286379,-2154408.136140291],[7068042.711778772,-2062586.2988542183],[7069994.119463682,-2060495.1713013973],[7166396.175704686,-1956316.8247002708],[7261679.115450777,-1851735.5587082133],[7355878.881192963,-1746867.8411036388],[7449032.911762961,-1641815.3792180289],[7541179.718823162,-1536666.1963041513],[7632358.552249879,-1431495.7082300906],[7722609.137751381,-1326367.7766568307],[7811971.472806808,-1221335.7214680484],[7900485.669488817,-1116443.2806365003],[7988191.83488418,-1011725.5100398513],[8075129.9816446025,-907209.6191181637],[8161339.962705494,-802915.7408394167],[8246861.425437974,-698857.6363480987],[8331733.781488511,-595043.3360414263],[8415996.189350827,-491475.7197589641],[8499687.547341643,-388153.0393786947],[8582846.49514712,-285069.3874638043],[8665511.422497487,-182215.115763339],[8747720.483834326,-79577.20738782297],[8829511.618077574,22860.393602602177],[8910922.572790565,125116.49161260971],[8991990.932193343,227212.38454267522],[9072754.148596132,329171.6412766986],[9153249.576922454,431019.9087066317],[9233514.512071192,532784.7456191927],[9313586.228932707,634495.481011854],[9393502.024929034,736183.094639899],[9473299.264995202,837880.1178207911],[9553015.428959323,939620.552734171],[9632688.161315283,1041439.8086548108],[9712355.323414166,1143374.6537413332],[9792055.04813098,1245463.1811762159],[9871825.797091288,1347744.7886124304],[9914858.565563047,1402960.2348717607],[9952004.530670425,1450013.9499119534],[10032439.957293175,1551909.2963383817],[10112741.121815335,1653642.8485712889],[10192955.529400505,1755275.2415246775],[10273130.397695778,1856866.7965154406],[10353312.761043431,1958477.6585873237],[10433549.572753133,2060167.9321070279],[10513887.805789975,2161997.815192071],[10594374.552195583,2264027.73350208],[10675057.121520082,2366318.473897672],[10755983.138498874,2468931.3184438664],[10837200.640159413,2571928.1792064044],[10918758.172486331,2675371.7342583337],[11000704.886706842,2779325.565278702],[11083090.635177808,2883854.2970836265],[11165966.066758495,2989023.739379483],[11249382.721432483,3094901.0309651545],[11333393.123792842,3201554.786531983],[11418050.874817887,3309055.246109782],[11503410.741129799,3417474.427080257],[11589528.740631863,3526886.278515266],[11676462.223043956,3637366.837387579],[11764269.943377562,3748994.3859309116],[11853012.125780769,3861849.60907727],[11942750.514400916,3976015.7504488304],[12033548.406906456,4091578.764799262],[12125470.66501052,4208627.464045039],[12218583.694655601,4327253.653048601],[12312955.386328341,4447552.250043724],[12408655.003110267,4569621.384935738],[12505753.000309298,4693562.46654403],[12604320.755552527,4819480.207016048],[12704430.181631498,4947482.587910091],[12806153.18559753,5077680.747518157],[12909560.925799558,5210188.762473474],[13014722.802613387,5345123.288003153],[13121705.096946688,5482603.009582263],[13230569.140981425,5622747.843170778],[13341368.864867495,5765677.8002183065],[13454147.506706377,5911511.405194003],[13568933.19477303,6060363.5147553915],[13685733.001489202,6212342.334952748],[13804524.915571315,6367545.360754629],[13925246.964825734,6526053.863386992],[14047782.424847264,6687925.41566455],[14171939.641928537,6853183.76066907],[14297424.457625752,7021805.078311609],[14423802.545508504,7193699.368013683],[14547821.368413754,7365022.3552744305],[14550284.217330808,7368590.374884959],[14668498.09243699,7541438.3245075885],[14785179.257126564,7715859.129486816],[14898932.765615117,7891133.379688395],[15007892.31740673,8066358.394726409],[15109614.092385734,8240477.0933841495],[15201002.122049866,8412371.891023494],[15278333.217585493,8581051.348392272],[15337484.081535714,8745927.750565838],[15374455.510751963,8907109.684184903],[15386170.417732134,9065542.265042191],[15382471.499887753,9139704.063833507]],[[19860872.123338908,9139703.92968597],[19872052.61260286,9056597.20352404],[19912713.99511008,8898717.21277377],[19976431.904120263,8738901.68003085],[20059322.6800999,8576551.817545721],[20157186.77999111,8411795.004214592],[20266122.70866637,8245258.485667059],[20382830.030227516,8077802.737355411],[20504677.70810564,7910317.504753626],[20629646.358153705,7743603.518119227],[20756223.904841594,7578322.150117084],[20883297.47722632,7414986.878113985],[21010059.27968822,7253975.8190275775],[21107248.676490657,7131542.212894299]],[[-21107248.91093718,7131521.484993637],[-21077418.44891002,7094886.818567648],[-20946345.245070763,6935739.545976586],[-20816902.486202832,6779812.485391893],[-20689314.940122947,6627099.9587045135],[-20563723.239851102,6477558.953197278],[-20440206.25816168,6331120.207919296],[-20318797.59737654,6187696.34937133],[-20199497.76513513,6047187.868505673],[-20082283.189836398,5909487.512256065],[-19967112.91630398,5774483.505862987],[-19853933.592592113,5642061.909561641],[-19742683.192395847,5512108.3320504455],[-19633293.79742873,5384509.16449437],[-19525693.677512486,5259152.456212804],[-19419808.843514957,5135928.522103877],[-19315564.202846605,5014730.349039226],[-19212884.41410778,4895453.851632188],[-19111694.51320488,4777998.015302767],[-19011920.36535979,4662264.955262009],[-18913488.984171215,4548159.913073509],[-18816328.74899447,4435591.207209537],[-18720369.54448921,4324470.150059672],[-18625542.840592153,4214710.940845802],[-18531781.726933826,4106230.541609825],[-18439020.91249018,3998948.5416924804],[-18347196.698789783,3892787.0147824474],[-18256246.933098216,3787670.3715854622],[-18166110.94653581,3683525.210370585],[-18076729.48094872,3580280.1670389883],[-17988044.607469656,3477865.76588761],[-17899999.639014848,3376214.2718739733],[-17812539.038423304,3275259.544904544],[-17725608.32351931,3174936.8964485377],[-17639153.970044296,3075182.9486078154],[-17553123.313138288,2975935.4956397167],[-17467464.44784044,2877133.367825281],[-17382126.128908977,2778716.297492994],[-17297057.670125328,2680624.7869429095],[-17212208.843137287,2582799.9779636464],[-17127529.775805518,2485183.5225916817],[-17042970.84994346,2387717.4547263044],[-16958482.59827715,2290344.062182204],[-16874015.600397628,2193005.7587332935],[-16789520.37743041,2095644.9556746131],[-16704947.285103273,1998203.932402738],[-16620246.404852847,1900624.7054881644],[-16535367.432571648,1802848.8956847047],[-16450259.564557921,1704817.5922899442],[-16421190.093370896,1671335.7888260577],[-16365830.7060796,1606123.0149464458],[-16281965.186360909,1507444.6094035027],[-16198209.98195561,1409045.5567097832],[-16114528.1470532,1310896.367688145],[-16030883.178456875,1212969.1553776136],[-15947238.97002711,1115237.6819947434],[-15863559.770349659,1017677.4179675541],[-15779810.143676003,920265.6137311584],[-15695954.934231048,822981.3850384069],[-15611959.23403532,725805.812599247],[-15527788.354449004,628722.0569167348],[-15443407.801713863,531715.4892331137],[-15358783.256849257,434773.83953269245],[-15273880.560351437,337887.36256519856],[-15188665.702255113,241049.02284864083],[-15103104.818244472,144254.69957771798],[-15017164.192652779,47503.41229523935],[-14930810.269367825,-49202.43192999376],[-14844009.671870716,-145856.76924553417],[-14756729.23388138,-242449.58734383245],[-14668936.04237157,-338966.6113658616],[-14580597.495039651,-435388.96779220866],[-14491681.37472406,-531692.8272758739],[-14402155.9436684,-627849.0280511859],[-14311990.061038533,-723822.6823911947],[-14221153.32762797,-819572.7696011193],[-14129616.26226043,-915051.7202444165],[-14039214.334544914,-1008294.0407877187],[-14037350.574649245,-1010015.0095008592],[-13944485.147829058,-1095310.8093843288],[-13851148.760194454,-1180112.2473272136],[-13757332.005487137,-1264369.1863629902],[-13663026.175488463,-1348026.8266727866],[-13568223.153077772,-1431025.7012201282],[-13472915.285430938,-1513301.7239254657],[-13377095.23773307,-1594786.299432198],[-13280755.828753285,-1675406.5037556398],[-13183889.850803014,-1755085.3450522444],[-13086489.877958022,-1833742.1133117536],[-12988548.067934122,-1911292.8268729278],[-12890055.964607926,-1987650.7822062983],[-12791004.30978177,-2062727.2113197974],[-12691382.874288866,-2136432.048370047],[-12591180.319779936,-2208674.8035816997],[-12490384.103359688,-2279365.5384155726],[-12388980.437476123,-2348415.9311704063],[-12286954.316937037,-2415740.4170114533],[-12184289.623491699,-2481257.381031799],[-12080969.315978618,-2544890.3776862416],[-11976975.710584648,-2606569.345179402],[-11872290.851368213,-2666231.7795704626],[-11766896.966063885,-2723823.830916478],[-11660776.996617379,-2779301.283117252],[-11553915.188308422,-2832630.3805577573],[-11446297.71618467,-2883788.4683351372],[-11337913.323350802,-2932764.418783458],[-11228753.942893934,-2979558.8249348993],[-11118815.274236418,-3024183.951030944],[-11008097.28569184,-3066663.440591379],[-10896604.617964912,-3107031.793110837],[-10784346.868086996,-3145333.6303893477],[-10671338.739432313,-3181622.7820728677],[-10557600.050492369,-3215961.226578084],[-10443155.602409925,-3248417.927791885],[-10328034.912271822,-3279067.609616418],[-10212271.825338976,-3307989.509628553],[-10095904.024297591,-3335266.150153183],[-9978972.457048569,-3360982.1603289493],[-9861520.706384895,-3385223.1768334894],[-9743594.325229324,-3408074.844379656],[-9625240.160088653,-3429621.930425725],[-9506505.683298618,-3449947.562201905],[-9387438.3517862,-3469132.5884797196],[-9268085.006778177,-3487255.0637171934],[-9148491.325414531,-3504389.848411151],[-9028701.331823673,-3520608.3166901995],[-8908756.972063217,-3535978.1603294937],[-8788697.754550116,-3550563.277351298],[-8668560.455268411,-3564423.7330564386],[-8548378.885176448,-3577615.781563838],[-8428183.715829756,-3590191.93657483],[-8308002.358254294,-3602201.08099623],[-8187858.889498193,-3613688.606139311],[-8067774.020998874,-3624696.5723711853],[-7947765.102865583,-3635263.8842600286],[-7827846.158337633,-3645426.474376279],[-7708027.942982095,-3655217.4909535074],[-7588318.023596291,-3664667.4855548088],[-7468720.872241009,-3673804.5977230747],[-7349237.971319778,-3682654.7343143234],[-7229867.926113229,-3691241.7418257035],[-7110606.581657972,-3699587.57054139],[-6991447.141314325,-3707712.4297391046],[-6872380.284787448,-3715634.9335387577],[-6753394.283748632,-3723372.2372422637],[-6634475.113543964,-3730940.1642213673],[-6515606.559777652,-3738353.3235669765],[-6396770.318816967,-3745625.2188284243],[-6277946.091488412,-3752768.3482517092],[-6159111.6694223415,-3759794.296978599],[-6040243.013659294,-3766713.8216996966],[-5921314.325259273,-3773536.92826878],[-5802298.107757882,-3780272.9427865013],[-5683165.221393855,-3786930.576653153],[-5563884.929094229,-3793517.986074384],[-5444424.934248393,-3800042.826483121],[-5324751.410332929,-3806512.302317202],[-5204829.022468227,-3812933.2125665112],[-5084620.940995904,-3819311.9924769094],[-4964088.847166097,-3825654.7517715846],[-4845707.073197424,-3831836.5110264504],[-4843071.970829294,-3831897.444814886],[-4715968.971261334,-3834767.2672341657],[-4588464.93589584,-3837515.766217512],[-4460515.757855605,-3840151.256222895],[-4332075.5130457925,-3842681.618832925],[-4203096.44870581,-3845114.3335456206],[-4073528.960966169,-3847456.5072817295],[-3943321.5616380125,-3849714.902633872],[-3812420.8343880414,-3851895.964898505],[-3680771.380377137,-3854005.8479436743],[-3548315.753365626,-3856050.438975857],[-3485585.811383068,-3856993.1446032217],[-3415250.6630328023,-3862061.235119832],[-3282885.4856692455,-3871560.3124711504],[-3151355.213000601,-3880946.2020421093],[-3020592.9331963193,-3890220.6539502717],[-2890533.811788827,-3899385.0490491264],[-2761114.984281619,-3908440.388174962],[-2632275.460045699,-3917387.2791345287],[-2503956.0373273776,-3926225.9213176826],[-2376099.2292909515,-3934956.087803959],[-2248649.201122656,-3943577.104817621],[-2121551.71832652,-3952087.828371051],[-1994754.1064510543,-3960486.6179220104],[-1890840.2325398487,-3967296.923621505],[-1869092.2261264464,-3968260.7691503973],[-1747720.8510439545,-3973621.7520951116],[-1626539.51360801,-3978941.686872803],[-1505501.9085310253,-3984219.630803919],[-1384563.0159127226,-3989454.2626191606],[-1263679.1009610938,-3994643.84631647],[-1142807.7243889004,-3999786.19013588]]]},"properties":{"type":"parallel","value":0}},
{"type":"Feature","geometry":{"type":"MultiLineString","coordinates":[[[-1269490.9040019424,-2128259.468981564],[-1156816.7355336105,-2132580.769840893],[-1044527.7655354758,-2136378.179111452],[-932595.5739751322,-2139650.158968603],[-820993.4527265885,-2142394.2724992055],[-709696.3950371405,-2144607.1657702737],[-598681.0889853317,-2146284.5472755507],[-487925.91446806106,-2147421.164883189],[-377410.94322344207,-2148010.780437315],[-267117.9413587988,-2148046.1422027163],[-157030.37381151709,-2147518.955385754],[-47133.41012338169,-2146419.8510166686],[62586.069140633335,-2144738.3535392093],[172139.46605150448,-2142462.8475232776],[281536.45982972893,-2139580.5439958037],[390785.0030440956,-2136077.446973727],[499891.3203780986,-2131938.32088129],[608859.9108942652,-2127146.6596407467],[717693.5547661101,-2121684.658340058],[826393.3254775847,-2115533.1885016635],[934958.608505152,-2108671.7781004566],[1043387.1274953306,-2101078.5976032466],[1151674.9789264663,-2092730.4534227038],[1259816.6761931935,-2083602.7902901676],[1367805.2039716507,-2073669.7041481622],[1475632.08360911,-2062903.9672379342],[1583287.4501308207,-2051277.0671009573],[1690760.1412661483,-2038759.2612183301],[1798037.798666071,-2025319.648968392],[1905106.9812147354,-2010926.262481366],[2011953.2900321921,-1995546.1778018877],[2118561.504429438,-1979145.6475277857],[2224915.7277180073,-1961690.255770625],[2330999.541405235,-1943145.0958774944],[2436796.165938038,-1923474.9708639528],[2542288.625805696,-1902644.6159408311],[2647459.9164968985,-1880618.9418815183],[2752293.1705444767,-1857363.2972875254],[2856771.819702953,-1832843.7470894894],[2960879.7502044514,-1807027.3638955227],[3064601.4480568185,-1779882.528091948],[3167922.1314498773,-1751379.2319726276],[3270827.867610921,-1721489.3826089425],[3373305.671791469,-1690187.0977692737],[3475343.5865562437,-1657448.9889325944],[3576930.740111634,-1623254.4253728145],[3678057.383053361,-1587585.773423668],[3778714.9035961484,-1550428.6053786946],[3878895.8220406873,-1511771.8730331128],[3978593.7658995283,-1471608.0416180063],[4077803.427709384,-1429933.1807863333],[4176520.5080725965,-1386747.0103471328],[4274741.646868309,-1342052.8995663242],[4372464.345837748,-1295857.8200097573],[4469686.885866882,-1248172.253047604],[4566408.242264308,-1199010.054220919],[4662628.001170319,-1148388.277646834],[4758346.279950257,-1096326.9644749402],[4853563.654044873,-1042848.9000751295],[4948281.092296832,-987979.3451222433],[5042499.902276187,-931745.7460378498],[5136221.68661448,-874177.4303590748],[5229448.310855427,-815305.2925403009],[5322181.882860809,-755161.4754748715],[5414424.743392635,-693779.0526744839],[5506179.467139811,-631191.7155910296],[5597448.873176619,-567433.470036226],[5688236.043635598,-502538.34507707844],[5778544.349246458,-436540.11718442774],[5868377.480331277,-369472.0518110045],[5957739.481846758,-301366.66399337765],[6046634.791117174,-232255.49902435255],[6135068.276996723,-162168.93374050874],[6223045.279327036,-91135.99852135265],[6310571.647703895,-19184.21970661729],[6397653.7787281405,53660.5181916524],[6484298.651080859,127374.09137617551],[6570513.857925518,201934.23785858354],[6656307.636294456,277320.64202978456],[6741688.893260145,353515.00408914016],[6826667.228819626,430501.09578643733],[6911252.955533005,508264.8039653999],[6995457.115051613,586794.163401835],[7068042.711778772,655377.3981826899],[7079289.690398367,667225.9451311415],[7162642.163637085,755759.5124894358],[7245460.655217287,844978.0416817572],[7327767.92391741,934869.7674021788],[7409587.553534733,1025426.2752252024],[7490943.877635243,1116642.4119579918],[7571861.916155637,1208516.197553004],[7652367.322894448,1301048.7400624137],[7732486.343001097,1394244.154905745],[7812245.779649951,1488109.4895352453],[7891672.969165991,1582654.6544195418],[7970795.763949052,1677892.3611248198],[8049642.522621777,1773838.068153247],[8128242.106901869,1870509.935099116],[8206623.884771827,1967928.7856036068],[8284817.739587687,2066118.079526773],[8362854.084833638,2165103.894710038],[8434924.80812161,2257400.3881133767],[8441032.4537518,2264755.6805718136],[8522027.893828273,2362737.4201187394],[8602223.927587336,2460574.77258361],[8681663.919022597,2558318.2823110116],[8760389.341018703,2656017.573978798],[8838439.839160852,2753721.4325365108],[8915853.284437642,2851477.875850744],[8992665.81478234,2949334.220110638],[9068911.865285797,3047337.137961594],[9144624.186798342,3145532.7092462564],[9219833.852517577,3243966.464139024],[9294570.252032133,3342683.4183606035],[9368861.072157646,3441728.1000527744],[9442732.263758766,3541144.567777633],[9516207.993599528,3640976.4189794394],[9589310.580102744,3741266.788108613],[9662060.411726663,3842058.3334544837],[9734475.846484464,3943393.2115643006],[9806573.090938376,4045313.037938319],[9878366.056798128,4147858.832482011],[9949866.193043426,4251070.9479649635],[10021082.291277546,4354988.979477968],[10092020.26180771,4459651.652593918],[10162682.877746904,4565096.68762118],[10233069.484251084,4671360.636988184],[10303175.669861509,4778478.692413325],[10372992.896833604,4886484.458093648],[10441916.90997926,4994477.310930388],[10442462.901905408,4995383.592777968],[10506347.676946096,5102118.542108855],[10569877.260291945,5209670.087616655],[10633032.441053575,5318055.26450427],[10695789.066338565,5427288.126439762],[10758117.567942047,5537379.4393243985],[10819982.446574891,5648336.35897323],[10881341.713618308,5760162.096709271],[10942146.291659374,5872855.578400063],[11002339.37676874,5986411.10427806],[11061855.767727131,6100818.018987629],[11120621.170297392,6216060.403672461],[11178551.488282593,6332116.804508041],[11235552.117609935,6448960.014797984],[11291517.265113905,6566556.930435609],[11346329.320094153,6684868.500953036],[11399858.314050166,6803849.8002234455],[11451961.512083683,6923450.241733951],[11502483.187979123,7043613.962703745],[11551254.643362632,7164280.398605647],[11598094.538761165,7285385.064256124],[11642809.609665444,7406860.549017419],[11685195.842343438,7528637.721424801],[11725040.18036744,7650647.122658252],[11762122.821678894,7772820.50917212],[11796220.145709436,7895092.483610406],[11827108.279301574,8017402.131804642],[11854567.26863557,8139694.564912233],[11878385.773337724,8261922.25296578],[11898366.141701432,8384046.032818242],[11914329.667990483,8506035.682771053],[11926121.781552922,8627869.979859918],[11933616.881475827,8749536.193555411],[11936722.517913802,8871029.018608281],[11935382.63800498,8992349.004403418],[11929579.662491322,9113500.591008391],[11927737.157134004,9139705.56049029]],[[-18898908.059255097,9139705.545338659],[-18890506.858522788,9044930.90130753],[-18875881.211588062,8924098.312053962],[-18856971.182576034,8803419.621088604],[-18833907.038542822,8682896.576725796],[-18806848.32372646,8562536.935616173],[-18775979.013057146,8442355.394195821],[-18741502.27209432,8322373.988800455],[-18703635.116506387,8202621.985232872],[-18662603.231168877,8083135.3195],[-18618636.15889768,7963955.67962348],[-18571963.010453142,7845129.3328234],[-18522808.788600978,7726705.80411849],[-18471391.365695927,7608736.504088068],[-18417919.110224072,7491273.388477627],[-18362589.124634083,7374367.7137523135],[-18305586.03454872,7258068.933376603],[-18247081.2568778,7142423.761564768],[-18187232.669645432,7027475.415785854],[-18126184.607509132,6913263.037027062],[-18064068.112107206,6799821.277813537],[-18001001.373921435,6687180.041994165],[-17937090.311024535,6575364.356881949],[-17872429.23897834,6464394.356953301],[-17807101.59464411,6354285.358439381],[-17741180.684387997,6245048.005313238],[-17674730.433927678,6136688.468995857],[-17607806.12281293,6029208.686264707],[-17540455.091293126,5922606.622121706],[-17472717.411179043,5816876.54660413],[-17404626.515360214,5712009.316600054],[-17336209.78300775,5607992.6555998735],[-17267489.07928868,5504811.425950398],[-17198481.249744922,5402447.889573176],[-17129198.57044052,5300881.954273793],[-17059649.155633785,5200091.403722726],[-16989837.32515219,5100052.109953809],[-16919763.933893126,5000738.227828319],[-16849426.665985495,4902122.371375623],[-16778820.296162087,4804175.772267679],[-16707936.92083776,4706868.420935614],[-16636766.161284978,4610169.191009685],[-16565295.341163106,4514045.947874958],[-16553392.739915816,4498131.713519035],[-16490052.0597076,4416495.611190209],[-16413812.867548255,4319141.953912408],[-16337251.925073035,4222345.932100532],[-16260350.29214621,4126067.9747248166],[-16183086.93303138,4030267.98219952],[-16105438.82084292,3934905.363371708],[-16027381.02289683,3839939.059333449],[-15948886.76839961,3745327.5553198326],[-15869927.499743871,3651028.881770625],[-15790472.908517476,3557000.6054678923],[-15710490.957178865,3463199.8115123566],[-15629947.887205414,3369583.076766194],[-15548808.214383293,3276106.43526715],[-15467034.711776068,3182725.336006229],[-15384588.380784575,3089394.5933577456],[-15301428.410590801,2996068.3303538878],[-15217512.126163282,2902699.914905385],[-15132794.92488974,2809241.8889836003],[-15047230.201792482,2715645.890696284],[-14960769.263173278,2621862.569108215],[-14895870.78170896,2551979.304014208],[-14874806.752929276,2527065.585592839],[-14792647.074220426,2430507.635235383],[-14710425.673083479,2334867.108394639],[-14628113.49958866,2240121.265584144],[-14545682.29235205,2146249.9004720184],[-14463104.573598627,2053235.3316941324],[-14380353.650715549,1961062.400667186],[-14297403.624542063,1869718.4747753395],[-14214229.404683303,1779193.4552635804],[-14130806.732173039,1689479.7891217622],[-14047112.209844826,1600572.4841853264],[-14039214.334544914,1592239.8944031764],[-13963199.115322389,1520220.4109237876],[-13879157.316223264,1441490.427954449],[-13794972.31504998,1363570.509197315],[-13710629.486956036,1286455.4034509999],[-13626114.871744936,1210141.4801394448],[-13541415.154673839,1134626.695390002],[-13456517.646930104,1059910.5559968716],[-13371410.265651623,985994.0806642836],[-13286081.513388535,912879.7579229372],[-13200520.456934998,840571.5001178697],[-13114716.705494465,769074.5928774361],[-13028660.388181001,698395.6394925404],[-12942342.130901325,628542.4996644288],[-12855753.032708323,559524.2221191438],[-12768884.641764864,491350.9706388933],[-12681728.931106733,424033.94312600343],[-12594278.274443587,357585.2833950209],[-12506525.422286227,292017.9854834714],[-12418463.478734586,227345.79038238403],[-12330085.879302556,163583.07521383325],[-12241386.37018991,100744.73502385542],[-12152358.989437262,38846.057514221655],[-12062998.050412783,-22097.408796368385],[-11973298.128079452,-82069.99231449011],[-11883254.048474679,-141056.04116738364],[-11792860.881799592,-199040.07001686413],[-11702113.939461945,-256006.9096745737],[-11611008.775343036,-311941.8581281548],[-11519541.191466037,-366830.8314285422],[-11427707.248132084,-420660.5127504355],[-11335503.278462356,-473418.4978271292],[-11242925.907143762,-525093.4348837872],[-11149972.073025675,-575675.1571557556],[-11056639.055061419,-625154.8060854685],[-10962924.500936218,-673524.9433465316],[-10868826.457579952,-720779.6499489441],[-10774343.402634148,-766914.6108355146],[-10679474.275836082,-811927.1835840306],[-10584218.509202661,-855816.4500796817],[-10488576.05485021,-898583.2503107464],[-10392547.409275234,-940230.197760219],[-10296133.632949503,-980761.6762071241],[-10199336.36414966,-1020183.8181029998],[-10102157.826047063,-1058504.4650394116],[-10004600.826222792,-1095733.1111605247],[-9906668.74794284,-1131880.8306880703],[-9808365.532720694,-1166960.1910058837],[-9709695.653904274,-1200985.1529867316],[-9610664.081239616,-1233970.9604310843],[-9511276.236581359,-1265934.0206180327],[-9411537.941125236,-1296891.778044929],[-9311455.3547304,-1326862.5834499088],[-9211034.908067854,-1355865.5601762775],[-9110283.228469398,-1383920.4698547546],[-9009207.060463982,-1411047.5792501138],[-8907813.182061119,-1437267.5299575205],[-8806108.317884136,-1462601.2124423163],[-8704099.050264245,-1487069.6457078042],[-8601791.729384221,-1510693.8636551371],[-8499192.383511111,-1533494.808975933],[-8396306.630283818,-1555493.2351988188],[-8293139.589929387,-1576709.617301465],[-8189695.801174836,-1597164.0711048641],[-8085979.140505008,-1616876.281490132],[-7981992.745294895,-1635865.4393223878],[-7877738.941221707,-1654150.1868331437],[-7773219.174240737,-1671748.5711017062],[-7668433.947293206,-1688678.0051880996],[-7563382.761805785,-1704955.2364025568],[-7458064.063942044,-1720596.3211495462],[-7352475.195477384,-1735616.6057544716],[-7246612.349090981,-1750030.7126670945],[-7140470.527801835,-1763852.531435117],[-7034043.508220361,-1777095.2138516726],[-6927323.80724216,-1789771.1726997735],[-6820302.65177548,-1801892.0835430517],[-6712969.951067631,-1813468.8890433474],[-6605314.271177719,-1824511.8053204615],[-6497322.811131472,-1835030.3299059998],[-6388981.380288488,-1845033.2508808426],[-6280274.376451452,-1854528.6568229531],[-6171184.764249502,-1863523.9472286191],[-6061694.053333695,-1872025.8431046887],[-5951782.275929432,-1880040.397462049],[-5841427.963299339,-1887573.0054706743],[-5730608.120678284,-1894628.4140638036],[-5619298.200250401,-1901210.7308037383],[-5507472.071744924,-1907323.4318433236],[-5454064.555391966,-1910068.4016398129],[-5395568.050768502,-1912727.0378878699],[-5283713.420607514,-1917491.676082188],[-5171544.017090746,-1921865.052001644],[-5059061.908328354,-1925862.6990172865],[-4946269.523522683,-1929500.0870671694],[-4833169.683283714,-1932792.597322789],[-4719765.631248486,-1935755.4959340105],[-4606061.066914937,-1938403.9069256054],[-4492060.179579723,-1940752.7843311743],[-4377767.683247844,-1942816.8836634532],[-4263188.852358476,-1944610.7328338502],[-4148329.558147855,-1946148.6026481478],[-4033196.3054449116,-1947444.477019932],[-3917796.2696705814,-1948512.0230578454],[-3802137.3337861863,-1949364.5611974353],[-3686228.124911368,-1950015.035562655],[-3570078.0503076036,-1950475.9847560215],[-3485585.811383073,-1950698.844706406],[-3453710.1272111614,-1954009.3731061274],[-3337373.741914268,-1965990.6618582793],[-3221169.3631362957,-1977788.2111295334],[-3105106.626733225,-1989385.7639572255],[-2989194.368114315,-2000766.703363361],[-2873440.664142458,-2011914.0854055437],[-2757852.8753748517,-2022810.6721142498],[-2642437.6883104336,-2033438.9641060086],[-2527201.157345297,-2043781.2326834886],[-2412148.7461710963,-2053819.5512547744],[-2297285.368384883,-2063535.8259250396],[-2182615.427110996,-2072911.8251339905],[-2068142.8534660966,-2081929.2082317332],[-1953871.1437273496,-2090569.5529043316],[-1843564.6654533735,-2098548.783769829],[-1839756.564149373,-2098787.1568957986],[-1724668.8565211212,-2105735.4107026355],[-1610134.8276119023,-2112154.408484659],[-1496117.1706141809,-2118046.936803809],[-1382580.417839354,-2123414.9304788285],[-1269490.9040019424,-2128259.468981564]]]},"properties":{"type":"parallel","value":15}},
{"type":"Feature","geometry":{"type":"MultiLineString","coordinates":[[[-1423577.2282937197,-242837.5884935931],[-1323669.2915859574,-248202.6213708122],[-1224022.2176915086,-253060.91582973307],[-1124637.763106284,-257394.16648462243],[-1025517.5622373766,-261184.34719282255],[-926663.1462346881,-264413.7253889474],[-828075.959991706,-267064.8746858068],[-729757.3774225528,-269120.68582753016],[-631708.7151234809,-270564.3760830179],[-533931.2445274133,-271379.4971696087],[-436426.20265890827,-271549.9417975937],[-339194.8015948929,-271059.9489263216],[-242238.23673361598,-269894.1078219062],[-145557.69397079755,-268037.3610053781],[-49154.35587787569,-265475.006178503],[46970.59302706711,-262192.69721218414],[142815.9618299255,-258176.44428023786],[238380.54951156484,-253412.61321839187],[333663.1419032259,-247887.92418562243],[428662.5092350141,-241589.44970185062],[523377.40421127004,-234504.61213293998],[617806.5605511595,-226621.1806906395],[711948.6919378765,-217927.26801194568],[805802.4913237302,-208411.3263791215],[899366.6305433859,-198062.1436383055],[992639.7601909789,-186868.8388715933],[1085620.5097211106,-174820.85787424012],[1178307.4877371388,-161907.96848566],[1270699.2824335925,-148120.2558199099],[1362794.4621628204,-133448.11743852767],[1454591.5760985676,-117882.2585057749],[1546089.1549721858,-101413.6869637802],[1637285.7118594288,-84033.70876243898],[1650013.7768836203,-81530.32965149601],[1728179.7399870967,-65733.91002987382],[1818769.7286141233,-46506.218239888425],[1909054.0533165762,-26342.65373313223],[1999030.804279926,-5235.25447491599],[2088697.8192516603,16823.875734733025],[2178052.7209514203,39842.52054522752],[2267092.953510308,63828.30482878408],[2355815.8177344305,88788.64934485136],[2444218.5050176666,114730.72672900365],[2532298.129741959,141661.41925266047],[2620051.760022754,169587.27880717337],[2707476.4466805407,198514.48956542555],[2794569.250344932,228448.83376571586],[2881327.2666264293,259395.6610459144],[2967747.649319698,291359.8617311638],[3053827.6316330787,324345.84444584715],[3139564.5454683695,358357.5183807045],[3224955.8388042045,393398.2804995344],[3309999.091262978,429471.00791808945],[3394692.027966032,466578.0556311477],[3479032.5318027562,504721.2597043333],[3563018.654257109,543901.9459854567],[3646648.6249481877,584120.9443282059],[3729920.8600510755,625378.6082599137],[3812833.9697686415,667674.8399658625],[3895386.7650258597,711009.1204074103],[3977578.263554553,755380.5443399701],[4059407.6955293585,800787.8599517281],[4140874.508905304,847229.5128047613],[4221978.374594212,894703.6937283422],[4302719.191601847,943208.3902892988],[4383097.09223097,992741.4414471826],[4463112.447437782,1043300.5949924443],[4542765.872411183,1094883.5673633327],[4622058.23242673,1147488.1054421805],[4700990.649010008,1201112.0499429149],[4779564.506428807,1255753.4000189179],[4857781.458518986,1311410.3787429994],[4935643.435837064,1368081.4991382435],[5013152.653122141,1425765.630469587],[5090311.617041921,1484462.0645399094],[5167123.13419182,1544170.5817707705],[5243590.319312532,1604891.5168859551],[5319716.603690047,1666625.8240547401],[5395505.743702601,1729375.1413912282],[5470961.829481237,1793141.8547451058],[5546089.293654759,1857929.1607577696],[5620892.920154969,1923741.1291953027],[5695377.853064633,1990582.7646061005],[5769549.605497872,2058460.0673859324],[5843414.068510968,2127380.0943664424],[5916977.520049944,2197351.0190748987],[5990246.6339505045,2268382.191843087],[6063228.489014912,2340484.1999718295],[6135930.578199651,2413668.9281848073],[6208360.817956908,2487949.6196312625],[6280527.557782023,2563340.937722123],[6339416.302412899,2625897.48080134],[6352166.117096162,2639699.289608283],[6422202.488842395,2716339.0234884066],[6491784.414240701,2793879.0326935137],[6560905.370037617,2872306.758469039],[6629558.493204546,2951609.008176961],[6697736.565822771,3031771.941850457],[6765432.000122182,3112781.059105954],[6825910.2405582415,3186365.381826121],[6833564.202474867,3194084.2680350803],[6909446.450129384,3271263.2367027975],[6984703.933586942,3349011.193892785],[7059311.80277964,3427320.5404986613],[7068042.711778772,3436567.181484647],[7133005.369537061,3510831.823194863],[7205424.521266392,3594956.163128192],[7276600.600759055,3679064.5745097026],[7346567.156367506,3763182.5765104406],[7415355.603144182,3847334.7866206537],[7482995.28342373,3931544.937439582],[7549513.5203339355,4015835.889523889],[7614935.664585436,4100229.640433542],[7679285.134864808,4184747.3301083418],[7742583.452135278,4269409.24270604],[7804850.2681329595,4354234.805033993],[7866103.388335688,4439242.581710278],[7926358.789675014,4524450.267198265],[7985630.633260834,4609874.67486935],[8043931.272392252,4695531.723263941],[8101271.256138067,4781436.419739087],[8157659.32878582,4867602.841714125],[8213102.425480737,4954044.1157517135],[8267605.664404199,5040772.394742616],[8321172.335877652,5127798.8334963],[8373803.888820973,5215133.5630776],[8425499.9150456,5302785.664270675],[8476258.131922144,5390763.140595381],[8526074.36402969,5479072.891347451],[8574942.524470374,5567720.685181012],[8622854.5966165,5656711.134799623],[8669800.617149979,5746047.673368211],[8715768.661352508,5835732.533301605],[8760744.831709702,5925766.728123885],[8804713.251001379,6016150.03812379],[8847656.061160967,6106881.000552956],[8889553.429296419,6197956.905122489],[8930383.562370123,6289373.795546208],[8970122.732130429,6381126.4778534],[9008745.31196814,6473208.536145622],[9046223.827430453,6565612.356399596],[9082529.022155944,6658329.158817698],[9117629.940988371,6751349.03909772],[9151494.031976752,6844661.018833066],[9184087.26886463,6938253.105064104],[9215374.295504509,7032112.358781596],[9245318.593395505,7126224.971938735],[9273882.673226945,7220576.352263875],[9301028.29091222,7315151.21488945],[9326716.688114723,7409933.679534159],[9350908.856701266,7504907.371706356],[9373565.825915338,7600055.52615146],[9394648.970353605,7695361.090559135],[9414120.336070959,7790806.827393098],[9431942.98135602,7886375.411622468],[9448081.32793798,7982049.522131172],[9462501.517641796,8077811.924672666],[9475171.768838825,8173645.544425942],[9486062.726483786,8269533.52649731],[9495147.799125237,8365459.283094673],[9502403.47606142,8461406.526565852],[9507809.617815709,8557359.288020877],[9511349.713346697,8653301.921825957],[9513011.097895952,8749219.096835166],[9512785.126107324,8845095.77578357],[9510667.296006987,8940917.184769085],[9506657.32057995,9036668.775172178],[9500759.144972209,9132336.180672616],[9500226.319092931,9139706.600484852]],[[-16471397.376516508,9139706.467709657],[-16464152.53149825,9051515.63411353],[-16454506.4766852,8956059.192550192],[-16443008.804054582,8860729.384510225],[-16429679.480812814,8765540.27547803],[-16414542.004571727,8670505.93886672],[-16397623.12907047,8575640.471826693],[-16378952.55794445,8480957.999597354],[-16358562.613285359,8386472.667668794],[-16336487.8859505,8292198.621563983],[-16312764.874552488,8198149.974570704],[-16287431.619813845,8104340.764220605],[-16260527.340534737,8010784.898710712],[-16232092.076833565,7917496.0947777815],[-16202166.345618457,7824487.80875979],[-16170790.812474258,7731773.16271163],[-16138005.983341796,7639364.867486473],[-16103851.918559235,7547275.144660074],[-16068367.971058246,7455515.649072849],[-16031592.549783621,7364097.393607773],[-15993562.908751374,7273030.677624751],[-15954314.961588183,7182325.0202484215],[-15913883.120910255,7091989.099468672],[-15872300.161503254,7002030.697773298],[-15829597.105954457,6912456.654799838],[-15785803.13115826,6823272.827275463],[-15740945.493958682,6734484.056316701],[-15695049.474099765,6646094.141986734],[-15648138.332616245,6558105.824860759],[-15600233.283804355,6470520.774228409],[-15551353.478956526,6383339.582466957],[-15501516.000115579,6296561.765048071],[-15450735.862196982,6210185.765592228],[-15399026.021934478,6124208.965355862],[-15346397.392219845,6038627.696524625],[-15292858.860526666,5953437.258688639],[-15238417.310227552,5868631.937889774],[-15183077.643730367,5784205.027654386],[-15126842.806470543,5700148.851454976],[-15069713.810900917,5616454.786079468],[-15011689.759717114,5533113.285424385],[-14952767.867644645,5450113.904268006],[-14892943.481192578,5367445.321618946],[-14832210.095849033,5285095.363274635],[-14770559.370254532,5203051.023261301],[-14707981.136941768,5121298.483862106],[-14644463.409274464,5039823.13397235],[-14579992.384254226,4958609.585550076],[-14514552.440893095,4877641.687956422],[-14448126.13387145,4796902.5400029635],[-14380694.182215981,4716374.499542846],[-14312235.452742046,4636039.190458559],[-14242726.938007804,4555877.506912323],[-14172143.728525804,4475869.614734725],[-14100458.978970548,4395994.949834016],[-14039214.33454492,4328816.468812921],[-14027649.905481057,4316714.953594048],[-13954004.53649292,4240326.628177011],[-13879710.59827951,4164414.1799666896],[-13804790.289754672,4088979.4069249528],[-13729265.804109214,4014024.175870811],[-13653159.324132264,3939550.446048184],[-13576493.01797361,3865560.2932712417],[-13499289.035341812,3792055.9345883923],[-13421569.504132006,3719039.7533970824],[-13343356.52747659,3646514.3249318767],[-13264672.18121123,3574482.442037951],[-13210238.43904204,3525179.5908076996],[-13188334.076215433,3501347.467022882],[-13117804.921663348,3425337.073433391],[-13046946.737938154,3350079.7126984396],[-12975764.626422403,3275586.189092514],[-12904263.240927292,3201866.767014591],[-12832446.805955593,3128931.1853123307],[-12760319.135191403,3056788.67169485],[-12687883.650118489,2985447.9571635164],[-12615143.398676956,2914917.2903952952],[-12542101.073875638,2845204.452017751],[-12468759.03228528,2776316.7687199134],[-12395119.312344879,2708261.127147531],[-12321183.652420701,2641043.987536057],[-12246953.50856439,2574671.3970388733],[-12172430.071922878,2509149.0027125077],[-12097614.28575919,2444482.064124669],[-12022506.862048874,2380675.465554569],[-11947108.2976222,2317733.7277587764],[-11871418.889827348,2255661.0192790884],[-11795438.751694392,2194461.167272187],[-11719167.82658421,2134137.6678437656],[-11642605.902310187,2074693.6958726246],[-11565752.624724332,2016132.1143127994],[-11488607.510762341,1958455.4829641886],[-11411169.960945157,1901666.0667043554],[-11333439.271336947,1845765.843176245],[-11255414.64496173,1790756.5099284677],[-11177095.202682657,1736639.4910064705],[-11098479.99354974,1683415.9429946742],[-11019568.004623065,1631086.7605109618],[-10940358.170279793,1579652.581156503],[-10860849.381014157,1529113.7899250002],[-10781040.491740378,1479470.52307675],[-10700930.329609096,1430722.6714840077],[-10620517.701348273,1382869.8834552688],[-10539801.400139818,1335911.56704697],[-10458780.212043477,1289846.891872277],[-10377452.921979414,1244674.7904173778],[-10295818.319281146,1200393.9588768308],[-10213875.202830235,1157002.8575202613],[-10131622.385784183,1114499.7106037473],[-10049058.699908743,1072882.505840125],[-9966182.999525761,1032148.993443295],[-9882994.165087493,992296.6847627967],[-9799491.106388198,953322.8505256324],[-9715672.765423711,915224.5187035543],[-9631538.11890964,877998.472025011],[-9547086.18046877,841641.2451520237],[-9462316.002498424,806149.1215434861],[-9377226.67772847,771518.130027481],[-9291817.340481186,737744.0411065749],[-9206087.167644236,704822.3630212074],[-9120035.379368637,672748.3375977514],[-9033661.239504192,641516.9359092118],[-8946964.055785462,611122.853777879],[-8859943.179782365,581560.5071509046],[-8772598.006630423,552824.0273811993],[-8684927.974556966,524907.256447725],[-8596932.564220851,497803.7421507819],[-8508611.297885044,471506.73331971344],[-8419963.73844287,446009.1750719945],[-8330989.488321013,421303.70416447445],[-8241688.188284227,397382.6444792471],[-8152059.516169217,374238.00268840697],[-8062103.185577758,351861.4641435852],[-7971818.944561677,330244.38903800654],[-7881206.574335499,309377.8088904038],[-7790265.888055589,289252.4234018606],[-7698996.729707962,269858.5977381968],[-7607398.973150424,251186.36029211813],[-7515472.521358349,233225.40098072457],[-7423217.305927212,215965.070135447],[-7330633.286888766,199394.37804255323],[-7237720.452901732,183501.9951936425],[-7144478.821881878,168276.25330629383],[-7050908.442140237,153705.14717593926],[-6957009.394102154,139776.3374203545],[-6862781.792683617,126477.15417864038],[-6768225.790404807,113794.60182639312],[-6673341.581324363,101715.36476846073],[-6578129.405880521,90225.8143701206],[-6482589.556728164,79312.01708621769],[-6386722.385662587,68959.74384651711],[-6290528.311722322,59154.48075336159],[-6194007.830563989,49881.44114520273],[-6097161.525201853,41125.57907655609],[-5999990.078203647,32871.60426099324],[-5902494.28543163,25103.99851940861],[-5804675.071414484,17807.033770516886],[-5706533.5064301845,10964.791594410519],[-5608070.825373654,4561.184393101688],[-5509288.448474274,-1420.0218360352937],[-5410188.0039180815,-6995.183106866837],[-5310771.352417365,-12180.751434239664],[-5211040.613755436,-16993.247220975158],[-5110998.1953180265,-21449.23006860651],[-5010646.822603261,-25565.268051831554],[-4909989.57168095,-29357.90551138504],[-4809029.90354757,-32843.62943592996],[-4707771.700297227,-36038.834520684984],[-4606219.302999771,-38959.78700869553],[-4504377.551146253,-41622.58744006401],[-4402251.823488757,-44043.132454483755],[-4299848.080066478,-46237.07581362754],[-4197172.905173441,-48219.78883144359],[-4094233.550985458,-50006.32042242625],[-3991037.9815256693,-51611.356999960924],[-3887594.9166094903,-53049.18247866075],[-3783913.875371977,-54333.63865587535],[-3680005.21894414,-55478.086267579616],[-3575880.1918100887,-56495.367032670205],[-3485585.811383073,-57282.7244391639],[-3471553.9508667574,-58828.267455804686],[-3367243.3657950303,-70264.63312423276],[-3263084.8452661675,-81579.41112589328],[-3159089.8370732954,-92754.76164367826],[-3055268.856561311,-103772.43300207584],[-2951631.539789509,-114613.80985283035],[-2848186.697196782,-125259.96114991592],[-2744942.367239687,-135691.68756496688],[-2641905.869533955,-145889.56803216663],[-2539083.8570886743,-155834.00514927923],[-2436482.367280193,-165505.26919840364],[-2334106.871268062,-174883.5405858791],[-2231962.321607529,-183948.95053469724],[-2130053.1978622545,-192681.61989508104],[-2028383.550065918,-201061.69596875118],[-1926957.0399227391,-209069.38727023458],[-1825776.9796743526,-216684.99617381554],[-1724846.3685931046,-223888.94941766726],[-1624167.9270916907,-230661.8264571967],[-1523744.1284639952,-236984.38567785913],[-1423577.2282937197,-242837.5884935931]]]},"properties":{"type":"parallel","value":30}},
{"type":"Feature","geometry":{"type":"MultiLineString","coordinates":[[[-1583739.570265986,1746590.8146848776],[-1497208.003469201,1738699.1040212233],[-1410938.129841728,1731250.495758659],[-1324931.3192804924,1724265.4708666948],[-1239188.9148321901,1717763.9765154365],[-1153712.2464099496,1711765.4129198906],[-1068502.6421859136,1706288.622978124],[-983561.437887519,1701351.8845027513],[-898889.9842154406,1696972.9048475332],[-814489.6525901104,1693168.817734665],[-730361.8394214958,1689956.1820933695],[-646507.9690841575,1687350.9827265695],[-562929.4957664447,1685368.6326293957],[-479627.90434967354,1684023.976790813],[-396604.7104599499,1683331.2973177445],[-313861.4598228728,1683304.3197292837],[-231399.72703886704,1683956.2202771953],[-149221.1138853233,1685299.6341574222],[-67327.24724078576,1687346.6644857917],[14280.223284327145,1690108.8919196033],[95599.62793529687,1693597.3848149756],[176629.27955306994,1697822.7098178829],[257367.47640888608,1702794.942794587],[337812.5050833267,1708523.6800145376],[417962.6433467212,1715018.049506147],[497816.16300374386,1722286.7225124417],[577371.3326708451,1730337.9249802453],[656626.4204601605,1739179.449022559],[735579.6965479443,1748818.6642995565],[814229.4356094985,1759262.529269137],[892573.9191060296,1770517.602262908],[970611.4374119609,1782590.0523482733],[1048340.2917735531,1795485.6699416852],[1125758.7960922322,1809209.8771421649],[1202865.2785275732,1823767.7377580316],[1279658.082916675,1839163.9670032004],[1356135.5700077557,1855402.9408425936],[1432296.1185070118,1872488.7049692213],[1508138.1259383135,1890424.9833980761],[1583660.0093162276,1909215.1866644765],[1658860.2056329858,1928862.419616727],[1733737.1721604522,1949369.488794903],[1808289.3865682536,1970738.9093894619],[1882515.3468591603,1992972.9117749983],[1956413.5711228244,2016073.4476158402],[2029982.5971087115,2040042.1955416806],[2103220.981618937,2064880.5663923768],[2176127.2997212815,2090589.7080322977],[2248700.1437823847,2117170.50973537],[2320938.1223207526,2144623.60614286],[2392839.8586787367,2172949.3807966616],[2464403.989512284,2202147.969251404],[2535629.163096776,2232219.261769296],[2606514.0374469007,2263162.9056021934],[2677057.278247969,2294978.3068655683],[2747257.556595905,2327664.6320097265],[2817113.5465424447,2361220.8088937392],[2886623.9224420884,2395645.5274679027],[2955787.356096668,2430937.240070923],[3024602.513693462,2467094.161348116],[3093068.052532426,2504114.2677972945],[3161182.6175377853,2541995.296949159],[3228944.837549577,2580734.7461893726],[3296353.321390212,2620329.871229577],[3363406.653701538,2660777.6842350597],[3430103.390547891,2702074.9516170165],[3496442.0547808274,2744218.1914975443],[3562421.1311616544,2787203.670856091],[3628039.0612381883,2831027.4023662764],[3693294.23797286,2875685.140932549],[3758185.0001197765,2921172.3799365954],[3822709.6263493462,2967484.347203965],[3886866.329119745,3014616.00070198],[3950653.2482958357,3062562.0239806836],[4014068.444517017,3111316.821369263],[4077109.892317214,3160874.5129412976],[4139775.47300131,3211228.929262897],[4202062.9672843125,3262373.6059389478],[4263970.047701139,3314301.777973586],[4325494.270796949,3367006.3739621886],[4386633.069110131,3420480.010133351],[4447383.742962212,3474714.984260638],[4507743.452071574,3529703.2694652784],[4567709.207010253,3585436.5079322164],[4627277.860526145,3641906.00456384],[4686446.0987554435,3699102.7205967773],[4745210.432353572,3757017.2672093106],[4803567.187575627,3815639.8991482016],[4861512.497340929,3874960.508405846],[4919042.292319361,3934968.6179801407],[4976152.292080656,3995653.3757515238],[5032837.996351219,4057003.5485131885],[5089094.676426586,4119007.516192582],[5130409.178493987,4165263.3764202227],[5146807.2627161015,4180554.685942027],[5209391.026428202,4239505.887446407],[5271441.941090773,4298905.356310497],[5332943.569426297,4358746.838218419],[5393879.528434858,4419024.195712961],[5454233.494346309,4479731.39557784],[5513989.207798939,4540862.496356895],[5573130.4792378945,4602411.6360566635],[5631641.194526205,4664373.0200745715],[5689505.320760857,4726740.909390629],[5746706.912286084,4789509.609056645],[5803230.116895352,4852673.457013179],[5859059.182213517,4916226.813260744],[5914178.462249892,4980164.049408821],[5968572.424112763,5044479.538622686],[6022225.654875615,5109167.645985523],[6075122.868584626,5174222.719290408],[6127248.913397116,5239639.08027429],[6178588.778839917,5305411.016303834],[6229127.603176487,5371532.772520797],[6278850.68087127,5437998.544452705],[6327743.470139535,5504802.471092743],[6375791.600570572,5571938.62845116],[6422980.8808120405,5639401.0235790275],[6469297.306302808,5707183.589063637],[6514727.067041663,5775280.177993829],[6559256.555378936,5843684.559392157],[6602872.373817908,5912390.414109934],[6645561.342812886,5981391.331180149],[6687310.508550554,6050680.804622453],[6728107.1507012695,6120252.230693643],[6767938.790126766,6190098.9055762915],[6806793.196530926,6260214.023497708],[6844658.396040016,6330590.675270621],[6881522.678699075,6401221.847246669],[6917374.605871002,6472100.420673189],[6952203.017525171,6543219.171443423],[6985997.039402343,6614570.770229873],[7018746.090042998,6686147.782990207],[7050439.88766623,6757942.6718348125],[7068042.711778772,6798991.83525958],[7081066.276183016,6829992.122171406],[7110600.1730123265,6902285.954834959],[7139034.078071772,6974753.267691118],[7166364.258795016,7047389.080623078],[7192586.577553452,7120188.068141344],[7217696.5367973,7193144.570893275],[7241689.325495014,7266252.608009096],[7264559.866772376,7339505.89022729],[7286302.866622526,7412897.833733435],[7306912.863527173,7486421.5746379355],[7326384.2787985215,7560069.984010997],[7344711.467420529,7633835.683387069],[7361888.769138498,7707711.0606471095],[7377910.559517754,7781688.286183647],[7392771.300666191,7855759.329253633],[7406465.591292253,7929915.974424545],[7418988.215750414,8004149.8380227685],[7430334.191710535,8078452.384498231],[7440498.816077146,8152814.942626032],[7449477.708779079,8227228.721474892],[7457266.854050222,8301684.826081894],[7463862.63882901,8376174.272784842],[7469261.887916422,8450688.004175652],[7473461.895551936,8525216.903651122],[7476460.453091739,8599751.80955044],[7478255.8725049915,8674283.528881736],[7478847.005440725,8748802.85065186],[7478233.2576596,8823300.55882506],[7476414.598670847,8897767.444945497],[7473391.566463825,8972194.320467087],[7469165.2672754945,9046572.028839307],[7463737.370387969,9120891.45740321],[7462171.902574665,9139707.461020699]],[[-14433343.004643625,9139707.238496967],[-14428281.720769782,9084277.257173356],[-14420457.833063928,9010101.49192016],[-14411440.608565101,8936010.963862885],[-14401233.820061404,8862014.49306187],[-14389841.70627411,8788120.797217522],[-14377268.93957941,8714338.479864292],[-14363520.590092652,8640676.018457139],[-14348602.086457111,8567141.752338868],[-14332519.173701165,8493743.870589025],[-14315277.868542623,8420490.39976581],[-14296884.412527911,8347389.191563622],[-14277345.223396024,8274447.910419364],[-14256666.845053565,8201674.021110219],[-14234855.896537947,8129074.776393874],[-14211919.020331293,8056657.2047495255],[-14187862.830368571,7984428.098283086],[-14162693.860060751,7912394.000864187],[-14136418.510627382,7840561.196564578],[-14109043.00000459,7768935.69846776],[-14080573.312563788,7697523.237919024],[-14051015.149844883,7626329.254281846],[-14039214.334544916,7598672.151611872],[-14020376.11989629,7555377.955600344],[-13988672.022730045,7484675.706094543],[-13955913.142834663,7414218.50912313],[-13922109.219690504,7344012.555196097],[-13887270.244777145,7274063.881253181],[-13851406.454822427,7204378.369085775],[-13814528.325048447,7134961.744032467],[-13776646.562427344,7065819.573956049],[-13737772.098959586,6996957.268509921],[-13697916.084987246,6928380.078702056],[-13657089.882554684,6860093.096764892],[-13615305.05882879,6792101.256339805],[-13572573.379590744,6724409.332985035],[-13528906.802811136,6657021.945016251],[-13484317.472319858,6589943.5546893645],[-13438817.711582141,6523178.469735383],[-13392420.017591616,6456730.845257658],[-13345137.054891266,6390604.6860021325],[-13296981.649732605,6324803.849011636],[-13247966.784383249,6259332.0466757715],[-13198105.591592683,6194192.85018821],[-13147411.3492258,6129389.693423741],[-13095897.47507327,6064925.877247814],[-13043577.521847721,6000804.57427161],[-12990465.172374135,5937028.834066151],[-12936574.234982667,5873601.588849213],[-12881918.639111701,5810525.659659054],[-12826512.431128586,5747803.763029208],[-12770369.770375157,5685438.518178696],[-12713504.925444778,5623432.454732017],[-12655932.270697342,5561788.020983164],[-12597666.283018114,5500507.59271769],[-12538721.538826188,5439593.482606435],[-12479112.711337779,5379047.950183861],[-12418854.568089187,5318873.212423249],[-12357961.96872408,5259071.454919806],[-12296449.863049133,5199644.8436914515],[-12234333.289361816,5140595.537605409],[-12171627.373053681,5081925.701436587],[-12108347.325492183,5023637.519561484],[-12044508.443183515,4965733.210288369],[-11980126.10721876,4908215.040821159],[-11915215.783004986,4851085.342850694],[-11849793.020282727,4794346.52876251],[-11783873.453430736,4738001.1084452765],[-11717472.802058475,4682051.706678357],[-11650606.87188634,4626501.081070468],[-11583291.555913234,4571352.140514326],[-11515542.83587051,4516607.964114189],[-11506119.959416848,4509052.853750317],[-11453578.66350443,4458776.29854084],[-11392273.246474845,4400971.118607542],[-11330637.739173695,4343777.47890065],[-11268675.65950819,4287204.761213173],[-11206390.244310226,4231261.99436707],[-11143784.460162096,4175957.8599917735],[-11080861.01447694,4121300.69834384],[-11017622.366777962,4067298.514125226],[-10954070.740123902,4013958.9822592926],[-10890208.132631116,3961289.453585897],[-10826036.329046348,3909296.9604387227],[-10761556.912327006,3857988.2220700597],[-10696771.275189368,3807369.6498902002],[-10631680.631587844,3757447.3524906156],[-10566286.028091691,3708227.1404219065],[-10500588.355128208,3659714.530699583],[-10434588.358064376,3611914.7510124235],[-10368286.64810134,3564832.743610048],[-10301683.712958595,3518473.168848197],[-10234779.927327126,3472840.4083717144],[-10167575.563072668,3427938.567917147],[-10100070.799172372,3383771.4797183424],[-10032265.731369825,3340342.704500092],[-9964160.381535033,3297655.5330464183],[-9895754.706717374,3255712.987331562],[-9827048.607880859,3214517.8212034167],[-9758041.938312128,3174072.5206103222],[-9688734.51169257,3134379.3033640054],[-9619126.109826846,3095440.118432537],[-9549216.490020745,3057256.6447590017],[-9479005.392101897,3019830.2896028096],[-9408492.54507735,2983162.1864023264],[-9337677.673422392,2947253.1921589193],[-9266560.502995271,2912103.88434421],[-9195140.766572658,2877714.5573340524],[-9123418.209000973,2844085.2183743725],[-9051392.591958642,2811215.583086015],[-8979063.698324613,2779105.0705175255],[-8906431.336148446,2747752.797756941],[-8833495.342217483,2717157.5741157155],[-8760255.585216656,2687317.894900246],[-8686711.968476813,2658231.9347888],[-8612864.432307635,2629897.5408342285],[-8538712.955911603,2602312.225115434],[-8464257.558876071,2575473.15706353],[-8389498.302241059,2549377.1554913903],[-8314435.289141328,2524020.68035863],[-8239068.665022277,2499399.8243071595],[-8163398.617430518,2475510.304005994],[-8087425.3753816085,2452347.4513475164],[-8011149.208309146,2429906.2045411533],[-7934570.424601723,2408181.099154244],[-7857689.369736718,2387166.2591539416],[-7780506.424022847,2366855.3880079645],[-7703021.999966689,2347241.7599063097],[-7625236.539282199,2328318.2111702957],[-7547150.509566483,2310077.13191957],[-7468764.40066976,2292510.458072126],[-7390078.720792716,2275609.663756733],[-7311093.992350208,2259365.7542214515],[-7231810.747646502,2243769.2593262224],[-7152229.524414039,2228810.22771164],[-7072350.861275142,2214478.2217399976],[-6992175.29319376,2200762.313308516],[-6911703.346992818,2187651.0806382378],[-6830935.537021438,2175132.606145239],[-6749872.361065411,2163194.475503754],[-6668514.2966041025,2151823.778013314],[-6586861.797526202,2141007.108383825],[-6504915.291427311,2130730.5700540803],[-6422675.177621688,2120979.780159913],[-6340141.82601085,2111739.8762682443],[-6257315.576960854,2102995.524992643],[-6174196.742349591,2094730.9326043157],[-6090785.607953588,2086929.8577499937],[-6007082.4373515295,2079575.626384501],[-5923087.4775279155,2072651.1490209866],[-5838800.966365299,2066138.9403958418],[-5754223.142216544,2060021.14163779],[-5669354.255749427,2054279.5450218774],[-5584194.584254554,2048895.6213784318],[-5498744.448602792,2043850.5502149519],[-5413004.233031059,2039125.252594733],[-5326974.407923455,2034700.4268001437],[-5240655.555739584,2030556.586790125],[-5154048.400221576,2026674.1034414947],[-5067153.838986602,2023033.2485408226],[-4979972.979581609,2019614.241468884],[-4892507.179041285,2016397.2984922987],[-4804758.086949253,2013362.6845472425],[-4716727.691955236,2010490.7673679881],[-4628418.371648366,2007762.0737784812],[-4539832.945627974,2005157.3479286367],[-4450974.731549668,2002657.6112183572],[-4361847.603855436,2000244.223611981],[-4272456.05482363,1997898.9460044908],[-4182805.2574983477,1995604.0032585121],[-4092901.12997904,1993342.1474887517],[-4002750.400471938,1991096.7211290388],[-3912360.672426135,1988851.719276876],[-3821740.489001318,1986591.85077284],[-3730899.396042689,1984302.5974383603],[-3639848.0026742984,1981970.270866082],[-3548598.0385669526,1979582.066134145],[-3485585.811383073,1977896.9812921498],[-3457178.142964762,1974229.6814023736],[-3365834.806640105,1962381.5505736985],[-3274658.050715195,1950484.698016231],[-3183659.1439724034,1938561.2776277978],[-3092848.219817257,1926634.0386212033],[-3002234.3589431616,1914726.2403726308],[-2911825.6721131653,1902861.5680299425],[-2821629.3820395996,1891064.0496157221],[-2731651.9034851394,1879357.9752670827],[-2641898.920848078,1867767.819162374],[-2552375.4626288,1856318.164595424],[-2463085.972300236,1845033.6325726714],[-2374034.375221961,1833938.8142282243],[-2285224.141343373,1823058.2072775331],[-2196658.3435365553,1812416.156662406],[-2108339.711482657,1802036.799478851],[-2020270.6811080293,1791944.0142246298],[-1932453.4396275834,1782161.3743556996],[-1844889.9663038347,1772712.1060991553],[-1757582.069071327,1763619.0504351987],[-1670531.417208807,1754904.629130944],[-1583739.570265986,1746590.8146848776]]]},"properties":{"type":"parallel","value":45}},
{"type":"Feature","geometry":{"type":"MultiLineString","coordinates":[[[-1777073.5056319295,4140834.094029024],[-1706069.7623797823,4124964.4543456496],[-1635244.9411021718,4109467.5120053105],[-1564600.8146225645,4094371.4605994234],[-1494139.398598404,4079703.14247492],[-1423862.9313035803,4065488.0672236267],[-1353773.8526532126,4051750.4349737824],[-1283874.7829271469,4038513.1637230255],[-1214168.501569816,4025797.9200180555],[-1144657.9263742422,4013625.1523502027],[-1075346.0932952496,4002014.1266980357],[-1006236.1370827701,3990982.963707379],[-937331.2728786508,3980548.677054948],[-868634.7788798282,3970727.2125940844],[-800149.9801364979,3961533.487930111],[-731880.2335248255,3952981.432117404],[-663828.9139101157,3945084.025212016],[-595999.4014967878,3937853.337451106],[-528395.0703458346,3931300.567864771],[-461019.2780283341,3925436.082156684],[-393875.3563739521,3920269.449717697],[-326966.603266704,3915809.479661344],[-260296.2754351054,3912064.255792079],[-193867.582180881,3909041.170436673],[-127683.67998861018,3906746.957086197],[-61747.66795823101,3905187.7218110454],[3937.4159974226604,3904368.973424418],[69368.59824646909,3904295.6523809745],[134542.9718781519,3904972.1584070446],[199457.6985418819,3906402.3768669157],[264110.0097352931,3908589.7038767976],[328497.20758872054,3911537.070183807],[392616.66519056255,3915246.9638321428],[456465.826495205,3919721.4516425557],[520042.2058520104,3924962.1995343906],[583343.3871911679,3930970.491721887],[646367.022899203,3937747.2488183696],[709110.8324141189,3945293.044883201],[771572.6005676715,3953608.1234474974],[833750.175699477,3962692.4125548587],[895641.467565473,3972545.5388538665],[957244.4450607479,3983166.840778826],[1018557.1337748758,3994555.380855078],[1079577.6133956236,4006709.9571647],[1140304.0149753403,4019629.114007746],[1200734.5180723697,4033311.1517935167],[1260867.3477784863,4047754.1361954487],[1320700.7716417653,4062955.9066023086],[1380233.0964930458,4078914.083897395],[1439462.665183105,4095626.077596576],[1498387.853236284,4113089.0923747155],[1557007.065425755,4131300.1340093077],[1615318.7322744934,4150256.0147688957],[1673321.306485516,4169953.3582729776],[1731013.259303997,4190388.603849001],[1788393.076813877,4211558.010411223],[1845459.2561705972,4233457.659885183],[1902210.3017715374,4256083.46020068],[1958644.7213655554,4279431.147875363],[2014761.0221025262,4303496.290210126],[2070557.7065240445,4328274.287116879],[2126033.268496186,4353760.372598559],[2181186.1890853653,4379949.615900431],[2236014.9323784467,4406836.922351414],[2290517.9412484975,4434417.0339134205],[2344693.6330676787,4462684.529456254],[2398540.395369335,4491633.82477529],[2452056.5814615153,4521259.172368649],[2505240.505994697,4551554.660990318],[2558090.4404870337,4582514.21499544],[2610604.6088108644,4614131.593493686],[2662781.1826450615,4646400.389326554],[2714618.2768982355,4679314.027884207],[2766113.9451087196,4712865.765777528],[2817266.174827842,4747048.689380905],[2868072.882994032,4781855.71326136],[2918531.9113059454,4817279.578509672],[2968641.021603763,4853312.850989201],[3018397.8912688373,4889947.919518284],[3067800.10865254,4927176.994002193],[3116845.1685465137,4964992.103530916],[3165530.4677071357,5003385.094459022],[3213853.3004482794,5042347.628484396],[3261810.8543173037,5081871.180742544],[3309400.205870313,5121947.037933676],[3356618.3165635765,5162566.296499892],[3375093.9968728484,5178695.069041817],[3406614.8802804328,5201873.460037961],[3458240.590297022,5240416.059151333],[3509431.7977864514,5279363.253598375],[3560178.610201591,5318709.545491959],[3610471.1818710673,5358449.507119355],[3660299.7152006067,5398577.774868982],[3709654.4620178114,5439089.043254753],[3758525.725054907,5479978.05905201],[3806903.8595642266,5521239.615557332],[3854779.2750609173,5562868.546983273],[3902142.4371876875,5604859.722997738],[3948983.8696962157,5647208.043416403],[3995294.156539934,5689908.433055549],[4041063.9440729013,5732955.836751669],[4086283.943349464,5776345.214553128],[4130944.9325194177,5820071.53708841],[4175037.759313355,5864129.781114663],[4218553.343612989,5908514.925249417],[4261482.680100992,5953221.945887814],[4303816.840985222,5998245.813306965],[4345546.978791882,6043581.487958596],[4386664.329222336,6089223.916950486],[4427160.214068322,6135168.030716901],[4467026.044180079,6181408.7398776915],[4506253.322482219,6227940.932285377],[4544833.647031872,6274759.470259189],[4582758.714113819,6321859.1880047675],[4620020.3213673225,6369234.889217832],[4656610.3709392175,6416881.344869992],[4692520.872658015,6464793.291174575],[4727743.9472237155,6512965.427730151],[4762271.829407974,6561392.415839229],[4796096.871259431,6610068.876999491],[4829211.545308859,6658989.391564664],[4861608.447769043,6708148.497572135],[4893280.301724063,6757540.689734153],[4924219.9603029685,6807160.418589444],[4954420.409832694,6857002.089811898],[4983874.772965141,6907060.063672978],[5012576.311773557,6957328.654654284],[5040518.430813194,7007802.131206795],[5067694.680141443,7058474.715653095],[5094098.758292688,7109340.584228909],[5119724.515203177,7160393.867260208],[5144565.955081358,7211628.649472089],[5168617.239219165,7263038.970425522],[5191872.688739857,7314618.825078157],[5214326.787278157,7366362.164465192],[5235974.183588567,7418262.8964963835],[5256809.694077739,7470314.886865166],[5276828.305257092,7522511.960065877],[5296025.176111873,7574847.900515031],[5314395.640383063,7627316.453772575],[5331935.208758609,7679911.327859022],[5348639.570970764,7732626.194664351],[5364504.59779626,7785454.691444594],[5379526.3429565085,7838390.422401897],[5393701.044914776,7891426.960343992],[5407025.128567953,7944557.848418882],[5419495.206830268,7997776.601920621],[5431108.082106835,8051076.710162014],[5441860.7476548,8104451.6384101175],[5451750.388830372,8157894.829880367],[5460774.38421995,8211399.707785251],[5468930.306653866,8264959.677433351],[5476215.924101534,8318568.12837471],[5482629.20044689,8372218.436588397],[5488168.296143232,8425903.966708232],[5492831.568746852,8479618.074282622],[5496617.573329026,8533354.108064504],[5499525.062766066,8587105.412327433],[5501552.987907463,8640865.32920383],[5502700.497622323,8694627.201041538],[5502966.938724447,8748384.372774782],[5502351.855776731,8802130.194305727],[5500854.990775664,8855858.022892877],[5498476.2827169625,8909561.225542538],[5495215.867043625,8963233.181399737],[5491074.074977763,9016867.284134954],[5486051.432737949,9070456.944323082],[5480148.660643853,9123995.591811156],[5478248.047345942,9139708.357476003]],[[-12449419.115597786,9139707.954961067],[-12444538.294876385,9101944.128253015],[-12436878.195298687,9048527.127788221],[-12428341.280832587,8995180.711412707],[-12418929.037070192,8941911.348857507],[-12408643.137615604,8888725.47902962],[-12397485.442562802,8835629.507781645],[-12385457.996879041,8782629.805715337],[-12372563.028696971,8729732.706021994],[-12358802.94751896,8676944.50236263],[-12344180.342337282,8624271.446790691],[-12328697.979673851,8571719.747720107],[-12312358.801543428,8519295.567941293],[-12295165.923344357,8467005.022687782],[-12277122.631681012,8414854.177755963],[-12258232.382122185,8362849.047680434],[-12238498.79689994,8310995.593967358],[-12217925.66255337,8259299.72338819],[-12196516.927522002,8207767.28633607],[-12174276.699693505,8156404.075247082],[-12151209.243910633,8105215.823088632],[-12127318.979442323,8054208.201917048],[-12102610.47742396,8003386.821506521],[-12077088.45827199,7952757.228051463],[-12050757.789078001,7902324.902944339],[-12023623.48098765,7852095.261631005],[-11995690.686569687,7802073.652545539],[-11966964.697180565,7752265.356126605],[-11937450.940330056,7702675.583917386],[-11907154.977053495,7653309.4777510725],[-11876082.49929614,7604172.109023985],[-11844239.327315407,7555268.478058449],[-11811631.407106616,7506603.513557495],[-11778264.80785804,7458182.072153664],[-11744145.719441026,7410008.9380541025],[-11709280.449941114,7362088.822784353],[-11673675.423235936,7314426.365033276],[-11637337.176625999,7267026.130601647],[-11600272.35852419,7219892.612457153],[-11562487.726210188,7173030.230898582],[-11523990.143655753,7126443.333832264],[-11484786.579427168,7080136.197163848],[-11444884.104670936,7034113.025308888],[-11404289.891189015,6988377.951825772],[-11363011.209609965,6942935.040174778],[-11321055.427662307,6897788.284607443],[-11278430.008556616,6852941.611190476],[-11235142.50948284,6808398.878968924],[-11191200.580229437,6764163.881273528],[-11146611.961931087,6720240.347177541],[-11101384.485951662,6676631.94310866],[-11055526.072909418,6633342.274622073],[-11009044.731851345,6590374.888341003],[-10961948.559583813,6547733.274071547],[-10914245.74016667,6505420.867099045],[-10865944.544578243,6463441.050673572],[-10817053.330558602,6421797.158692701],[-10767580.542638889,6380492.478589966],[-10717534.712364314,6339530.254438122],[-10666924.458718987,6298913.690276492],[-10615758.488760576,6258645.953672351],[-10564045.598473197,6218730.17952653],[-10511794.673847066,6179169.474133976],[-10459014.692193646,6139966.919510222],[-10405714.723705228,6101125.577995132],[-10351903.933268217,6062648.49714549],[-10297591.58253942,6024538.714928192],[-10242787.032295184,5986799.265225859],[-10187499.745063156,5949433.183666741],[-10131739.288046995,5912443.513790469],[-10075515.336354394,5875833.313561081],[-10018837.676539252,5839605.662237998],[-9961716.210468939,5803763.6676151045],[-9904160.95952801,5768310.473636899],[-9846182.069169868,5733249.268399486],[-9787789.813828336,5698583.2925424],[-9728994.602201123,5664315.848035283],[-9669806.982917683,5630450.307360802],[-9616100.640192186,5600256.016478271],[-9610746.424493784,5596697.1381977815],[-9556014.32923975,5560732.845206915],[-9500960.83111164,5525315.751756338],[-9445588.91075409,5490453.788757097],[-9389901.427588025,5456154.666074767],[-9333901.126287352,5422425.871022783],[-9277590.643522747,5389274.666663375],[-9220972.51494959,5356708.08988234],[-9164049.182417527,5324732.949203528],[-9106823.001379292,5293355.822308553],[-9049296.24847706,5262583.053226841],[-8991471.129284639,5232420.749160794],[-8933349.786184182,5202874.776910535],[-8874934.306356223,5173950.758862328],[-8816226.729861856,5145654.068504488],[-8757229.05779592,5117989.82543433],[-8697943.260489754,5090962.889819447],[-8638371.285741894,5064577.856276398],[-8578515.067054488,5038839.047129765],[-8518376.5318527,5013750.505014456],[-8457957.609663378,4989315.9847841365],[-8397260.240228409,4965538.944688823],[-8336286.381526747,4942422.536784921],[-8275038.01767781,4919969.596541409],[-8213517.166697045,4898182.631606553],[-8151725.888072695,4877063.809700294],[-8089666.290130332,4856614.945598705],[-8027340.537149528,4836837.487178271],[-7964750.856193944,4817732.50048966],[-7901899.54361341,4799300.653832848],[-7838788.971173008,4781542.200808285],[-7775421.59176083,4764456.962322084],[-7711799.944622072,4748044.307527149],[-7647926.66006334,4732303.133686922],[-7583804.463566645,4717231.844953829],[-7519436.1792482305,4702828.330061026],[-7454824.732593121,4689089.938933247],[-7389973.152391368,4676013.458231287],[-7324884.571797978,4663595.085854139],[-7259562.228433872,4651830.404433955],[-7194009.463441192,4640714.353871397],[-7128229.719402906,4630241.202972872],[-7062226.537033106,4620404.520266795],[-6996003.550542397,4611197.144093288],[-6929564.481581309,4602611.152080899],[-6862913.131664311,4594637.830144842],[-6796053.372978659,4587267.641164208],[-6728989.137485158,4580490.193520424],[-6661724.404223381,4574294.2097059805],[-6594263.184741721,4568667.495241056],[-6526609.506583365,4563596.908165944],[-6458767.394773562,4559068.329409321],[-6390740.851271487,4555066.6343654385],[-6322533.832372417,4551575.66604787],[-6254150.224072922,4548578.210222365],[-6185593.815444246,4546055.972956629],[-6116868.270096881,4543989.561059629],[-6047977.0958634075,4542358.465916892],[-5978923.612876897,4541141.051260231],[-5909710.920278865,4540314.545439538],[-5840341.861854003,4539855.038790057],[-5770818.990958335,4539737.486709245],[-5701144.535182848,4539935.719072538],[-5631320.36127527,4540422.4566250425],[-5561347.940927564,4541169.334985868],[-5491228.3181243045,4542146.936891758],[-5420962.078836102,4543324.83328567],[-5350549.323929967,4544671.6338231405],[-5279989.646252462,4546155.0473228125],[-5209282.112918705,4547741.952627542],[-5138425.253906815,4549398.480266757],[-5067417.05810948,4551090.105219897],[-4996254.978027156,4552781.750973758],[-4924935.94429676,4554437.904943204],[-4853456.391229757,4556022.745185611],[-4781812.294480508,4557500.278184675],[-4709999.221873347,4558834.487309721],[-4638012.398282125,4559989.491374094],[-4565846.78527412,4560929.71252106],[-4493497.175999027,4561620.0524613755],[-4420958.305521973,4562026.075874349],[-4348224.97646718,4562114.199567721],[-4275292.199458812,4561851.88577394],[-4202155.347422505,4561207.837745887],[-4128810.3223526734,4560152.19560824],[-4055253.7326676617,4558656.73022731],[-3981483.078780352,4556695.032688189],[-3907496.9440231575,4554242.696820905],[-3833295.187601585,4551277.492104166],[-3758879.1358321337,4547779.524204657],[-3684251.7675695214,4543731.380389987],[-3609417.8894694354,4539118.257092391],[-3534384.2965866006,4533928.067005669],[-3485585.811383073,4530246.421391348],[-3459181.0317892283,4525459.1272840975],[-3384067.572154396,4511434.45700104],[-3309123.9966891105,4496867.626315921],[-3234356.2185770553,4481797.893993688],[-3159768.5248674788,4466266.102360424],[-3085363.807554531,4450314.391478673],[-3011143.7871520193,4433985.918897976],[-2937109.224842773,4417324.588673284],[-2863260.1202176926,4400374.792689938],[-2789595.8924936927,4383181.166698195],[-2716115.543888331,4365788.362861078],[-2642817.804517364,4348240.840069737],[-2569701.2587627056,4330582.672788619],[-2496764.453532142,4312857.378762947],[-2424005.9892032687,4295107.765554305],[-2351424.594320274,4277375.795564405],[-2279019.185304081,4259702.468959939],[-2206788.9125548676,4242127.723717141],[-2134733.194383279,4224690.351858743],[-2062851.7402137762,4207427.930852369],[-1991144.5644714094,4190376.7690724246],[-1919611.992501224,4173571.864191646],[-1848254.6597862248,4157046.8733586557],[-1777073.5056319295,4140834.0940290242]]]},"properties":{"type":"parallel","value":60}},
{"type":"Feature","geometry":{"type":"MultiLineString","coordinates":[[[-1929054.020613854,7199923.227283195],[-1874932.5394835798,7164165.513602861],[-1820964.1552179023,7129323.167950112],[-1767155.0020216396,7095393.9825166315],[-1713510.697387505,7062374.999370112],[-1660036.4013333516,7030262.627105994],[-1606736.8677917728,6999052.738887979],[-1553616.4893182071,6968740.755127231],[-1500679.3360976304,6939321.713426096],[-1447929.1900746564,6910790.327918111],[-1395369.5749026686,6883141.039743074],[-1343003.7822992823,6856368.060081487],[-1290834.8953058731,6830465.406920585],[-1238865.8088730644,6805426.936520258],[-1187099.2481311592,6781246.370382143],[-1135537.784651575,6757917.318390915],[-1084183.8509608307,6735433.298686941],[-1033039.7535309397,6713787.754739195],[-982107.6844386524,6692974.070013386],[-931389.7318590855,6672985.5805687085],[-880887.8895364136,6653815.585865645],[-830604.0653553462,6635457.358025027],[-780540.0891200867,6617904.1497429395],[-730697.7196341736,6601149.20103656],[-681078.6511617255,6585185.744970807],[-631684.5193410142,6570007.012494889],[-582516.9066120343,6555606.236499788],[-533577.3472120521,6541976.655192748],[-484867.33178688755,6529111.514872012],[-436388.3116594793,6517004.072173954],[-388141.7027927096,6505647.595855513],[-340128.8894788912,6495035.368166761],[-292351.2277848241,6485160.6858615745],[-244810.0487777235,6476016.860888398],[-197506.66155472194,6467597.2207979895],[-150442.3560960324,6459895.108900617],[-103618.40595950332,6452903.88420139],[-57036.07083269684,6446616.921138997],[-10696.598956377607,6441027.609150284],[35398.77056772444,6436129.352080539],[81248.80557366379,6431915.567457335],[126852.27872256232,6428379.685643586],[172207.96547933377,6425515.148884005],[217314.64216685086,6423315.410257675],[262171.0840905308,6421773.932548042],[306776.0637268181,6420884.187040665],[351128.34897008154,6420639.652257929],[395226.70143285627,6421033.812639203],[439069.87479500775,6422060.157174042],[482656.6131980141,6423712.177995467],[525985.6496809572,6425983.368939674],[569055.7046553323,6428867.224078114],[611865.484416074,6432357.236227365],[654413.6796869196,6436446.895441827],[696698.9641980806,6441129.687493969],[738719.9932950111,6446399.092346531],[780475.4025771356,6452248.582620792],[821963.8065657187,6458671.622064845],[863183.7974003863,6465661.664025611],[904133.9435640404,6473212.149928083],[944812.7886362209,6481316.507765234],[985218.8500751307,6489968.150601885],[1025350.6180287796,6499160.475095635],[1065206.5541760304,6508886.860037971],[1069331.4127212288,6509927.717689125],[1107044.6956112133,6517815.94648714],[1148867.9757124793,6527063.045377503],[1190410.644812822,6536773.137997434],[1231668.7116439592,6546940.3933608215],[1272638.1709140276,6557559.032218342],[1313315.0041492102,6568623.325668654],[1353695.1805658727,6580127.593758036],[1393774.6579721048,6592066.204070692],[1433549.3836974772,6604433.570311931],[1473015.2955498411,6617224.150886414],[1512168.3227982468,6630432.447473416],[1551004.387180851,6644053.003601195],[1589519.403936857,6658080.403222259],[1627709.2828615513,6672509.269291481],[1665569.9293835147,6687334.262348728],[1703097.2456630678,6702550.079107763],[1740287.1317110367,6718151.451053042],[1777135.4865270797,6734133.143045964],[1813638.2092565638,6750489.951942068],[1849791.2003651974,6767216.705220665],[1885590.362830634,6784308.259628215],[1921031.6033500547,6801759.499836852],[1956110.8335630053,6819565.337119234],[1990823.9712886375,6837720.708040974],[2025166.9417763848,6856220.573171799],[2059135.678969411,6875059.915816468],[2092726.1267798343,6894233.740766561],[2125934.2403749186,6913737.073074047],[2158755.9874734073,6933564.956847571],[2191187.3496510605,6953712.45407238],[2223224.3236546167,6974174.643454607],[2254862.9227231755,6994946.619290777],[2286099.177916231,7016023.490363178],[2316929.139447402,7037400.378861795],[2347348.878022954,7059072.419333419],[2377354.486184227,7081034.757658474],[2406942.079653009,7103282.55005612],[2436107.7986790175,7125810.962118059],[2464847.8093884294,7148615.167871511],[2493158.305132627,7171690.3488717005],[2521035.507836149,7195031.693324225],[2548475.6693429397,7218634.395237578],[2575475.0727599217,7242493.65360606],[2602030.0337968525,7266604.671623331],[2628136.9021016816,7290962.655926711],[2653792.0625902093,7315562.815872414],[2678991.936769269,7340400.36284173],[2703732.984052305,7365470.509578273],[2728011.70306649,7390768.4695562385],[2751824.6329503106,7416289.456379683],[2775168.354640678,7442028.68321273],[2798039.4921486042,7467981.36224062],[2820434.713822456,7494142.7041614335],[2842350.733597741,7520507.917708356],[2863784.312232641,7547072.209202223],[2884732.258528083,7573830.7821341455],[2905191.430531631,7600778.836777926],[2925158.7367240717,7627911.569831941],[2944631.137187819,7655224.174090186],[2963605.644756254,7682711.838142079],[2982079.3261429984,7710369.746100649],[3000049.303050224,7738193.077358663],[3017512.75325518,7766177.006372267],[3034466.911673937,7794316.7024716],[3050909.0714015816,7822607.329697949],[3066836.5847279546,7851044.046666837],[3082246.8641281133,7879622.006456523],[3097137.3832266885,7908336.3565213345],[3111505.6777354092,7937182.238629179],[3125349.346362844,7966154.788822675],[3138666.051695871,7995249.137403166],[3151453.521051885,8024460.408937013],[3163709.5473011816,8053783.72228343],[3175431.9896588027,8083214.190643181],[3186618.774445154,8112746.921627342],[3197267.8958148086,8142377.017345477],[3207377.4164528637,8172099.574512368],[3216945.468238243,8201909.6845725635],[3225970.252873503,8231802.433841927],[3234450.04248044,8261772.903665407],[3242383.180161234,8291816.170590132],[3249768.0805244544,8321927.306553074],[3256603.2301756893,8352101.379082375],[3262887.1881722584,8382333.451511475],[3268618.586441704,8412618.583205206],[3273796.1301637674,8442951.82979693],[3278418.598115517,8473328.243435863],[3282484.842979304,8503742.873043658],[3285993.7916135076,8534190.764579378],[3288944.4452856155,8564666.961311907],[3291335.8798677465,8595166.504098946],[3293167.245994287,8625684.431671586],[3294437.7691816567,8656215.780923648],[3295146.749910159,8686755.587204767],[3295293.563667826,8717298.884616364],[3294877.6609563837,8747840.70630953],[3293898.567259249,8778376.084783956],[3292355.8829718144,8808900.052186912],[3290249.2832940086,8839407.64061144],[3287578.518085365,8869893.882392745],[3284343.4116827575,8900353.81040197],[3280543.862681051,8930782.45833636],[3276179.8436769308,8961174.861004964],[3271251.4009761782,8991526.054608932],[3265758.6542647625,9021831.077015584],[3259701.796244054,9052084.96802526],[3253081.092230583,9082282.769630171],[3245896.8797208364,9112419.526264345],[3238890.428937548,9139709.334607292]],[[-10210061.232200509,9139708.385201324],[-10209321.19068747,9136930.521280639],[-10201011.260010878,9106930.71032844],[-10192139.261538474,9077006.794046331],[-10182705.816449566,9047163.715941746],[-10172711.61541846,9017406.41599399],[-10162157.417979514,8987739.830475418],[-10151044.051860968,8958168.891787346],[-10139372.412288122,8928698.52831141],[-10127143.461256618,8899333.664277187],[-10114358.226776414,8870079.219646774],[-10101017.80208727,8840940.110017138],[-10087123.34484642,8811921.246540863],[-10072676.076289205,8783027.5358661],[-10057677.280363444,8754263.880096322],[-10042128.302838337,8725635.176770598],[-10026030.550388731,8697146.318865066],[-10009385.489655547,8668802.194816193],[-9992194.64628324,8640607.68856648],[-9974459.603935134,8612567.679633204],[-9956182.003287546,8584687.043200811],[-9937363.541003507,8556970.650237484],[-9918005.96868707,8529423.367636485],[-9898111.091819067,8502050.058382781],[-9877680.768675195,8474855.581745472],[-9856716.909227496,8447844.79349653],[-9835221.474029979,8421022.546156326],[-9813196.473089484,8394393.689266374],[-9790643.964722686,8367963.069689802],[-9767566.054400172,8341735.531939899],[-9743964.893578585,8315715.9185371725],[-9719842.678521786,8289909.070395331],[-9695201.649112042,8264319.82723648],[-9670044.087652141,8238953.028035965],[-9644372.317659516,8213813.511497091],[-9618188.702653244,8188906.1165561285],[-9591495.64493499,8164235.682917785],[-9564295.58436488,8139807.051621467],[-9536590.997133205,8115625.065638577],[-9508384.394529056,8091694.570501022],[-9479678.32170679,8068020.41496118],[-9450475.356451409,8044607.451683459],[-9420778.107943732,8021460.537967652],[-9390589.215526499,7998584.536504156],[-9359911.347472273,7975984.316161238],[-9328747.199754229,7953664.752804344],[-9297099.494820826,7931630.73014761],[-9264970.980375336,7909887.140637503],[-9232364.428161295,7888438.886368691],[-9199282.632754905,7867290.88003205],[-9165728.41036535,7846448.045894795],[-9131704.597644195,7825915.320812663],[-9097214.050504804,7805697.655273981],[-9062259.642952932,7785800.014475546],[-9026844.265929578,7766227.379430073],[-8990970.826167125,7746984.748105047],[-8954642.24506004,7728077.136592662],[-8917861.457551165,7709509.5803106055],[-8880631.411034849,7691287.135233316],[-8842955.064278154,7673414.879153324],[-8804835.38636137,7655897.912972241],[-8766275.355639152,7638741.362020881],[-8727277.958723642,7621950.377408001],[-8687846.18949098,7605530.1373970015],[-8647983.048112705,7589485.848809894],[-8607691.540113566,7573822.748457835],[-8566974.675457362,7558546.104597314],[-8525835.467662599,7543661.218411085],[-8484276.93294967,7529173.4255128605],[-8442302.089421637,7515088.097474565],[-8399913.9562805,7501410.643374981],[-8357115.553081342,7488146.511368366],[-8313909.899026565,7475301.19027156],[-8270300.0123028,7462880.211167945],[-8226288.909463301,7450889.1490264125],[-8181879.604858622,7439333.624333393],[-8137075.110118965,7428219.30473568],[-8091878.433691514,7417551.906691744],[-8046292.580436668,7407337.197128778],[-8000320.55128727,7397580.995102621],[-7953965.342975289,7388289.173457363],[-7907229.947831017,7379467.660481015],[-7860117.35366017,7371122.44155342],[-7812630.543704872,7363259.560782062],[-7764772.496695138,7355885.122621018],[-7716546.186998118,7349005.293467805],[-7667954.584873197,7342626.303232303],[-7619000.656841837,7336754.446871307],[-7569687.366182069,7331396.085881577],[-7520017.673558682,7326557.649743438],[-7469994.537801306,7322245.6373061305],[-7419620.9168441,7318466.618105124],[-7368899.768842295,7315227.233600416],[-7317834.0534827,7312534.198323691],[-7266426.733507252,7310394.300920673],[-7214680.776471168,7308814.405073453],[-7162599.156759836,7307801.450285701],[-7110184.857891645,7307362.452511628],[-7057440.875137492,7307504.504607088],[-7004370.218491632,7308234.77657862],[-6950975.916033276,7309560.515602984],[-6897261.017723424,7311489.045786307],[-6843228.599687703,7314027.767627764],[-6788881.769042873,7317184.157148042],[-6734223.669333027,7320965.764637446],[-6679257.486650708,7325380.212972103],[-6623986.456529332,7330435.195439586],[-6618397.650717784,7330980.644401862],[-6570233.119027276,7335107.12407072],[-6516366.37851504,7340374.757105539],[-6462182.06333229,7346365.233448513],[-6407680.939888452,7353087.14244524],[-6352863.830677573,7360549.053086638],[-6297731.626397971,7368759.507130135],[-6242285.299418332,7377727.01094209],[-6186525.9187756535,7387460.025855972],[-6130454.6669211835,7397966.956804299],[-6074072.858466361,7409256.138938829],[-6017381.961223446,7421335.821900765],[-5960383.619886565,7434214.151338718],[-5903079.682759286,7447899.147194711],[-5845472.232007309,7462398.678183691],[-5787563.618001896,7477720.431775733],[-5729356.498423911,7493871.878847457],[-5670853.8829246415,7510860.231992238],[-5612059.184291879,7528692.396259739],[-5552976.277254442,7547374.910821797],[-5493609.566283584,7566913.879718804],[-5433964.064023203,7587314.889409534],[-5374045.482316124,7608582.910300997],[-5313860.338203322,7630722.178740135],[-5253416.077775814,7653736.055060697],[-5192721.221375956,7677626.852135583],[-5131785.534402338,7702395.62740735],[-5070620.22890219,7728041.929447518],[-5009238.202272605,7754563.4875820065],[-4947654.320778456,7781955.829814161],[-4885885.757271366,7810211.809905549],[-4823952.394497427,7839321.018662699],[-4761877.307727037,7869269.046714606],[-4699687.343099485,7900036.555650191],[-4637413.810919591,7931598.100367765],[-4575093.315860454,7963920.626589443],[-4512768.747945316,7996961.542026612],[-4450490.457991223,8030666.225498963],[-4388317.636434773,8064964.792849381],[-4326319.900653375,8099767.879117416],[-4264579.065146101,8134961.12140154],[-4203191.007713444,8170397.937776618],[-4142267.430800345,8205890.1049696],[-4081937.115969523,8241195.5717726],[-4022345.933347436,8276002.978644319],[-3963654.345744137,8309912.637700177],[-3906030.426263736,8342414.543148531],[-3849635.628880144,8372865.781605637],[-3794600.2449361724,8400473.035679914],[-3740986.8951723194,8424290.904477783],[-3688745.5337643325,8443252.17353922],[-3637673.5721978173,8456247.47065167],[-3587406.4075216632,8462261.325727135],[-3537464.631348313,8460544.710555127],[-3487360.0531721567,8450770.448271587],[-3485585.8113830714,8450279.504042715],[-3437177.466758788,8428223.891067546],[-3387110.627818387,8398634.175659087],[-3336840.9318650654,8363394.024256564],[-3286142.91576067,8323692.9607043965],[-3234893.084802779,8280594.641361375],[-3183050.105044842,8234996.100828278],[-3130627.9419988138,8187626.940884402],[-3077672.6311569256,8139067.990620448],[-3024245.693841163,8089776.285199114],[-2970413.6169146476,8040109.564233783],[-2916241.7864739057,7990347.508811072],[-2861791.343552917,7940709.046621014],[-2807117.818860134,7891365.991747815],[-2752270.7850919263,7842453.606915904],[-2697294.05233588,7794078.713478245],[-2642226.1246059965,7746325.901160188],[-2587100.756836231,7699262.2866924135],[-2531947.525028478,7652941.171801836],[-2476792.365288806,7607404.867985566],[-2421658.062013357,7562686.889773661],[-2366564.6789957946,7518813.667837399],[-2311529.93431553,7475805.895395921],[-2256569.5232827156,7433679.593092319],[-2201697.3950881204,7392446.9564859215],[-2146925.9890781045,7352117.03468231],[-2092266.4362905647,7312696.276989494],[-2037728.731352311,7274188.975798885],[-1983321.8792178223,7236597.627369892],[-1929054.020613854,7199923.227283195]]]},"properties":{"type":"parallel","value":75}},
{"type":"Feature","geometry":null,"properties":{"type":"parallel","value":90}}
]}