{"type":"FeatureCollection", "features": [
{"type":"Feature","geometry":{"type":"LineString","coordinates":[[-17811118.526923772,-8683259.716434667],[-17953488.50692971,-8660478.767514255],[-18036937.102553193,-8625836.15437665],[-18106740.50661573,-8584622.51888479],[-18168848.7114255,-8538450.048953092],[-18225728.94580498,-8488190.720617821],[-18278705.44482744,-8434406.387022449],[-18328592.41191277,-8377495.197655201],[-18375935.182836253,-8317757.010765432],[-18421121.30255002,-8255427.508667978],[-18464438.44321975,-8190697.910137991],[-18506107.39791593,-8123727.229896518],[-18546302.17149158,-8054650.339143485],[-18585162.870015055,-7983583.501818136],[-18622804.325237766,-7910628.31346972],[-18659322.068787154,-7835874.5862785345],[-18694796.59256686,-7759402.514377154],[-18729296.463124752,-7681284.333135863],[-18762880.647360735,-7601585.613662388],[-18795600.281872872,-7520366.288602985],[-18827500.041215066,-7437681.476252508],[-18858619.21142413,-7353582.15073081],[-18888992.543261155,-7268115.692924381],[-18918650.93828748,-7181326.347840591],[-18947622.006339468,-7093255.607625096],[-18975930.522837907,-7003942.534893625],[-19003598.807197474,-6913424.037669907],[-19030647.038445044,-6821735.104732389],[-19057093.520393528,-6728909.008304882],[-19082954.905937262,-6634977.479606813],[-19108246.387954514,-6539970.861689825],[-19132981.862728644,-6443918.243142186],[-19157174.070596643,-6346847.575580962],[-19180834.71760526,-6248785.777329337],[-19203974.581232138,-6149758.825260561],[-19226603.602661993,-6049791.83645629],[-19248730.96765866,-5948909.141057543],[-19270365.177716233,-5847134.347467269],[-19291514.11288511,-5744490.400884273],[-19312185.087437075,-5640999.636000505],[-19332384.899344794,-5536683.82457167],[-19352119.874397345,-5431564.21846948],[-19371395.90564674,-5325661.588738843],[-19390218.48877579,-5218996.26111212],[-19408592.75389104,-5111588.148372192],[-19426523.494172096,-5003456.779905257],[-19444015.191748094,-4894621.32874084],[-19461072.041121077,-4785100.636339522],[-19477697.97041307,-4674913.235357148],[-19493896.660677142,-4564077.370587006],[-19516632.0735842,-4452779.631730943],[-19541348.380952552,-4341460.140937669],[-19565537.643546253,-4230140.650144396],[-19589192.493081592,-4118821.159351122],[-19612305.72406225,-4007501.6685578483],[-19634870.29597416,-3896182.1777645745],[-19656879.335430145,-3784862.6869713017],[-19678326.138263572,-3673543.196178028],[-19699204.17157054,-3562223.705384754],[-19719507.07569985,-3450904.2145914803],[-19739228.666190226,-3339584.723798207],[-19758362.935654163,-3228265.2330049337],[-19776904.055607818,-3116945.74221166],[-19794846.378246445,-3005626.251418386],[-19812184.438164756,-2894306.760625113],[-19828912.95402174,-2782987.269831839],[-19845026.83014942,-2671667.7790385657],[-19860521.15810502,-2560348.2882452924],[-19875391.21816616,-2449028.7974520186],[-19889632.480768483,-2337709.3066587453],[-19903240.607885454,-2226389.8158654715],[-19916211.454349715,-2115070.325072198],[-19928541.069115795,-2003750.8342789242],[-19940225.69646359,-1892431.3434856508],[-19951261.777142417,-1781111.852692377],[-19961645.949455194,-1669792.3618991035],[-19971375.05028244,-1558472.87110583],[-19980446.1160458,-1447153.3803125564],[-19988856.383610763,-1335833.8895192828],[-19996603.291128356,-1224514.3987260093],[-20003684.47881551,-1113194.9079327357],[-20010097.789673854,-1001875.4171394621],[-20015841.270146772,-890555.9263461885],[-20020913.170714475,-779236.435552915],[-20025311.94642692,-667916.9447596414],[-20029036.25737441,-556597.4539663679],[-20032084.96909575,-445277.96317309426],[-20034457.15292383,-333958.4723798207],[-20036152.086268455,-222638.98158654713],[-20037169.252836525,-111319.49079327357],[-20037508.342789244,0],[-20036151.982978374,111319.49079327357],[-20032083.316706102,222638.98158654713],[-20025303.583327584,333958.4723798207],[-20015814.848015293,445277.96317309426],[-20003620.001129918,556597.4539663679],[-19988722.757339954,667916.9447596414],[-19971127.654490177,779236.435552915],[-19950840.05221936,890555.9263461885],[-19927866.130327687,1001875.4171394621],[-19902212.88689431,1113194.9079327357],[-19873888.1361457,1224514.3987260093],[-19842900.50607532,1335833.8895192828],[-19809259.435815465,1447153.3803125564],[-19772975.172762036,1558472.87110583],[-19734058.769453045,1669792.3618991035],[-19692522.080201935,1781111.852692377],[-19648377.757486623,1892431.3434856508],[-19601639.24809545,2003750.8342789242],[-19552320.78903114,2115070.325072198],[-19500437.40317408,2226389.8158654715],[-19446004.894706212,2337709.3066587453],[-19389039.844296906,2449028.7974520186],[-19329559.604052365,2560348.2882452924],[-19267582.29222995,2671667.7790385657],[-19203126.787719235,2782987.269831839],[-19136212.72429129,2894306.760625113],[-19066860.484618053,3005626.251418386],[-18995091.194063548,3116945.74221166],[-18920926.714248925,3228265.2330049337],[-18844389.636393186,3339584.723798207],[-18765503.274431676,3450904.2145914803],[-18684291.657914434,3562223.705384754],[-18600779.52468657,3673543.196178028],[-18514992.313352864,3784862.6869713017],[-18426956.15552893,3896182.1777645745],[-18336697.867881265,4007501.6685578483],[-18244244.943958633,4118821.159351122],[-18149625.545817282,4230140.650144396],[-18052868.495442476,4341460.140937669],[-17954003.265969075,4452779.631730943],[-17863061.614340845,4564077.370587006],[-17798266.853284545,4674913.235357148],[-17731763.136116575,4785100.636339522],[-17663535.73862465,4894621.32874084],[-17593568.948320657,5003456.779905257],[-17521845.987196434,5111588.148372192],[-17448348.92673544,5218996.26111212],[-17373058.59421924,5325661.588738843],[-17295954.46922165,5431564.21846948],[-17217014.569011442,5536683.82457167],[-17136215.321380585,5640999.636000505],[-17053531.423172716,5744490.400884273],[-16968935.682497196,5847134.347467269],[-16882398.842266917,5948909.141057543],[-16793889.38228025,6049791.83645629],[-16703373.296560826,6149758.825260561],[-16610813.842053303,6248785.777329337],[-16516171.254018852,6346847.575580962],[-16419402.422546854,6443918.243142186],[-16320460.523450335,6539970.861689825],[-16219294.595381329,6634977.479606813],[-16115849.05320638,6728909.008304882],[-16010063.125412455,6821735.104732389],[-15901870.200422166,6913424.037669907],[-15791197.062983898,7003942.534893625],[-15677962.996990148,7093255.607625096],[-15562078.724782202,7181326.347840591],[-15443445.144676903,7268115.692924381],[-15321951.817328794,7353582.15073081],[-15197475.136492535,7437681.476252508],[-15069876.099123761,7520366.288602985],[-14938997.56107521,7601585.613662388],[-14804660.824131291,7681284.333135863],[-14666661.341899712,7759402.514377154],[-14524763.246780891,7835874.5862785345],[-14378692.272583326,7910628.31346972],[-14228126.451692482,7983583.501818136],[-14072683.657598587,8054650.339143485],[-13911904.563295994,8123727.229896518],[-13745228.744511276,8190697.910137991],[-13571960.181832358,8255427.508667978],[-13391215.70297728,8317757.010765432],[-13201844.619283346,8377495.197655201],[-13002296.750942037,8434406.387022449],[-12790390.754852194,8488190.720617821],[-12562869.817334281,8538450.048953092],[-12314436.998095186,8584622.51888479],[-12035223.381845053,8625836.15437665],[-11701428.99935112,8660478.767514255],[-11131949.079327356,8683259.716434667]]},"properties":{"type":"meridian","value":-180}},
{"type":"Feature","geometry":{"type":"LineString","coordinates":[[-17811118.526923772,-8683259.716434667],[-17846711.021925256,-8660478.767514255],[-17867573.170831125,-8625836.15437665],[-17885024.02184676,-8584622.51888479],[-17900551.073049203,-8538450.048953092],[-17914771.131644074,-8488190.720617821],[-17928015.256399687,-8434406.387022449],[-17940486.99817102,-8377495.197655201],[-17952322.69090189,-8317757.010765432],[-17963619.220830332,-8255427.508667978],[-17974448.505997766,-8190697.910137991],[-17984865.74467181,-8123727.229896518],[-17994914.438065723,-8054650.339143485],[-18004629.61269659,-7983583.501818136],[-18014039.976502266,-7910628.31346972],[-18023169.412389614,-7835874.5862785345],[-18032038.043334544,-7759402.514377154],[-18040663.010974016,-7681284.333135863],[-18049059.05703301,-7601585.613662388],[-18057238.965661045,-7520366.288602985],[-18065213.905496594,-7437681.476252508],[-18072993.69804886,-7353582.15073081],[-18080587.031008117,-7268115.692924381],[-18088001.6297647,-7181326.347840591],[-18095244.396777693,-7093255.607625096],[-18102321.525902305,-7003942.534893625],[-18109238.596992195,-6913424.037669907],[-18116000.65480409,-6821735.104732389],[-18122612.27529121,-6728909.008304882],[-18129077.62167714,-6634977.479606813],[-18135400.492181458,-6539970.861689825],[-18141584.36087499,-6443918.243142186],[-18147632.412841987,-6346847.575580962],[-18153547.57459414,-6248785.777329337],[-18159332.54050086,-6149758.825260561],[-18164989.795858324,-6049791.83645629],[-18170521.637107495,-5948909.141057543],[-18175930.189621884,-5847134.347467269],[-18181217.423414107,-5744490.400884273],[-18186385.167052098,-5640999.636000505],[-18191435.120029025,-5536683.82457167],[-18196368.863792166,-5431564.21846948],[-18201187.871604513,-5325661.588738843],[-18205893.517386775,-5218996.26111212],[-18210487.083665587,-5111588.148372192],[-18214969.768735852,-5003456.779905257],[-18219342.693129852,-4894621.32874084],[-18223606.905473094,-4785100.636339522],[-18227763.387796093,-4674913.235357148],[-18231813.06036211,-4564077.370587006],[-18237496.913588878,-4452779.631730943],[-18243675.990430966,-4341460.140937669],[-18249723.30607939,-4230140.650144396],[-18255637.018463224,-4118821.159351122],[-18261415.32620839,-4007501.6685578483],[-18267056.46918637,-3896182.1777645745],[-18272558.729050364,-3784862.6869713017],[-18277920.42975872,-3673543.196178028],[-18283139.938085463,-3562223.705384754],[-18288215.664117787,-3450904.2145914803],[-18293146.061740384,-3339584.723798207],[-18297929.62910637,-3228265.2330049337],[-18302564.90909478,-3116945.74221166],[-18307050.48975444,-3005626.251418386],[-18311385.004734017,-2894306.760625113],[-18315567.133698262,-2782987.269831839],[-18319595.60273018,-2671667.7790385657],[-18323469.184719082,-2560348.2882452924],[-18327186.699734367,-2449028.7974520186],[-18330747.015384946,-2337709.3066587453],[-18334149.04716419,-2226389.8158654715],[-18337391.758780256,-2115070.325072198],[-18340474.162471775,-2003750.8342789242],[-18343395.319308724,-1892431.3434856508],[-18346154.339478433,-1781111.852692377],[-18348750.382556625,-1669792.3618991035],[-18351182.657763436,-1558472.87110583],[-18353450.42420428,-1447153.3803125564],[-18355552.991095517,-1335833.8895192828],[-18357489.717974916,-1224514.3987260093],[-18359260.014896706,-1113194.9079327357],[-18360863.34261129,-1001875.4171394621],[-18362299.21272952,-890555.9263461885],[-18363567.187871445,-779236.435552915],[-18364666.881799556,-667916.9447596414],[-18365597.95953643,-556597.4539663679],[-18366360.137466766,-445277.96317309426],[-18366953.183423784,-333958.4723798207],[-18367376.91675994,-222638.98158654713],[-18367631.20840196,-111319.49079327357],[-18367715.980890136,0],[-18366613.938543808,111319.49079327357],[-18363308.147197586,222638.98158654713],[-18357799.61382754,333958.4723798207],[-18350090.0163863,445277.96317309426],[-18340181.703291938,556597.4539663679],[-18328077.69271259,667916.9447596414],[-18313781.671647146,779236.435552915],[-18297297.99480211,890555.9263461885],[-18278631.683265124,1001875.4171394621],[-18257788.422975507,1113194.9079327357],[-18234774.56299226,1224514.3987260093],[-18209597.113560073,1335833.8895192828],[-18182263.743973944,1447153.3803125564],[-18152782.78024303,1558472.87110583],[-18121163.202554476,1669792.3618991035],[-18087414.64253795,1781111.852692377],[-18051547.38033176,1892431.3434856508],[-18013572.341451433,2003750.8342789242],[-17973501.09346168,2115070.325072198],[-17931345.842452817,2226389.8158654715],[-17887119.429322675,2337709.3066587453],[-17840835.325865116,2449028.7974520186],[-17792507.630666424,2560348.2882452924],[-17742151.064810712,2671667.7790385657],[-17689780.96739576,2782987.269831839],[-17635413.290860556,2894306.760625113],[-17579064.596126046,3005626.251418386],[-17520752.04755051,3116945.74221166],[-17460493.40770113,3228265.2330049337],[-17398307.031943344,3339584.723798207],[-17334211.86284961,3450904.2145914803],[-17268227.424429357,3562223.705384754],[-17200373.816181716,3673543.196178028],[-17130671.70697308,3784862.6869713017],[-17059142.328741133,3896182.1777645745],[-16985807.470027402,4007501.6685578483],[-16910689.46934027,4118821.159351122],[-16833811.20835042,4230140.650144396],[-16755196.104920892,4341460.140937669],[-16674868.10597375,4452779.631730943],[-16600978.014025815,4564077.370587006],[-16548332.270667572,4674913.235357148],[-16494298.000468593,4785100.636339522],[-16438863.240006406,4894621.32874084],[-16382015.222884415,5003456.779905257],[-16323740.31697098,5111588.148372192],[-16264023.955346422,5218996.26111212],[-16202850.56017701,5325661.588738843],[-16140203.45861647,5431564.21846948],[-16076064.789695678,5536683.82457167],[-16010415.400995603,5640999.636000505],[-15943234.733701712,5744490.400884273],[-15874500.69440285,5847134.347467269],[-15804189.511715751,5948909.141057543],[-15732275.57547658,6049791.83645629],[-15658731.25582955,6149758.825260561],[-15583526.699042188,6248785.777329337],[-15506629.596264197,6346847.575580962],[-15428004.920693196,6443918.243142186],[-15347614.627677277,6539970.861689825],[-15265417.311121209,6634977.479606813],[-15181367.808104062,6728909.008304882],[-15095416.741771499,6821735.104732389],[-15007509.99021689,6913424.037669907],[-14917588.066048296,7003942.534893625],[-14825585.387428373,7093255.607625096],[-14731429.41625942,7181326.347840591],[-14635039.632423863,7268115.692924381],[-14536326.303953525,7353582.15073081],[-14435189.000774063,7437681.476252508],[-14331514.782911934,7520366.288602985],[-14225175.970747488,7601585.613662388],[-14116027.371980553,7681284.333135863],[-14003902.792667395,7759402.514377154],[-13888610.590383353,7835874.5862785345],[-13769927.923847834,7910628.31346972],[-13647593.194374021,7983583.501818136],[-13521295.924172733,8054650.339143485],[-13390662.910051875,8123727.229896518],[-13255238.80728929,8190697.910137991],[-13114458.100112671,8255427.508667978],[-12967603.211042922,8317757.010765432],[-12813739.205541598,8377495.197655201],[-12651606.562514285,8434406.387022449],[-12479432.940691285,8488190.720617821],[-12294572.178957984,8538450.048953092],[-12092720.513326218,8584622.51888479],[-11865859.450122984,8625836.15437665],[-11594651.514346665,8660478.767514255],[-11131949.079327356,8683259.716434667]]},"properties":{"type":"meridian","value":-165}},
{"type":"Feature","geometry":{"type":"LineString","coordinates":[[-17811118.526923772,-8683259.716434667],[-17739933.5369208,-8660478.767514255],[-17698209.239109058,-8625836.15437665],[-17663307.537077792,-8584622.51888479],[-17632253.434672903,-8538450.048953092],[-17603813.317483168,-8488190.720617821],[-17577325.067971937,-8434406.387022449],[-17552381.58442927,-8377495.197655201],[-17528710.19896753,-8317757.010765432],[-17506117.139110647,-8255427.508667978],[-17484458.56877578,-8190697.910137991],[-17463624.09142769,-8123727.229896518],[-17443526.704639867,-8054650.339143485],[-17424096.35537813,-7983583.501818136],[-17405275.627766773,-7910628.31346972],[-17387016.755992077,-7835874.5862785345],[-17369279.494102225,-7759402.514377154],[-17352029.55882328,-7681284.333135863],[-17335237.46670529,-7601585.613662388],[-17318877.64944922,-7520366.288602985],[-17302927.769778125,-7437681.476252508],[-17287368.184673592,-7353582.15073081],[-17272181.51875508,-7268115.692924381],[-17257352.321241915,-7181326.347840591],[-17242866.787215922,-7093255.607625096],[-17228712.528966703,-7003942.534893625],[-17214878.386786923,-6913424.037669907],[-17201354.271163132,-6821735.104732389],[-17188131.030188896,-6728909.008304882],[-17175200.337417025,-6634977.479606813],[-17162554.5964084,-6539970.861689825],[-17150186.859021336,-6443918.243142186],[-17138090.755087335,-6346847.575580962],[-17126260.43158303,-6248785.777329337],[-17114690.499769587,-6149758.825260561],[-17103375.989054658,-6049791.83645629],[-17092312.30655633,-5948909.141057543],[-17081495.201527543,-5847134.347467269],[-17070920.7339431,-5744490.400884273],[-17060585.246667117,-5640999.636000505],[-17050485.34071326,-5536683.82457167],[-17040617.853186987,-5431564.21846948],[-17030979.837562285,-5325661.588738843],[-17021568.54599776,-5218996.26111212],[-17012381.413440138,-5111588.148372192],[-17003416.043299608,-5003456.779905257],[-16994670.19451161,-4894621.32874084],[-16986141.76982512,-4785100.636339522],[-16977828.805179123,-4674913.235357148],[-16969729.460047085,-4564077.370587006],[-16958361.753593557,-4452779.631730943],[-16946003.599909384,-4341460.140937669],[-16933908.968612533,-4230140.650144396],[-16922081.543844864,-4118821.159351122],[-16910524.928354535,-4007501.6685578483],[-16899242.642398577,-3896182.1777645745],[-16888238.122670583,-3784862.6869713017],[-16877514.721253872,-3673543.196178028],[-16867075.704600386,-3562223.705384754],[-16856924.25253573,-3450904.2145914803],[-16847063.45729054,-3339584.723798207],[-16837496.322558574,-3228265.2330049337],[-16828225.762581747,-3116945.74221166],[-16819254.601262435,-3005626.251418386],[-16810585.57130328,-2894306.760625113],[-16802221.313374788,-2782987.269831839],[-16794164.375310946,-2671667.7790385657],[-16786417.211333144,-2560348.2882452924],[-16778982.181302577,-2449028.7974520186],[-16771861.550001414,-2337709.3066587453],[-16765057.486442931,-2226389.8158654715],[-16758572.063210798,-2115070.325072198],[-16752407.255827758,-2003750.8342789242],[-16746564.942153862,-1892431.3434856508],[-16741046.90181445,-1781111.852692377],[-16735854.815658059,-1669792.3618991035],[-16730990.265244437,-1558472.87110583],[-16726454.732362757,-1447153.3803125564],[-16722249.598580278,-1335833.8895192828],[-16718376.14482148,-1224514.3987260093],[-16714835.550977904,-1113194.9079327357],[-16711628.895548733,-1001875.4171394621],[-16708757.155312272,-890555.9263461885],[-16706221.205028418,-779236.435552915],[-16704021.817172198,-667916.9447596414],[-16702159.661698451,-556597.4539663679],[-16700635.30583778,-445277.96317309426],[-16699449.213923745,-333958.4723798207],[-16698601.747251429,-222638.98158654713],[-16698093.163967397,-111319.49079327357],[-16697923.618991036,0],[-16697075.894109242,111319.49079327357],[-16694532.977689072,222638.98158654713],[-16690295.6443275,333958.4723798207],[-16684365.184757316,445277.96317309426],[-16676743.40545396,556597.4539663679],[-16667432.628085231,667916.9447596414],[-16656435.68880412,779236.435552915],[-16643755.937384859,890555.9263461885],[-16629397.236202562,1001875.4171394621],[-16613363.959056703,1113194.9079327357],[-16595660.989838822,1224514.3987260093],[-16576293.721044833,1335833.8895192828],[-16555268.052132426,1447153.3803125564],[-16532590.38772403,1558472.87110583],[-16508267.635655914,1669792.3618991035],[-16482307.204873968,1781111.852692377],[-16454717.003176901,1892431.3434856508],[-16425505.434807418,2003750.8342789242],[-16394681.397892222,2115070.325072198],[-16362254.28173156,2226389.8158654715],[-16328233.96393914,2337709.3066587453],[-16292630.807433328,2449028.7974520186],[-16255455.657280484,2560348.2882452924],[-16216719.837391477,2671667.7790385657],[-16176435.147072284,2782987.269831839],[-16134613.85742982,2894306.760625113],[-16091268.707634041,3005626.251418386],[-16046412.901037477,3116945.74221166],[-16000060.101153338,3228265.2330049337],[-15952224.4274935,3339584.723798207],[-15902920.451267555,3450904.2145914803],[-15852163.19094428,3562223.705384754],[-15799968.107676866,3673543.196178028],[-15746351.100593299,3784862.6869713017],[-15691328.501953341,3896182.1777645745],[-15634917.072173549,4007501.6685578483],[-15577133.994721906,4118821.159351122],[-15517996.87088356,4230140.650144396],[-15457523.71439931,4341460.140937669],[-15395732.945978431,4452779.631730943],[-15338894.413710788,4564077.370587006],[-15298397.688050598,4674913.235357148],[-15256832.864820616,4785100.636339522],[-15214190.741388166,4894621.32874084],[-15170461.49744817,5003456.779905257],[-15125634.64674553,5111588.148372192],[-15079698.983957408,5218996.26111212],[-15032642.526134783,5325661.588738843],[-14984452.448011292,5431564.21846948],[-14935115.010379914,5536683.82457167],[-14884615.480610622,5640999.636000505],[-14832938.044230707,5744490.400884273],[-14780065.706308506,5847134.347467269],[-14725980.181164581,5948909.141057543],[-14670661.768672915,6049791.83645629],[-14614089.215098275,6149758.825260561],[-14556239.556031074,6248785.777329337],[-14497087.93850954,6346847.575580962],[-14436607.418839542,6443918.243142186],[-14374768.731904218,6539970.861689825],[-14311540.02686109,6634977.479606813],[-14246886.563001748,6728909.008304882],[-14180770.358130544,6821735.104732389],[-14113149.780011613,6913424.037669907],[-14043979.069112696,7003942.534893625],[-13973207.7778666,7093255.607625096],[-13900780.107736636,7181326.347840591],[-13826634.120170824,7268115.692924381],[-13750700.790578255,7353582.15073081],[-13672902.865055595,7437681.476252508],[-13593153.466700109,7520366.288602985],[-13511354.380419765,7601585.613662388],[-13427393.919829816,7681284.333135863],[-13341144.243435077,7759402.514377154],[-13252457.933985816,7835874.5862785345],[-13161163.57511234,7910628.31346972],[-13067059.937055562,7983583.501818136],[-12969908.190746875,8054650.339143485],[-12869421.256807756,8123727.229896518],[-12765248.870067306,8190697.910137991],[-12656956.018392984,8255427.508667978],[-12543990.719108561,8317757.010765432],[-12425633.79179985,8377495.197655201],[-12300916.374086533,8434406.387022449],[-12168475.126530379,8488190.720617821],[-12026274.540581685,8538450.048953092],[-11871004.028557252,8584622.51888479],[-11696495.518400917,8625836.15437665],[-11487874.029342208,8660478.767514255],[-11131949.079327356,8683259.716434667]]},"properties":{"type":"meridian","value":-150}},
{"type":"Feature","geometry":{"type":"LineString","coordinates":[[-17811118.526923772,-8683259.716434667],[-17633156.051916346,-8660478.767514255],[-17528845.30738699,-8625836.15437665],[-17441591.052308824,-8584622.51888479],[-17363955.796296608,-8538450.048953092],[-17292855.50332226,-8488190.720617821],[-17226634.879544184,-8434406.387022449],[-17164276.170687523,-8377495.197655201],[-17105097.70703317,-8317757.010765432],[-17048615.057390958,-8255427.508667978],[-16994468.631553795,-8190697.910137991],[-16942382.438183572,-8123727.229896518],[-16892138.97121401,-8054650.339143485],[-16843563.09805967,-7983583.501818136],[-16796511.27903128,-7910628.31346972],[-16750864.09959454,-7835874.5862785345],[-16706520.94486991,-7759402.514377154],[-16663396.106672542,-7681284.333135863],[-16621415.876377566,-7601585.613662388],[-16580516.333237395,-7520366.288602985],[-16540641.634059653,-7437681.476252508],[-16501742.671298321,-7353582.15073081],[-16463776.006502036,-7268115.692924381],[-16426703.01271913,-7181326.347840591],[-16390489.177654149,-7093255.607625096],[-16355103.5320311,-7003942.534893625],[-16320518.176581642,-6913424.037669907],[-16286707.887522176,-6821735.104732389],[-16253649.785086576,-6728909.008304882],[-16221323.053156907,-6634977.479606813],[-16189708.70063534,-6539970.861689825],[-16158789.357167678,-6443918.243142186],[-16128549.097332679,-6346847.575580962],[-16098973.288571913,-6248785.777329337],[-16070048.459038312,-6149758.825260561],[-16041762.182250991,-6049791.83645629],[-16014102.97600516,-5948909.141057543],[-15987060.213433199,-5847134.347467269],[-15960624.044472095,-5744490.400884273],[-15934785.326282138,-5640999.636000505],[-15909535.561397495,-5536683.82457167],[-15884866.842581803,-5431564.21846948],[-15860771.80352006,-5325661.588738843],[-15837243.574608745,-5218996.26111212],[-15814275.743214685,-5111588.148372192],[-15791862.317863364,-5003456.779905257],[-15769997.695893368,-4894621.32874084],[-15748676.634177139,-4785100.636339522],[-15727894.22256215,-4674913.235357148],[-15707645.859732056,-4564077.370587006],[-15679226.593598235,-4452779.631730943],[-15648331.209387796,-4341460.140937669],[-15618094.631145671,-4230140.650144396],[-15588526.069226498,-4118821.159351122],[-15559634.530500676,-4007501.6685578483],[-15531428.815610781,-3896182.1777645745],[-15503917.516290799,-3784862.6869713017],[-15477109.012749018,-3673543.196178028],[-15451011.47111531,-3562223.705384754],[-15425632.840953672,-3450904.2145914803],[-15400980.8528407,-3339584.723798207],[-15377063.016010782,-3228265.2330049337],[-15353886.616068713,-3116945.74221166],[-15331458.712770429,-3005626.251418386],[-15309786.13787254,-2894306.760625113],[-15288875.49305131,-2782987.269831839],[-15268733.14789171,-2671667.7790385657],[-15249365.237947205,-2560348.2882452924],[-15230777.662870785,-2449028.7974520186],[-15212976.08461788,-2337709.3066587453],[-15195965.92572167,-2226389.8158654715],[-15179752.36764134,-2115070.325072198],[-15164340.34918374,-2003750.8342789242],[-15149734.564999001,-1892431.3434856508],[-15135939.464150464,-1781111.852692377],[-15122959.248759493,-1669792.3618991035],[-15110797.872725435,-1558472.87110583],[-15099459.040521236,-1447153.3803125564],[-15088946.206065033,-1335833.8895192828],[-15079262.57166804,-1224514.3987260093],[-15070411.0870591,-1113194.9079327357],[-15062394.44848617,-1001875.4171394621],[-15055215.09789502,-890555.9263461885],[-15048875.222185392,-779236.435552915],[-15043376.752544835,-667916.9447596414],[-15038721.36386047,-556597.4539663679],[-15034910.47420879,-445277.96317309426],[-15031945.2444237,-333958.4723798207],[-15029826.577742916,-222638.98158654713],[-15028555.119532827,-111319.49079327357],[-15028131.257091932,0],[-15027537.849674676,111319.49079327357],[-15025757.808180558,222638.98158654713],[-15022791.674827458,333958.4723798207],[-15018640.353128329,445277.96317309426],[-15013305.107615978,556597.4539663679],[-15006787.563457867,667916.9447596414],[-14999089.70596109,779236.435552915],[-14990213.87996761,890555.9263461885],[-14980162.789140001,1001875.4171394621],[-14968939.495137898,1113194.9079327357],[-14956547.416685384,1224514.3987260093],[-14942990.32852959,1335833.8895192828],[-14928272.360290905,1447153.3803125564],[-14912397.995205028,1558472.87110583],[-14895372.068757344,1669792.3618991035],[-14877199.767209986,1781111.852692377],[-14857886.626022037,1892431.3434856508],[-14837438.528163398,2003750.8342789242],[-14815861.702322762,2115070.325072198],[-14793162.7210103,2226389.8158654715],[-14769348.498555604,2337709.3066587453],[-14744426.289001536,2449028.7974520186],[-14718403.683894545,2560348.2882452924],[-14691288.609972239,2671667.7790385657],[-14663089.326748805,2782987.269831839],[-14633814.42399908,2894306.760625113],[-14603472.819142036,3005626.251418386],[-14572073.75452444,3116945.74221166],[-14539626.794605542,3228265.2330049337],[-14506141.823043657,3339584.723798207],[-14471629.039685493,3450904.2145914803],[-14436098.957459202,3562223.705384754],[-14399562.399172014,3673543.196178028],[-14362030.494213516,3784862.6869713017],[-14323514.675165543,3896182.1777645745],[-14284026.67431969,4007501.6685578483],[-14243578.520103542,4118821.159351122],[-14202182.533416698,4230140.650144396],[-14159851.323877724,4341460.140937669],[-14116597.785983108,4452779.631730943],[-14076810.813395757,4564077.370587006],[-14048463.105433628,4674913.235357148],[-14019367.72917264,4785100.636339522],[-13989518.242769923,4894621.32874084],[-13958907.772011928,5003456.779905257],[-13927528.976520076,5111588.148372192],[-13895374.012568392,5218996.26111212],[-13862434.492092555,5325661.588738843],[-13828701.43740611,5431564.21846948],[-13794165.231064146,5536683.82457167],[-13758815.560225643,5640999.636000505],[-13722641.354759702,5744490.400884273],[-13685630.718214162,5847134.347467269],[-13647770.850613413,5948909.141057543],[-13609047.961869247,6049791.83645629],[-13569447.174367,6149758.825260561],[-13528952.413019959,6248785.777329337],[-13487546.280754885,6346847.575580962],[-13445209.916985886,6443918.243142186],[-13401922.836131161,6539970.861689825],[-13357662.74260097,6634977.479606813],[-13312405.31789943,6728909.008304882],[-13266123.974489586,6821735.104732389],[-13218789.569806335,6913424.037669907],[-13170370.072177093,7003942.534893625],[-13120830.168304825,7093255.607625096],[-13070130.79921385,7181326.347840591],[-13018228.607917782,7268115.692924381],[-12965075.277202986,7353582.15073081],[-12910616.72933712,7437681.476252508],[-12854792.150488283,7520366.288602985],[-12797532.790092042,7601585.613662388],[-12738760.467679078,7681284.333135863],[-12678385.69420276,7759402.514377154],[-12616305.277588278,7835874.5862785345],[-12552399.226376845,7910628.31346972],[-12486526.6797371,7983583.501818136],[-12418520.45732102,8054650.339143485],[-12348179.603563637,8123727.229896518],[-12275258.93284532,8190697.910137991],[-12199453.936673295,8255427.508667978],[-12120378.227174198,8317757.010765432],[-12037528.378058102,8377495.197655201],[-11950226.18565878,8434406.387022449],[-11857517.312369471,8488190.720617821],[-11757976.902205387,8538450.048953092],[-11649287.543788282,8584622.51888479],[-11527131.58667885,8625836.15437665],[-11381096.544337753,8660478.767514255],[-11131949.079327356,8683259.716434667]]},"properties":{"type":"meridian","value":-135}},
{"type":"Feature","geometry":{"type":"LineString","coordinates":[[-17811118.526923772,-8683259.716434667],[-17526378.566911887,-8660478.767514255],[-17359481.375664923,-8625836.15437665],[-17219874.567539856,-8584622.51888479],[-17095658.15792031,-8538450.048953092],[-16981897.689161353,-8488190.720617821],[-16875944.69111643,-8434406.387022449],[-16776170.756945776,-8377495.197655201],[-16681485.21509881,-8317757.010765432],[-16591112.97567127,-8255427.508667978],[-16504478.69433181,-8190697.910137991],[-16421140.784939451,-8123727.229896518],[-16340751.237788156,-8054650.339143485],[-16263029.840741208,-7983583.501818136],[-16187746.930295786,-7910628.31346972],[-16114711.443197004,-7835874.5862785345],[-16043762.395637592,-7759402.514377154],[-15974762.654521802,-7681284.333135863],[-15907594.286049843,-7601585.613662388],[-15842155.017025568,-7520366.288602985],[-15778355.498341179,-7437681.476252508],[-15716117.157923052,-7353582.15073081],[-15655370.494248997,-7268115.692924381],[-15596053.704196347,-7181326.347840591],[-15538111.568092374,-7093255.607625096],[-15481494.5350955,-7003942.534893625],[-15426157.966376366,-6913424.037669907],[-15372061.503881222,-6821735.104732389],[-15319168.539984258,-6728909.008304882],[-15267445.768896785,-6634977.479606813],[-15216862.804862281,-6539970.861689825],[-15167391.855314022,-6443918.243142186],[-15119007.439578023,-6346847.575580962],[-15071686.145560797,-6248785.777329337],[-15025406.418307036,-6149758.825260561],[-14980148.375447325,-6049791.83645629],[-14935893.64545399,-5948909.141057543],[-14892625.225338852,-5847134.347467269],[-14850327.35500109,-5744490.400884273],[-14808985.405897155,-5640999.636000505],[-14768585.782081727,-5536683.82457167],[-14729115.831976622,-5431564.21846948],[-14690563.769477827,-5325661.588738843],[-14652918.603219729,-5218996.26111212],[-14616170.072989231,-5111588.148372192],[-14580308.59242712,-5003456.779905257],[-14545325.197275123,-4894621.32874084],[-14511211.49852916,-4785100.636339522],[-14477959.639945175,-4674913.235357148],[-14445562.259417027,-4564077.370587006],[-14400091.43360291,-4452779.631730943],[-14350658.818866208,-4341460.140937669],[-14302280.293678807,-4230140.650144396],[-14254970.594608132,-4118821.159351122],[-14208744.132646818,-4007501.6685578483],[-14163614.988822984,-3896182.1777645745],[-14119596.909911018,-3784862.6869713017],[-14076703.304244164,-3673543.196178028],[-14034947.237630231,-3562223.705384754],[-13994341.429371612,-3450904.2145914803],[-13954898.248390855,-3339584.723798207],[-13916629.709462987,-3228265.2330049337],[-13879547.469555676,-3116945.74221166],[-13843662.824278422,-3005626.251418386],[-13808986.704441803,-2894306.760625113],[-13775529.67272783,-2782987.269831839],[-13743301.920472475,-2671667.7790385657],[-13712313.264561266,-2560348.2882452924],[-13682573.144438995,-2449028.7974520186],[-13654090.619234344,-2337709.3066587453],[-13626874.365000408,-2226389.8158654715],[-13600932.672071878,-2115070.325072198],[-13576273.442539724,-2003750.8342789242],[-13552904.187844137,-1892431.3434856508],[-13530832.02648648,-1781111.852692377],[-13510063.681860926,-1669792.3618991035],[-13490605.48020643,-1558472.87110583],[-13472463.348679716,-1447153.3803125564],[-13455642.813549789,-1335833.8895192828],[-13440148.998514598,-1224514.3987260093],[-13425986.623140292,-1113194.9079327357],[-13413160.001423605,-1001875.4171394621],[-13401673.040477768,-890555.9263461885],[-13391529.23934236,-779236.435552915],[-13382731.687917471,-667916.9447596414],[-13375283.06602249,-556597.4539663679],[-13369185.642579803,-445277.96317309426],[-13364441.274923656,-333958.4723798207],[-13361051.408234397,-222638.98158654713],[-13359017.075098261,-111319.49079327357],[-13358338.895192828,0],[-13357999.80524011,111319.49079327357],[-13356982.63867204,222638.98158654713],[-13355287.705327414,333958.4723798207],[-13352915.521499341,445277.96317309426],[-13349866.809777996,556597.4539663679],[-13346142.498830505,667916.9447596414],[-13341743.723118061,779236.435552915],[-13336671.822550356,890555.9263461885],[-13330928.342077438,1001875.4171394621],[-13324515.031219095,1113194.9079327357],[-13317433.84353194,1224514.3987260093],[-13309686.936014347,1335833.8895192828],[-13301276.668449383,1447153.3803125564],[-13292205.602686025,1558472.87110583],[-13282476.501858778,1669792.3618991035],[-13272092.329546,1781111.852692377],[-13261056.248867173,1892431.3434856508],[-13249371.62151938,2003750.8342789242],[-13237042.006753301,2115070.325072198],[-13224071.160289038,2226389.8158654715],[-13210463.033172067,2337709.3066587453],[-13196221.770569745,2449028.7974520186],[-13181351.710508605,2560348.2882452924],[-13165857.382553006,2671667.7790385657],[-13149743.506425325,2782987.269831839],[-13133014.990568342,2894306.760625113],[-13115676.930650031,3005626.251418386],[-13097734.608011404,3116945.74221166],[-13079193.488057746,3228265.2330049337],[-13060059.218593812,3339584.723798207],[-13040337.628103435,3450904.2145914803],[-13020034.723974124,3562223.705384754],[-12999156.69066716,3673543.196178028],[-12977709.887833733,3784862.6869713017],[-12955700.848377747,3896182.1777645745],[-12933136.276465833,4007501.6685578483],[-12910023.045485176,4118821.159351122],[-12886368.195949838,4230140.650144396],[-12862178.933356136,4341460.140937669],[-12837462.625987787,4452779.631730943],[-12814727.213080728,4564077.370587006],[-12798528.522816654,4674913.235357148],[-12781902.59352466,4785100.636339522],[-12764845.744151678,4894621.32874084],[-12747354.04657568,5003456.779905257],[-12729423.306294626,5111588.148372192],[-12711049.041179376,5218996.26111212],[-12692226.458050327,5325661.588738843],[-12672950.42680093,5431564.21846948],[-12653215.451748377,5536683.82457167],[-12633015.639840662,5640999.636000505],[-12612344.665288696,5744490.400884273],[-12591195.730119817,5847134.347467269],[-12569561.520062247,5948909.141057543],[-12547434.15506558,6049791.83645629],[-12524805.133635724,6149758.825260561],[-12501665.270008843,6248785.777329337],[-12478004.623000229,6346847.575580962],[-12453812.415132232,6443918.243142186],[-12429076.940358102,6539970.861689825],[-12403785.45834085,6634977.479606813],[-12377924.072797112,6728909.008304882],[-12351477.59084863,6821735.104732389],[-12324429.35960106,6913424.037669907],[-12296761.075241491,7003942.534893625],[-12268452.558743054,7093255.607625096],[-12239481.490691068,7181326.347840591],[-12209823.095664743,7268115.692924381],[-12179449.763827717,7353582.15073081],[-12148330.593618652,7437681.476252508],[-12116430.834276456,7520366.288602985],[-12083711.199764319,7601585.613662388],[-12050127.01552834,7681284.333135863],[-12015627.144970445,7759402.514377154],[-11980152.62119074,7835874.5862785345],[-11943634.877641348,7910628.31346972],[-11905993.422418639,7983583.501818136],[-11867132.723895164,8054650.339143485],[-11826937.950319516,8123727.229896518],[-11785268.995623335,8190697.910137991],[-11741951.854953608,8255427.508667978],[-11696765.735239837,8317757.010765432],[-11649422.964316353,8377495.197655201],[-11599535.997231027,8434406.387022449],[-11546559.498208566,8488190.720617821],[-11489679.263829088,8538450.048953092],[-11427571.059019314,8584622.51888479],[-11357767.65495678,8625836.15437665],[-11274319.059333296,8660478.767514255],[-11131949.079327356,8683259.716434667]]},"properties":{"type":"meridian","value":-120}},
{"type":"Feature","geometry":{"type":"LineString","coordinates":[[-17811118.526923772,-8683259.716434667],[-17419601.081907433,-8660478.767514255],[-17190117.443942852,-8625836.15437665],[-16998158.082770888,-8584622.51888479],[-16827360.519544013,-8538450.048953092],[-16670939.875000445,-8488190.720617821],[-16525254.502688678,-8434406.387022449],[-16388065.343204027,-8377495.197655201],[-16257872.723164447,-8317757.010765432],[-16133610.893951582,-8255427.508667978],[-16014488.757109826,-8190697.910137991],[-15899899.131695334,-8123727.229896518],[-15789363.504362298,-8054650.339143485],[-15682496.583422747,-7983583.501818136],[-15578982.581560293,-7910628.31346972],[-15478558.786799468,-7835874.5862785345],[-15381003.846405279,-7759402.514377154],[-15286129.202371066,-7681284.333135863],[-15193772.695722124,-7601585.613662388],[-15103793.700813742,-7520366.288602985],[-15016069.36262271,-7437681.476252508],[-14930491.644547783,-7353582.15073081],[-14846964.981995957,-7268115.692924381],[-14765404.395673564,-7181326.347840591],[-14685733.958530603,-7093255.607625096],[-14607885.538159901,-7003942.534893625],[-14531797.756171089,-6913424.037669907],[-14457415.120240267,-6821735.104732389],[-14384687.294881944,-6728909.008304882],[-14313568.484636664,-6634977.479606813],[-14244016.909089224,-6539970.861689825],[-14175994.35346037,-6443918.243142186],[-14109465.781823369,-6346847.575580962],[-14044399.002549684,-6248785.777329337],[-13980764.37757576,-6149758.825260561],[-13918534.56864366,-6049791.83645629],[-13857684.314902823,-5948909.141057543],[-13798190.237244507,-5847134.347467269],[-13740030.665530087,-5744490.400884273],[-13683185.485512177,-5640999.636000505],[-13627636.002765961,-5536683.82457167],[-13573364.821371444,-5431564.21846948],[-13520355.735435603,-5325661.588738843],[-13468593.631830715,-5218996.26111212],[-13418064.402763784,-5111588.148372192],[-13368754.866990875,-5003456.779905257],[-13320652.698656881,-4894621.32874084],[-13273746.362881185,-4785100.636339522],[-13228025.057328206,-4674913.235357148],[-13183478.659102,-4564077.370587006],[-13120956.273607591,-4452779.631730943],[-13052986.428344626,-4341460.140937669],[-12986465.95621195,-4230140.650144396],[-12921415.11998977,-4118821.159351122],[-12857853.734792963,-4007501.6685578483],[-12795801.162035191,-3896182.1777645745],[-12735276.303531237,-3784862.6869713017],[-12676297.595739314,-3673543.196178028],[-12618883.004145158,-3562223.705384754],[-12563050.017789556,-3450904.2145914803],[-12508815.643941015,-3339584.723798207],[-12456196.402915193,-3228265.2330049337],[-12405208.32304264,-3116945.74221166],[-12355866.935786417,-3005626.251418386],[-12308187.271011066,-2894306.760625113],[-12262183.852404354,-2782987.269831839],[-12217870.69305324,-2671667.7790385657],[-12175261.29117533,-2560348.2882452924],[-12134368.626007205,-2449028.7974520186],[-12095205.15385081,-2337709.3066587453],[-12057782.80427915,-2226389.8158654715],[-12022112.97650242,-2115070.325072198],[-11988206.535895707,-2003750.8342789242],[-11956073.810689274,-1892431.3434856508],[-11925724.588822499,-1781111.852692377],[-11897168.114962362,-1669792.3618991035],[-11870413.08768743,-1558472.87110583],[-11845467.656838197,-1447153.3803125564],[-11822339.421034548,-1335833.8895192828],[-11801035.42536116,-1224514.3987260093],[-11781562.15922149,-1113194.9079327357],[-11763925.554361047,-1001875.4171394621],[-11748130.98306052,-890555.9263461885],[-11734183.256499333,-779236.435552915],[-11722086.623290112,-667916.9447596414],[-11711844.768184513,-556597.4539663679],[-11703460.810950818,-445277.96317309426],[-11696937.305423616,-333958.4723798207],[-11692276.238725886,-222638.98158654713],[-11689479.030663699,-111319.49079327357],[-11688546.533293726,0],[-11688461.760805545,111319.49079327357],[-11688207.46916353,222638.98158654713],[-11687783.735827371,333958.4723798207],[-11687190.689870354,445277.96317309426],[-11686428.511940017,556597.4539663679],[-11685497.434203144,667916.9447596414],[-11684397.740275035,779236.435552915],[-11683129.765133107,890555.9263461885],[-11681693.895014878,1001875.4171394621],[-11680090.567300292,1113194.9079327357],[-11678320.270378504,1224514.3987260093],[-11676383.543499105,1335833.8895192828],[-11674280.976607865,1447153.3803125564],[-11672013.210167024,1558472.87110583],[-11669580.934960214,1669792.3618991035],[-11666984.89188202,1781111.852692377],[-11664225.871712312,1892431.3434856508],[-11661304.714875365,2003750.8342789242],[-11658222.311183844,2115070.325072198],[-11654979.599567778,2226389.8158654715],[-11651577.567788536,2337709.3066587453],[-11648017.252137955,2449028.7974520186],[-11644299.737122672,2560348.2882452924],[-11640426.15513377,2671667.7790385657],[-11636397.68610185,2782987.269831839],[-11632215.557137605,2894306.760625113],[-11627881.042158026,3005626.251418386],[-11623395.461498369,3116945.74221166],[-11618760.181509957,3228265.2330049337],[-11613976.614143973,3339584.723798207],[-11609046.216521377,3450904.2145914803],[-11603970.490489049,3562223.705384754],[-11598750.982162308,3673543.196178028],[-11593389.281453952,3784862.6869713017],[-11587887.021589955,3896182.1777645745],[-11582245.878611976,4007501.6685578483],[-11576467.570866812,4118821.159351122],[-11570553.858482977,4230140.650144396],[-11564506.542834552,4341460.140937669],[-11558327.465992466,4452779.631730943],[-11552643.612765701,4564077.370587006],[-11548593.940199682,4674913.235357148],[-11544437.457876684,4785100.636339522],[-11540173.245533438,4894621.32874084],[-11535800.32113944,5003456.779905257],[-11531317.636069175,5111588.148372192],[-11526724.069790363,5218996.26111212],[-11522018.424008101,5325661.588738843],[-11517199.41619575,5431564.21846948],[-11512265.672432613,5536683.82457167],[-11507215.719455685,5640999.636000505],[-11502047.975817693,5744490.400884273],[-11496760.742025472,5847134.347467269],[-11491352.18951108,5948909.141057543],[-11485820.348261913,6049791.83645629],[-11480163.092904449,6149758.825260561],[-11474378.12699773,6248785.777329337],[-11468462.965245575,6346847.575580962],[-11462414.913278576,6443918.243142186],[-11456231.044585044,6539970.861689825],[-11449908.17408073,6634977.479606813],[-11443442.827694796,6728909.008304882],[-11436831.207207676,6821735.104732389],[-11430069.149395783,6913424.037669907],[-11423152.07830589,7003942.534893625],[-11416074.949181281,7093255.607625096],[-11408832.182168286,7181326.347840591],[-11401417.583411703,7268115.692924381],[-11393824.250452448,7353582.15073081],[-11386044.457900181,7437681.476252508],[-11378069.518064631,7520366.288602985],[-11369889.609436598,7601585.613662388],[-11361493.563377604,7681284.333135863],[-11352868.59573813,7759402.514377154],[-11343999.964793203,7835874.5862785345],[-11334870.528905855,7910628.31346972],[-11325460.165100178,7983583.501818136],[-11315744.99046931,8054650.339143485],[-11305696.297075396,8123727.229896518],[-11295279.058401352,8190697.910137991],[-11284449.77323392,8255427.508667978],[-11273153.243305476,8317757.010765432],[-11261317.550574606,8377495.197655201],[-11248845.808803273,8434406.387022449],[-11235601.68404766,8488190.720617821],[-11221381.62545279,8538450.048953092],[-11205854.574250346,8584622.51888479],[-11188403.723234713,8625836.15437665],[-11167541.574328842,8660478.767514255],[-11131949.079327356,8683259.716434667]]},"properties":{"type":"meridian","value":-105}},
{"type":"Feature","geometry":{"type":"LineString","coordinates":[[-6679169.447596414,-8683259.716434667],[-6892724.417605324,-8660478.767514255],[-7017897.31104055,-8625836.15437665],[-7122602.417134351,-8584622.51888479],[-7215764.724349011,-8538450.048953092],[-7301085.0759182265,-8488190.720617821],[-7380549.82445192,-8434406.387022449],[-7455380.27507991,-8377495.197655201],[-7526394.431465136,-8317757.010765432],[-7594173.61103579,-8255427.508667978],[-7659149.322040384,-8190697.910137991],[-7721652.754084653,-8123727.229896518],[-7781944.914448125,-8054650.339143485],[-7840235.962233337,-7983583.501818136],[-7896698.145067402,-7910628.31346972],[-7951474.760391489,-7835874.5862785345],[-8004686.5460610455,-7759402.514377154],[-8056436.351897889,-7681284.333135863],[-8106812.62825186,-7601585.613662388],[-8155892.080020065,-7520366.288602985],[-8203741.719033357,-7437681.476252508],[-8250420.4743469525,-7353582.15073081],[-8295980.472102494,-7268115.692924381],[-8340468.064641981,-7181326.347840591],[-8383924.66671996,-7093255.607625096],[-8426387.441467619,-7003942.534893625],[-8467889.868006969,-6913424.037669907],[-8508462.214878326,-6821735.104732389],[-8548131.937801048,-6728909.008304882],[-8586924.016116655,-6634977.479606813],[-8624861.23914253,-6539970.861689825],[-8661964.451303724,-6443918.243142186],[-8698252.763105724,-6346847.575580962],[-8733743.733618643,-6248785.777329337],[-8768453.529058965,-6149758.825260561],[-8802397.061203748,-6049791.83645629],[-8835588.10869875,-5948909.141057543],[-8868039.423785103,-5847134.347467269],[-8899762.826538423,-5744490.400884273],[-8930769.288366374,-5640999.636000505],[-8961069.006227946,-5536683.82457167],[-8990671.468806775,-5431564.21846948],[-9019585.51568087,-5325661.588738843],[-9047819.390374444,-5218996.26111212],[-9075380.788047317,-5111588.148372192],[-9102276.898468902,-5003456.779905257],[-9128514.444832899,-4894621.32874084],[-9154099.71889237,-4785100.636339522],[-9179038.61283036,-4674913.235357148],[-9203336.648226472,-4564077.370587006],[-9237439.767587058,-4452779.631730943],[-9274514.228639584,-4341460.140937669],[-9310798.122530136,-4230140.650144396],[-9346280.396833142,-4118821.159351122],[-9380950.24330413,-4007501.6685578483],[-9414797.101172004,-3896182.1777645745],[-9447810.66035598,-3784862.6869713017],[-9479980.864606118,-3673543.196178028],[-9511297.914566567,-3562223.705384754],[-9541752.270760532,-3450904.2145914803],[-9571334.6564961,-3339584.723798207],[-9600036.060692001,-3228265.2330049337],[-9627847.740622485,-3116945.74221166],[-9654761.224580426,-3005626.251418386],[-9680768.314457892,-2894306.760625113],[-9705861.088243369,-2782987.269831839],[-9730031.902434886,-2671667.7790385657],[-9753273.39436829,-2560348.2882452924],[-9775578.484459996,-2449028.7974520186],[-9796940.378363483,-2337709.3066587453],[-9817352.569038935,-2226389.8158654715],[-9836808.838735333,-2115070.325072198],[-9855303.26088445,-2003750.8342789242],[-9872830.201906139,-1892431.3434856508],[-9889384.322924381,-1781111.852692377],[-9904960.581393547,-1669792.3618991035],[-9919554.232634418,-1558472.87110583],[-9933160.831279457,-1447153.3803125564],[-9945776.232626898,-1335833.8895192828],[-9957396.593903292,-1224514.3987260093],[-9968018.37543402,-1113194.9079327357],[-9977638.341721537,-1001875.4171394621],[-9986253.562430914,-890555.9263461885],[-9993861.413282473,-779236.435552915],[-10000459.576851139,-667916.9447596414],[-10006046.043272374,-556597.4539663679],[-10010619.110854391,-445277.96317309426],[-10014177.386596499,-333958.4723798207],[-10016719.786613442,-222638.98158654713],[-10018245.536465546,-111319.49079327357],[-10018754.171394622,0],[-10018923.71637098,111319.49079327357],[-10019432.299655015,222638.98158654713],[-10020279.766327327,333958.4723798207],[-10021465.858241366,445277.96317309426],[-10022990.214102037,556597.4539663679],[-10024852.369575782,667916.9447596414],[-10027051.757432004,779236.435552915],[-10029587.707715856,890555.9263461885],[-10032459.447952315,1001875.4171394621],[-10035666.103381487,1113194.9079327357],[-10039206.697225064,1224514.3987260093],[-10043080.15098386,1335833.8895192828],[-10047285.284766342,1447153.3803125564],[-10051820.817648022,1558472.87110583],[-10056685.368061647,1669792.3618991035],[-10061877.454218036,1781111.852692377],[-10067395.494557448,1892431.3434856508],[-10073237.808231344,2003750.8342789242],[-10079402.615614384,2115070.325072198],[-10085888.038846515,2226389.8158654715],[-10092692.102405,2337709.3066587453],[-10099812.733706163,2449028.7974520186],[-10107247.763736732,2560348.2882452924],[-10114994.927714532,2671667.7790385657],[-10123051.865778372,2782987.269831839],[-10131416.123706864,2894306.760625113],[-10140085.15366602,3005626.251418386],[-10149056.314985333,3116945.74221166],[-10158326.87496216,3228265.2330049337],[-10167894.00969413,3339584.723798207],[-10177754.804939317,3450904.2145914803],[-10187906.257003972,3562223.705384754],[-10198345.273657456,3673543.196178028],[-10209068.67507417,3784862.6869713017],[-10220073.194802161,3896182.1777645745],[-10231355.48075812,4007501.6685578483],[-10242912.096248446,4118821.159351122],[-10254739.521016117,4230140.650144396],[-10266834.152312968,4341460.140937669],[-10279192.305997143,4452779.631730943],[-10290560.01245067,4564077.370587006],[-10298659.357582707,4674913.235357148],[-10306972.322228704,4785100.636339522],[-10315500.746915195,4894621.32874084],[-10324246.595703194,5003456.779905257],[-10333211.965843722,5111588.148372192],[-10342399.098401347,5218996.26111212],[-10351810.389965871,5325661.588738843],[-10361448.40559057,5431564.21846948],[-10371315.893116847,5536683.82457167],[-10381415.799070705,5640999.636000505],[-10391751.286346687,5744490.400884273],[-10402325.753931127,5847134.347467269],[-10413142.858959911,5948909.141057543],[-10424206.541458245,6049791.83645629],[-10435521.052173173,6149758.825260561],[-10447090.983986614,6248785.777329337],[-10458921.30749092,6346847.575580962],[-10471017.41142492,6443918.243142186],[-10483385.148811985,6539970.861689825],[-10496030.889820611,6634977.479606813],[-10508961.582592478,6728909.008304882],[-10522184.82356672,6821735.104732389],[-10535708.939190505,6913424.037669907],[-10549543.08137029,7003942.534893625],[-10563697.339619508,7093255.607625096],[-10578182.873645501,7181326.347840591],[-10593012.071158664,7268115.692924381],[-10608198.737077177,7353582.15073081],[-10623758.32218171,7437681.476252508],[-10639708.201852808,7520366.288602985],[-10656068.019108875,7601585.613662388],[-10672860.111226866,7681284.333135863],[-10690110.046505813,7759402.514377154],[-10707847.308395665,7835874.5862785345],[-10726106.180170361,7910628.31346972],[-10744926.907781715,7983583.501818136],[-10764357.257043453,8054650.339143485],[-10784454.643831277,8123727.229896518],[-10805289.121179366,8190697.910137991],[-10826947.691514231,8255427.508667978],[-10849540.751371115,8317757.010765432],[-10873212.136832858,8377495.197655201],[-10898155.620375521,8434406.387022449],[-10924643.869886752,8488190.720617821],[-10953083.987076491,8538450.048953092],[-10984138.089481378,8584622.51888479],[-11019039.791512646,8625836.15437665],[-11060764.089324387,8660478.767514255],[-11131949.079327356,8683259.716434667]]},"properties":{"type":"meridian","value":-90}},
{"type":"Feature","geometry":{"type":"LineString","coordinates":[[-6679169.447596414,-8683259.716434667],[-6785946.932600869,-8660478.767514255],[-6848533.379318481,-8625836.15437665],[-6900885.932365381,-8584622.51888479],[-6947467.085972712,-8538450.048953092],[-6990127.261757321,-8488190.720617821],[-7029859.636024167,-8434406.387022449],[-7067274.861338163,-8377495.197655201],[-7102781.939530775,-8317757.010765432],[-7136671.529316102,-8255427.508667978],[-7169159.384818398,-8190697.910137991],[-7200411.100840534,-8123727.229896518],[-7230557.18102227,-8054650.339143485],[-7259702.704914874,-7983583.501818136],[-7287933.796331909,-7910628.31346972],[-7315322.103993952,-7835874.5862785345],[-7341927.99682873,-7759402.514377154],[-7367802.899747151,-7681284.333135863],[-7392991.037924137,-7601585.613662388],[-7417530.76380824,-7520366.288602985],[-7441455.583314885,-7437681.476252508],[-7464794.960971684,-7353582.15073081],[-7487574.9598494535,-7268115.692924381],[-7509818.756119198,-7181326.347840591],[-7531547.057158188,-7093255.607625096],[-7552778.444532015,-7003942.534893625],[-7573529.657801691,-6913424.037669907],[-7593815.831237369,-6821735.104732389],[-7613650.692698731,-6728909.008304882],[-7633046.731856533,-6634977.479606813],[-7652015.343369473,-6539970.861689825],[-7670566.94945007,-6443918.243142186],[-7688711.10535107,-6346847.575580962],[-7706456.5906075295,-6248785.777329337],[-7723811.48832769,-6149758.825260561],[-7740783.254400081,-6049791.83645629],[-7757378.778147583,-5948909.141057543],[-7773604.435690759,-5847134.347467269],[-7789466.1370674195,-5744490.400884273],[-7804969.367981395,-5640999.636000505],[-7820119.22691218,-5536683.82457167],[-7834920.458201594,-5431564.21846948],[-7849377.481638642,-5325661.588738843],[-7863494.418985429,-5218996.26111212],[-7877275.117821867,-5111588.148372192],[-7890723.173032658,-5003456.779905257],[-7903841.946214656,-4894621.32874084],[-7916634.583244392,-4785100.636339522],[-7929104.030213387,-4674913.235357148],[-7941253.047911444,-4564077.370587006],[-7958304.607591735,-4452779.631730943],[-7976841.838117999,-4341460.140937669],[-7994983.785063275,-4230140.650144396],[-8012724.922214779,-4118821.159351122],[-8030059.845450272,-4007501.6685578483],[-8046983.274384209,-3896182.1777645745],[-8063490.053976198,-3784862.6869713017],[-8079575.156101268,-3673543.196178028],[-8095233.681081491,-3562223.705384754],[-8110460.859178474,-3450904.2145914803],[-8125252.052046257,-3339584.723798207],[-8139602.7541442085,-3228265.2330049337],[-8153508.5941094505,-3116945.74221166],[-8166965.33608842,-3005626.251418386],[-8179968.881027152,-2894306.760625113],[-8192515.267919892,-2782987.269831839],[-8204600.67501565,-2671667.7790385657],[-8216221.420982353,-2560348.2882452924],[-8227373.966028205,-2449028.7974520186],[-8238054.912979949,-2337709.3066587453],[-8248261.0083176745,-2226389.8158654715],[-8257989.143165874,-2115070.325072198],[-8267236.354240432,-2003750.8342789242],[-8275999.8247512765,-1892431.3434856508],[-8284276.885260398,-1781111.852692377],[-8292065.014494982,-1669792.3618991035],[-8299361.840115417,-1558472.87110583],[-8306165.139437935,-1447153.3803125564],[-8312472.840111657,-1335833.8895192828],[-8318283.020749855,-1224514.3987260093],[-8323593.911515218,-1113194.9079327357],[-8328403.894658975,-1001875.4171394621],[-8332711.505013665,-890555.9263461885],[-8336515.430439442,-779236.435552915],[-8339814.512223776,-667916.9447596414],[-8342607.745434394,-556597.4539663679],[-8344894.2792254025,-445277.96317309426],[-8346673.417096457,-333958.4723798207],[-8347944.61710493,-222638.98158654713],[-8348707.492030981,-111319.49079327357],[-8348961.809495518,0],[-8349385.671936415,111319.49079327357],[-8350657.1301465,222638.98158654713],[-8352775.796827286,333958.4723798207],[-8355741.026612378,445277.96317309426],[-8359551.916264056,556597.4539663679],[-8364207.304948421,667916.9447596414],[-8369705.774588976,779236.435552915],[-8376045.650298607,890555.9263461885],[-8383225.000889755,1001875.4171394621],[-8391241.639462685,1113194.9079327357],[-8400093.124071624,1224514.3987260093],[-8409776.75846862,1335833.8895192828],[-8420289.592924822,1447153.3803125564],[-8431628.42512902,1558472.87110583],[-8443789.80116308,1669792.3618991035],[-8456770.016554052,1781111.852692377],[-8470565.117402585,1892431.3434856508],[-8485170.901587328,2003750.8342789242],[-8500582.920044925,2115070.325072198],[-8516796.478125256,2226389.8158654715],[-8533806.637021467,2337709.3066587453],[-8551608.215274373,2449028.7974520186],[-8570195.790350793,2560348.2882452924],[-8589563.700295297,2671667.7790385657],[-8609706.045454895,2782987.269831839],[-8630616.690276127,2894306.760625113],[-8652289.265174016,3005626.251418386],[-8674717.168472297,3116945.74221166],[-8697893.568414368,3228265.2330049337],[-8721811.405244287,3339584.723798207],[-8746463.393357258,3450904.2145914803],[-8771842.023518896,3562223.705384754],[-8797939.565152604,3673543.196178028],[-8824748.068694387,3784862.6869713017],[-8852259.368014365,3896182.1777645745],[-8880465.082904262,4007501.6685578483],[-8909356.621630082,4118821.159351122],[-8938925.183549255,4230140.650144396],[-8969161.761791382,4341460.140937669],[-9000057.146001821,4452779.631730943],[-9028476.412135642,4564077.370587006],[-9048724.774965735,4674913.235357148],[-9069507.186580727,4785100.636339522],[-9090828.248296954,4894621.32874084],[-9112692.870266952,5003456.779905257],[-9135106.295618271,5111588.148372192],[-9158074.127012331,5218996.26111212],[-9181602.355923645,5325661.588738843],[-9205697.39498539,5431564.21846948],[-9230366.113801079,5536683.82457167],[-9255615.878685724,5640999.636000505],[-9281454.596875682,5744490.400884273],[-9307890.765836783,5847134.347467269],[-9334933.528408743,5948909.141057543],[-9362592.73465458,6049791.83645629],[-9390879.011441898,6149758.825260561],[-9419803.840975499,6248785.777329337],[-9449379.649736267,6346847.575580962],[-9479619.909571264,6443918.243142186],[-9510539.253038928,6539970.861689825],[-9542153.60556049,6634977.479606813],[-9574480.337490162,6728909.008304882],[-9607538.439925764,6821735.104732389],[-9641348.72898523,6913424.037669907],[-9675934.084434688,7003942.534893625],[-9711319.730057737,7093255.607625096],[-9747533.565122718,7181326.347840591],[-9784606.558905624,7268115.692924381],[-9822573.22370191,7353582.15073081],[-9861472.186463239,7437681.476252508],[-9901346.88564098,7520366.288602985],[-9942246.428781152,7601585.613662388],[-9984226.659076128,7681284.333135863],[-10027351.497273497,7759402.514377154],[-10071694.651998129,7835874.5862785345],[-10117341.831434866,7910628.31346972],[-10164393.650463255,7983583.501818136],[-10212969.523617597,8054650.339143485],[-10263212.990587158,8123727.229896518],[-10315299.183957381,8190697.910137991],[-10369445.609794544,8255427.508667978],[-10425928.259436756,8317757.010765432],[-10485106.72309111,8377495.197655201],[-10547465.43194777,8434406.387022449],[-10613686.055725845,8488190.720617821],[-10684786.348700194,8538450.048953092],[-10762421.60471241,8584622.51888479],[-10849675.859790578,8625836.15437665],[-10953986.604319932,8660478.767514255],[-11131949.079327356,8683259.716434667]]},"properties":{"type":"meridian","value":-75}},
{"type":"Feature","geometry":{"type":"LineString","coordinates":[[-6679169.447596414,-8683259.716434667],[-6679169.447596414,-8660478.767514255],[-6679169.447596414,-8625836.15437665],[-6679169.447596414,-8584622.51888479],[-6679169.447596414,-8538450.048953092],[-6679169.447596414,-8488190.720617821],[-6679169.447596414,-8434406.387022449],[-6679169.447596414,-8377495.197655201],[-6679169.447596414,-8317757.010765432],[-6679169.447596414,-8255427.508667978],[-6679169.447596414,-8190697.910137991],[-6679169.447596414,-8123727.229896518],[-6679169.447596414,-8054650.339143485],[-6679169.447596414,-7983583.501818136],[-6679169.447596414,-7910628.31346972],[-6679169.447596414,-7835874.5862785345],[-6679169.447596414,-7759402.514377154],[-6679169.447596414,-7681284.333135863],[-6679169.447596414,-7601585.613662388],[-6679169.447596414,-7520366.288602985],[-6679169.447596414,-7437681.476252508],[-6679169.447596414,-7353582.15073081],[-6679169.447596414,-7268115.692924381],[-6679169.447596414,-7181326.347840591],[-6679169.447596414,-7093255.607625096],[-6679169.447596414,-7003942.534893625],[-6679169.447596414,-6913424.037669907],[-6679169.447596414,-6821735.104732389],[-6679169.447596414,-6728909.008304882],[-6679169.447596414,-6634977.479606813],[-6679169.447596414,-6539970.861689825],[-6679169.447596414,-6443918.243142186],[-6679169.447596414,-6346847.575580962],[-6679169.447596414,-6248785.777329337],[-6679169.447596414,-6149758.825260561],[-6679169.447596414,-6049791.83645629],[-6679169.447596414,-5948909.141057543],[-6679169.447596414,-5847134.347467269],[-6679169.447596414,-5744490.400884273],[-6679169.447596414,-5640999.636000505],[-6679169.447596414,-5536683.82457167],[-6679169.447596414,-5431564.21846948],[-6679169.447596414,-5325661.588738843],[-6679169.447596414,-5218996.26111212],[-6679169.447596414,-5111588.148372192],[-6679169.447596414,-5003456.779905257],[-6679169.447596414,-4894621.32874084],[-6679169.447596414,-4785100.636339522],[-6679169.447596414,-4674913.235357148],[-6679169.447596414,-4564077.370587006],[-6679169.447596414,-4452779.631730943],[-6679169.447596414,-4341460.140937669],[-6679169.447596414,-4230140.650144396],[-6679169.447596414,-4118821.159351122],[-6679169.447596414,-4007501.6685578483],[-6679169.447596414,-3896182.1777645745],[-6679169.447596414,-3784862.6869713017],[-6679169.447596414,-3673543.196178028],[-6679169.447596414,-3562223.705384754],[-6679169.447596414,-3450904.2145914803],[-6679169.447596414,-3339584.723798207],[-6679169.447596414,-3228265.2330049337],[-6679169.447596414,-3116945.74221166],[-6679169.447596414,-3005626.251418386],[-6679169.447596414,-2894306.760625113],[-6679169.447596414,-2782987.269831839],[-6679169.447596414,-2671667.7790385657],[-6679169.447596414,-2560348.2882452924],[-6679169.447596414,-2449028.7974520186],[-6679169.447596414,-2337709.3066587453],[-6679169.447596414,-2226389.8158654715],[-6679169.447596414,-2115070.325072198],[-6679169.447596414,-2003750.8342789242],[-6679169.447596414,-1892431.3434856508],[-6679169.447596414,-1781111.852692377],[-6679169.447596414,-1669792.3618991035],[-6679169.447596414,-1558472.87110583],[-6679169.447596414,-1447153.3803125564],[-6679169.447596414,-1335833.8895192828],[-6679169.447596414,-1224514.3987260093],[-6679169.447596414,-1113194.9079327357],[-6679169.447596414,-1001875.4171394621],[-6679169.447596414,-890555.9263461885],[-6679169.447596414,-779236.435552915],[-6679169.447596414,-667916.9447596414],[-6679169.447596414,-556597.4539663679],[-6679169.447596414,-445277.96317309426],[-6679169.447596414,-333958.4723798207],[-6679169.447596414,-222638.98158654713],[-6679169.447596414,-111319.49079327357],[-6679169.447596414,0],[-6679847.627501849,111319.49079327357],[-6681881.960637986,222638.98158654713],[-6685271.827327241,333958.4723798207],[-6690016.194983388,445277.96317309426],[-6696113.618426076,556597.4539663679],[-6703562.240321057,667916.9447596414],[-6712359.791745946,779236.435552915],[-6722503.592881355,890555.9263461885],[-6733990.553827194,1001875.4171394621],[-6746817.17554388,1113194.9079327357],[-6760979.550918185,1224514.3987260093],[-6776473.3659533765,1335833.8895192828],[-6793293.901083301,1447153.3803125564],[-6811436.032610018,1558472.87110583],[-6830894.234264512,1669792.3618991035],[-6851662.578890067,1781111.852692377],[-6873734.740247722,1892431.3434856508],[-6897103.994943309,2003750.8342789242],[-6921763.224475465,2115070.325072198],[-6947704.917403993,2226389.8158654715],[-6974921.171637931,2337709.3066587453],[-7003403.69684258,2449028.7974520186],[-7033143.8169648545,2560348.2882452924],[-7064132.47287606,2671667.7790385657],[-7096360.225131416,2782987.269831839],[-7129817.256845387,2894306.760625113],[-7164493.376682008,3005626.251418386],[-7200378.02195926,3116945.74221166],[-7237460.261866573,3228265.2330049337],[-7275728.800794443,3339584.723798207],[-7315171.981775199,3450904.2145914803],[-7355777.790033819,3562223.705384754],[-7397533.856647751,3673543.196178028],[-7440427.462314603,3784862.6869713017],[-7484445.5412265705,3896182.1777645745],[-7529574.685050405,4007501.6685578483],[-7575801.147011718,4118821.159351122],[-7623110.846082396,4230140.650144396],[-7671489.371269796,4341460.140937669],[-7720921.986006499,4452779.631730943],[-7766392.811820611,4564077.370587006],[-7798790.192348762,4674913.235357148],[-7832042.050932748,4785100.636339522],[-7866155.74967871,4894621.32874084],[-7901139.144830705,5003456.779905257],[-7937000.625392818,5111588.148372192],[-7973749.155623315,5218996.26111212],[-8011394.321881416,5325661.588738843],[-8049946.384380209,5431564.21846948],[-8089416.334485313,5536683.82457167],[-8129815.958300744,5640999.636000505],[-8171157.907404676,5744490.400884273],[-8213455.777742437,5847134.347467269],[-8256724.197857576,5948909.141057543],[-8300978.92785091,6049791.83645629],[-8346236.970710622,6149758.825260561],[-8392516.697964383,6248785.777329337],[-8439837.99198161,6346847.575580962],[-8488222.407717608,6443918.243142186],[-8537693.357265867,6539970.861689825],[-8588276.32130037,6634977.479606813],[-8639999.092387844,6728909.008304882],[-8692892.056284808,6821735.104732389],[-8746988.518779952,6913424.037669907],[-8802325.087499086,7003942.534893625],[-8858942.120495962,7093255.607625096],[-8916884.256599933,7181326.347840591],[-8976201.046652583,7268115.692924381],[-9036947.710326638,7353582.15073081],[-9099186.050744766,7437681.476252508],[-9162985.569429155,7520366.288602985],[-9228424.838453429,7601585.613662388],[-9295593.20692539,7681284.333135863],[-9364592.94804118,7759402.514377154],[-9435541.995600589,7835874.5862785345],[-9508577.482699372,7910628.31346972],[-9583860.393144794,7983583.501818136],[-9661581.790191742,8054650.339143485],[-9741971.337343039,8123727.229896518],[-9825309.246735396,8190697.910137991],[-9911943.528074855,8255427.508667978],[-10002315.767502395,8317757.010765432],[-10097001.309349362,8377495.197655201],[-10196775.243520016,8434406.387022449],[-10302728.241564939,8488190.720617821],[-10416488.710323894,8538450.048953092],[-10540705.119943442,8584622.51888479],[-10680311.92806851,8625836.15437665],[-10847209.119315475,8660478.767514255],[-11131949.079327356,8683259.716434667]]},"properties":{"type":"meridian","value":-60}},
{"type":"Feature","geometry":{"type":"LineString","coordinates":[[-6679169.447596414,-8683259.716434667],[-6572391.962591958,-8660478.767514255],[-6509805.515874346,-8625836.15437665],[-6457452.962827446,-8584622.51888479],[-6410871.809220116,-8538450.048953092],[-6368211.633435507,-8488190.720617821],[-6328479.259168661,-8434406.387022449],[-6291064.033854665,-8377495.197655201],[-6255556.955662053,-8317757.010765432],[-6221667.365876726,-8255427.508667978],[-6189179.51037443,-8190697.910137991],[-6157927.794352295,-8123727.229896518],[-6127781.714170557,-8054650.339143485],[-6098636.190277953,-7983583.501818136],[-6070405.0988609195,-7910628.31346972],[-6043016.791198876,-7835874.5862785345],[-6016410.898364098,-7759402.514377154],[-5990535.995445676,-7681284.333135863],[-5965347.857268691,-7601585.613662388],[-5940808.131384588,-7520366.288602985],[-5916883.311877943,-7437681.476252508],[-5893543.934221144,-7353582.15073081],[-5870763.935343374,-7268115.692924381],[-5848520.139073631,-7181326.347840591],[-5826791.838034641,-7093255.607625096],[-5805560.450660813,-7003942.534893625],[-5784809.237391137,-6913424.037669907],[-5764523.063955458,-6821735.104732389],[-5744688.202494097,-6728909.008304882],[-5725292.163336294,-6634977.479606813],[-5706323.551823355,-6539970.861689825],[-5687771.945742758,-6443918.243142186],[-5669627.789841759,-6346847.575580962],[-5651882.304585299,-6248785.777329337],[-5634527.406865139,-6149758.825260561],[-5617555.640792747,-6049791.83645629],[-5600960.117045246,-5948909.141057543],[-5584734.459502069,-5847134.347467269],[-5568872.758125409,-5744490.400884273],[-5553369.527211434,-5640999.636000505],[-5538219.668280648,-5536683.82457167],[-5523418.436991234,-5431564.21846948],[-5508961.413554186,-5325661.588738843],[-5494844.476207398,-5218996.26111212],[-5481063.777370962,-5111588.148372192],[-5467615.72216017,-5003456.779905257],[-5454496.948978172,-4894621.32874084],[-5441704.311948435,-4785100.636339522],[-5429234.864979442,-4674913.235357148],[-5417085.847281385,-4564077.370587006],[-5400034.287601093,-4452779.631730943],[-5381497.057074829,-4341460.140937669],[-5363355.110129553,-4230140.650144396],[-5345613.97297805,-4118821.159351122],[-5328279.049742557,-4007501.6685578483],[-5311355.620808619,-3896182.1777645745],[-5294848.841216631,-3784862.6869713017],[-5278763.739091562,-3673543.196178028],[-5263105.214111337,-3562223.705384754],[-5247878.036014355,-3450904.2145914803],[-5233086.843146571,-3339584.723798207],[-5218736.14104862,-3228265.2330049337],[-5204830.301083378,-3116945.74221166],[-5191373.559104408,-3005626.251418386],[-5178370.014165676,-2894306.760625113],[-5165823.6272729365,-2782987.269831839],[-5153738.220177178,-2671667.7790385657],[-5142117.474210476,-2560348.2882452924],[-5130964.929164623,-2449028.7974520186],[-5120283.98221288,-2337709.3066587453],[-5110077.8868751535,-2226389.8158654715],[-5100349.752026955,-2115070.325072198],[-5091102.540952396,-2003750.8342789242],[-5082339.070441551,-1892431.3434856508],[-5074062.00993243,-1781111.852692377],[-5066273.880697847,-1669792.3618991035],[-5058977.055077412,-1558472.87110583],[-5052173.755754893,-1447153.3803125564],[-5045866.055081172,-1335833.8895192828],[-5040055.874442975,-1224514.3987260093],[-5034744.983677611,-1113194.9079327357],[-5029935.000533853,-1001875.4171394621],[-5025627.390179164,-890555.9263461885],[-5021823.464753386,-779236.435552915],[-5018524.3829690525,-667916.9447596414],[-5015731.149758434,-556597.4539663679],[-5013444.6159674255,-445277.96317309426],[-5011665.4780963715,-333958.4723798207],[-5010394.2780879,-222638.98158654713],[-5009631.403161849,-111319.49079327357],[-5009377.085697311,0],[-5010309.583067284,111319.49079327357],[-5013106.791129471,222638.98158654713],[-5017767.857827201,333958.4723798207],[-5024291.363354402,445277.96317309426],[-5032675.320588096,556597.4539663679],[-5042917.175693695,667916.9447596414],[-5055013.808902918,779236.435552915],[-5068961.535464104,890555.9263461885],[-5084756.106764632,1001875.4171394621],[-5102392.711625077,1113194.9079327357],[-5121865.977764746,1224514.3987260093],[-5143169.9734381335,1335833.8895192828],[-5166298.209241782,1447153.3803125564],[-5191243.640091015,1558472.87110583],[-5217998.667365946,1669792.3618991035],[-5246555.141226084,1781111.852692377],[-5276904.36309286,1892431.3434856508],[-5309037.088299292,2003750.8342789242],[-5342943.528906005,2115070.325072198],[-5378613.356682735,2226389.8158654715],[-5416035.706254395,2337709.3066587453],[-5455199.178410791,2449028.7974520186],[-5496091.843578915,2560348.2882452924],[-5538701.245456825,2671667.7790385657],[-5583014.404807939,2782987.269831839],[-5629017.82341465,2894306.760625113],[-5676697.488190003,3005626.251418386],[-5726038.8754462255,3116945.74221166],[-5777026.95531878,3228265.2330049337],[-5829646.1963446,3339584.723798207],[-5883880.57019314,3450904.2145914803],[-5939713.556548743,3562223.705384754],[-5997128.148142899,3673543.196178028],[-6056106.855934822,3784862.6869713017],[-6116631.7144387765,3896182.1777645745],[-6178684.287196547,4007501.6685578483],[-6242245.672393354,4118821.159351122],[-6307296.508615535,4230140.650144396],[-6373816.980748211,4341460.140937669],[-6441786.826011177,4452779.631730943],[-6504309.211505583,4564077.370587006],[-6548855.609731791,4674913.235357148],[-6594576.91528477,4785100.636339522],[-6641483.251060468,4894621.32874084],[-6689585.419394461,5003456.779905257],[-6738894.955167368,5111588.148372192],[-6789424.1842343,5218996.26111212],[-6841186.287839188,5325661.588738843],[-6894195.37377503,5431564.21846948],[-6948466.555169546,5536683.82457167],[-7004016.037915764,5640999.636000505],[-7060861.217933672,5744490.400884273],[-7119020.789648093,5847134.347467269],[-7178514.8673064085,5948909.141057543],[-7239365.121047245,6049791.83645629],[-7301594.929979347,6149758.825260561],[-7365229.554953269,6248785.777329337],[-7430296.334226954,6346847.575580962],[-7496824.905863953,6443918.243142186],[-7564847.461492809,6539970.861689825],[-7634399.037040252,6634977.479606813],[-7705517.847285529,6728909.008304882],[-7778245.672643853,6821735.104732389],[-7852628.308574675,6913424.037669907],[-7928716.090563485,7003942.534893625],[-8006564.510934188,7093255.607625096],[-8086234.94807715,7181326.347840591],[-8167795.534399544,7268115.692924381],[-8251322.196951368,7353582.15073081],[-8336899.915026296,7437681.476252508],[-8424624.253217328,7520366.288602985],[-8514603.248125708,7601585.613662388],[-8606959.754774652,7681284.333135863],[-8701834.398808865,7759402.514377154],[-8799389.339203052,7835874.5862785345],[-8899813.133963877,7910628.31346972],[-9003327.135826332,7983583.501818136],[-9110194.056765886,8054650.339143485],[-9220729.68409892,8123727.229896518],[-9335319.309513412,8190697.910137991],[-9454441.44635517,8255427.508667978],[-9578703.275568034,8317757.010765432],[-9708895.895607615,8377495.197655201],[-9846085.055092264,8434406.387022449],[-9991770.427404031,8488190.720617821],[-10148191.071947597,8538450.048953092],[-10318988.635174474,8584622.51888479],[-10510947.996346442,8625836.15437665],[-10740431.63431102,8660478.767514255],[-11131949.079327356,8683259.716434667]]},"properties":{"type":"meridian","value":-45}},
{"type":"Feature","geometry":{"type":"LineString","coordinates":[[-6679169.447596414,-8683259.716434667],[-6465614.477587503,-8660478.767514255],[-6340441.5841522785,-8625836.15437665],[-6235736.478058477,-8584622.51888479],[-6142574.170843816,-8538450.048953092],[-6057253.819274601,-8488190.720617821],[-5977789.070740908,-8434406.387022449],[-5902958.620112917,-8377495.197655201],[-5831944.463727692,-8317757.010765432],[-5764165.284157038,-8255427.508667978],[-5699189.573152444,-8190697.910137991],[-5636686.141108175,-8123727.229896518],[-5576393.980744702,-8054650.339143485],[-5518102.932959491,-7983583.501818136],[-5461640.750125425,-7910628.31346972],[-5406864.134801338,-7835874.5862785345],[-5353652.349131782,-7759402.514377154],[-5301902.543294938,-7681284.333135863],[-5251526.266940968,-7601585.613662388],[-5202446.815172762,-7520366.288602985],[-5154597.176159471,-7437681.476252508],[-5107918.420845875,-7353582.15073081],[-5062358.423090334,-7268115.692924381],[-5017870.830550846,-7181326.347840591],[-4974414.228472867,-7093255.607625096],[-4931951.453725211,-7003942.534893625],[-4890449.02718586,-6913424.037669907],[-4849876.680314503,-6821735.104732389],[-4810206.95739178,-6728909.008304882],[-4771414.879076174,-6634977.479606813],[-4733477.6560502965,-6539970.861689825],[-4696374.443889103,-6443918.243142186],[-4660086.132087103,-6346847.575580962],[-4624595.161574185,-6248785.777329337],[-4589885.366133863,-6149758.825260561],[-4555941.83398908,-6049791.83645629],[-4522750.786494079,-5948909.141057543],[-4490299.471407725,-5847134.347467269],[-4458576.068654404,-5744490.400884273],[-4427569.606826454,-5640999.636000505],[-4397269.88896488,-5536683.82457167],[-4367667.426386053,-5431564.21846948],[-4338753.379511958,-5325661.588738843],[-4310519.504818383,-5218996.26111212],[-4282958.107145511,-5111588.148372192],[-4256061.996723926,-5003456.779905257],[-4229824.450359929,-4894621.32874084],[-4204239.176300458,-4785100.636339522],[-4179300.2823624685,-4674913.235357148],[-4155002.2469663555,-4564077.370587006],[-4120899.1276057702,-4452779.631730943],[-4083824.666553244,-4341460.140937669],[-4047540.7726626927,-4230140.650144396],[-4012058.4983596858,-4118821.159351122],[-3977388.6518886997,-4007501.6685578483],[-3943541.794020825,-3896182.1777645745],[-3910528.234836849,-3784862.6869713017],[-3878358.0305867093,-3673543.196178028],[-3847040.980626261,-3562223.705384754],[-3816586.6244322956,-3450904.2145914803],[-3787004.2386967284,-3339584.723798207],[-3758302.834500826,-3228265.2330049337],[-3730491.154570342,-3116945.74221166],[-3703577.6706124027,-3005626.251418386],[-3677570.580734937,-2894306.760625113],[-3652477.806949459,-2782987.269831839],[-3628306.992757942,-2671667.7790385657],[-3605065.500824536,-2560348.2882452924],[-3582760.4107328323,-2449028.7974520186],[-3561398.5168293435,-2337709.3066587453],[-3540986.326153893,-2226389.8158654715],[-3521530.056457495,-2115070.325072198],[-3503035.6343083787,-2003750.8342789242],[-3485508.6932866885,-1892431.3434856508],[-3468954.572268447,-1781111.852692377],[-3453378.3137992807,-1669792.3618991035],[-3438784.66255841,-1558472.87110583],[-3425178.063913373,-1447153.3803125564],[-3412562.6625659284,-1335833.8895192828],[-3400942.301289535,-1224514.3987260093],[-3390320.519758806,-1113194.9079327357],[-3380700.5534712914,-1001875.4171394621],[-3372085.3327619126,-890555.9263461885],[-3364477.4819103563,-779236.435552915],[-3357879.318341689,-667916.9447596414],[-3352292.8519204534,-556597.4539663679],[-3347719.784338438,-445277.96317309426],[-3344161.508596328,-333958.4723798207],[-3341619.1085793856,-222638.98158654713],[-3340093.358727283,-111319.49079327357],[-3339584.723798207,0],[-3338567.453940055,111319.49079327357],[-3335515.9542358494,222638.98158654713],[-3330431.1542019644,333958.4723798207],[-3323314.602717744,445277.96317309426],[-3314168.467553714,556597.4539663679],[-3302995.5347112417,667916.9447596414],[-3289799.2075739084,779236.435552915],[-3274583.5058707953,890555.9263461885],[-3257353.0644520377,1001875.4171394621],[-3238113.131877008,1113194.9079327357],[-3216869.56881555,1224514.3987260093],[-3193628.8462627633,1335833.8895192828],[-3168398.043567875,1447153.3803125564],[-3141184.8462778013,1558472.87110583],[-3111997.543796059,1669792.3618991035],[-3080845.0268577267,1781111.852692377],[-3047736.784821243,1892431.3434856508],[-3012682.9027778637,2003750.8342789242],[-2975694.0584796304,2115070.325072198],[-2936781.5190868354,2226389.8158654715],[-2895957.1377359326,2337709.3066587453],[-2853233.349928956,2449028.7974520186],[-2808623.169745547,2560348.2882452924],[-2762140.1858787364,2671667.7790385657],[-2713798.5574957025,2782987.269831839],[-2663613.009924746,2894306.760625113],[-2611598.830169815,3005626.251418386],[-2557771.8622539355,3116945.74221166],[-2502148.502392968,3228265.2330049337],[-2444745.694001164,3339584.723798207],[-2385580.92253003,3450904.2145914803],[-2324672.210142099,3562223.705384754],[-2262038.1102212016,3673543.196178028],[-2197697.7017209223,3784862.6869713017],[-2131670.5833529714,3896182.1777645745],[-2063976.8676172215,4007501.6685578483],[-1994637.1746752497,4118821.159351122],[-1923672.6260692354,4230140.650144396],[-1851104.838288133,4341460.140937669],[-1776955.9161830796,4452779.631730943],[-1708749.6774619096,4564077.370587006],[-1660153.6066696832,4674913.235357148],[-1610275.818793706,4785100.636339522],[-1559105.2706747619,4894621.32874084],[-1506630.1779467692,5003456.779905257],[-1452837.9571035993,5111588.148372192],[-1397715.1617578536,5218996.26111212],[-1341247.412370704,5325661.588738843],[-1283419.3186225144,5431564.21846948],[-1224214.3934648586,5536683.82457167],[-1163614.957741712,5640999.636000505],[-1101602.0340858134,5744490.400884273],[-1038155.2285791714,5847134.347467269],[-973252.5984064636,5948909.141057543],[-906870.5034164608,6049791.83645629],[-838983.4391268947,6149758.825260561],[-769563.8482462517,6248785.777329337],[-698581.9072204134,6346847.575580962],[-626005.2836164155,6443918.243142186],[-551798.8592940266,6539970.861689825],[-475924.41324227146,6634977.479606813],[-398340.2566110603,6728909.008304882],[-319000.81076561654,6821735.104732389],[-237856.11702290046,6913424.037669907],[-154851.26394419913,7003942.534893625],[-69925.7144488852,7093255.607625096],[16987.48970707179,7181326.347840591],[105962.67478604769,7268115.692924381],[197082.6702971286,7353582.15073081],[290440.18092432304,7437681.476252508],[386139.458950904,7520366.288602985],[484298.3624873162,7601585.613662388],[585050.9151952567,7681284.333135863],[688550.5268689424,7759402.514377154],[794974.0982080566,7835874.5862785345],[904527.3288562297,7910628.31346972],[1017451.6945243618,7983583.501818136],[1134033.7900947835,8054650.339143485],[1254618.1108217288,8123727.229896518],[1379624.9749102679,8190697.910137991],[1509576.3969194554,8255427.508667978],[1645134.756060764,8317757.010765432],[1787163.0688312144,8377495.197655201],[1936823.9700871962,8434406.387022449],[2095753.4671545802,8488190.720617821],[2266394.170293013,8538450.048953092],[2452718.784722334,8584622.51888479],[2662128.9969099355,8625836.15437665],[2912474.7837803853,8660478.767514255],[3339584.723798206,8683259.716434667]]},"properties":{"type":"meridian","value":-30}},
{"type":"Feature","geometry":{"type":"LineString","coordinates":[[2226389.815865471,-8683259.716434667],[1977242.3508550753,-8660478.767514255],[1831207.3085139797,-8625836.15437665],[1709051.3514045456,-8584622.51888479],[1600361.9929874416,-8538450.048953092],[1500821.5828233557,-8488190.720617821],[1408112.7095340486,-8434406.387022449],[1320810.5171347258,-8377495.197655201],[1237960.6680186298,-8317757.010765432],[1158884.9585195328,-8255427.508667978],[1083079.962347507,-8190697.910137991],[1010159.2916291927,-8123727.229896518],[939818.4378718078,-8054650.339143485],[871812.2154557286,-7983583.501818136],[805939.6688159847,-7910628.31346972],[742033.6176045506,-7835874.5862785345],[679953.2009900671,-7759402.514377154],[619578.4275137506,-7681284.333135863],[560806.1051007851,-7601585.613662388],[503546.7447045447,-7520366.288602985],[447722.1658557057,-7437681.476252508],[393263.61798984255,-7353582.15073081],[340110.28727504524,-7268115.692924381],[288208.09597897617,-7181326.347840591],[237508.72688800117,-7093255.607625096],[187968.82301573493,-7003942.534893625],[139549.325386492,-6913424.037669907],[92214.92070324147,-6821735.104732389],[45933.577293399096,-6728909.008304882],[676.1525918589834,-6634977.479606813],[-43583.9409383315,-6539970.861689825],[-86871.02179305833,-6443918.243142186],[-129207.38556205697,-6346847.575580962],[-170613.51782712966,-6248785.777329337],[-211108.27917417136,-6149758.825260561],[-250709.06667641815,-6049791.83645629],[-289431.9554205865,-5948909.141057543],[-327291.82302133256,-5847134.347467269],[-364302.4595668734,-5744490.400884273],[-400476.66503281484,-5640999.636000505],[-435826.3358713169,-5536683.82457167],[-470362.5422132825,-5431564.21846948],[-504095.5968997266,-5325661.588738843],[-537035.1173755638,-5218996.26111212],[-569190.0813272492,-5111588.148372192],[-600568.876819098,-5003456.779905257],[-631179.3475770939,-4894621.32874084],[-661028.8339798109,-4785100.636339522],[-690124.2102407976,-4674913.235357148],[-718471.9182029295,-4564077.370587006],[-758258.8907902793,-4452779.631730943],[-801512.4286848938,-4341460.140937669],[-843843.6382238702,-4230140.650144396],[-885239.6249107121,-4118821.159351122],[-925687.7791268621,-4007501.6685578483],[-965175.7799727161,-3896182.1777645745],[-1003691.599020687,-3784862.6869713017],[-1041223.5039791837,-3673543.196178028],[-1077760.0622663735,-3562223.705384754],[-1113290.1444926667,-3450904.2145914803],[-1147802.927850828,-3339584.723798207],[-1181287.8994127137,-3228265.2330049337],[-1213734.859331612,-3116945.74221166],[-1245133.9239492079,-3005626.251418386],[-1275475.5288062515,-2894306.760625113],[-1304750.4315559757,-2782987.269831839],[-1332949.7147794124,-2671667.7790385657],[-1360064.7887017187,-2560348.2882452924],[-1386087.3938087071,-2449028.7974520186],[-1411009.6033627768,-2337709.3066587453],[-1434823.82581747,-2226389.8158654715],[-1457522.8071299337,-2115070.325072198],[-1479099.6329705697,-2003750.8342789242],[-1499547.7308292086,-1892431.3434856508],[-1518860.8720171566,-1781111.852692377],[-1537033.1735645172,-1669792.3618991035],[-1554059.1000122002,-1558472.87110583],[-1569933.4650980765,-1447153.3803125564],[-1584651.4333367615,-1335833.8895192828],[-1598208.521492554,-1224514.3987260093],[-1610600.5999450707,-1113194.9079327357],[-1621823.8939471715,-1001875.4171394621],[-1631874.98477478,-890555.9263461885],[-1640750.810768262,-779236.435552915],[-1648448.6682650403,-667916.9447596414],[-1654966.212423149,-556597.4539663679],[-1660301.4579355,-445277.96317309426],[-1664452.7796346282,-333958.4723798207],[-1667418.9129877288,-222638.98158654713],[-1669198.9544818476,-111319.49079327357],[-1669792.3618991037,0],[-1669029.4095054893,111319.49079327357],[-1666740.7847273364,222638.98158654713],[-1662927.1847019212,333958.4723798207],[-1657589.7710887564,445277.96317309426],[-1650730.1697157333,556597.4539663679],[-1642350.4700838795,667916.9447596414],[-1632453.2247308798,779236.435552915],[-1621041.4484535446,890555.9263461885],[-1608118.6173894773,1001875.4171394621],[-1593688.6679582049,1113194.9079327357],[-1577755.995662111,1224514.3987260093],[-1560325.4537475216,1335833.8895192828],[-1541402.3517263546,1447153.3803125564],[-1520992.4537588,1558472.87110583],[-1499101.9768974928,1669792.3618991035],[-1475737.5891937434,1781111.852692377],[-1450906.4076663817,1892431.3434856508],[-1424615.996133846,2003750.8342789242],[-1396874.3629101713,2115070.325072198],[-1367689.958365575,2226389.8158654715],[-1337071.672352398,2337709.3066587453],[-1305028.8314971656,2449028.7974520186],[-1271571.1963596086,2560348.2882452924],[-1236708.958459501,2671667.7790385657],[-1200452.7371722257,2782987.269831839],[-1162813.576494008,2894306.760625113],[-1123802.9416778102,3005626.251418386],[-1083432.7157409005,3116945.74221166],[-1041715.1958451744,3228265.2330049337],[-998663.0895513216,3339584.723798207],[-954289.5109479709,3450904.2145914803],[-908607.9766570228,3562223.705384754],[-861632.40171635,3673543.196178028],[-813377.0953411399,3784862.6869713017],[-763856.7565651769,3896182.1777645745],[-713086.4697633648,4007501.6685578483],[-661081.7000568858,4118821.159351122],[-607858.2886023751,4230140.650144396],[-553432.4477665488,4341460.140937669],[-497820.75618775835,4452779.631730943],[-446666.0771468805,4564077.370587006],[-410219.02405271074,4674913.235357148],[-372810.6831457277,4785100.636339522],[-334432.77205652016,4894621.32874084],[-295076.4525105257,5003456.779905257],[-254732.28687814804,5111588.148372192],[-213390.19036883907,5218996.26111212],[-171039.3783284767,5325661.588738843],[-127668.30801733384,5431564.21846948],[-83264.61414909283,5536683.82457167],[-37815.03735673263,5640999.636000505],[8694.655385191498,5744490.400884273],[56279.75951517266,5847134.347467269],[104956.73214470381,5948909.141057543],[154743.30338720573,6049791.83645629],[205658.60160438032,6149758.825260561],[257723.29476486237,6248785.777329337],[310959.75053424144,6346847.575580962],[365392.21823723975,6443918.243142186],[421047.0364790314,6539970.861689825],[477952.87101784773,6634977.479606813],[536140.9884912565,6728909.008304882],[595645.5728753395,6821735.104732389],[656504.0931823761,6913424.037669907],[718757.7329914025,7003942.534893625],[782451.8951128876,7093255.607625096],[847636.7982298554,7181326.347840591],[914368.1870390873,7268115.692924381],[982708.1836723979,7353582.15073081],[1052726.3166427936,7437681.476252508],[1124500.77516273,7520366.288602985],[1198119.9528150389,7601585.613662388],[1273684.367345994,7681284.333135863],[1351309.0761012584,7759402.514377154],[1431126.7546055943,7835874.5862785345],[1513291.6775917236,7910628.31346972],[1597984.951842823,7983583.501818136],[1685421.5235206394,8054650.339143485],[1775859.7640658482,8123727.229896518],[1869614.9121322522,8190697.910137991],[1967078.4786391428,8255427.508667978],[2068747.2479951244,8317757.010765432],[2175268.4825729625,8377495.197655201],[2287514.158514949,8434406.387022449],[2406711.281315487,8488190.720617821],[2534691.8086693115,8538450.048953092],[2674435.2694913023,8584622.51888479],[2831492.9286320033,8625836.15437665],[3019252.2687848406,8660478.767514255],[3339584.723798207,8683259.716434667]]},"properties":{"type":"meridian","value":-15}},
{"type":"Feature","geometry":{"type":"LineString","coordinates":[[2226389.8158654715,-8683259.716434667],[2084019.8358595308,-8660478.767514255],[2000571.2402360474,-8625836.15437665],[1930767.836173514,-8584622.51888479],[1868659.6313637402,-8538450.048953092],[1811779.3969842624,-8488190.720617821],[1758802.8979618012,-8434406.387022449],[1708915.930876474,-8377495.197655201],[1661573.1599529902,-8317757.010765432],[1616387.040239221,-8255427.508667978],[1573069.8995694916,-8190697.910137991],[1531400.9448733118,-8123727.229896518],[1491206.1712976636,-8054650.339143485],[1452345.4727741894,-7983583.501818136],[1414704.017551479,-7910628.31346972],[1378186.274002088,-7835874.5862785345],[1342711.750222383,-7759402.514377154],[1308211.879664488,-7681284.333135863],[1274627.6954285076,-7601585.613662388],[1241908.0609163702,-7520366.288602985],[1210008.3015741766,-7437681.476252508],[1178889.1313651118,-7353582.15073081],[1148515.799528085,-7268115.692924381],[1118857.4045017597,-7181326.347840591],[1089886.336449774,-7093255.607625096],[1061577.8199513361,-7003942.534893625],[1033909.5355917688,-6913424.037669907],[1006861.3043441969,-6821735.104732389],[980414.8223957155,-6728909.008304882],[954553.4368519784,-6634977.479606813],[929261.9548347266,-6539970.861689825],[904526.4800605971,-6443918.243142186],[880334.2721925977,-6346847.575580962],[856673.6251839848,-6248785.777329337],[833533.7615571038,-6149758.825260561],[810904.7401272486,-6049791.83645629],[788777.375130581,-5948909.141057543],[767143.1650730118,-5847134.347467269],[745994.2299041311,-5744490.400884273],[725323.2553521649,-5640999.636000505],[705123.4434444492,-5536683.82457167],[685388.4683918976,-5431564.21846948],[666112.4371425008,-5325661.588738843],[647289.854013451,-5218996.26111212],[628915.5888982023,-5111588.148372192],[610984.8486171458,-5003456.779905257],[593493.1510411481,-4894621.32874084],[576436.3016681669,-4785100.636339522],[559810.3723761745,-4674913.235357148],[543611.6821120993,-4564077.370587006],[520876.2692050423,-4452779.631730943],[496159.9618366913,-4341460.140937669],[471970.6992429906,-4230140.650144396],[448315.84970765223,-4118821.159351122],[425202.6187269952,-4007501.6685578483],[402638.04681507853,-3896182.1777645745],[380629.00735909486,-3784862.6869713017],[359182.2045256685,-3673543.196178028],[338304.1712187025,-3562223.705384754],[318001.2670893924,-3450904.2145914803],[298279.67659901455,-3339584.723798207],[279145.40713507956,-3228265.2330049337],[260604.28718142366,-3116945.74221166],[242661.96454279727,-3005626.251418386],[225323.90462448704,-2894306.760625113],[208595.38876750163,-2782987.269831839],[192481.51263982328,-2671667.7790385657],[176987.18468421994,-2560348.2882452924],[162117.12462308342,-2449028.7974520186],[147875.86202075827,-2337709.3066587453],[134267.73490379035,-2226389.8158654715],[121296.8884395255,-2115070.325072198],[108967.2736734479,-2003750.8342789242],[97282.64632565423,-1892431.3434856508],[86246.56564682676,-1781111.852692377],[75862.39333404927,-1669792.3618991035],[66133.29250680176,-1558472.87110583],[57062.22674344403,-1447153.3803125564],[48651.95917848103,-1335833.8895192828],[40905.051660885525,-1224514.3987260093],[33823.86397373287,-1113194.9079327357],[27410.55311538954,-1001875.4171394621],[21667.07264247044,-890555.9263461885],[16595.172074766335,-779236.435552915],[12196.396362321793,-667916.9447596414],[8472.085414831232,-556597.4539663679],[5423.373693487538,-445277.96317309426],[3051.189865414286,-333958.4723798207],[1356.2565207856585,-222638.98158654713],[339.0899527176045,-111319.49079327357],[0,0],[508.6349290758757,111319.49079327357],[2034.3847811786648,222638.98158654713],[4576.784798121252,333958.4723798207],[8135.060540231307,445277.96317309426],[12708.128122246495,556597.4539663679],[18294.59454348251,667916.9447596414],[24892.758112149324,779236.435552915],[32500.60896370584,890555.9263461885],[41115.82967308448,1001875.4171394621],[50735.795960599484,1113194.9079327357],[61357.57749132846,1224514.3987260093],[72977.93876772173,1335833.8895192828],[85593.34011516588,1447153.3803125564],[99199.93876020281,1558472.87110583],[113793.59000107371,1669792.3618991035],[129369.84847023996,1781111.852692377],[145923.9694884819,1892431.3434856508],[163450.91051017167,2003750.8342789242],[181945.33265928825,2115070.325072198],[201401.6023556857,2226389.8158654715],[221813.7930311372,2337709.3066587453],[243175.68693462532,2449028.7974520186],[265480.7770263297,2560348.2882452924],[288722.2689597353,2671667.7790385657],[312893.08315125224,2782987.269831839],[337985.8569367304,2894306.760625113],[363992.9468141958,3005626.251418386],[390906.4307721357,3116945.74221166],[418718.11070261936,3228265.2330049337],[447419.5148985215,3339584.723798207],[477001.90063408844,3450904.2145914803],[507456.25682805397,3562223.705384754],[538773.3067885026,3673543.196178028],[570943.5110386423,3784862.6869713017],[603957.0702226178,3896182.1777645745],[637803.9280904926,4007501.6685578483],[672473.7745614785,4118821.159351122],[707956.0488644857,4230140.650144396],[744239.942755037,4341460.140937669],[781314.4038075636,4452779.631730943],[815417.5231681486,4564077.370587006],[839715.5585642618,4674913.235357148],[864654.4525022506,4785100.636339522],[890239.7265617226,4894621.32874084],[916477.2729257188,5003456.779905257],[943373.3833473037,5111588.148372192],[970934.7810201766,5218996.26111212],[999168.6557137513,5325661.588738843],[1028082.7025878463,5431564.21846948],[1057685.1651666742,5536683.82457167],[1087984.8830282474,5640999.636000505],[1118991.3448561968,5744490.400884273],[1150714.7476095178,5847134.347467269],[1183166.0626958716,5948909.141057543],[1216357.110190873,6049791.83645629],[1250300.642335656,6149758.825260561],[1285010.4377759774,6248785.777329337],[1320501.4082888968,6346847.575580962],[1356789.7200908957,6443918.243142186],[1393892.9322520902,6539970.861689825],[1431830.1552779677,6634977.479606813],[1470622.2335935733,6728909.008304882],[1510291.9565162952,6821735.104732389],[1550864.303387653,6913424.037669907],[1592366.7299270038,7003942.534893625],[1634829.5046746607,7093255.607625096],[1678286.1067526394,7181326.347840591],[1722773.6992921273,7268115.692924381],[1768333.6970476676,7353582.15073081],[1815012.4523612647,7437681.476252508],[1862862.0913745551,7520366.288602985],[1911941.5431427616,7601585.613662388],[1962317.8194967317,7681284.333135863],[2014067.6253335746,7759402.514377154],[2067279.4110031317,7835874.5862785345],[2122056.026327218,7910628.31346972],[2178518.209161284,7983583.501818136],[2236809.2569464953,8054650.339143485],[2297101.417309968,8123727.229896518],[2359604.8493542373,8190697.910137991],[2424580.560358831,8255427.508667978],[2492359.739929485,8317757.010765432],[2563373.896314711,8377495.197655201],[2638204.3469427014,8434406.387022449],[2717669.0954763936,8488190.720617821],[2802989.44704561,8538450.048953092],[2896151.7542602704,8584622.51888479],[3000856.8603540715,8625836.15437665],[3126029.753789296,8660478.767514255],[3339584.723798207,8683259.716434667]]},"properties":{"type":"meridian","value":0}},
{"type":"Feature","geometry":{"type":"LineString","coordinates":[[2226389.8158654715,-8683259.716434667],[2190797.320863986,-8660478.767514255],[2169935.1719581154,-8625836.15437665],[2152484.320942482,-8584622.51888479],[2136957.2697400386,-8538450.048953092],[2122737.211145169,-8488190.720617821],[2109493.0863895537,-8434406.387022449],[2097021.344618222,-8377495.197655201],[2085185.6518873512,-8317757.010765432],[2073889.1219589089,-8255427.508667978],[2063059.8367914762,-8190697.910137991],[2052642.5981174314,-8123727.229896518],[2042593.9047235195,-8054650.339143485],[2032878.730092651,-7983583.501818136],[2023468.3662869732,-7910628.31346972],[2014338.9303996256,-7835874.5862785345],[2005470.299454699,-7759402.514377154],[1996845.3318152253,-7681284.333135863],[1988449.2857562304,-7601585.613662388],[1980269.377128196,-7520366.288602985],[1972294.4372926473,-7437681.476252508],[1964514.6447403815,-7353582.15073081],[1956921.3117811247,-7268115.692924381],[1949506.7130245434,-7181326.347840591],[1942263.9460115468,-7093255.607625096],[1935186.8168869375,-7003942.534893625],[1928269.7457970458,-6913424.037669907],[1921507.6879851527,-6821735.104732389],[1914896.0674980322,-6728909.008304882],[1908430.721112098,-6634977.479606813],[1902107.8506077852,-6539970.861689825],[1895923.9819142527,-6443918.243142186],[1889875.9299472529,-6346847.575580962],[1883960.7681950997,-6248785.777329337],[1878175.8022883795,-6149758.825260561],[1872518.5469309157,-6049791.83645629],[1866986.7056817487,-5948909.141057543],[1861578.1531673565,-5847134.347467269],[1856290.9193751363,-5744490.400884273],[1851123.1757371444,-5640999.636000505],[1846073.2227602159,-5536683.82457167],[1841139.4789970778,-5431564.21846948],[1836320.4711847284,-5325661.588738843],[1831614.825402466,-5218996.26111212],[1827021.2591236539,-5111588.148372192],[1822538.57405339,-5003456.779905257],[1818165.6496593903,-4894621.32874084],[1813901.437316145,-4785100.636339522],[1809744.954993147,-4674913.235357148],[1805695.2824271284,-4564077.370587006],[1800011.4292003638,-4452779.631730943],[1793832.352358276,-4341460.140937669],[1787785.036709851,-4230140.650144396],[1781871.3243260165,-4118821.159351122],[1776093.0165808522,-4007501.6685578483],[1770451.873602873,-3896182.1777645745],[1764949.6137388772,-3784862.6869713017],[1759587.9130305205,-3673543.196178028],[1754368.404703779,-3562223.705384754],[1749292.6786714515,-3450904.2145914803],[1744362.281048857,-3339584.723798207],[1739578.7136828734,-3228265.2330049337],[1734943.4336944595,-3116945.74221166],[1730457.8530348027,-3005626.251418386],[1726123.3380552253,-2894306.760625113],[1721941.2090909788,-2782987.269831839],[1717912.7400590593,-2671667.7790385657],[1714039.1580701582,-2560348.2882452924],[1710321.6430548744,-2449028.7974520186],[1706761.327404293,-2337709.3066587453],[1703359.295625051,-2226389.8158654715],[1700116.5840089847,-2115070.325072198],[1697034.1803174654,-2003750.8342789242],[1694113.023480517,-1892431.3434856508],[1691354.00331081,-1781111.852692377],[1688757.9602326157,-1669792.3618991035],[1686325.6850258037,-1558472.87110583],[1684057.9185849645,-1447153.3803125564],[1681955.3516937236,-1335833.8895192828],[1680018.6248143248,-1224514.3987260093],[1678248.3278925365,-1113194.9079327357],[1676645.0001779506,-1001875.4171394621],[1675209.130059721,-890555.9263461885],[1673941.154917795,-779236.435552915],[1672841.4609896839,-667916.9447596414],[1671910.3832528112,-556597.4539663679],[1671148.2053224754,-445277.96317309426],[1670555.159365457,-333958.4723798207],[1670131.4260292996,-222638.98158654713],[1669877.1343872827,-111319.49079327357],[1669792.3618991035,0],[1670046.6793636414,111319.49079327357],[1670809.5542896928,222638.98158654713],[1672080.754298164,333958.4723798207],[1673859.892169219,445277.96317309426],[1676146.4259602267,556597.4539663679],[1678939.6591708446,667916.9447596414],[1682238.7409551782,779236.435552915],[1686042.6663809563,890555.9263461885],[1690350.2767356457,1001875.4171394621],[1695160.259879403,1113194.9079327357],[1700471.1506447676,1224514.3987260093],[1706281.3312829642,1335833.8895192828],[1712589.0319566864,1447153.3803125564],[1719392.331279205,1558472.87110583],[1726689.1568996403,1669792.3618991035],[1734477.2861342235,1781111.852692377],[1742754.3466433443,1892431.3434856508],[1751517.8171541893,2003750.8342789242],[1760765.0282287474,2115070.325072198],[1770493.1630769465,2226389.8158654715],[1780699.2584146718,2337709.3066587453],[1791380.2053664161,2449028.7974520186],[1802532.750412268,2560348.2882452924],[1814153.496378971,2671667.7790385657],[1826238.9034747295,2782987.269831839],[1838785.2903674685,2894306.760625113],[1851788.8353062014,3005626.251418386],[1865245.577285171,3116945.74221166],[1879151.417250413,3228265.2330049337],[1893502.1193483642,3339584.723798207],[1908293.3122161478,3450904.2145914803],[1923520.4903131304,3562223.705384754],[1939179.0152933546,3673543.196178028],[1955264.1174184245,3784862.6869713017],[1971770.8970104125,3896182.1777645745],[1988694.3259443499,4007501.6685578483],[2006029.2491798429,4118821.159351122],[2023770.3863313464,4230140.650144396],[2041912.333276622,4341460.140937669],[2060449.5638028851,4452779.631730943],[2077501.1234831777,4564077.370587006],[2089650.1411812343,4674913.235357148],[2102119.588150229,4785100.636339522],[2114912.2251799647,4894621.32874084],[2128030.998361963,5003456.779905257],[2141479.0535727553,5111588.148372192],[2155259.7524091913,5218996.26111212],[2169376.689755979,5325661.588738843],[2183833.7131930264,5431564.21846948],[2198634.94448244,5536683.82457167],[2213784.803413227,5640999.636000505],[2229288.034327202,5744490.400884273],[2245149.7357038623,5847134.347467269],[2261375.3932470395,5948909.141057543],[2277970.91699454,6049791.83645629],[2294942.6830669316,6149758.825260561],[2312297.5807870924,6248785.777329337],[2330043.0660435515,6346847.575580962],[2348187.2219445514,6443918.243142186],[2366738.8280251483,6539970.861689825],[2385707.439538087,6634977.479606813],[2405103.47869589,6728909.008304882],[2424938.3401572513,6821735.104732389],[2445224.51359293,6913424.037669907],[2465975.7268626057,7003942.534893625],[2487207.1142364335,7093255.607625096],[2508935.415275423,7181326.347840591],[2531179.211545167,7268115.692924381],[2553959.2104229373,7353582.15073081],[2577298.5880797356,7437681.476252508],[2601223.407586381,7520366.288602985],[2625763.133470484,7601585.613662388],[2650951.271647469,7681284.333135863],[2676826.174565891,7759402.514377154],[2703432.067400669,7835874.5862785345],[2730820.3750627125,7910628.31346972],[2759051.4664797457,7983583.501818136],[2788196.990372351,8054650.339143485],[2818343.0705540874,8123727.229896518],[2849594.786576222,8190697.910137991],[2882082.642078519,8255427.508667978],[2915972.231863846,8317757.010765432],[2951479.3100564587,8377495.197655201],[2988894.535370454,8434406.387022449],[3028626.9096373003,8488190.720617821],[3071287.085421908,8538450.048953092],[3117868.2390292385,8584622.51888479],[3170220.7920761392,8625836.15437665],[3232807.2387937517,8660478.767514255],[3339584.723798207,8683259.716434667]]},"properties":{"type":"meridian","value":15}},
{"type":"Feature","geometry":{"type":"LineString","coordinates":[[2226389.8158654715,-8683259.716434667],[2297574.8058684417,-8660478.767514255],[2339299.103680183,-8625836.15437665],[2374200.80571145,-8584622.51888479],[2405254.908116337,-8538450.048953092],[2433695.025306076,-8488190.720617821],[2460183.2748173065,-8434406.387022449],[2485126.75835997,-8377495.197655201],[2508798.1438217117,-8317757.010765432],[2531391.2036785968,-8255427.508667978],[2553049.774013461,-8190697.910137991],[2573884.251361551,-8123727.229896518],[2593981.638149375,-8054650.339143485],[2613411.987411112,-7983583.501818136],[2632232.7150224675,-7910628.31346972],[2650491.586797163,-7835874.5862785345],[2668228.8486870155,-7759402.514377154],[2685478.783965963,-7681284.333135863],[2702270.876083953,-7601585.613662388],[2718630.6933400217,-7520366.288602985],[2734580.573011119,-7437681.476252508],[2750140.158115651,-7353582.15073081],[2765326.824034164,-7268115.692924381],[2780156.021547327,-7181326.347840591],[2794641.55557332,-7093255.607625096],[2808795.813822539,-7003942.534893625],[2822629.9560023225,-6913424.037669907],[2836154.0716261086,-6821735.104732389],[2849377.312600349,-6728909.008304882],[2862308.005372218,-6634977.479606813],[2874953.7463808437,-6539970.861689825],[2887321.4837679085,-6443918.243142186],[2899417.587701908,-6346847.575580962],[2911247.911206214,-6248785.777329337],[2922817.843019655,-6149758.825260561],[2934132.3537345827,-6049791.83645629],[2945196.0362329166,-5948909.141057543],[2956013.141261701,-5847134.347467269],[2966587.608846141,-5744490.400884273],[2976923.0961221247,-5640999.636000505],[2987023.002075982,-5536683.82457167],[2996890.489602258,-5431564.21846948],[3006528.5052269567,-5325661.588738843],[3015939.7967914813,-5218996.26111212],[3025126.929349106,-5111588.148372192],[3034092.2994896336,-5003456.779905257],[3042838.148277633,-4894621.32874084],[3051366.5729641235,-4785100.636339522],[3059679.5376101197,-4674913.235357148],[3067778.882742157,-4564077.370587006],[3079146.589195686,-4452779.631730943],[3091504.742879861,-4341460.140937669],[3103599.374176712,-4230140.650144396],[3115426.7989443806,-4118821.159351122],[3126983.4144347096,-4007501.6685578483],[3138265.7003906677,-3896182.1777645745],[3149270.2201186595,-3784862.6869713017],[3159993.621535373,-3673543.196178028],[3170432.6381888557,-3562223.705384754],[3180584.090253511,-3450904.2145914803],[3190444.8854986997,-3339584.723798207],[3200012.020230667,-3228265.2330049337],[3209282.580207495,-3116945.74221166],[3218253.741526808,-3005626.251418386],[3226922.771485963,-2894306.760625113],[3235287.0294144563,-2782987.269831839],[3243343.967478295,-2671667.7790385657],[3251091.131456097,-2560348.2882452924],[3258526.161486665,-2449028.7974520186],[3265646.792787828,-2337709.3066587453],[3272450.8563463115,-2226389.8158654715],[3278936.279578444,-2115070.325072198],[3285101.0869614827,-2003750.8342789242],[3290943.4006353794,-1892431.3434856508],[3296461.4409747934,-1781111.852692377],[3301653.527131182,-1669792.3618991035],[3306518.077544806,-1558472.87110583],[3311053.6104264846,-1447153.3803125564],[3315258.7442089664,-1335833.8895192828],[3319132.1979677645,-1224514.3987260093],[3322672.7918113405,-1113194.9079327357],[3325879.4472405124,-1001875.4171394621],[3328751.1874769717,-890555.9263461885],[3331287.1377608236,-779236.435552915],[3333486.525617046,-667916.9447596414],[3335348.6810907917,-556597.4539663679],[3336873.036951463,-445277.96317309426],[3338059.1288654995,-333958.4723798207],[3338906.5955378143,-222638.98158654713],[3339415.1788218482,-111319.49079327357],[3339584.723798207,0],[3339584.723798207,111319.49079327357],[3339584.723798207,222638.98158654713],[3339584.723798207,333958.4723798207],[3339584.723798207,445277.96317309426],[3339584.723798207,556597.4539663679],[3339584.723798207,667916.9447596414],[3339584.723798207,779236.435552915],[3339584.723798207,890555.9263461885],[3339584.723798207,1001875.4171394621],[3339584.723798207,1113194.9079327357],[3339584.723798207,1224514.3987260093],[3339584.723798207,1335833.8895192828],[3339584.723798207,1447153.3803125564],[3339584.723798207,1558472.87110583],[3339584.723798207,1669792.3618991035],[3339584.723798207,1781111.852692377],[3339584.723798207,1892431.3434856508],[3339584.723798207,2003750.8342789242],[3339584.723798207,2115070.325072198],[3339584.723798207,2226389.8158654715],[3339584.723798207,2337709.3066587453],[3339584.723798207,2449028.7974520186],[3339584.723798207,2560348.2882452924],[3339584.723798207,2671667.7790385657],[3339584.723798207,2782987.269831839],[3339584.723798207,2894306.760625113],[3339584.723798207,3005626.251418386],[3339584.723798207,3116945.74221166],[3339584.723798207,3228265.2330049337],[3339584.723798207,3339584.723798207],[3339584.723798207,3450904.2145914803],[3339584.723798207,3562223.705384754],[3339584.723798207,3673543.196178028],[3339584.723798207,3784862.6869713017],[3339584.723798207,3896182.1777645745],[3339584.723798207,4007501.6685578483],[3339584.723798207,4118821.159351122],[3339584.723798207,4230140.650144396],[3339584.723798207,4341460.140937669],[3339584.723798207,4452779.631730943],[3339584.723798207,4564077.370587006],[3339584.723798207,4674913.235357148],[3339584.723798207,4785100.636339522],[3339584.723798207,4894621.32874084],[3339584.723798207,5003456.779905257],[3339584.723798207,5111588.148372192],[3339584.723798207,5218996.26111212],[3339584.723798207,5325661.588738843],[3339584.723798207,5431564.21846948],[3339584.723798207,5536683.82457167],[3339584.723798207,5640999.636000505],[3339584.723798207,5744490.400884273],[3339584.723798207,5847134.347467269],[3339584.723798207,5948909.141057543],[3339584.723798207,6049791.83645629],[3339584.723798207,6149758.825260561],[3339584.723798207,6248785.777329337],[3339584.723798207,6346847.575580962],[3339584.723798207,6443918.243142186],[3339584.723798207,6539970.861689825],[3339584.723798207,6634977.479606813],[3339584.723798207,6728909.008304882],[3339584.723798207,6821735.104732389],[3339584.723798207,6913424.037669907],[3339584.723798207,7003942.534893625],[3339584.723798207,7093255.607625096],[3339584.723798207,7181326.347840591],[3339584.723798207,7268115.692924381],[3339584.723798207,7353582.15073081],[3339584.723798207,7437681.476252508],[3339584.723798207,7520366.288602985],[3339584.723798207,7601585.613662388],[3339584.723798207,7681284.333135863],[3339584.723798207,7759402.514377154],[3339584.723798207,7835874.5862785345],[3339584.723798207,7910628.31346972],[3339584.723798207,7983583.501818136],[3339584.723798207,8054650.339143485],[3339584.723798207,8123727.229896518],[3339584.723798207,8190697.910137991],[3339584.723798207,8255427.508667978],[3339584.723798207,8317757.010765432],[3339584.723798207,8377495.197655201],[3339584.723798207,8434406.387022449],[3339584.723798207,8488190.720617821],[3339584.723798207,8538450.048953092],[3339584.723798207,8584622.51888479],[3339584.723798207,8625836.15437665],[3339584.723798207,8660478.767514255],[3339584.723798207,8683259.716434667]]},"properties":{"type":"meridian","value":30}},
{"type":"Feature","geometry":{"type":"LineString","coordinates":[[2226389.8158654715,-8683259.716434667],[2404352.290872897,-8660478.767514255],[2508663.035402251,-8625836.15437665],[2595917.2904804186,-8584622.51888479],[2673552.5464926357,-8538450.048953092],[2744652.8394669825,-8488190.720617821],[2810873.463245059,-8434406.387022449],[2873232.1721017184,-8377495.197655201],[2932410.6357560726,-8317757.010765432],[2988893.2853982844,-8255427.508667978],[3043039.711235446,-8190697.910137991],[3095125.9046056704,-8123727.229896518],[3145369.371575231,-8054650.339143485],[3193945.2447295734,-7983583.501818136],[3240997.063757962,-7910628.31346972],[3286644.2431947007,-7835874.5862785345],[3330987.397919331,-7759402.514377154],[3374112.236116701,-7681284.333135863],[3416092.466411676,-7601585.613662388],[3456992.0095518474,-7520366.288602985],[3496866.7087295894,-7437681.476252508],[3535765.6714909202,-7353582.15073081],[3573732.336287204,-7268115.692924381],[3610805.330070111,-7181326.347840591],[3647019.165135093,-7093255.607625096],[3682404.8107581404,-7003942.534893625],[3716990.1662075995,-6913424.037669907],[3750800.4552670643,-6821735.104732389],[3783858.557702666,-6728909.008304882],[3816185.2896323376,-6634977.479606813],[3847799.6421539024,-6539970.861689825],[3878718.9856215636,-6443918.243142186],[3908959.2454565633,-6346847.575580962],[3938535.0542173297,-6248785.777329337],[3967459.88375093,-6149758.825260561],[3995746.1605382496,-6049791.83645629],[4023405.366784084,-5948909.141057543],[4050448.129356046,-5847134.347467269],[4076884.2983171465,-5744490.400884273],[4102723.016507104,-5640999.636000505],[4127972.7813917487,-5536683.82457167],[4152641.5002074386,-5431564.21846948],[4176736.5392691838,-5325661.588738843],[4200264.768180497,-5218996.26111212],[4223232.5995745575,-5111588.148372192],[4245646.024925878,-5003456.779905257],[4267510.646895875,-4894621.32874084],[4288831.708612102,-4785100.636339522],[4309614.120227093,-4674913.235357148],[4329862.483057186,-4564077.370587006],[4358281.749191008,-4452779.631730943],[4389177.133401447,-4341460.140937669],[4419413.711643573,-4230140.650144396],[4448982.273562745,-4118821.159351122],[4477873.812288567,-4007501.6685578483],[4506079.527178463,-3896182.1777645745],[4533590.826498441,-3784862.6869713017],[4560399.330040225,-3673543.196178028],[4586496.871673932,-3562223.705384754],[4611875.501835571,-3450904.2145914803],[4636527.489948542,-3339584.723798207],[4660445.326778461,-3228265.2330049337],[4683621.7267205315,-3116945.74221166],[4706049.630018814,-3005626.251418386],[4727722.204916702,-2894306.760625113],[4748632.849737934,-2782987.269831839],[4768775.194897531,-2671667.7790385657],[4788143.104842036,-2560348.2882452924],[4806730.679918456,-2449028.7974520186],[4824532.258171363,-2337709.3066587453],[4841542.4170675725,-2226389.8158654715],[4857755.975147904,-2115070.325072198],[4873167.993605501,-2003750.8342789242],[4887773.777790243,-1892431.3434856508],[4901568.878638777,-1781111.852692377],[4914549.094029749,-1669792.3618991035],[4926710.470063808,-1558472.87110583],[4938049.302268006,-1447153.3803125564],[4948562.136724209,-1335833.8895192828],[4958245.771121204,-1224514.3987260093],[4967097.255730145,-1113194.9079327357],[4975113.894303073,-1001875.4171394621],[4982293.244894222,-890555.9263461885],[4988633.120603853,-779236.435552915],[4994131.590244408,-667916.9447596414],[4998786.978928772,-556597.4539663679],[5002597.868580451,-445277.96317309426],[5005563.0983655425,-333958.4723798207],[5007681.765046328,-222638.98158654713],[5008953.223256413,-111319.49079327357],[5009377.085697311,0],[5009122.768232773,111319.49079327357],[5008359.893306721,222638.98158654713],[5007088.6932982495,333958.4723798207],[5005309.5554271955,445277.96317309426],[5003023.021636187,556597.4539663679],[5000229.788425569,667916.9447596414],[4996930.706641236,779236.435552915],[4993126.781215457,890555.9263461885],[4988819.170860768,1001875.4171394621],[4984009.18771701,1113194.9079327357],[4978698.296951646,1224514.3987260093],[4972888.116313449,1335833.8895192828],[4966580.415639728,1447153.3803125564],[4959777.116317209,1558472.87110583],[4952480.290696774,1669792.3618991035],[4944692.161462191,1781111.852692377],[4936415.1009530695,1892431.3434856508],[4927651.630442225,2003750.8342789242],[4918404.419367666,2115070.325072198],[4908676.2845194675,2226389.8158654715],[4898470.189181741,2337709.3066587453],[4887789.242229998,2449028.7974520186],[4876636.697184145,2560348.2882452924],[4865015.951217443,2671667.7790385657],[4852930.5441216845,2782987.269831839],[4840384.157228946,2894306.760625113],[4827380.612290213,3005626.251418386],[4813923.8703112425,3116945.74221166],[4800018.030346001,3228265.2330049337],[4785667.32824805,3339584.723798207],[4770876.135380266,3450904.2145914803],[4755648.957283284,3562223.705384754],[4739990.432303059,3673543.196178028],[4723905.33017799,3784862.6869713017],[4707398.550586002,3896182.1777645745],[4690475.121652065,4007501.6685578483],[4673140.198416571,4118821.159351122],[4655399.061265068,4230140.650144396],[4637257.114319792,4341460.140937669],[4618719.883793529,4452779.631730943],[4601668.324113236,4564077.370587006],[4589519.30641518,4674913.235357148],[4577049.859446185,4785100.636339522],[4564257.222416449,4894621.32874084],[4551138.449234451,5003456.779905257],[4537690.394023659,5111588.148372192],[4523909.695187222,5218996.26111212],[4509792.757840435,5325661.588738843],[4495335.734403388,5431564.21846948],[4480534.503113973,5536683.82457167],[4465384.644183187,5640999.636000505],[4449881.413269212,5744490.400884273],[4434019.711892552,5847134.347467269],[4417794.054349375,5948909.141057543],[4401198.530601874,6049791.83645629],[4384226.764529482,6149758.825260561],[4366871.866809322,6248785.777329337],[4349126.381552862,6346847.575580962],[4330982.225651862,6443918.243142186],[4312430.619571265,6539970.861689825],[4293462.008058327,6634977.479606813],[4274065.968900524,6728909.008304882],[4254231.107439163,6821735.104732389],[4233944.934003484,6913424.037669907],[4213193.720733809,7003942.534893625],[4191962.33335998,7093255.607625096],[4170234.0323209907,7181326.347840591],[4147990.236051247,7268115.692924381],[4125210.2371734763,7353582.15073081],[4101870.8595166784,7437681.476252508],[4077946.0400100327,7520366.288602985],[4053406.31412593,7601585.613662388],[4028218.1759489444,7681284.333135863],[4002343.2730305227,7759402.514377154],[3975737.3801957443,7835874.5862785345],[3948349.072533701,7910628.31346972],[3920117.9811166683,7983583.501818136],[3890972.4572240626,8054650.339143485],[3860826.3770423266,8123727.229896518],[3829574.661020192,8190697.910137991],[3797086.805517895,8255427.508667978],[3763197.215732568,8317757.010765432],[3727690.137539955,8377495.197655201],[3690274.91222596,8434406.387022449],[3650542.5379591133,8488190.720617821],[3607882.3621745054,8538450.048953092],[3561301.2085671755,8584622.51888479],[3508948.655520275,8625836.15437665],[3446362.208802662,8660478.767514255],[3339584.723798207,8683259.716434667]]},"properties":{"type":"meridian","value":45}},
{"type":"Feature","geometry":{"type":"LineString","coordinates":[[2226389.8158654715,-8683259.716434667],[2511129.7758773523,-8660478.767514255],[2678026.9671243187,-8625836.15437665],[2817633.775249386,-8584622.51888479],[2941850.184868934,-8538450.048953092],[3055610.653627889,-8488190.720617821],[3161563.6516728112,-8434406.387022449],[3261337.585843466,-8377495.197655201],[3356023.127690433,-8317757.010765432],[3446395.3671179726,-8255427.508667978],[3533029.6484574303,-8190697.910137991],[3616367.55784979,-8123727.229896518],[3696757.105001087,-8054650.339143485],[3774478.5020480347,-7983583.501818136],[3849761.4124934557,-7910628.31346972],[3922796.8995922375,-7835874.5862785345],[3993745.947151648,-7759402.514377154],[4062745.688267438,-7681284.333135863],[4129914.0567393983,-7601585.613662388],[4195353.3257636735,-7520366.288602985],[4259152.84444806,-7437681.476252508],[4321391.18486619,-7353582.15073081],[4382137.848540244,-7268115.692924381],[4441454.638592894,-7181326.347840591],[4499396.774696866,-7093255.607625096],[4556013.807693742,-7003942.534893625],[4611350.376412876,-6913424.037669907],[4665446.83890802,-6821735.104732389],[4718339.802804982,-6728909.008304882],[4770062.573892457,-6634977.479606813],[4820645.537926961,-6539970.861689825],[4870116.48747522,-6443918.243142186],[4918500.903211217,-6346847.575580962],[4965822.197228444,-6248785.777329337],[5012101.924482206,-6149758.825260561],[5057359.967341917,-6049791.83645629],[5101614.697335252,-5948909.141057543],[5144883.11745039,-5847134.347467269],[5187180.987788151,-5744490.400884273],[5228522.936892084,-5640999.636000505],[5268922.560707514,-5536683.82457167],[5308392.510812619,-5431564.21846948],[5346944.573311412,-5325661.588738843],[5384589.739569512,-5218996.26111212],[5421338.269800009,-5111588.148372192],[5457199.7503621215,-5003456.779905257],[5492183.145514118,-4894621.32874084],[5526296.844260079,-4785100.636339522],[5559548.702844065,-4674913.235357148],[5591946.083372216,-4564077.370587006],[5637416.909186329,-4452779.631730943],[5686849.523923031,-4341460.140937669],[5735228.049110433,-4230140.650144396],[5782537.748181108,-4118821.159351122],[5828764.210142424,-4007501.6685578483],[5873893.353966257,-3896182.1777645745],[5917911.432878224,-3784862.6869713017],[5960805.038545076,-3673543.196178028],[6002561.105159008,-3562223.705384754],[6043166.913417628,-3450904.2145914803],[6082610.094398385,-3339584.723798207],[6120878.633326255,-3228265.2330049337],[6157960.873233565,-3116945.74221166],[6193845.5185108185,-3005626.251418386],[6228521.638347439,-2894306.760625113],[6261978.670061411,-2782987.269831839],[6294206.422316767,-2671667.7790385657],[6325195.078227973,-2560348.2882452924],[6354935.198350246,-2449028.7974520186],[6383417.723554896,-2337709.3066587453],[6410633.977788832,-2226389.8158654715],[6436575.670717362,-2115070.325072198],[6461234.9002495175,-2003750.8342789242],[6484604.154945104,-1892431.3434856508],[6506676.31630276,-1781111.852692377],[6527444.660928315,-1669792.3618991035],[6546902.862582809,-1558472.87110583],[6565044.994109524,-1447153.3803125564],[6581865.529239451,-1335833.8895192828],[6597359.344274642,-1224514.3987260093],[6611521.719648947,-1113194.9079327357],[6624348.3413656335,-1001875.4171394621],[6635835.302311472,-890555.9263461885],[6645979.10344688,-779236.435552915],[6654776.654871769,-667916.9447596414],[6662225.276766751,-556597.4539663679],[6668322.700209439,-445277.96317309426],[6673067.067865584,-333958.4723798207],[6676456.934554841,-222638.98158654713],[6678491.267690978,-111319.49079327357],[6679169.447596414,0],[6678660.812667338,111319.49079327357],[6677135.062815235,222638.98158654713],[6674592.662798292,333958.4723798207],[6671034.387056181,445277.96317309426],[6666461.319474167,556597.4539663679],[6660874.853052932,667916.9447596414],[6654276.689484265,779236.435552915],[6646668.838632708,890555.9263461885],[6638053.61792333,1001875.4171394621],[6628433.651635814,1113194.9079327357],[6617811.870105085,1224514.3987260093],[6606191.508828693,1335833.8895192828],[6593576.107481247,1447153.3803125564],[6579969.508836212,1558472.87110583],[6565375.857595339,1669792.3618991035],[6549799.599126174,1781111.852692377],[6533245.478107932,1892431.3434856508],[6515718.537086241,2003750.8342789242],[6497224.114937126,2115070.325072198],[6477767.845240728,2226389.8158654715],[6457355.654565276,2337709.3066587453],[6435993.760661788,2449028.7974520186],[6413688.670570084,2560348.2882452924],[6390447.1786366785,2671667.7790385657],[6366276.364445161,2782987.269831839],[6341183.590659684,2894306.760625113],[6315176.500782218,3005626.251418386],[6288263.016824278,3116945.74221166],[6260451.336893794,3228265.2330049337],[6231749.932697892,3339584.723798207],[6202167.546962325,3450904.2145914803],[6171713.190768359,3562223.705384754],[6140396.140807911,3673543.196178028],[6108225.936557772,3784862.6869713017],[6075212.377373796,3896182.1777645745],[6041365.519505922,4007501.6685578483],[6006695.673034935,4118821.159351122],[5971213.398731928,4230140.650144396],[5934929.504841377,4341460.140937669],[5897855.04378885,4452779.631730943],[5863751.924428265,4564077.370587006],[5839453.889032152,4674913.235357148],[5814514.995094163,4785100.636339522],[5788929.721034691,4894621.32874084],[5762692.174670694,5003456.779905257],[5735796.06424911,5111588.148372192],[5708234.6665762365,5218996.26111212],[5680000.791882662,5325661.588738843],[5651086.745008567,5431564.21846948],[5621484.282429739,5536683.82457167],[5591184.564568167,5640999.636000505],[5560178.102740217,5744490.400884273],[5528454.699986896,5847134.347467269],[5496003.384900542,5948909.141057543],[5462812.337405541,6049791.83645629],[5428868.805260758,6149758.825260561],[5394159.009820436,6248785.777329337],[5358668.039307517,6346847.575580962],[5322379.727505518,6443918.243142186],[5285276.515344324,6539970.861689825],[5247339.292318446,6634977.479606813],[5208547.21400284,6728909.008304882],[5168877.491080119,6821735.104732389],[5128305.144208761,6913424.037669907],[5086802.71766941,7003942.534893625],[5044339.942921752,7093255.607625096],[5000883.340843774,7181326.347840591],[4956395.748304287,7268115.692924381],[4910835.750548746,7353582.15073081],[4864156.995235149,7437681.476252508],[4816307.356221858,7520366.288602985],[4767227.904453652,7601585.613662388],[4716851.628099682,7681284.333135863],[4665101.822262839,7759402.514377154],[4611890.036593282,7835874.5862785345],[4557113.421269195,7910628.31346972],[4500651.23843513,7983583.501818136],[4442360.190649918,8054650.339143485],[4382068.030286445,8123727.229896518],[4319564.598242177,8190697.910137991],[4254588.887237582,8255427.508667978],[4186809.7076669284,8317757.010765432],[4115795.551281703,8377495.197655201],[4040965.100653712,8434406.387022449],[3961500.35212002,8488190.720617821],[3876180.0005508037,8538450.048953092],[3783017.693336143,8584622.51888479],[3678312.587242342,8625836.15437665],[3553139.693807118,8660478.767514255],[3339584.723798207,8683259.716434667]]},"properties":{"type":"meridian","value":60}},
{"type":"Feature","geometry":{"type":"LineString","coordinates":[[2226389.8158654715,-8683259.716434667],[2617907.260881808,-8660478.767514255],[2847390.898846387,-8625836.15437665],[3039350.2600183547,-8584622.51888479],[3210147.8232452325,-8538450.048953092],[3366568.467788796,-8488190.720617821],[3512253.8401005645,-8434406.387022449],[3649442.9995852145,-8377495.197655201],[3779635.619624794,-8317757.010765432],[3903897.44883766,-8255427.508667978],[4023019.5856794156,-8190697.910137991],[4137609.2110939096,-8123727.229896518],[4248144.838426943,-8054650.339143485],[4355011.7593664965,-7983583.501818136],[4458525.761228951,-7910628.31346972],[4558949.555989776,-7835874.5862785345],[4656504.496383964,-7759402.514377154],[4751379.140418177,-7681284.333135863],[4843735.647067121,-7601585.613662388],[4933714.641975499,-7520366.288602985],[5021438.980166531,-7437681.476252508],[5107016.698241459,-7353582.15073081],[5190543.360793284,-7268115.692924381],[5272103.947115678,-7181326.347840591],[5351774.384258639,-7093255.607625096],[5429622.804629344,-7003942.534893625],[5505710.586618153,-6913424.037669907],[5580093.222548976,-6821735.104732389],[5652821.0479073,-6728909.008304882],[5723939.858152577,-6634977.479606813],[5793491.4337000195,-6539970.861689825],[5861513.989328876,-6443918.243142186],[5928042.560965873,-6346847.575580962],[5993109.340239558,-6248785.777329337],[6056743.965213482,-6149758.825260561],[6118973.774145584,-6049791.83645629],[6179824.02788642,-5948909.141057543],[6239318.105544736,-5847134.347467269],[6297477.6772591565,-5744490.400884273],[6354322.857277064,-5640999.636000505],[6409872.340023282,-5536683.82457167],[6464143.521417799,-5431564.21846948],[6517152.60735364,-5325661.588738843],[6568914.710958527,-5218996.26111212],[6619443.940025461,-5111588.148372192],[6668753.475798367,-5003456.779905257],[6716855.644132361,-4894621.32874084],[6763761.979908058,-4785100.636339522],[6809483.285461037,-4674913.235357148],[6854029.6836872455,-4564077.370587006],[6916552.069181652,-4452779.631730943],[6984521.914444616,-4341460.140937669],[7051042.386577293,-4230140.650144396],[7116093.222799473,-4118821.159351122],[7179654.607996281,-4007501.6685578483],[7241707.180754052,-3896182.1777645745],[7302232.039258006,-3784862.6869713017],[7361210.74704993,-3673543.196178028],[7418625.338644086,-3562223.705384754],[7474458.324999688,-3450904.2145914803],[7528692.698848228,-3339584.723798207],[7581311.939874049,-3228265.2330049337],[7632300.0197466025,-3116945.74221166],[7681641.407002825,-3005626.251418386],[7729321.071778179,-2894306.760625113],[7775324.490384889,-2782987.269831839],[7819637.649736003,-2671667.7790385657],[7862247.051613913,-2560348.2882452924],[7903139.716782037,-2449028.7974520186],[7942303.188938433,-2337709.3066587453],[7979725.538510093,-2226389.8158654715],[8015395.366286823,-2115070.325072198],[8049301.806893536,-2003750.8342789242],[8081434.532099969,-1892431.3434856508],[8111783.753966743,-1781111.852692377],[8140340.227826882,-1669792.3618991035],[8167095.255101814,-1558472.87110583],[8192040.685951047,-1447153.3803125564],[8215168.921754695,-1335833.8895192828],[8236472.917428083,-1224514.3987260093],[8255946.183567751,-1113194.9079327357],[8273582.788428196,-1001875.4171394621],[8289377.359728723,-890555.9263461885],[8303325.086289911,-779236.435552915],[8315421.719499133,-667916.9447596414],[8325663.574604732,-556597.4539663679],[8334047.531838426,-445277.96317309426],[8340571.037365628,-333958.4723798207],[8345232.104063357,-222638.98158654713],[8348029.312125545,-111319.49079327357],[8348961.809495518,0],[8348198.857101903,111319.49079327357],[8345910.232323751,222638.98158654713],[8342096.6322983345,333958.4723798207],[8336759.218685171,445277.96317309426],[8329899.617312147,556597.4539663679],[8321519.917680294,667916.9447596414],[8311622.672327295,779236.435552915],[8300210.896049959,890555.9263461885],[8287288.064985892,1001875.4171394621],[8272858.11555462,1113194.9079327357],[8256925.443258525,1224514.3987260093],[8239494.901343936,1335833.8895192828],[8220571.799322769,1447153.3803125564],[8200161.901355214,1558472.87110583],[8178271.424493907,1669792.3618991035],[8154907.036790157,1781111.852692377],[8130075.855262796,1892431.3434856508],[8103785.44373026,2003750.8342789242],[8076043.810506586,2115070.325072198],[8046859.405961989,2226389.8158654715],[8016241.119948813,2337709.3066587453],[7984198.27909358,2449028.7974520186],[7950740.643956023,2560348.2882452924],[7915878.406055916,2671667.7790385657],[7879622.1847686395,2782987.269831839],[7841983.024090423,2894306.760625113],[7802972.389274225,3005626.251418386],[7762602.1633373145,3116945.74221166],[7720884.643441588,3228265.2330049337],[7677832.537147736,3339584.723798207],[7633458.958544386,3450904.2145914803],[7587777.424253438,3562223.705384754],[7540801.849312765,3673543.196178028],[7492546.542937554,3784862.6869713017],[7443026.204161591,3896182.1777645745],[7392255.91735978,4007501.6685578483],[7340251.147653299,4118821.159351122],[7287027.73619879,4230140.650144396],[7232601.895362963,4341460.140937669],[7176990.203784173,4452779.631730943],[7125835.524743295,4564077.370587006],[7089388.471649126,4674913.235357148],[7051980.130742142,4785100.636339522],[7013602.219652934,4894621.32874084],[6974245.9001069395,5003456.779905257],[6933901.734474563,5111588.148372192],[6892559.637965254,5218996.26111212],[6850208.825924891,5325661.588738843],[6806837.755613749,5431564.21846948],[6762434.061745507,5536683.82457167],[6716984.484953147,5640999.636000505],[6670474.792211222,5744490.400884273],[6622889.688081241,5847134.347467269],[6574212.71545171,5948909.141057543],[6524426.144209208,6049791.83645629],[6473510.845992033,6149758.825260561],[6421446.152831551,6248785.777329337],[6368209.697062173,6346847.575580962],[6313777.229359174,6443918.243142186],[6258122.411117383,6539970.861689825],[6201216.576578566,6634977.479606813],[6143028.459105158,6728909.008304882],[6083523.8747210745,6821735.104732389],[6022665.354414037,6913424.037669907],[5960411.714605011,7003942.534893625],[5896717.552483526,7093255.607625096],[5831532.6493665585,7181326.347840591],[5764801.2605573265,7268115.692924381],[5696461.263924016,7353582.15073081],[5626443.13095362,7437681.476252508],[5554668.672433685,7520366.288602985],[5481049.494781375,7601585.613662388],[5405485.08025042,7681284.333135863],[5327860.371495156,7759402.514377154],[5248042.69299082,7835874.5862785345],[5165877.77000469,7910628.31346972],[5081184.495753591,7983583.501818136],[4993747.924075775,8054650.339143485],[4903309.683530565,8123727.229896518],[4809554.535464161,8190697.910137991],[4712090.9689572705,8255427.508667978],[4610422.19960129,8317757.010765432],[4503900.9650234515,8377495.197655201],[4391655.289081465,8434406.387022449],[4272458.166280927,8488190.720617821],[4144477.638927102,8538450.048953092],[4004734.1781051117,8584622.51888479],[3847676.5189644103,8625836.15437665],[3659917.1788115734,8660478.767514255],[3339584.723798207,8683259.716434667]]},"properties":{"type":"meridian","value":75}},
{"type":"Feature","geometry":{"type":"LineString","coordinates":[[15584728.711058298,-8683259.716434667],[15228803.761043448,-8660478.767514255],[15020182.271984741,-8625836.15437665],[14845673.761828406,-8584622.51888479],[14690403.249803971,-8538450.048953092],[14548202.663855279,-8488190.720617821],[14415761.416299123,-8434406.387022449],[14291043.998585805,-8377495.197655201],[14172687.071277097,-8317757.010765432],[14059721.771992672,-8255427.508667978],[13951428.920318352,-8190697.910137991],[13847256.533577902,-8123727.229896518],[13746769.599638779,-8054650.339143485],[13649617.853330094,-7983583.501818136],[13555514.215273319,-7910628.31346972],[13464219.856399842,-7835874.5862785345],[13375533.54695058,-7759402.514377154],[13289283.87055584,-7681284.333135863],[13205323.40996589,-7601585.613662388],[13123524.323685545,-7520366.288602985],[13043774.925330061,-7437681.476252508],[12965976.999807402,-7353582.15073081],[12890043.670214834,-7268115.692924381],[12815897.68264902,-7181326.347840591],[12743470.012519056,-7093255.607625096],[12672698.72127296,-7003942.534893625],[12603528.010374043,-6913424.037669907],[12535907.432255113,-6821735.104732389],[12469791.22738391,-6728909.008304882],[12405137.763524568,-6634977.479606813],[12341909.058481438,-6539970.861689825],[12280070.371546114,-6443918.243142186],[12219589.851876115,-6346847.575580962],[12160438.234354584,-6248785.777329337],[12102588.575287381,-6149758.825260561],[12046016.021712743,-6049791.83645629],[11990697.609221073,-5948909.141057543],[11936612.08407715,-5847134.347467269],[11883739.74615495,-5744490.400884273],[11832062.309775034,-5640999.636000505],[11781562.780005744,-5536683.82457167],[11732225.342374366,-5431564.21846948],[11684035.264250875,-5325661.588738843],[11636978.806428248,-5218996.26111212],[11591043.143640127,-5111588.148372192],[11546216.292937487,-5003456.779905257],[11502487.048997492,-4894621.32874084],[11459844.92556504,-4785100.636339522],[11418280.102335056,-4674913.235357148],[11377783.37667487,-4564077.370587006],[11320944.844407227,-4452779.631730943],[11259154.075986348,-4341460.140937669],[11198680.919502096,-4230140.650144396],[11139543.795663752,-4118821.159351122],[11081760.718212109,-4007501.6685578483],[11025349.288432317,-3896182.1777645745],[10970326.68979236,-3784862.6869713017],[10916709.682708792,-3673543.196178028],[10864514.599441377,-3562223.705384754],[10813757.3391181,-3450904.2145914803],[10764453.362892158,-3339584.723798207],[10716617.68923232,-3228265.2330049337],[10670264.88934818,-3116945.74221166],[10625409.082751615,-3005626.251418386],[10582063.932955839,-2894306.760625113],[10540242.643313374,-2782987.269831839],[10499957.95299418,-2671667.7790385657],[10461222.13310517,-2560348.2882452924],[10424046.98295233,-2449028.7974520186],[10388443.826446516,-2337709.3066587453],[10354423.508654097,-2226389.8158654715],[10321996.392493434,-2115070.325072198],[10291172.35557824,-2003750.8342789242],[10261960.787208756,-1892431.3434856508],[10234370.585511688,-1781111.852692377],[10208410.154729744,-1669792.3618991035],[10184087.402661625,-1558472.87110583],[10161409.73825323,-1447153.3803125564],[10140384.069340825,-1335833.8895192828],[10121016.800546834,-1224514.3987260093],[10103313.831328955,-1113194.9079327357],[10087280.554183096,-1001875.4171394621],[10072921.853000797,-890555.9263461885],[10060242.101581536,-779236.435552915],[10049245.162300427,-667916.9447596414],[10039934.384931698,-556597.4539663679],[10032312.605628341,-445277.96317309426],[10026382.146058157,-333958.4723798207],[10022144.812696585,-222638.98158654713],[10019601.896276416,-111319.49079327357],[10018754.171394622,0],[10017736.90153647,111319.49079327357],[10014685.401832264,222638.98158654713],[10009600.601798378,333958.4723798207],[10002484.05031416,445277.96317309426],[9993337.915150128,556597.4539663679],[9982164.982307658,667916.9447596414],[9968968.655170323,779236.435552915],[9953752.95346721,890555.9263461885],[9936522.512048453,1001875.4171394621],[9917282.579473423,1113194.9079327357],[9896039.016411964,1224514.3987260093],[9872798.293859178,1335833.8895192828],[9847567.491164291,1447153.3803125564],[9820354.293874217,1558472.87110583],[9791166.991392475,1669792.3618991035],[9760014.474454142,1781111.852692377],[9726906.232417658,1892431.3434856508],[9691852.35037428,2003750.8342789242],[9654863.506076045,2115070.325072198],[9615950.96668325,2226389.8158654715],[9575126.585332347,2337709.3066587453],[9532402.79752537,2449028.7974520186],[9487792.617341962,2560348.2882452924],[9441309.63347515,2671667.7790385657],[9392968.005092118,2782987.269831839],[9342782.457521161,2894306.760625113],[9290768.27776623,3005626.251418386],[9236941.30985035,3116945.74221166],[9181317.949989384,3228265.2330049337],[9123915.141597578,3339584.723798207],[9064750.370126445,3450904.2145914803],[9003841.657738512,3562223.705384754],[8941207.557817617,3673543.196178028],[8876867.149317337,3784862.6869713017],[8810840.030949386,3896182.1777645745],[8743146.315213637,4007501.6685578483],[8673806.622271664,4118821.159351122],[8602842.07366565,4230140.650144396],[8530274.285884548,4341460.140937669],[8456125.363779495,4452779.631730943],[8387919.125058324,4564077.370587006],[8339323.054266099,4674913.235357148],[8289445.266390121,4785100.636339522],[8238274.718271177,4894621.32874084],[8185799.625543185,5003456.779905257],[8132007.404700015,5111588.148372192],[8076884.609354269,5218996.26111212],[8020416.859967118,5325661.588738843],[7962588.766218928,5431564.21846948],[7903383.841061273,5536683.82457167],[7842784.405338126,5640999.636000505],[7780771.481682229,5744490.400884273],[7717324.676175585,5847134.347467269],[7652422.046002879,5948909.141057543],[7586039.951012875,6049791.83645629],[7518152.886723311,6149758.825260561],[7448733.295842667,6248785.777329337],[7377751.354816827,6346847.575580962],[7305174.73121283,6443918.243142186],[7230968.306890442,6539970.861689825],[7155093.860838687,6634977.479606813],[7077509.704207474,6728909.008304882],[6998170.258362032,6821735.104732389],[6917025.564619316,6913424.037669907],[6834020.711540614,7003942.534893625],[6749095.162045299,7093255.607625096],[6662181.957889342,7181326.347840591],[6573206.772810367,7268115.692924381],[6482086.777299286,7353582.15073081],[6388729.266672092,7437681.476252508],[6293029.98864551,7520366.288602985],[6194871.085109098,7601585.613662388],[6094118.532401158,7681284.333135863],[5990618.920727472,7759402.514377154],[5884195.349388357,7835874.5862785345],[5774642.118740185,7910628.31346972],[5661717.753072052,7983583.501818136],[5545135.6575016305,8054650.339143485],[5424551.336774685,8123727.229896518],[5299544.472686146,8190697.910137991],[5169593.050676959,8255427.508667978],[5034034.691535651,8317757.010765432],[4892006.3787652,8377495.197655201],[4742345.477509217,8434406.387022449],[4583415.980441834,8488190.720617821],[4412775.2773034,8538450.048953092],[4226450.662874079,8584622.51888479],[4017040.4506864785,8625836.15437665],[3766694.6638160283,8660478.767514255],[3339584.7237982075,8683259.716434667]]},"properties":{"type":"meridian","value":90}},
{"type":"Feature","geometry":{"type":"LineString","coordinates":[[15584728.711058298,-8683259.716434667],[15335581.246047905,-8660478.767514255],[15189546.203706808,-8625836.15437665],[15067390.246597372,-8584622.51888479],[14958700.888180269,-8538450.048953092],[14859160.478016183,-8488190.720617821],[14766451.604726877,-8434406.387022449],[14679149.412327554,-8377495.197655201],[14596299.563211458,-8317757.010765432],[14517223.853712361,-8255427.508667978],[14441418.857540336,-8190697.910137991],[14368498.186822021,-8123727.229896518],[14298157.333064636,-8054650.339143485],[14230151.110648558,-7983583.501818136],[14164278.564008811,-7910628.31346972],[14100372.512797378,-7835874.5862785345],[14038292.096182896,-7759402.514377154],[13977917.32270658,-7681284.333135863],[13919145.000293612,-7601585.613662388],[13861885.639897374,-7520366.288602985],[13806061.061048534,-7437681.476252508],[13751602.51318267,-7353582.15073081],[13698449.182467872,-7268115.692924381],[13646546.991171803,-7181326.347840591],[13595847.622080829,-7093255.607625096],[13546307.718208564,-7003942.534893625],[13497888.22057932,-6913424.037669907],[13450553.81589607,-6821735.104732389],[13404272.472486228,-6728909.008304882],[13359015.047784688,-6634977.479606813],[13314754.954254497,-6539970.861689825],[13271467.873399772,-6443918.243142186],[13229131.50963077,-6346847.575580962],[13187725.377365699,-6248785.777329337],[13147230.616018657,-6149758.825260561],[13107629.82851641,-6049791.83645629],[13068906.93977224,-5948909.141057543],[13031047.072171496,-5847134.347467269],[12994036.435625955,-5744490.400884273],[12957862.230160015,-5640999.636000505],[12922512.559321512,-5536683.82457167],[12887976.352979546,-5431564.21846948],[12854243.298293103,-5325661.588738843],[12821303.777817262,-5218996.26111212],[12789148.813865578,-5111588.148372192],[12757770.01837373,-5003456.779905257],[12727159.547615735,-4894621.32874084],[12697310.061213017,-4785100.636339522],[12668214.68495203,-4674913.235357148],[12639866.976989899,-4564077.370587006],[12600080.00440255,-4452779.631730943],[12556826.466507936,-4341460.140937669],[12514495.256968958,-4230140.650144396],[12473099.270282118,-4118821.159351122],[12432651.116065966,-4007501.6685578483],[12393163.115220113,-3896182.1777645745],[12354647.296172142,-3784862.6869713017],[12317115.391213644,-3673543.196178028],[12280578.832926456,-3562223.705384754],[12245048.75070016,-3450904.2145914803],[12210535.967342,-3339584.723798207],[12177050.995780116,-3228265.2330049337],[12144604.035861216,-3116945.74221166],[12113204.971243622,-3005626.251418386],[12082863.366386577,-2894306.760625113],[12053588.463636853,-2782987.269831839],[12025389.180413416,-2671667.7790385657],[11998274.10649111,-2560348.2882452924],[11972251.50138412,-2449028.7974520186],[11947329.291830052,-2337709.3066587453],[11923515.069375359,-2226389.8158654715],[11900816.088062895,-2115070.325072198],[11879239.26222226,-2003750.8342789242],[11858791.16436362,-1892431.3434856508],[11839478.023175672,-1781111.852692377],[11821305.721628312,-1669792.3618991035],[11804279.795180628,-1558472.87110583],[11788405.430094752,-1447153.3803125564],[11773687.461856067,-1335833.8895192828],[11760130.373700274,-1224514.3987260093],[11747738.295247758,-1113194.9079327357],[11736515.001245657,-1001875.4171394621],[11726463.910418049,-890555.9263461885],[11717588.084424568,-779236.435552915],[11709890.226927789,-667916.9447596414],[11703372.68276968,-556597.4539663679],[11698037.437257329,-445277.96317309426],[11693886.115558201,-333958.4723798207],[11690919.9822051,-222638.98158654713],[11689139.940710982,-111319.49079327357],[11688546.533293726,0],[11687274.945971034,111319.49079327357],[11683460.57134078,222638.98158654713],[11677104.571298422,333958.4723798207],[11668208.881943148,445277.96317309426],[11656776.21298811,556597.4539663679],[11642810.04693502,667916.9447596414],[11626314.638013354,779236.435552915],[11607295.01088446,890555.9263461885],[11585756.959111014,1001875.4171394621],[11561707.043392228,1113194.9079327357],[11535152.589565407,1224514.3987260093],[11506101.686374422,1335833.8895192828],[11474563.183005812,1447153.3803125564],[11440546.686393218,1558472.87110583],[11404062.558291042,1669792.3618991035],[11365121.912118126,1781111.852692377],[11323736.609572522,1892431.3434856508],[11279919.257018298,2003750.8342789242],[11233683.201645505,2115070.325072198],[11185042.527404511,2226389.8158654715],[11134012.050715884,2337709.3066587453],[11080607.315957163,2449028.7974520186],[11024844.590727901,2560348.2882452924],[10966740.860894388,2671667.7790385657],[10906313.825415595,2782987.269831839],[10843581.8909519,2894306.760625113],[10778564.166258238,3005626.251418386],[10711280.456363386,3116945.74221166],[10641751.256537177,3228265.2330049337],[10569997.746047424,3339584.723798207],[10496041.781708503,3450904.2145914803],[10419905.89122359,3562223.705384754],[10341613.266322471,3673543.196178028],[10261187.75569712,3784862.6869713017],[10178653.857737182,3896182.1777645745],[10094036.713067494,4007501.6685578483],[10007362.09689003,4118821.159351122],[9918656.41113251,4230140.650144396],[9827946.676406134,4341460.140937669],[9735260.523774818,4452779.631730943],[9650002.725373354,4564077.370587006],[9589257.63688307,4674913.235357148],[9526910.402038097,4785100.636339522],[9462947.21688942,4894621.32874084],[9397353.350979429,5003456.779905257],[9330113.074925466,5111588.148372192],[9261209.580743285,5218996.26111212],[9190624.894009348,5325661.588738843],[9118339.77682411,5431564.21846948],[9044333.62037704,5536683.82457167],[8968584.325723108,5640999.636000505],[8891068.171153232,5744490.400884273],[8811759.66426993,5847134.347467269],[8730631.376554046,5948909.141057543],[8647653.757816542,6049791.83645629],[8562794.927454585,6149758.825260561],[8476020.438853784,6248785.777329337],[8387293.012571483,6346847.575580962],[8296572.233066486,6443918.243142186],[8203814.2026635,6539970.861689825],[8108971.145098805,6634977.479606813],[8011990.949309792,6728909.008304882],[7912816.642002986,6821735.104732389],[7811385.774824592,6913424.037669907],[7707629.708476214,7003942.534893625],[7601472.771607073,7093255.607625096],[7492831.266412127,7181326.347840591],[7381612.285063407,7268115.692924381],[7267712.290674556,7353582.15073081],[7151015.402390563,7437681.476252508],[7031391.304857336,7520366.288602985],[6908692.675436821,7601585.613662388],[6782751.984551896,7681284.333135863],[6653377.469959788,7759402.514377154],[6520348.005785895,7835874.5862785345],[6383406.467475679,7910628.31346972],[6242251.010390514,7983583.501818136],[6096523.390927487,8054650.339143485],[5945792.990018805,8123727.229896518],[5789534.409908132,8190697.910137991],[5627095.132396647,8255427.508667978],[5457647.183470011,8317757.010765432],[5280111.792506947,8377495.197655201],[5093035.66593697,8434406.387022449],[4894373.794602741,8488190.720617821],[4681072.915679699,8538450.048953092],[4448167.147643048,8584622.51888479],[4186404.382408546,8625836.15437665],[3873472.1488204836,8660478.767514255],[3339584.7237982075,8683259.716434667]]},"properties":{"type":"meridian","value":105}},
{"type":"Feature","geometry":{"type":"LineString","coordinates":[[15584728.711058298,-8683259.716434667],[15442358.731052358,-8660478.767514255],[15358910.135428876,-8625836.15437665],[15289106.731366342,-8584622.51888479],[15226998.526556566,-8538450.048953092],[15170118.29217709,-8488190.720617821],[15117141.793154627,-8434406.387022449],[15067254.826069301,-8377495.197655201],[15019912.055145817,-8317757.010765432],[14974725.935432049,-8255427.508667978],[14931408.794762319,-8190697.910137991],[14889739.84006614,-8123727.229896518],[14849545.06649049,-8054650.339143485],[14810684.367967015,-7983583.501818136],[14773042.912744306,-7910628.31346972],[14736525.169194914,-7835874.5862785345],[14701050.64541521,-7759402.514377154],[14666550.774857316,-7681284.333135863],[14632966.590621335,-7601585.613662388],[14600246.9561092,-7520366.288602985],[14568347.196767004,-7437681.476252508],[14537228.02655794,-7353582.15073081],[14506854.694720913,-7268115.692924381],[14477196.299694587,-7181326.347840591],[14448225.231642602,-7093255.607625096],[14419916.715144163,-7003942.534893625],[14392248.430784594,-6913424.037669907],[14365200.199537024,-6821735.104732389],[14338753.717588542,-6728909.008304882],[14312892.332044806,-6634977.479606813],[14287600.850027554,-6539970.861689825],[14262865.375253424,-6443918.243142186],[14238673.167385425,-6346847.575580962],[14215012.520376813,-6248785.777329337],[14191872.65674993,-6149758.825260561],[14169243.635320077,-6049791.83645629],[14147116.270323407,-5948909.141057543],[14125482.06026584,-5847134.347467269],[14104333.12509696,-5744490.400884273],[14083662.150544994,-5640999.636000505],[14063462.338637277,-5536683.82457167],[14043727.363584725,-5431564.21846948],[14024451.332335329,-5325661.588738843],[14005628.74920628,-5218996.26111212],[13987254.484091029,-5111588.148372192],[13969323.743809974,-5003456.779905257],[13951832.046233976,-4894621.32874084],[13934775.196860993,-4785100.636339522],[13918149.267569004,-4674913.235357148],[13901950.577304928,-4564077.370587006],[13879215.164397871,-4452779.631730943],[13854498.85702952,-4341460.140937669],[13830309.594435817,-4230140.650144396],[13806654.744900478,-4118821.159351122],[13783541.513919823,-4007501.6685578483],[13760976.942007907,-3896182.1777645745],[13738967.902551921,-3784862.6869713017],[13717521.099718496,-3673543.196178028],[13696643.06641153,-3562223.705384754],[13676340.16228222,-3450904.2145914803],[13656618.571791843,-3339584.723798207],[13637484.302327909,-3228265.2330049337],[13618943.182374252,-3116945.74221166],[13601000.859735623,-3005626.251418386],[13583662.799817313,-2894306.760625113],[13566934.28396033,-2782987.269831839],[13550820.40783265,-2671667.7790385657],[13535326.079877049,-2560348.2882452924],[13520456.019815909,-2449028.7974520186],[13506214.757213587,-2337709.3066587453],[13492606.630096616,-2226389.8158654715],[13479635.783632353,-2115070.325072198],[13467306.168866275,-2003750.8342789242],[13455621.541518481,-1892431.3434856508],[13444585.460839655,-1781111.852692377],[13434201.288526878,-1669792.3618991035],[13424472.187699629,-1558472.87110583],[13415401.121936271,-1447153.3803125564],[13406990.854371307,-1335833.8895192828],[13399243.946853714,-1224514.3987260093],[13392162.75916656,-1113194.9079327357],[13385749.448308216,-1001875.4171394621],[13380005.967835298,-890555.9263461885],[13374934.067267593,-779236.435552915],[13370535.29155515,-667916.9447596414],[13366810.980607659,-556597.4539663679],[13363762.268886313,-445277.96317309426],[13361390.08505824,-333958.4723798207],[13359695.151713613,-222638.98158654713],[13358677.985145545,-111319.49079327357],[13358338.895192828,0],[13356812.990405599,111319.49079327357],[13352235.740849292,222638.98158654713],[13344608.540798463,333958.4723798207],[13333933.713572133,445277.96317309426],[13320214.510826087,556597.4539663679],[13303455.11156238,667916.9447596414],[13283660.62085638,779236.435552915],[13260837.068301711,890555.9263461885],[13234991.406173574,1001875.4171394621],[13206131.50731103,1113194.9079327357],[13174266.162718844,1224514.3987260093],[13139405.078889662,1335833.8895192828],[13101558.874847328,1447153.3803125564],[13060739.078912219,1558472.87110583],[13016958.125189606,1669792.3618991035],[12970229.349782107,1781111.852692377],[12920566.986727383,1892431.3434856508],[12867986.16366231,2003750.8342789242],[12812502.897214962,2115070.325072198],[12754134.088125769,2226389.8158654715],[12692897.516099418,2337709.3066587453],[12628811.83438895,2449028.7974520186],[12561896.564113837,2560348.2882452924],[12492172.088313622,2671667.7790385657],[12419659.645739073,2782987.269831839],[12344381.324382637,2894306.760625113],[12266360.05475024,3005626.251418386],[12185619.602876421,3116945.74221166],[12102184.56308497,3228265.2330049337],[12016080.350497263,3339584.723798207],[11927333.193290563,3450904.2145914803],[11835970.124708667,3562223.705384754],[11742018.97482732,3673543.196178028],[11645508.362076899,3784862.6869713017],[11546467.684524974,3896182.1777645745],[11444927.110921351,4007501.6685578483],[11340917.571508393,4118821.159351122],[11234470.748599371,4230140.650144396],[11125619.066927718,4341460.140937669],[11014395.683770137,4452779.631730943],[10912086.325688383,4564077.370587006],[10839192.219500042,4674913.235357148],[10764375.537686074,4785100.636339522],[10687619.715507662,4894621.32874084],[10608907.076415673,5003456.779905257],[10528218.745150916,5111588.148372192],[10445534.552132297,5218996.26111212],[10360832.928051572,5325661.588738843],[10274090.787429288,5431564.21846948],[10185283.399692805,5536683.82457167],[10094384.246108085,5640999.636000505],[10001364.860624237,5744490.400884273],[9906194.652364276,5847134.347467269],[9808840.707105214,5948909.141057543],[9709267.56462021,6049791.83645629],[9607436.96818586,6149758.825260561],[9503307.581864895,6248785.777329337],[9396834.670326138,6346847.575580962],[9287969.73492014,6443918.243142186],[9176660.098436557,6539970.861689825],[9062848.429358926,6634977.479606813],[8946472.194412107,6728909.008304882],[8827463.025643941,6821735.104732389],[8705745.985029869,6913424.037669907],[8581238.705411816,7003942.534893625],[8453850.381168846,7093255.607625096],[8323480.57493491,7181326.347840591],[8190017.797316447,7268115.692924381],[8053337.804049825,7353582.15073081],[7913301.538109033,7437681.476252508],[7769752.621069161,7520366.288602985],[7622514.265764544,7601585.613662388],[7471385.436702632,7681284.333135863],[7316136.019192103,7759402.514377154],[7156500.662183432,7835874.5862785345],[6992170.816211174,7910628.31346972],[6822784.267708975,7983583.501818136],[6647911.124353341,8054650.339143485],[6467034.643262923,8123727.229896518],[6279524.347130115,8190697.910137991],[6084597.214116334,8255427.508667978],[5881259.675404372,8317757.010765432],[5668217.206248696,8377495.197655201],[5443725.854364723,8434406.387022449],[5205331.608763647,8488190.720617821],[4949370.554055998,8538450.048953092],[4669883.632412016,8584622.51888479],[4355768.314130614,8625836.15437665],[3980249.63382494,8660478.767514255],[3339584.7237982075,8683259.716434667]]},"properties":{"type":"meridian","value":120}},
{"type":"Feature","geometry":{"type":"LineString","coordinates":[[15584728.711058298,-8683259.716434667],[15549136.216056814,-8660478.767514255],[15528274.067150943,-8625836.15437665],[15510823.216135308,-8584622.51888479],[15495296.164932868,-8538450.048953092],[15481076.106337998,-8488190.720617821],[15467831.98158238,-8434406.387022449],[15455360.23981105,-8377495.197655201],[15443524.547080178,-8317757.010765432],[15432228.017151736,-8255427.508667978],[15421398.731984306,-8190697.910137991],[15410981.49331026,-8123727.229896518],[15400932.799916347,-8054650.339143485],[15391217.62528548,-7983583.501818136],[15381807.261479802,-7910628.31346972],[15372677.825592455,-7835874.5862785345],[15363809.194647526,-7759402.514377154],[15355184.227008052,-7681284.333135863],[15346788.180949058,-7601585.613662388],[15338608.272321023,-7520366.288602985],[15330633.332485477,-7437681.476252508],[15322853.539933208,-7353582.15073081],[15315260.206973953,-7268115.692924381],[15307845.60821737,-7181326.347840591],[15300602.841204377,-7093255.607625096],[15293525.712079767,-7003942.534893625],[15286608.640989874,-6913424.037669907],[15279846.583177982,-6821735.104732389],[15273234.96269086,-6728909.008304882],[15266769.616304927,-6634977.479606813],[15260446.745800612,-6539970.861689825],[15254262.877107082,-6443918.243142186],[15248214.825140081,-6346847.575580962],[15242299.663387928,-6248785.777329337],[15236514.697481208,-6149758.825260561],[15230857.442123745,-6049791.83645629],[15225325.600874577,-5948909.141057543],[15219917.048360184,-5847134.347467269],[15214629.814567963,-5744490.400884273],[15209462.070929972,-5640999.636000505],[15204412.117953045,-5536683.82457167],[15199478.374189906,-5431564.21846948],[15194659.366377557,-5325661.588738843],[15189953.720595293,-5218996.26111212],[15185360.154316481,-5111588.148372192],[15180877.469246216,-5003456.779905257],[15176504.544852218,-4894621.32874084],[15172240.332508974,-4785100.636339522],[15168083.850185977,-4674913.235357148],[15164034.177619956,-4564077.370587006],[15158350.32439319,-4452779.631730943],[15152171.247551104,-4341460.140937669],[15146123.931902679,-4230140.650144396],[15140210.219518844,-4118821.159351122],[15134431.91177368,-4007501.6685578483],[15128790.7687957,-3896182.1777645745],[15123288.508931706,-3784862.6869713017],[15117926.80822335,-3673543.196178028],[15112707.299896605,-3562223.705384754],[15107631.573864277,-3450904.2145914803],[15102701.176241685,-3339584.723798207],[15097917.608875701,-3228265.2330049337],[15093282.328887288,-3116945.74221166],[15088796.748227632,-3005626.251418386],[15084462.233248053,-2894306.760625113],[15080280.104283806,-2782987.269831839],[15076251.635251887,-2671667.7790385657],[15072378.053262988,-2560348.2882452924],[15068660.538247705,-2449028.7974520186],[15065100.222597122,-2337709.3066587453],[15061698.190817881,-2226389.8158654715],[15058455.479201812,-2115070.325072198],[15055373.075510295,-2003750.8342789242],[15052451.918673346,-1892431.3434856508],[15049692.898503637,-1781111.852692377],[15047096.855425444,-1669792.3618991035],[15044664.580218634,-1558472.87110583],[15042396.813777791,-1447153.3803125564],[15040294.246886551,-1335833.8895192828],[15038357.520007154,-1224514.3987260093],[15036587.223085364,-1113194.9079327357],[15034983.89537078,-1001875.4171394621],[15033548.02525255,-890555.9263461885],[15032280.050110623,-779236.435552915],[15031180.356182512,-667916.9447596414],[15030249.278445639,-556597.4539663679],[15029487.100515304,-445277.96317309426],[15028894.054558285,-333958.4723798207],[15028470.321222128,-222638.98158654713],[15028216.02958011,-111319.49079327357],[15028131.257091932,0],[15026351.034840167,111319.49079327357],[15021010.910357807,222638.98158654713],[15012112.510298507,333958.4723798207],[14999658.545201123,445277.96317309426],[14983652.808664069,556597.4539663679],[14964100.176189743,667916.9447596414],[14941006.603699408,779236.435552915],[14914379.125718962,890555.9263461885],[14884225.853236137,1001875.4171394621],[14850555.971229834,1113194.9079327357],[14813379.735872284,1224514.3987260093],[14772708.471404906,1335833.8895192828],[14728554.566688852,1447153.3803125564],[14680931.471431224,1558472.87110583],[14629853.692088176,1669792.3618991035],[14575336.787446091,1781111.852692377],[14517397.363882247,1892431.3434856508],[14456053.07030633,2003750.8342789242],[14391322.592784423,2115070.325072198],[14323225.64884703,2226389.8158654715],[14251782.981482953,2337709.3066587453],[14177016.352820745,2449028.7974520186],[14098948.537499776,2560348.2882452924],[14017603.315732861,2671667.7790385657],[13933005.46606255,2782987.269831839],[13845180.757813375,2894306.760625113],[13754155.943242244,3005626.251418386],[13659958.749389458,3116945.74221166],[13562617.869632766,3228265.2330049337],[13462162.954947108,3339584.723798207],[13358624.604872622,3450904.2145914803],[13252034.358193746,3562223.705384754],[13142424.683332171,3673543.196178028],[13029828.968456686,3784862.6869713017],[12914281.511312772,3896182.1777645745],[12795817.508775208,4007501.6685578483],[12674473.046126759,4118821.159351122],[12550285.086066231,4230140.650144396],[12423291.457449304,4341460.140937669],[12293530.843765462,4452779.631730943],[12174169.926003411,4564077.370587006],[12089126.802117016,4674913.235357148],[12001840.673334055,4785100.636339522],[11912292.214125903,4894621.32874084],[11820460.801851915,5003456.779905257],[11726324.415376369,5111588.148372192],[11629859.523521315,5218996.26111212],[11531040.962093804,5325661.588738843],[11429841.798034469,5431564.21846948],[11326233.179008573,5536683.82457167],[11220184.166493068,5640999.636000505],[11111661.550095243,5744490.400884273],[11000629.64045862,5847134.347467269],[10887050.037656382,5948909.141057543],[10770881.371423876,6049791.83645629],[10652079.008917136,6149758.825260561],[10530594.72487601,6248785.777329337],[10406376.328080792,6346847.575580962],[10279367.236773796,6443918.243142186],[10149505.994209616,6539970.861689825],[10016725.713619044,6634977.479606813],[9880953.439514425,6728909.008304882],[9742109.409284897,6821735.104732389],[9600106.195235146,6913424.037669907],[9454847.702347416,7003942.534893625],[9306227.990730617,7093255.607625096],[9154129.883457694,7181326.347840591],[8998423.309569485,7268115.692924381],[8838963.317425095,7353582.15073081],[8675587.673827505,7437681.476252508],[8508113.937280986,7520366.288602985],[8336335.856092267,7601585.613662388],[8160018.88885337,7681284.333135863],[7978894.5684244195,7759402.514377154],[7792653.31858097,7835874.5862785345],[7600935.164946668,7910628.31346972],[7403317.525027436,7983583.501818136],[7199298.857779198,8054650.339143485],[6988276.296507042,8123727.229896518],[6769514.2843521,8190697.910137991],[6542099.295836022,8255427.508667978],[6304872.167338733,8317757.010765432],[6056322.619990444,8377495.197655201],[5794416.042792476,8434406.387022449],[5516289.422924553,8488190.720617821],[5217668.192432296,8538450.048953092],[4891600.117180984,8584622.51888479],[4525132.245852681,8625836.15437665],[4087027.1188293947,8660478.767514255],[3339584.7237982075,8683259.716434667]]},"properties":{"type":"meridian","value":135}},
{"type":"Feature","geometry":{"type":"LineString","coordinates":[[15584728.711058298,-8683259.716434667],[15655913.701061267,-8660478.767514255],[15697637.99887301,-8625836.15437665],[15732539.700904278,-8584622.51888479],[15763593.803309165,-8538450.048953092],[15792033.920498906,-8488190.720617821],[15818522.170010133,-8434406.387022449],[15843465.653552799,-8377495.197655201],[15867137.039014539,-8317757.010765432],[15889730.098871425,-8255427.508667978],[15911388.66920629,-8190697.910137991],[15932223.146554379,-8123727.229896518],[15952320.533342205,-8054650.339143485],[15971750.88260394,-7983583.501818136],[15990571.610215295,-7910628.31346972],[16008830.48198999,-7835874.5862785345],[16026567.743879844,-7759402.514377154],[16043817.679158792,-7681284.333135863],[16060609.771276781,-7601585.613662388],[16076969.588532848,-7520366.288602985],[16092919.468203947,-7437681.476252508],[16108479.05330848,-7353582.15073081],[16123665.719226992,-7268115.692924381],[16138494.916740157,-7181326.347840591],[16152980.450766148,-7093255.607625096],[16167134.709015366,-7003942.534893625],[16180968.851195151,-6913424.037669907],[16194492.966818936,-6821735.104732389],[16207716.207793178,-6728909.008304882],[16220646.900565045,-6634977.479606813],[16233292.641573673,-6539970.861689825],[16245660.378960738,-6443918.243142186],[16257756.482894735,-6346847.575580962],[16269586.806399044,-6248785.777329337],[16281156.738212483,-6149758.825260561],[16292471.24892741,-6049791.83645629],[16303534.931425745,-5948909.141057543],[16314352.036454529,-5847134.347467269],[16324926.50403897,-5744490.400884273],[16335261.991314951,-5640999.636000505],[16345361.89726881,-5536683.82457167],[16355229.384795086,-5431564.21846948],[16364867.400419787,-5325661.588738843],[16374278.69198431,-5218996.26111212],[16383465.824541936,-5111588.148372192],[16392431.194682464,-5003456.779905257],[16401177.043470463,-4894621.32874084],[16409705.468156952,-4785100.636339522],[16418018.43280295,-4674913.235357148],[16426117.777934987,-4564077.370587006],[16437485.484388515,-4452779.631730943],[16449843.63807269,-4341460.140937669],[16461938.26936954,-4230140.650144396],[16473765.69413721,-4118821.159351122],[16485322.309627539,-4007501.6685578483],[16496604.595583497,-3896182.1777645745],[16507609.115311489,-3784862.6869713017],[16518332.516728202,-3673543.196178028],[16528771.533381684,-3562223.705384754],[16538922.98544634,-3450904.2145914803],[16548783.78069153,-3339584.723798207],[16558350.915423498,-3228265.2330049337],[16567621.475400325,-3116945.74221166],[16576592.636719637,-3005626.251418386],[16585261.666678794,-2894306.760625113],[16593625.924607286,-2782987.269831839],[16601682.862671126,-2671667.7790385657],[16609430.026648927,-2560348.2882452924],[16616865.056679495,-2449028.7974520186],[16623985.687980657,-2337709.3066587453],[16630789.751539141,-2226389.8158654715],[16637275.174771274,-2115070.325072198],[16643439.982154313,-2003750.8342789242],[16649282.29582821,-1892431.3434856508],[16654800.336167622,-1781111.852692377],[16659992.422324013,-1669792.3618991035],[16664856.972737635,-1558472.87110583],[16669392.505619315,-1447153.3803125564],[16673597.639401795,-1335833.8895192828],[16677471.093160592,-1224514.3987260093],[16681011.687004168,-1113194.9079327357],[16684218.34243334,-1001875.4171394621],[16687090.0826698,-890555.9263461885],[16689626.032953653,-779236.435552915],[16691825.420809874,-667916.9447596414],[16693687.57628362,-556597.4539663679],[16695211.932144292,-445277.96317309426],[16696398.024058329,-333958.4723798207],[16697245.490730643,-222638.98158654713],[16697754.074014677,-111319.49079327357],[16697923.618991036,0],[16695889.079274733,111319.49079327357],[16689786.079866322,222638.98158654713],[16679616.479798552,333958.4723798207],[16665383.37683011,445277.96317309426],[16647091.10650205,556597.4539663679],[16624745.240817105,667916.9447596414],[16598352.586542439,779236.435552915],[16567921.183136214,890555.9263461885],[16533460.300298698,1001875.4171394621],[16494980.435148638,1113194.9079327357],[16452493.309025722,1224514.3987260093],[16406011.863920148,1335833.8895192828],[16355550.258530373,1447153.3803125564],[16301123.863950225,1558472.87110583],[16242749.258986741,1669792.3618991035],[16180444.225110076,1781111.852692377],[16114227.741037108,1892431.3434856508],[16044119.97695035,2003750.8342789242],[15970142.288353883,2115070.325072198],[15892317.209568296,2226389.8158654715],[15810668.446866488,2337709.3066587453],[15725220.871252537,2449028.7974520186],[15636000.510885715,2560348.2882452924],[15543034.543152096,2671667.7790385657],[15446351.286386028,2782987.269831839],[15345980.191244114,2894306.760625113],[15241951.831734253,3005626.251418386],[15134297.895902494,3116945.74221166],[15023051.176180558,3228265.2330049337],[14908245.55939695,3339584.723798207],[14789916.016454682,3450904.2145914803],[14668098.59167882,3562223.705384754],[14542830.391837027,3673543.196178028],[14414149.574836466,3784862.6869713017],[14282095.338100566,3896182.1777645745],[14146707.906629067,4007501.6685578483],[14008028.520745123,4118821.159351122],[13866099.423533095,4230140.650144396],[13720963.84797089,4341460.140937669],[13572666.003760781,4452779.631730943],[13436253.526318442,4564077.370587006],[13339061.38473399,4674913.235357148],[13239305.808982033,4785100.636339522],[13136964.712744147,4894621.32874084],[13032014.527288163,5003456.779905257],[12924430.085601823,5111588.148372192],[12814184.494910331,5218996.26111212],[12701248.99613603,5325661.588738843],[12585592.80863965,5431564.21846948],[12467182.95832434,5536683.82457167],[12345984.086878046,5640999.636000505],[12221958.239566248,5744490.400884273],[12095064.628552964,5847134.347467269],[11965259.368207552,5948909.141057543],[11832495.178227544,6049791.83645629],[11696721.049648412,6149758.825260561],[11557881.867887128,6248785.777329337],[11415917.985835448,6346847.575580962],[11270764.738627454,6443918.243142186],[11122351.889982676,6539970.861689825],[10970602.997879166,6634977.479606813],[10815434.684616743,6728909.008304882],[10656755.792925853,6821735.104732389],[10494466.405440422,6913424.037669907],[10328456.699283019,7003942.534893625],[10158605.600292392,7093255.607625096],[9984779.191980477,7181326.347840591],[9806828.821822526,7268115.692924381],[9624588.830800364,7353582.15073081],[9437873.809545975,7437681.476252508],[9246475.253492812,7520366.288602985],[9050157.44641999,7601585.613662388],[8848652.341004107,7681284.333135863],[8641653.117656736,7759402.514377154],[8428805.974978507,7835874.5862785345],[8209699.513682162,7910628.31346972],[7983850.782345897,7983583.501818136],[7750686.591205054,8054650.339143485],[7509517.949751164,8123727.229896518],[7259504.221574087,8190697.910137991],[6999601.37755571,8255427.508667978],[6728484.659273094,8317757.010765432],[6444428.033732193,8377495.197655201],[6145106.231220229,8434406.387022449],[5827247.237085461,8488190.720617821],[5485965.830808596,8538450.048953092],[5113316.601949953,8584622.51888479],[4694496.177574749,8625836.15437665],[4193804.603833851,8660478.767514255],[3339584.7237982075,8683259.716434667]]},"properties":{"type":"meridian","value":150}},
{"type":"Feature","geometry":{"type":"LineString","coordinates":[[15584728.711058298,-8683259.716434667],[15762691.186065724,-8660478.767514255],[15867001.930595078,-8625836.15437665],[15954256.185673246,-8584622.51888479],[16031891.441685462,-8538450.048953092],[16102991.73465981,-8488190.720617821],[16169212.358437886,-8434406.387022449],[16231571.067294547,-8377495.197655201],[16290749.5309489,-8317757.010765432],[16347232.180591112,-8255427.508667978],[16401378.606428273,-8190697.910137991],[16453464.799798498,-8123727.229896518],[16503708.266768059,-8054650.339143485],[16552284.139922401,-7983583.501818136],[16599335.95895079,-7910628.31346972],[16644983.138387527,-7835874.5862785345],[16689326.29311216,-7759402.514377154],[16732451.131309528,-7681284.333135863],[16774431.361604504,-7601585.613662388],[16815330.904744674,-7520366.288602985],[16855205.603922416,-7437681.476252508],[16894104.56668375,-7353582.15073081],[16932071.231480032,-7268115.692924381],[16969144.22526294,-7181326.347840591],[17005358.06032792,-7093255.607625096],[17040743.705950968,-7003942.534893625],[17075329.06140043,-6913424.037669907],[17109139.35045989,-6821735.104732389],[17142197.452895492,-6728909.008304882],[17174524.184825167,-6634977.479606813],[17206138.537346732,-6539970.861689825],[17237057.880814392,-6443918.243142186],[17267298.14064939,-6346847.575580962],[17296873.949410155,-6248785.777329337],[17325798.77894376,-6149758.825260561],[17354085.055731077,-6049791.83645629],[17381744.261976913,-5948909.141057543],[17408787.024548873,-5847134.347467269],[17435223.193509974,-5744490.400884273],[17461061.911699932,-5640999.636000505],[17486311.676584575,-5536683.82457167],[17510980.395400267,-5431564.21846948],[17535075.43446201,-5325661.588738843],[17558603.663373325,-5218996.26111212],[17581571.494767383,-5111588.148372192],[17603984.92011871,-5003456.779905257],[17625849.542088702,-4894621.32874084],[17647170.60380493,-4785100.636339522],[17667953.01541992,-4674913.235357148],[17688201.378250014,-4564077.370587006],[17716620.644383837,-4452779.631730943],[17747516.028594274,-4341460.140937669],[17777752.606836397,-4230140.650144396],[17807321.168755572,-4118821.159351122],[17836212.70748139,-4007501.6685578483],[17864418.42237129,-3896182.1777645745],[17891929.72169127,-3784862.6869713017],[17918738.225233052,-3673543.196178028],[17944835.76686676,-3562223.705384754],[17970214.397028398,-3450904.2145914803],[17994866.38514137,-3339584.723798207],[18018784.22197129,-3228265.2330049337],[18041960.62191336,-3116945.74221166],[18064388.525211643,-3005626.251418386],[18086061.10010953,-2894306.760625113],[18106971.744930763,-2782987.269831839],[18127114.09009036,-2671667.7790385657],[18146482.000034865,-2560348.2882452924],[18165069.575111285,-2449028.7974520186],[18182871.15336419,-2337709.3066587453],[18199881.3122604,-2226389.8158654715],[18216094.87034073,-2115070.325072198],[18231506.888798326,-2003750.8342789242],[18246112.67298307,-1892431.3434856508],[18259907.773831606,-1781111.852692377],[18272887.989222575,-1669792.3618991035],[18285049.365256634,-1558472.87110583],[18296388.197460834,-1447153.3803125564],[18306901.031917036,-1335833.8895192828],[18316584.666314032,-1224514.3987260093],[18325436.150922973,-1113194.9079327357],[18333452.7894959,-1001875.4171394621],[18340632.14008705,-890555.9263461885],[18346972.01579668,-779236.435552915],[18352470.485437237,-667916.9447596414],[18357125.8741216,-556597.4539663679],[18360936.76377328,-445277.96317309426],[18363901.99355837,-333958.4723798207],[18366020.660239156,-222638.98158654713],[18367292.11844924,-111319.49079327357],[18367715.980890136,0],[18365427.123709295,111319.49079327357],[18358561.249374837,222638.98158654713],[18347120.44929859,333958.4723798207],[18331108.208459094,445277.96317309426],[18310529.404340025,556597.4539663679],[18285390.305444468,667916.9447596414],[18255698.569385465,779236.435552915],[18221463.24055346,890555.9263461885],[18182694.747361258,1001875.4171394621],[18139404.89906744,1113194.9079327357],[18091606.882179163,1224514.3987260093],[18039315.25643539,1335833.8895192828],[17982545.95037189,1447153.3803125564],[17921316.256469227,1558472.87110583],[17855644.825885303,1669792.3618991035],[17785551.662774056,1781111.852692377],[17711058.11819197,1892431.3434856508],[17632186.883594364,2003750.8342789242],[17548961.983923342,2115070.325072198],[17461408.77028955,2226389.8158654715],[17369553.912250023,2337709.3066587453],[17273425.389684323,2449028.7974520186],[17173052.484271653,2560348.2882452924],[17068465.77057133,2671667.7790385657],[16959697.106709503,2782987.269831839],[16846779.624674853,2894306.760625113],[16729747.720226256,3005626.251418386],[16608637.042415526,3116945.74221166],[16483484.48272835,3228265.2330049337],[16354328.16384679,3339584.723798207],[16221207.42803674,3450904.2145914803],[16084162.825163895,3562223.705384754],[15943236.100341877,3673543.196178028],[15798470.18121625,3784862.6869713017],[15649909.164888358,3896182.1777645745],[15497598.304482922,4007501.6685578483],[15341583.995363487,4118821.159351122],[15181913.760999952,4230140.650144396],[15018636.238492472,4341460.140937669],[14851801.163756102,4452779.631730943],[14698337.126633469,4564077.370587006],[14588995.967350962,4674913.235357148],[14476770.94463001,4785100.636339522],[14361637.21136239,4894621.32874084],[14243568.252724405,5003456.779905257],[14122535.75582727,5111588.148372192],[13998509.466299346,5218996.26111212],[13871457.030178258,5325661.588738843],[13741343.819244828,5431564.21846948],[13608132.737640107,5536683.82457167],[13471784.007263025,5640999.636000505],[13332254.929037252,5744490.400884273],[13189499.616647309,5847134.347467269],[13043468.698758718,5948909.141057543],[12894108.98503121,6049791.83645629],[12741363.090379687,6149758.825260561],[12585169.01089824,6248785.777329337],[12425459.643590104,6346847.575580962],[12262162.240481107,6443918.243142186],[12095197.785755733,6539970.861689825],[11924480.282139285,6634977.479606813],[11749915.929719059,6728909.008304882],[11571402.176566808,6821735.104732389],[11388826.6156457,6913424.037669907],[11202065.69621862,7003942.534893625],[11010983.209854165,7093255.607625096],[10815428.50050326,7181326.347840591],[10615234.334075566,7268115.692924381],[10410214.344175635,7353582.15073081],[10200159.945264446,7437681.476252508],[9984836.569704637,7520366.288602985],[9763979.036747713,7601585.613662388],[9537285.793154845,7681284.333135863],[9304411.666889053,7759402.514377154],[9064958.631376045,7835874.5862785345],[8818463.862417657,7910628.31346972],[8564384.039664358,7983583.501818136],[8302074.32463091,8054650.339143485],[8030759.602995283,8123727.229896518],[7749494.15879607,8190697.910137991],[7457103.459275398,8255427.508667978],[7152097.151207454,8317757.010765432],[6832533.4474739395,8377495.197655201],[6495796.4196479805,8434406.387022449],[6138205.051246366,8488190.720617821],[5754263.469184893,8538450.048953092],[5335033.086718922,8584622.51888479],[4863860.109296817,8625836.15437665],[4300582.088838306,8660478.767514255],[3339584.7237982075,8683259.716434667]]},"properties":{"type":"meridian","value":165}},
{"type":"Feature","geometry":{"type":"LineString","coordinates":[[15584728.711058298,-8683259.716434667],[15869468.67107018,-8660478.767514255],[16036365.862317145,-8625836.15437665],[16175972.670442212,-8584622.51888479],[16300189.08006176,-8538450.048953092],[16413949.548820717,-8488190.720617821],[16519902.54686564,-8434406.387022449],[16619676.481036292,-8377495.197655201],[16714362.02288326,-8317757.010765432],[16804734.2623108,-8255427.508667978],[16891368.54365026,-8190697.910137991],[16974706.453042615,-8123727.229896518],[17055096.000193916,-8054650.339143485],[17132817.397240862,-7983583.501818136],[17208100.307686284,-7910628.31346972],[17281135.794785064,-7835874.5862785345],[17352084.842344478,-7759402.514377154],[17421084.583460268,-7681284.333135863],[17488252.951932225,-7601585.613662388],[17553692.2209565,-7520366.288602985],[17617491.739640888,-7437681.476252508],[17679730.080059018,-7353582.15073081],[17740476.74373307,-7268115.692924381],[17799793.533785723,-7181326.347840591],[17857735.669889696,-7093255.607625096],[17914352.70288657,-7003942.534893625],[17969689.271605704,-6913424.037669907],[18023785.73410085,-6821735.104732389],[18076678.697997812,-6728909.008304882],[18128401.469085284,-6634977.479606813],[18178984.43311979,-6539970.861689825],[18228455.38266805,-6443918.243142186],[18276839.798404045,-6346847.575580962],[18324161.09242127,-6248785.777329337],[18370440.819675036,-6149758.825260561],[18415698.862534743,-6049791.83645629],[18459953.59252808,-5948909.141057543],[18503222.01264322,-5847134.347467269],[18545519.88298098,-5744490.400884273],[18586861.832084913,-5640999.636000505],[18627261.45590034,-5536683.82457167],[18666731.40600545,-5431564.21846948],[18705283.468504243,-5325661.588738843],[18742928.63476234,-5218996.26111212],[18779677.16499284,-5111588.148372192],[18815538.64555495,-5003456.779905257],[18850522.040706947,-4894621.32874084],[18884635.73945291,-4785100.636339522],[18917887.598036893,-4674913.235357148],[18950284.978565045,-4564077.370587006],[18995755.804379158,-4452779.631730943],[19045188.41911586,-4341460.140937669],[19093566.944303263,-4230140.650144396],[19140876.643373936,-4118821.159351122],[19187103.105335254,-4007501.6685578483],[19232232.249159083,-3896182.1777645745],[19276250.328071054,-3784862.6869713017],[19319143.933737908,-3673543.196178028],[19360900.00035184,-3562223.705384754],[19401505.808610458,-3450904.2145914803],[19440948.98959121,-3339584.723798207],[19479217.528519083,-3228265.2330049337],[19516299.768426396,-3116945.74221166],[19552184.413703647,-3005626.251418386],[19586860.533540267,-2894306.760625113],[19620317.565254238,-2782987.269831839],[19652545.317509595,-2671667.7790385657],[19683533.973420803,-2560348.2882452924],[19713274.093543075,-2449028.7974520186],[19741756.618747726,-2337709.3066587453],[19768972.87298166,-2226389.8158654715],[19794914.56591019,-2115070.325072198],[19819573.795442346,-2003750.8342789242],[19842943.050137933,-1892431.3434856508],[19865015.21149559,-1781111.852692377],[19885783.556121144,-1669792.3618991035],[19905241.75777564,-1558472.87110583],[19923383.889302354,-1447153.3803125564],[19940204.42443228,-1335833.8895192828],[19955698.23946747,-1224514.3987260093],[19969860.614841778,-1113194.9079327357],[19982687.236558463,-1001875.4171394621],[19994174.1975043,-890555.9263461885],[20004317.99863971,-779236.435552915],[20013115.550064597,-667916.9447596414],[20020564.17195958,-556597.4539663679],[20026661.595402267,-445277.96317309426],[20031405.963058412,-333958.4723798207],[20034795.829747673,-222638.98158654713],[20036830.162883807,-111319.49079327357],[20037508.342789244,0],[20034965.16814386,111319.49079327357],[20027336.41888335,222638.98158654713],[20014624.418798633,333958.4723798207],[19996833.040088087,445277.96317309426],[19973967.70217801,556597.4539663679],[19946035.37007183,667916.9447596414],[19913044.552228495,779236.435552915],[19875005.297970712,890555.9263461885],[19831929.19442382,1001875.4171394621],[19783829.362986244,1113194.9079327357],[19730720.4553326,1224514.3987260093],[19672618.648950633,1335833.8895192828],[19609541.64221341,1447153.3803125564],[19541508.648988232,1558472.87110583],[19468540.392783873,1669792.3618991035],[19390659.100438043,1781111.852692377],[19307888.495346833,1892431.3434856508],[19220253.790238384,2003750.8342789242],[19127781.6794928,2115070.325072198],[19030500.331010815,2226389.8158654715],[18928439.377633557,2337709.3066587453],[18821629.908116117,2449028.7974520186],[18710104.45765759,2560348.2882452924],[18593896.997990567,2671667.7790385657],[18473042.92703298,2782987.269831839],[18347579.05810559,2894306.760625113],[18217543.608718265,3005626.251418386],[18082976.188928563,3116945.74221166],[17943917.789276145,3228265.2330049337],[17800410.768296637,3339584.723798207],[17652498.8396188,3450904.2145914803],[17500227.058648974,3562223.705384754],[17343641.80884673,3673543.196178028],[17182790.787596032,3784862.6869713017],[17017722.991676155,3896182.1777645745],[16848488.702336777,4007501.6685578483],[16675139.46998185,4118821.159351122],[16497728.098466814,4230140.650144396],[16316308.629014058,4341460.140937669],[16130936.323751425,4452779.631730943],[15960420.726948498,4564077.370587006],[15838930.549967933,4674913.235357148],[15714236.080277987,4785100.636339522],[15586309.709980631,4894621.32874084],[15455121.978160646,5003456.779905257],[15320641.426052723,5111588.148372192],[15182834.43768836,5218996.26111212],[15041665.064220486,5325661.588738843],[14897094.82985001,5431564.21846948],[14749082.516955871,5536683.82457167],[14597583.927648006,5640999.636000505],[14442551.618508257,5744490.400884273],[14283934.604741652,5847134.347467269],[14121678.029309884,5948909.141057543],[13955722.791834876,6049791.83645629],[13786005.131110962,6149758.825260561],[13612456.153909354,6248785.777329337],[13435001.301344758,6346847.575580962],[13253559.742334763,6443918.243142186],[13068043.681528792,6539970.861689825],[12878357.566399405,6634977.479606813],[12684397.174821377,6728909.008304882],[12486048.560207766,6821735.104732389],[12283186.825850975,6913424.037669907],[12075674.693154221,7003942.534893625],[11863360.819415936,7093255.607625096],[11646077.809026044,7181326.347840591],[11423639.846328605,7268115.692924381],[11195839.857550904,7353582.15073081],[10962446.080982918,7437681.476252508],[10723197.885916462,7520366.288602985],[10477800.627075432,7601585.613662388],[10225919.245305583,7681284.333135863],[9967170.21612137,7759402.514377154],[9701111.287773583,7835874.5862785345],[9427228.21115315,7910628.31346972],[9144917.29698282,7983583.501818136],[8853462.058056764,8054650.339143485],[8552001.256239403,8123727.229896518],[8239484.0960180545,8190697.910137991],[7914605.540995086,8255427.508667978],[7575709.6431418145,8317757.010765432],[7220638.861215688,8377495.197655201],[6846486.608075733,8434406.387022449],[6449162.865407274,8488190.720617821],[6022561.107561192,8538450.048953092],[5556749.571487889,8584622.51888479],[5033224.041018885,8625836.15437665],[4407359.573842761,8660478.767514255],[3339584.7237982075,8683259.716434667]]},"properties":{"type":"meridian","value":180}},
{"type":"Feature","geometry":{"type":"LineString","coordinates":[[2226389.815865471,-8683259.716434667],[2226389.8158654715,-8683259.716434667]]},"properties":{"type":"parallel","value":-90}},
{"type":"Feature","geometry":{"type":"MultiLineString","coordinates":[[[-18659322.068787154,-7835874.5862785345],[-18616911.891693983,-7835874.5862785345],[-18574501.714600816,-7835874.5862785345],[-18532091.53750765,-7835874.5862785345],[-18489681.36041448,-7835874.5862785345],[-18447271.18332131,-7835874.5862785345],[-18404861.006228138,-7835874.5862785345],[-18362450.82913497,-7835874.5862785345],[-18320040.6520418,-7835874.5862785345],[-18277630.474948633,-7835874.5862785345],[-18235220.297855463,-7835874.5862785345],[-18192810.120762292,-7835874.5862785345],[-18150399.943669125,-7835874.5862785345],[-18107989.766575955,-7835874.5862785345],[-18065579.589482784,-7835874.5862785345],[-18023169.412389614,-7835874.5862785345],[-17980759.235296447,-7835874.5862785345],[-17938349.058203276,-7835874.5862785345],[-17895938.88111011,-7835874.5862785345],[-17853528.704016943,-7835874.5862785345],[-17811118.526923772,-7835874.5862785345],[-17768708.3498306,-7835874.5862785345],[-17726298.172737435,-7835874.5862785345],[-17683887.995644264,-7835874.5862785345],[-17641477.818551093,-7835874.5862785345],[-17599067.641457926,-7835874.5862785345],[-17556657.464364756,-7835874.5862785345],[-17514247.287271585,-7835874.5862785345],[-17471837.11017842,-7835874.5862785345],[-17429426.933085248,-7835874.5862785345],[-17387016.755992077,-7835874.5862785345],[-17344606.578898907,-7835874.5862785345],[-17302196.40180574,-7835874.5862785345],[-17259786.22471257,-7835874.5862785345],[-17217376.047619402,-7835874.5862785345],[-17174965.870526236,-7835874.5862785345],[-17132555.693433065,-7835874.5862785345],[-17090145.516339898,-7835874.5862785345],[-17047735.339246728,-7835874.5862785345],[-17005325.162153557,-7835874.5862785345],[-16962914.985060386,-7835874.5862785345],[-16920504.80796722,-7835874.5862785345],[-16878094.63087405,-7835874.5862785345],[-16835684.45378088,-7835874.5862785345],[-16793274.27668771,-7835874.5862785345],[-16750864.09959454,-7835874.5862785345],[-16708453.922501374,-7835874.5862785345],[-16666043.745408203,-7835874.5862785345],[-16623633.568315035,-7835874.5862785345],[-16581223.391221864,-7835874.5862785345],[-16538813.214128697,-7835874.5862785345],[-16496403.037035527,-7835874.5862785345],[-16453992.859942356,-7835874.5862785345],[-16411582.68284919,-7835874.5862785345],[-16369172.505756019,-7835874.5862785345],[-16326762.32866285,-7835874.5862785345],[-16284352.15156968,-7835874.5862785345],[-16241941.974476513,-7835874.5862785345],[-16199531.797383342,-7835874.5862785345],[-16157121.620290171,-7835874.5862785345],[-16114711.443197004,-7835874.5862785345],[-16072301.266103834,-7835874.5862785345],[-16029891.089010667,-7835874.5862785345],[-15987480.911917496,-7835874.5862785345],[-15945070.734824328,-7835874.5862785345],[-15902660.557731157,-7835874.5862785345],[-15860250.38063799,-7835874.5862785345],[-15817840.20354482,-7835874.5862785345],[-15775430.02645165,-7835874.5862785345],[-15733019.849358482,-7835874.5862785345],[-15690609.672265312,-7835874.5862785345],[-15648199.495172143,-7835874.5862785345],[-15605789.318078974,-7835874.5862785345],[-15563379.140985806,-7835874.5862785345],[-15520968.963892635,-7835874.5862785345],[-15478558.786799468,-7835874.5862785345],[-15436148.609706298,-7835874.5862785345],[-15393738.432613127,-7835874.5862785345],[-15351328.25551996,-7835874.5862785345],[-15308918.07842679,-7835874.5862785345],[-15266507.901757723,-7835874.5862785345]],[[-8375576.5308990795,-7835874.5862785345],[-8333166.354230011,-7835874.5862785345],[-8290756.177136842,-7835874.5862785345],[-8248346.0000436725,-7835874.5862785345],[-8205935.822950504,-7835874.5862785345],[-8163525.645857335,-7835874.5862785345],[-8121115.468764166,-7835874.5862785345],[-8078705.291670997,-7835874.5862785345],[-8036295.114577828,-7835874.5862785345],[-7993884.937484659,-7835874.5862785345],[-7951474.760391489,-7835874.5862785345],[-7909064.58329832,-7835874.5862785345],[-7866654.40620515,-7835874.5862785345],[-7824244.229111982,-7835874.5862785345],[-7781834.052018813,-7835874.5862785345],[-7739423.874925643,-7835874.5862785345],[-7697013.6978324745,-7835874.5862785345],[-7654603.520739306,-7835874.5862785345],[-7612193.343646135,-7835874.5862785345],[-7569783.166552966,-7835874.5862785345],[-7527372.989459797,-7835874.5862785345],[-7484962.812366628,-7835874.5862785345],[-7442552.635273459,-7835874.5862785345],[-7400142.45818029,-7835874.5862785345],[-7357732.281087121,-7835874.5862785345],[-7315322.103993952,-7835874.5862785345],[-7272911.926900782,-7835874.5862785345],[-7230501.749807613,-7835874.5862785345],[-7188091.572714444,-7835874.5862785345],[-7145681.395621275,-7835874.5862785345],[-7103271.218528106,-7835874.5862785345],[-7060861.041434936,-7835874.5862785345],[-7018450.8643417675,-7835874.5862785345],[-6976040.687248599,-7835874.5862785345],[-6933630.510155428,-7835874.5862785345],[-6891220.3330622595,-7835874.5862785345],[-6848810.155969091,-7835874.5862785345],[-6806399.978875921,-7835874.5862785345],[-6763989.801782752,-7835874.5862785345],[-6721579.624689583,-7835874.5862785345],[-6679169.447596414,-7835874.5862785345],[-6636759.270503245,-7835874.5862785345],[-6594349.093410077,-7835874.5862785345],[-6551938.916316906,-7835874.5862785345],[-6509528.739223737,-7835874.5862785345],[-6467118.562130568,-7835874.5862785345],[-6424708.385037399,-7835874.5862785345],[-6382298.20794423,-7835874.5862785345],[-6339888.0308510605,-7835874.5862785345],[-6297477.853757892,-7835874.5862785345],[-6255067.676664722,-7835874.5862785345],[-6212657.4995715525,-7835874.5862785345],[-6170247.322478384,-7835874.5862785345],[-6127837.145385215,-7835874.5862785345],[-6085426.968292045,-7835874.5862785345],[-6043016.791198876,-7835874.5862785345],[-6000606.614105707,-7835874.5862785345],[-5958196.437012538,-7835874.5862785345],[-5915786.259919369,-7835874.5862785345],[-5873376.082826199,-7835874.5862785345],[-5830965.90573303,-7835874.5862785345],[-5788555.728639862,-7835874.5862785345],[-5746145.551546692,-7835874.5862785345],[-5703735.374453523,-7835874.5862785345],[-5661325.197360354,-7835874.5862785345],[-5618915.020267185,-7835874.5862785345],[-5576504.843174016,-7835874.5862785345],[-5534094.666080846,-7835874.5862785345],[-5491684.488987677,-7835874.5862785345],[-5449274.311894508,-7835874.5862785345],[-5406864.134801338,-7835874.5862785345],[-5364453.95770817,-7835874.5862785345],[-5322043.780615,-7835874.5862785345],[-5279633.603521831,-7835874.5862785345],[-5237223.426428663,-7835874.5862785345],[-5194813.249335493,-7835874.5862785345],[-5152403.072242323,-7835874.5862785345],[-5109992.895149155,-7835874.5862785345],[-5067582.718055985,-7835874.5862785345],[-5025172.540962816,-7835874.5862785345],[-4982762.3642937485,-7835874.5862785345]],[[529982.7325628062,-7835874.5862785345],[572392.9092318732,-7835874.5862785345],[614803.086325043,-7835874.5862785345],[657213.2634182122,-7835874.5862785345],[699623.4405113814,-7835874.5862785345],[742033.6176045506,-7835874.5862785345],[784443.7946977197,-7835874.5862785345],[826853.9717908887,-7835874.5862785345],[869264.1488840579,-7835874.5862785345],[911674.3259772271,-7835874.5862785345],[954084.5030703963,-7835874.5862785345],[996494.6801635653,-7835874.5862785345],[1038904.8572567345,-7835874.5862785345],[1081315.0343499037,-7835874.5862785345],[1123725.2114430729,-7835874.5862785345],[1166135.388536242,-7835874.5862785345],[1208545.5656294115,-7835874.5862785345],[1250955.7427225804,-7835874.5862785345],[1293365.9198157496,-7835874.5862785345],[1335776.0969089186,-7835874.5862785345],[1378186.274002088,-7835874.5862785345],[1420596.4510952572,-7835874.5862785345],[1463006.6281884264,-7835874.5862785345],[1505416.8052815956,-7835874.5862785345],[1547826.9823747647,-7835874.5862785345],[1590237.1594679337,-7835874.5862785345],[1632647.3365611031,-7835874.5862785345],[1675057.513654272,-7835874.5862785345],[1717467.6907474415,-7835874.5862785345],[1759877.8678406104,-7835874.5862785345],[1802288.0449337794,-7835874.5862785345],[1844698.2220269488,-7835874.5862785345],[1887108.3991201182,-7835874.5862785345],[1929518.5762132872,-7835874.5862785345],[1971928.7533064561,-7835874.5862785345],[2014338.9303996256,-7835874.5862785345],[2056749.1074927945,-7835874.5862785345],[2099159.284585964,-7835874.5862785345],[2141569.461679133,-7835874.5862785345],[2183979.6387723023,-7835874.5862785345],[2226389.8158654715,-7835874.5862785345],[2268799.9929586407,-7835874.5862785345],[2311210.17005181,-7835874.5862785345],[2353620.347144979,-7835874.5862785345],[2396030.5242381482,-7835874.5862785345],[2438440.701331317,-7835874.5862785345],[2480850.8784244866,-7835874.5862785345],[2523261.0555176553,-7835874.5862785345],[2565671.232610825,-7835874.5862785345],[2608081.4097039937,-7835874.5862785345],[2650491.586797163,-7835874.5862785345],[2692901.763890332,-7835874.5862785345],[2735311.9409835013,-7835874.5862785345],[2777722.1180766704,-7835874.5862785345],[2820132.29516984,-7835874.5862785345],[2862542.472263009,-7835874.5862785345],[2904952.649356178,-7835874.5862785345],[2947362.826449347,-7835874.5862785345],[2989773.003542517,-7835874.5862785345],[3032183.1806356856,-7835874.5862785345],[3074593.3577288548,-7835874.5862785345],[3117003.534822024,-7835874.5862785345],[3159413.7119151936,-7835874.5862785345],[3201823.8890083623,-7835874.5862785345],[3244234.0661015315,-7835874.5862785345],[3286644.2431947007,-7835874.5862785345],[3329054.4202878694,-7835874.5862785345],[3371464.5973810395,-7835874.5862785345],[3413874.7744742082,-7835874.5862785345],[3456284.9515673774,-7835874.5862785345],[3498695.128660547,-7835874.5862785345],[3541105.305753716,-7835874.5862785345],[3583515.482846885,-7835874.5862785345],[3625925.6599400537,-7835874.5862785345],[3668335.837033223,-7835874.5862785345],[3710746.0141263925,-7835874.5862785345],[3753156.1912195617,-7835874.5862785345],[3795566.3683127305,-7835874.5862785345],[3837976.5454058996,-7835874.5862785345],[3880386.7224990693,-7835874.5862785345],[3922796.8995922375,-7835874.5862785345],[3965207.076685407,-7835874.5862785345],[4007617.2537785764,-7835874.5862785345],[4050027.430871745,-7835874.5862785345],[4092437.607964915,-7835874.5862785345],[4134847.785058084,-7835874.5862785345],[4177257.962151253,-7835874.5862785345],[4219668.139244422,-7835874.5862785345],[4262078.316337591,-7835874.5862785345],[4304488.49343076,-7835874.5862785345],[4346898.67052393,-7835874.5862785345],[4389308.847617098,-7835874.5862785345],[4431719.024710269,-7835874.5862785345],[4474129.201803437,-7835874.5862785345],[4516539.378896607,-7835874.5862785345],[4558949.555989776,-7835874.5862785345],[4601359.7330829445,-7835874.5862785345],[4643769.910176115,-7835874.5862785345],[4686180.087269283,-7835874.5862785345],[4728590.264362452,-7835874.5862785345],[4771000.441031519,-7835874.5862785345]],[[13040118.08589225,-7835874.5862785345],[13082528.26256132,-7835874.5862785345],[13124938.439654488,-7835874.5862785345],[13167348.616747655,-7835874.5862785345],[13209758.793840826,-7835874.5862785345],[13252168.970933996,-7835874.5862785345],[13294579.148027163,-7835874.5862785345],[13336989.325120334,-7835874.5862785345],[13379399.5022135,-7835874.5862785345],[13421809.679306671,-7835874.5862785345],[13464219.856399842,-7835874.5862785345],[13506630.03349301,-7835874.5862785345],[13549040.21058618,-7835874.5862785345],[13591450.387679348,-7835874.5862785345],[13633860.564772518,-7835874.5862785345],[13676270.741865689,-7835874.5862785345],[13718680.918958856,-7835874.5862785345],[13761091.096052026,-7835874.5862785345],[13803501.273145193,-7835874.5862785345],[13845911.450238362,-7835874.5862785345],[13888321.627331533,-7835874.5862785345],[13930731.804424703,-7835874.5862785345],[13973141.98151787,-7835874.5862785345],[14015552.15861104,-7835874.5862785345],[14057962.335704211,-7835874.5862785345],[14100372.512797378,-7835874.5862785345],[14142782.689890549,-7835874.5862785345],[14185192.866983717,-7835874.5862785345],[14227603.044076884,-7835874.5862785345],[14270013.221170055,-7835874.5862785345],[14312423.398263225,-7835874.5862785345],[14354833.575356392,-7835874.5862785345],[14397243.752449563,-7835874.5862785345],[14439653.929542733,-7835874.5862785345],[14482064.1066359,-7835874.5862785345],[14524474.283729069,-7835874.5862785345],[14566884.46082224,-7835874.5862785345],[14609294.637915406,-7835874.5862785345],[14651704.815008577,-7835874.5862785345],[14694114.992101748,-7835874.5862785345],[14736525.169194914,-7835874.5862785345],[14778935.346288085,-7835874.5862785345],[14821345.523381256,-7835874.5862785345],[14863755.700474424,-7835874.5862785345],[14906165.877567591,-7835874.5862785345],[14948576.054660762,-7835874.5862785345],[14990986.231753932,-7835874.5862785345],[15033396.4088471,-7835874.5862785345],[15075806.58594027,-7835874.5862785345],[15118216.763033437,-7835874.5862785345],[15160626.940126607,-7835874.5862785345],[15203037.117219776,-7835874.5862785345],[15245447.294312946,-7835874.5862785345],[15287857.471406113,-7835874.5862785345],[15330267.648499284,-7835874.5862785345],[15372677.825592455,-7835874.5862785345],[15415088.002685625,-7835874.5862785345],[15457498.179778792,-7835874.5862785345],[15499908.356871963,-7835874.5862785345],[15542318.53396513,-7835874.5862785345],[15584728.711058298,-7835874.5862785345],[15627138.888151469,-7835874.5862785345],[15669549.065244636,-7835874.5862785345],[15711959.242337806,-7835874.5862785345],[15754369.419430977,-7835874.5862785345],[15796779.596524147,-7835874.5862785345],[15839189.773617314,-7835874.5862785345],[15881599.950710483,-7835874.5862785345],[15924010.127803653,-7835874.5862785345],[15966420.30489682,-7835874.5862785345],[16008830.48198999,-7835874.5862785345],[16051240.659083162,-7835874.5862785345],[16093650.836176328,-7835874.5862785345],[16136061.013269499,-7835874.5862785345],[16178471.19036267,-7835874.5862785345],[16220881.367455836,-7835874.5862785345],[16263291.544549005,-7835874.5862785345],[16305701.721642176,-7835874.5862785345],[16348111.898735343,-7835874.5862785345],[16390522.075828513,-7835874.5862785345],[16432932.252921684,-7835874.5862785345],[16475342.430014854,-7835874.5862785345],[16517752.607108021,-7835874.5862785345],[16560162.78420119,-7835874.5862785345],[16602572.961294359,-7835874.5862785345],[16644983.138387527,-7835874.5862785345],[16687393.315480698,-7835874.5862785345],[16729803.492573865,-7835874.5862785345],[16772213.669667035,-7835874.5862785345],[16814623.846760206,-7835874.5862785345],[16857034.023853377,-7835874.5862785345],[16899444.200946543,-7835874.5862785345],[16941854.378039714,-7835874.5862785345],[16984264.555132885,-7835874.5862785345],[17026674.73222605,-7835874.5862785345],[17069084.909319222,-7835874.5862785345],[17111495.08641239,-7835874.5862785345],[17153905.26350556,-7835874.5862785345],[17196315.440598726,-7835874.5862785345],[17238725.617691897,-7835874.5862785345],[17281135.794785064,-7835874.5862785345]]]},"properties":{"type":"parallel","value":-75}},
{"type":"Feature","geometry":{"type":"MultiLineString","coordinates":[[[-19108246.387954514,-6539970.861689825],[-19043389.99490298,-6539970.861689825],[-18978533.60185144,-6539970.861689825],[-18913677.208799906,-6539970.861689825],[-18848820.815748367,-6539970.861689825],[-18783964.422696833,-6539970.861689825],[-18719108.02964529,-6539970.861689825],[-18654251.636593755,-6539970.861689825],[-18589395.24354222,-6539970.861689825],[-18524538.85049068,-6539970.861689825],[-18459682.457439143,-6539970.861689825],[-18394826.06438761,-6539970.861689825],[-18329969.67133607,-6539970.861689825],[-18265113.27828453,-6539970.861689825],[-18200256.885232996,-6539970.861689825],[-18135400.492181458,-6539970.861689825],[-18070544.09912992,-6539970.861689825],[-18005687.706078384,-6539970.861689825],[-17940831.313026845,-6539970.861689825],[-17875974.919975307,-6539970.861689825],[-17811118.526923772,-6539970.861689825],[-17746262.133872233,-6539970.861689825],[-17681405.740820695,-6539970.861689825],[-17616549.34776916,-6539970.861689825],[-17551692.95471762,-6539970.861689825],[-17486836.561666083,-6539970.861689825],[-17421980.168614548,-6539970.861689825],[-17357123.77556301,-6539970.861689825],[-17292267.382511474,-6539970.861689825],[-17227410.989459936,-6539970.861689825],[-17162554.5964084,-6539970.861689825],[-17097698.20335686,-6539970.861689825],[-17032841.810305323,-6539970.861689825],[-16967985.417253785,-6539970.861689825],[-16903129.02420225,-6539970.861689825],[-16838272.63115071,-6539970.861689825],[-16773416.238099176,-6539970.861689825],[-16708559.845047638,-6539970.861689825],[-16643703.451996101,-6539970.861689825],[-16578847.058944564,-6539970.861689825],[-16513990.665893026,-6539970.861689825],[-16449134.272841489,-6539970.861689825],[-16384277.879789952,-6539970.861689825],[-16319421.486738414,-6539970.861689825],[-16254565.093686877,-6539970.861689825],[-16189708.70063534,-6539970.861689825],[-16124852.307583801,-6539970.861689825],[-16059995.914532265,-6539970.861689825],[-15995139.521480728,-6539970.861689825],[-15930283.12842919,-6539970.861689825],[-15865426.735377654,-6539970.861689825],[-15800570.342326116,-6539970.861689825],[-15735713.94927458,-6539970.861689825],[-15670857.556223042,-6539970.861689825],[-15606001.163171506,-6539970.861689825],[-15541144.770119969,-6539970.861689825],[-15476288.377068432,-6539970.861689825],[-15411431.984016893,-6539970.861689825],[-15346575.590965357,-6539970.861689825],[-15281719.19791382,-6539970.861689825],[-15216862.804862281,-6539970.861689825],[-15152006.411810745,-6539970.861689825],[-15087150.018759208,-6539970.861689825],[-15022293.62570767,-6539970.861689825],[-14957437.232656132,-6539970.861689825],[-14892580.839604596,-6539970.861689825],[-14827724.446553057,-6539970.861689825],[-14762868.05350152,-6539970.861689825],[-14698011.660449985,-6539970.861689825],[-14633155.267398445,-6539970.861689825],[-14568298.87434691,-6539970.861689825],[-14503442.481295371,-6539970.861689825],[-14438586.088243837,-6539970.861689825],[-14373729.695192296,-6539970.861689825],[-14308873.302140761,-6539970.861689825],[-14244016.909089224,-6539970.861689825],[-14179160.516037686,-6539970.861689825],[-14114304.122986149,-6539970.861689825],[-14049447.729934612,-6539970.861689825],[-13984591.336883074,-6539970.861689825],[-13919734.9444801,-6539970.861689825]],[[-9273425.169009339,-6539970.861689825],[-9208568.776606366,-6539970.861689825],[-9143712.38355483,-6539970.861689825],[-9078855.990503293,-6539970.861689825],[-9013999.597451754,-6539970.861689825],[-8949143.204400217,-6539970.861689825],[-8884286.81134868,-6539970.861689825],[-8819430.418297142,-6539970.861689825],[-8754574.025245605,-6539970.861689825],[-8689717.632194068,-6539970.861689825],[-8624861.23914253,-6539970.861689825],[-8560004.846090993,-6539970.861689825],[-8495148.453039456,-6539970.861689825],[-8430292.059987918,-6539970.861689825],[-8365435.666936383,-6539970.861689825],[-8300579.273884845,-6539970.861689825],[-8235722.880833307,-6539970.861689825],[-8170866.4877817705,-6539970.861689825],[-8106010.094730233,-6539970.861689825],[-8041153.701678695,-6539970.861689825],[-7976297.308627158,-6539970.861689825],[-7911440.915575621,-6539970.861689825],[-7846584.522524083,-6539970.861689825],[-7781728.129472547,-6539970.861689825],[-7716871.73642101,-6539970.861689825],[-7652015.343369473,-6539970.861689825],[-7587158.950317935,-6539970.861689825],[-7522302.557266398,-6539970.861689825],[-7457446.164214861,-6539970.861689825],[-7392589.771163323,-6539970.861689825],[-7327733.378111786,-6539970.861689825],[-7262876.9850602485,-6539970.861689825],[-7198020.592008713,-6539970.861689825],[-7133164.198957175,-6539970.861689825],[-7068307.805905638,-6539970.861689825],[-7003451.412854101,-6539970.861689825],[-6938595.019802563,-6539970.861689825],[-6873738.626751026,-6539970.861689825],[-6808882.233699488,-6539970.861689825],[-6744025.840647951,-6539970.861689825],[-6679169.447596414,-6539970.861689825],[-6614313.054544877,-6539970.861689825],[-6549456.6614933405,-6539970.861689825],[-6484600.268441803,-6539970.861689825],[-6419743.875390265,-6539970.861689825],[-6354887.482338728,-6539970.861689825],[-6290031.089287191,-6539970.861689825],[-6225174.696235654,-6539970.861689825],[-6160318.303184116,-6539970.861689825],[-6095461.910132579,-6539970.861689825],[-6030605.517081042,-6539970.861689825],[-5965749.124029504,-6539970.861689825],[-5900892.730977967,-6539970.861689825],[-5836036.33792643,-6539970.861689825],[-5771179.944874893,-6539970.861689825],[-5706323.551823355,-6539970.861689825],[-5641467.158771818,-6539970.861689825],[-5576610.765720281,-6539970.861689825],[-5511754.372668744,-6539970.861689825],[-5446897.979617206,-6539970.861689825],[-5382041.586565669,-6539970.861689825],[-5317185.193514132,-6539970.861689825],[-5252328.800462595,-6539970.861689825],[-5187472.4074110575,-6539970.861689825],[-5122616.014359521,-6539970.861689825],[-5057759.621307983,-6539970.861689825],[-4992903.228256446,-6539970.861689825],[-4928046.835204909,-6539970.861689825],[-4863190.442153372,-6539970.861689825],[-4798334.049101834,-6539970.861689825],[-4733477.6560502965,-6539970.861689825],[-4668621.26299876,-6539970.861689825],[-4603764.869947222,-6539970.861689825],[-4538908.476895684,-6539970.861689825],[-4474052.083844149,-6539970.861689825],[-4409195.690792611,-6539970.861689825],[-4344339.297741073,-6539970.861689825],[-4279482.904689536,-6539970.861689825],[-4214626.511637999,-6539970.861689825],[-4149770.118586462,-6539970.861689825],[-4084913.7261834885,-6539970.861689825]],[[-367865.90554745396,-6539970.861689825],[-303009.5131444813,-6539970.861689825],[-238153.1200929436,-6539970.861689825],[-173296.72704140624,-6539970.861689825],[-108440.33398986886,-6539970.861689825],[-43583.9409383315,-6539970.861689825],[21272.45211320587,-6539970.861689825],[86128.84516474252,-6539970.861689825],[150985.2382162799,-6539970.861689825],[215841.63126781725,-6539970.861689825],[280698.0243193546,-6539970.861689825],[345554.41737089126,-6539970.861689825],[410410.81042242865,-6539970.861689825],[475267.203473966,-6539970.861689825],[540123.5965255033,-6539970.861689825],[604979.9895770404,-6539970.861689825],[669836.3826285778,-6539970.861689825],[734692.775680115,-6539970.861689825],[799549.1687316521,-6539970.861689825],[864405.5617831893,-6539970.861689825],[929261.9548347266,-6539970.861689825],[994118.3478862639,-6539970.861689825],[1058974.7409378013,-6539970.861689825],[1123831.1339893385,-6539970.861689825],[1188687.5270408755,-6539970.861689825],[1253543.920092413,-6539970.861689825],[1318400.3131439502,-6539970.861689825],[1383256.7061954874,-6539970.861689825],[1448113.0992470246,-6539970.861689825],[1512969.4922985616,-6539970.861689825],[1577825.885350099,-6539970.861689825],[1642682.278401636,-6539970.861689825],[1707538.6714531735,-6539970.861689825],[1772395.0645047107,-6539970.861689825],[1837251.4575562482,-6539970.861689825],[1902107.8506077852,-6539970.861689825],[1966964.2436593226,-6539970.861689825],[2031820.6367108596,-6539970.861689825],[2096677.029762397,-6539970.861689825],[2161533.4228139343,-6539970.861689825],[2226389.8158654715,-6539970.861689825],[2291246.2089170087,-6539970.861689825],[2356102.601968546,-6539970.861689825],[2420958.995020083,-6539970.861689825],[2485815.3880716204,-6539970.861689825],[2550671.7811231576,-6539970.861689825],[2615528.174174695,-6539970.861689825],[2680384.567226232,-6539970.861689825],[2745240.9602777692,-6539970.861689825],[2810097.3533293065,-6539970.861689825],[2874953.7463808437,-6539970.861689825],[2939810.139432381,-6539970.861689825],[3004666.532483918,-6539970.861689825],[3069522.9255354553,-6539970.861689825],[3134379.3185869926,-6539970.861689825],[3199235.7116385293,-6539970.861689825],[3264092.1046900665,-6539970.861689825],[3328948.497741604,-6539970.861689825],[3393804.8907931414,-6539970.861689825],[3458661.2838446787,-6539970.861689825],[3523517.6768962163,-6539970.861689825],[3588374.0699477536,-6539970.861689825],[3653230.462999291,-6539970.861689825],[3718086.8560508285,-6539970.861689825],[3782943.2491023648,-6539970.861689825],[3847799.6421539024,-6539970.861689825],[3912656.0352054387,-6539970.861689825],[3977512.428256977,-6539970.861689825],[4042368.8213085146,-6539970.861689825],[4107225.214360051,-6539970.861689825],[4172081.6074115885,-6539970.861689825],[4236938.000463125,-6539970.861689825],[4301794.393514663,-6539970.861689825],[4366650.7865662,-6539970.861689825],[4431507.1796177365,-6539970.861689825],[4496363.572669274,-6539970.861689825],[4561219.965720811,-6539970.861689825],[4626076.358772349,-6539970.861689825],[4690932.751823886,-6539970.861689825],[4755789.144875424,-6539970.861689825],[4820645.537926961,-6539970.861689825],[4885501.930978498,-6539970.861689825],[4950358.324030035,-6539970.861689825],[5015214.717081573,-6539970.861689825],[5080071.110133111,-6539970.861689825],[5144927.503184646,-6539970.861689825],[5209783.896236184,-6539970.861689825],[5274640.289287722,-6539970.861689825],[5339496.6823392585,-6539970.861689825],[5404353.075390795,-6539970.861689825],[5469209.468442333,-6539970.861689825],[5534065.861493871,-6539970.861689825],[5598922.254545407,-6539970.861689825],[5663778.647596945,-6539970.861689825],[5728635.040648483,-6539970.861689825],[5793491.4337000195,-6539970.861689825],[5858347.826751557,-6539970.861689825],[5923204.219803095,-6539970.861689825],[5988060.612854631,-6539970.861689825],[6052917.005906167,-6539970.861689825],[6117773.398309142,-6539970.861689825]],[[11693345.128614629,-6539970.861689825],[11758201.521017604,-6539970.861689825],[11823057.91406914,-6539970.861689825],[11887914.307120677,-6539970.861689825],[11952770.700172216,-6539970.861689825],[12017627.093223752,-6539970.861689825],[12082483.48627529,-6539970.861689825],[12147339.879326826,-6539970.861689825],[12212196.272378363,-6539970.861689825],[12277052.6654299,-6539970.861689825],[12341909.058481438,-6539970.861689825],[12406765.451532975,-6539970.861689825],[12471621.844584512,-6539970.861689825],[12536478.23763605,-6539970.861689825],[12601334.630687587,-6539970.861689825],[12666191.023739124,-6539970.861689825],[12731047.416790662,-6539970.861689825],[12795903.809842197,-6539970.861689825],[12860760.202893736,-6539970.861689825],[12925616.595945273,-6539970.861689825],[12990472.98899681,-6539970.861689825],[13055329.382048348,-6539970.861689825],[13120185.775099885,-6539970.861689825],[13185042.168151421,-6539970.861689825],[13249898.56120296,-6539970.861689825],[13314754.954254497,-6539970.861689825],[13379611.347306034,-6539970.861689825],[13444467.740357572,-6539970.861689825],[13509324.133409109,-6539970.861689825],[13574180.526460646,-6539970.861689825],[13639036.919512184,-6539970.861689825],[13703893.312563721,-6539970.861689825],[13768749.705615258,-6539970.861689825],[13833606.098666793,-6539970.861689825],[13898462.491718333,-6539970.861689825],[13963318.884769868,-6539970.861689825],[14028175.277821409,-6539970.861689825],[14093031.670872942,-6539970.861689825],[14157888.06392448,-6539970.861689825],[14222744.456976017,-6539970.861689825],[14287600.850027554,-6539970.861689825],[14352457.243079092,-6539970.861689825],[14417313.63613063,-6539970.861689825],[14482170.029182166,-6539970.861689825],[14547026.422233704,-6539970.861689825],[14611882.815285241,-6539970.861689825],[14676739.208336778,-6539970.861689825],[14741595.601388317,-6539970.861689825],[14806451.994439853,-6539970.861689825],[14871308.387491388,-6539970.861689825],[14936164.780542929,-6539970.861689825],[15001021.173594462,-6539970.861689825],[15065877.566646002,-6539970.861689825],[15130733.959697537,-6539970.861689825],[15195590.352749078,-6539970.861689825],[15260446.745800612,-6539970.861689825],[15325303.138852153,-6539970.861689825],[15390159.531903686,-6539970.861689825],[15455015.924955225,-6539970.861689825],[15519872.318006761,-6539970.861689825],[15584728.711058298,-6539970.861689825],[15649585.104109837,-6539970.861689825],[15714441.497161373,-6539970.861689825],[15779297.89021291,-6539970.861689825],[15844154.283264449,-6539970.861689825],[15909010.676315986,-6539970.861689825],[15973867.069367522,-6539970.861689825],[16038723.462419061,-6539970.861689825],[16103579.855470598,-6539970.861689825],[16168436.248522134,-6539970.861689825],[16233292.641573673,-6539970.861689825],[16298149.03462521,-6539970.861689825],[16363005.427676747,-6539970.861689825],[16427861.820728282,-6539970.861689825],[16492718.213779822,-6539970.861689825],[16557574.606831357,-6539970.861689825],[16622430.999882894,-6539970.861689825],[16687287.39293443,-6539970.861689825],[16752143.785985969,-6539970.861689825],[16817000.179037508,-6539970.861689825],[16881856.572089043,-6539970.861689825],[16946712.96514058,-6539970.861689825],[17011569.35819212,-6539970.861689825],[17076425.751243655,-6539970.861689825],[17141282.144295193,-6539970.861689825],[17206138.537346732,-6539970.861689825],[17270994.930398267,-6539970.861689825],[17335851.323449805,-6539970.861689825],[17400707.716501344,-6539970.861689825],[17465564.10955288,-6539970.861689825],[17530420.502604418,-6539970.861689825],[17595276.895655956,-6539970.861689825],[17660133.28870749,-6539970.861689825],[17724989.68175903,-6539970.861689825],[17789846.074810565,-6539970.861689825],[17854702.467862103,-6539970.861689825],[17919558.860913638,-6539970.861689825],[17984415.25396518,-6539970.861689825],[18049271.64701671,-6539970.861689825],[18114128.040068254,-6539970.861689825],[18178984.43311979,-6539970.861689825]]]},"properties":{"type":"parallel","value":-60}},
{"type":"Feature","geometry":{"type":"MultiLineString","coordinates":[[[-19426523.494172096,-5003456.779905257],[-19345753.24580968,-5003456.779905257],[-19264982.997447263,-5003456.779905257],[-19184212.74908485,-5003456.779905257],[-19103442.50072243,-5003456.779905257],[-19022672.252360012,-5003456.779905257],[-18941902.003997598,-5003456.779905257],[-18861131.755635183,-5003456.779905257],[-18780361.507272765,-5003456.779905257],[-18699591.25891035,-5003456.779905257],[-18618821.010547936,-5003456.779905257],[-18538050.762185518,-5003456.779905257],[-18457280.5138231,-5003456.779905257],[-18376510.265460685,-5003456.779905257],[-18295740.01709827,-5003456.779905257],[-18214969.768735852,-5003456.779905257],[-18134199.520373438,-5003456.779905257],[-18053429.272011023,-5003456.779905257],[-17972659.023648605,-5003456.779905257],[-17891888.775286186,-5003456.779905257],[-17811118.526923772,-5003456.779905257],[-17730348.278561357,-5003456.779905257],[-17649578.030198935,-5003456.779905257],[-17568807.78183652,-5003456.779905257],[-17488037.533474106,-5003456.779905257],[-17407267.285111688,-5003456.779905257],[-17326497.036749274,-5003456.779905257],[-17245726.78838686,-5003456.779905257],[-17164956.54002444,-5003456.779905257],[-17084186.291662022,-5003456.779905257],[-17003416.043299608,-5003456.779905257],[-16922645.794937193,-5003456.779905257],[-16841875.546574775,-5003456.779905257],[-16761105.298212359,-5003456.779905257],[-16680335.049849944,-5003456.779905257],[-16599564.801487528,-5003456.779905257],[-16518794.55312511,-5003456.779905257],[-16438024.304762697,-5003456.779905257],[-16357254.056400279,-5003456.779905257],[-16276483.808037862,-5003456.779905257],[-16195713.559675446,-5003456.779905257],[-16114943.311313028,-5003456.779905257],[-16034173.062950611,-5003456.779905257],[-15953402.814588197,-5003456.779905257],[-15872632.566225782,-5003456.779905257],[-15791862.317863364,-5003456.779905257],[-15711092.06950095,-5003456.779905257],[-15630321.821138531,-5003456.779905257],[-15549551.572776115,-5003456.779905257],[-15468781.324413698,-5003456.779905257],[-15388011.076051284,-5003456.779905257],[-15307240.827688867,-5003456.779905257],[-15226470.579326449,-5003456.779905257],[-15145700.330964036,-5003456.779905257],[-15064930.082601618,-5003456.779905257],[-14984159.834239202,-5003456.779905257],[-14903389.585876785,-5003456.779905257],[-14822619.337514367,-5003456.779905257],[-14741849.08915195,-5003456.779905257],[-14661078.840789536,-5003456.779905257],[-14580308.59242712,-5003456.779905257],[-14499538.344064705,-5003456.779905257],[-14418768.095702289,-5003456.779905257],[-14337997.847339872,-5003456.779905257],[-14257227.598977454,-5003456.779905257],[-14176457.350615038,-5003456.779905257],[-14095687.102252623,-5003456.779905257],[-14014916.853890207,-5003456.779905257],[-13934146.605527788,-5003456.779905257],[-13853376.357165376,-5003456.779905257],[-13772606.108802957,-5003456.779905257],[-13691835.860440541,-5003456.779905257],[-13611065.612078125,-5003456.779905257],[-13530295.363715706,-5003456.779905257],[-13449525.11535329,-5003456.779905257],[-13368754.866990875,-5003456.779905257],[-13287984.618628459,-5003456.779905257],[-13207214.370266045,-5003456.779905257],[-13126444.121903628,-5003456.779905257],[-13045673.873541212,-5003456.779905257],[-12964903.625986496,-5003456.779905257]],[[-9909979.381285364,-5003456.779905257],[-9829209.13373065,-5003456.779905257],[-9748438.885368232,-5003456.779905257],[-9667668.637005815,-5003456.779905257],[-9586898.3886434,-5003456.779905257],[-9506128.140280984,-5003456.779905257],[-9425357.891918568,-5003456.779905257],[-9344587.643556152,-5003456.779905257],[-9263817.395193735,-5003456.779905257],[-9183047.146831319,-5003456.779905257],[-9102276.898468902,-5003456.779905257],[-9021506.650106486,-5003456.779905257],[-8940736.40174407,-5003456.779905257],[-8859966.153381653,-5003456.779905257],[-8779195.905019237,-5003456.779905257],[-8698425.656656822,-5003456.779905257],[-8617655.408294406,-5003456.779905257],[-8536885.15993199,-5003456.779905257],[-8456114.911569571,-5003456.779905257],[-8375344.663207157,-5003456.779905257],[-8294574.414844739,-5003456.779905257],[-8213804.166482324,-5003456.779905257],[-8133033.918119906,-5003456.779905257],[-8052263.669757491,-5003456.779905257],[-7971493.4213950755,-5003456.779905257],[-7890723.173032658,-5003456.779905257],[-7809952.924670242,-5003456.779905257],[-7729182.676307826,-5003456.779905257],[-7648412.427945409,-5003456.779905257],[-7567642.1795829935,-5003456.779905257],[-7486871.931220576,-5003456.779905257],[-7406101.68285816,-5003456.779905257],[-7325331.434495745,-5003456.779905257],[-7244561.186133328,-5003456.779905257],[-7163790.9377709115,-5003456.779905257],[-7083020.689408496,-5003456.779905257],[-7002250.441046079,-5003456.779905257],[-6921480.192683663,-5003456.779905257],[-6840709.944321246,-5003456.779905257],[-6759939.69595883,-5003456.779905257],[-6679169.447596414,-5003456.779905257],[-6598399.199233998,-5003456.779905257],[-6517628.950871582,-5003456.779905257],[-6436858.702509166,-5003456.779905257],[-6356088.454146749,-5003456.779905257],[-6275318.205784333,-5003456.779905257],[-6194547.957421916,-5003456.779905257],[-6113777.7090595,-5003456.779905257],[-6033007.460697084,-5003456.779905257],[-5952237.212334668,-5003456.779905257],[-5871466.963972251,-5003456.779905257],[-5790696.715609835,-5003456.779905257],[-5709926.467247419,-5003456.779905257],[-5629156.218885003,-5003456.779905257],[-5548385.970522586,-5003456.779905257],[-5467615.72216017,-5003456.779905257],[-5386845.473797753,-5003456.779905257],[-5306075.225435338,-5003456.779905257],[-5225304.977072922,-5003456.779905257],[-5144534.728710505,-5003456.779905257],[-5063764.480348088,-5003456.779905257],[-4982994.231985672,-5003456.779905257],[-4902223.983623256,-5003456.779905257],[-4821453.73526084,-5003456.779905257],[-4740683.486898423,-5003456.779905257],[-4659913.238536008,-5003456.779905257],[-4579142.990173591,-5003456.779905257],[-4498372.741811175,-5003456.779905257],[-4417602.493448758,-5003456.779905257],[-4336832.245086342,-5003456.779905257],[-4256061.996723926,-5003456.779905257],[-4175291.7483615098,-5003456.779905257],[-4094521.4999990934,-5003456.779905257],[-4013751.251636677,-5003456.779905257],[-3932981.00327426,-5003456.779905257],[-3852210.7549118446,-5003456.779905257],[-3771440.5065494278,-5003456.779905257],[-3690670.2581870123,-5003456.779905257],[-3609900.009824595,-5003456.779905257],[-3529129.7614621795,-5003456.779905257],[-3448359.513907465,-5003456.779905257]],[[-1004420.1178234771,-5003456.779905257],[-923649.8702687639,-5003456.779905257],[-842879.6219063472,-5003456.779905257],[-762109.3735439306,-5003456.779905257],[-681339.1251815143,-5003456.779905257],[-600568.876819098,-5003456.779905257],[-519798.6284566818,-5003456.779905257],[-439028.38009426586,-5003456.779905257],[-358258.1317318496,-5003456.779905257],[-277487.88336943294,-5003456.779905257],[-196717.63500701665,-5003456.779905257],[-115947.38664460108,-5003456.779905257],[-35177.13828218445,-5003456.779905257],[45593.110080231825,-5003456.779905257],[126363.35844264811,-5003456.779905257],[207133.6068050644,-5003456.779905257],[287903.855167481,-5003456.779905257],[368674.10352989694,-5003456.779905257],[449444.3518923132,-5003456.779905257],[530214.6002547295,-5003456.779905257],[610984.8486171458,-5003456.779905257],[691755.0969795621,-5003456.779905257],[772525.3453419785,-5003456.779905257],[853295.5937043948,-5003456.779905257],[934065.8420668109,-5003456.779905257],[1014836.0904292273,-5003456.779905257],[1095606.3387916435,-5003456.779905257],[1176376.5871540597,-5003456.779905257],[1257146.835516476,-5003456.779905257],[1337917.0838788922,-5003456.779905257],[1418687.3322413086,-5003456.779905257],[1499457.5806037248,-5003456.779905257],[1580227.8289661412,-5003456.779905257],[1660998.0773285574,-5003456.779905257],[1741768.3256909736,-5003456.779905257],[1822538.57405339,-5003456.779905257],[1903308.8224158061,-5003456.779905257],[1984079.0707782228,-5003456.779905257],[2064849.3191406387,-5003456.779905257],[2145619.567503055,-5003456.779905257],[2226389.8158654715,-5003456.779905257],[2307160.0642278874,-5003456.779905257],[2387930.312590304,-5003456.779905257],[2468700.56095272,-5003456.779905257],[2549470.8093151366,-5003456.779905257],[2630241.0576775526,-5003456.779905257],[2711011.3060399694,-5003456.779905257],[2791781.5544023854,-5003456.779905257],[2872551.802764802,-5003456.779905257],[2953322.051127218,-5003456.779905257],[3034092.2994896336,-5003456.779905257],[3114862.5478520505,-5003456.779905257],[3195632.796214467,-5003456.779905257],[3276403.0445768833,-5003456.779905257],[3357173.2929392997,-5003456.779905257],[3437943.541301715,-5003456.779905257],[3518713.789664132,-5003456.779905257],[3599484.0380265475,-5003456.779905257],[3680254.286388965,-5003456.779905257],[3761024.5347513803,-5003456.779905257],[3841794.783113797,-5003456.779905257],[3922565.0314762127,-5003456.779905257],[4003335.27983863,-5003456.779905257],[4084105.528201046,-5003456.779905257],[4164875.776563462,-5003456.779905257],[4245646.024925878,-5003456.779905257],[4326416.273288295,-5003456.779905257],[4407186.521650711,-5003456.779905257],[4487956.7700131275,-5003456.779905257],[4568727.018375544,-5003456.779905257],[4649497.26673796,-5003456.779905257],[4730267.515100377,-5003456.779905257],[4811037.763462792,-5003456.779905257],[4891808.011825209,-5003456.779905257],[4972578.260187624,-5003456.779905257],[5053348.50855004,-5003456.779905257],[5134118.756912457,-5003456.779905257],[5214889.005274873,-5003456.779905257],[5295659.253637291,-5003456.779905257],[5376429.501999707,-5003456.779905257],[5457199.7503621215,-5003456.779905257],[5537969.998724538,-5003456.779905257],[5618740.247086954,-5003456.779905257],[5699510.495449371,-5003456.779905257],[5780280.743811788,-5003456.779905257],[5861050.9921742035,-5003456.779905257],[5941821.240536621,-5003456.779905257],[6022591.488899036,-5003456.779905257],[6103361.737261453,-5003456.779905257],[6184131.985623868,-5003456.779905257],[6264902.233986285,-5003456.779905257],[6345672.482348701,-5003456.779905257],[6426442.730711118,-5003456.779905257],[6507212.979073534,-5003456.779905257],[6587983.227435951,-5003456.779905257],[6668753.475798367,-5003456.779905257],[6749523.724160783,-5003456.779905257],[6830293.972523198,-5003456.779905257],[6911064.220885614,-5003456.779905257],[6991834.469248031,-5003456.779905257],[7072604.716802745,-5003456.779905257]],[[10738513.810121024,-5003456.779905257],[10819284.05767574,-5003456.779905257],[10900054.306038156,-5003456.779905257],[10980824.554400573,-5003456.779905257],[11061594.802762987,-5003456.779905257],[11142365.051125403,-5003456.779905257],[11223135.299487822,-5003456.779905257],[11303905.547850236,-5003456.779905257],[11384675.796212653,-5003456.779905257],[11465446.04457507,-5003456.779905257],[11546216.292937487,-5003456.779905257],[11626986.541299902,-5003456.779905257],[11707756.789662318,-5003456.779905257],[11788527.038024735,-5003456.779905257],[11869297.286387151,-5003456.779905257],[11950067.53474957,-5003456.779905257],[12030837.783111984,-5003456.779905257],[12111608.0314744,-5003456.779905257],[12192378.279836817,-5003456.779905257],[12273148.528199233,-5003456.779905257],[12353918.776561648,-5003456.779905257],[12434689.024924064,-5003456.779905257],[12515459.273286482,-5003456.779905257],[12596229.521648897,-5003456.779905257],[12676999.770011315,-5003456.779905257],[12757770.01837373,-5003456.779905257],[12838540.266736146,-5003456.779905257],[12919310.51509856,-5003456.779905257],[13000080.763460979,-5003456.779905257],[13080851.011823395,-5003456.779905257],[13161621.260185812,-5003456.779905257],[13242391.50854823,-5003456.779905257],[13323161.756910643,-5003456.779905257],[13403932.00527306,-5003456.779905257],[13484702.253635477,-5003456.779905257],[13565472.501997892,-5003456.779905257],[13646242.750360308,-5003456.779905257],[13727012.998722725,-5003456.779905257],[13807783.247085143,-5003456.779905257],[13888553.49544756,-5003456.779905257],[13969323.743809974,-5003456.779905257],[14050093.99217239,-5003456.779905257],[14130864.240534807,-5003456.779905257],[14211634.488897225,-5003456.779905257],[14292404.737259638,-5003456.779905257],[14373174.985622056,-5003456.779905257],[14453945.233984472,-5003456.779905257],[14534715.482346889,-5003456.779905257],[14615485.730709303,-5003456.779905257],[14696255.979071721,-5003456.779905257],[14777026.227434138,-5003456.779905257],[14857796.475796552,-5003456.779905257],[14938566.724158969,-5003456.779905257],[15019336.972521385,-5003456.779905257],[15100107.220883803,-5003456.779905257],[15180877.469246216,-5003456.779905257],[15261647.717608636,-5003456.779905257],[15342417.96597105,-5003456.779905257],[15423188.214333465,-5003456.779905257],[15503958.462695885,-5003456.779905257],[15584728.711058298,-5003456.779905257],[15665498.959420716,-5003456.779905257],[15746269.207783133,-5003456.779905257],[15827039.45614555,-5003456.779905257],[15907809.704507964,-5003456.779905257],[15988579.95287038,-5003456.779905257],[16069350.201232798,-5003456.779905257],[16150120.449595213,-5003456.779905257],[16230890.69795763,-5003456.779905257],[16311660.946320046,-5003456.779905257],[16392431.194682464,-5003456.779905257],[16473201.443044877,-5003456.779905257],[16553971.691407295,-5003456.779905257],[16634741.939769711,-5003456.779905257],[16715512.188132128,-5003456.779905257],[16796282.436494544,-5003456.779905257],[16877052.68485696,-5003456.779905257],[16957822.933219377,-5003456.779905257],[17038593.18158179,-5003456.779905257],[17119363.42994421,-5003456.779905257],[17200133.678306624,-5003456.779905257],[17280903.926669043,-5003456.779905257],[17361674.175031457,-5003456.779905257],[17442444.423393875,-5003456.779905257],[17523214.67175629,-5003456.779905257],[17603984.92011871,-5003456.779905257],[17684755.168481123,-5003456.779905257],[17765525.416843537,-5003456.779905257],[17846295.665205956,-5003456.779905257],[17927065.91356837,-5003456.779905257],[18007836.16193079,-5003456.779905257],[18088606.410293203,-5003456.779905257],[18169376.65865562,-5003456.779905257],[18250146.907018036,-5003456.779905257],[18330917.15538045,-5003456.779905257],[18411687.403742872,-5003456.779905257],[18492457.652105287,-5003456.779905257],[18573227.9004677,-5003456.779905257],[18653998.148830116,-5003456.779905257],[18734768.397192534,-5003456.779905257],[18815538.64555495,-5003456.779905257]]]},"properties":{"type":"parallel","value":-45}},
{"type":"Feature","geometry":{"type":"MultiLineString","coordinates":[[[-19739228.666190226,-3339584.723798207],[-19642823.159226906,-3339584.723798207],[-19546417.65226358,-3339584.723798207],[-19450012.14530026,-3339584.723798207],[-19353606.638336938,-3339584.723798207],[-19257201.131373614,-3339584.723798207],[-19160795.62441029,-3339584.723798207],[-19064390.117446966,-3339584.723798207],[-18967984.610483646,-3339584.723798207],[-18871579.103520323,-3339584.723798207],[-18775173.596557003,-3339584.723798207],[-18678768.089593675,-3339584.723798207],[-18582362.582630355,-3339584.723798207],[-18485957.07566703,-3339584.723798207],[-18389551.568703707,-3339584.723798207],[-18293146.061740384,-3339584.723798207],[-18196740.554777063,-3339584.723798207],[-18100335.04781374,-3339584.723798207],[-18003929.540850416,-3339584.723798207],[-17907524.033887096,-3339584.723798207],[-17811118.526923772,-3339584.723798207],[-17714713.01996045,-3339584.723798207],[-17618307.512997124,-3339584.723798207],[-17521902.0060338,-3339584.723798207],[-17425496.499070477,-3339584.723798207],[-17329090.992107157,-3339584.723798207],[-17232685.485143837,-3339584.723798207],[-17136279.978180513,-3339584.723798207],[-17039874.47121719,-3339584.723798207],[-16943468.964253865,-3339584.723798207],[-16847063.45729054,-3339584.723798207],[-16750657.950327218,-3339584.723798207],[-16654252.443363898,-3339584.723798207],[-16557846.936400574,-3339584.723798207],[-16461441.429437252,-3339584.723798207],[-16365035.922473928,-3339584.723798207],[-16268630.415510604,-3339584.723798207],[-16172224.908547284,-3339584.723798207],[-16075819.401583958,-3339584.723798207],[-15979413.894620638,-3339584.723798207],[-15883008.387657315,-3339584.723798207],[-15786602.88069399,-3339584.723798207],[-15690197.373730667,-3339584.723798207],[-15593791.866767345,-3339584.723798207],[-15497386.359804025,-3339584.723798207],[-15400980.8528407,-3339584.723798207],[-15304575.34587738,-3339584.723798207],[-15208169.838914052,-3339584.723798207],[-15111764.331950732,-3339584.723798207],[-15015358.824987408,-3339584.723798207],[-14918953.318024086,-3339584.723798207],[-14822547.811060762,-3339584.723798207],[-14726142.30409744,-3339584.723798207],[-14629736.79713412,-3339584.723798207],[-14533331.290170792,-3339584.723798207],[-14436925.783207472,-3339584.723798207],[-14340520.276244149,-3339584.723798207],[-14244114.769280827,-3339584.723798207],[-14147709.262317503,-3339584.723798207],[-14051303.755354181,-3339584.723798207],[-13954898.248390855,-3339584.723798207],[-13858492.741427533,-3339584.723798207],[-13762087.234464213,-3339584.723798207],[-13665681.72750089,-3339584.723798207],[-13569276.220537568,-3339584.723798207],[-13472870.713574244,-3339584.723798207],[-13376465.20661092,-3339584.723798207],[-13280059.699647598,-3339584.723798207],[-13183654.192684274,-3339584.723798207],[-13087248.68572095,-3339584.723798207],[-12990843.17875763,-3339584.723798207],[-12894437.671794306,-3339584.723798207],[-12798032.164830985,-3339584.723798207],[-12701626.65786766,-3339584.723798207],[-12605221.150904337,-3339584.723798207],[-12508815.643941015,-3339584.723798207],[-12412410.136977691,-3339584.723798207],[-12316004.63001437,-3339584.723798207],[-12219599.123051045,-3339584.723798207],[-12123193.616087722,-3339584.723798207],[-12026788.110088455,-3339584.723798207]],[[-10535389.725165274,-3339584.723798207],[-10438984.219166005,-3339584.723798207],[-10342578.712202683,-3339584.723798207],[-10246173.20523936,-3339584.723798207],[-10149767.698276037,-3339584.723798207],[-10053362.191312714,-3339584.723798207],[-9956956.684349392,-3339584.723798207],[-9860551.177386068,-3339584.723798207],[-9764145.670422744,-3339584.723798207],[-9667740.163459422,-3339584.723798207],[-9571334.6564961,-3339584.723798207],[-9474929.149532776,-3339584.723798207],[-9378523.642569453,-3339584.723798207],[-9282118.13560613,-3339584.723798207],[-9185712.628642809,-3339584.723798207],[-9089307.121679485,-3339584.723798207],[-8992901.614716163,-3339584.723798207],[-8896496.107752841,-3339584.723798207],[-8800090.600789517,-3339584.723798207],[-8703685.093826193,-3339584.723798207],[-8607279.586862871,-3339584.723798207],[-8510874.079899548,-3339584.723798207],[-8414468.572936226,-3339584.723798207],[-8318063.065972903,-3339584.723798207],[-8221657.55900958,-3339584.723798207],[-8125252.052046257,-3339584.723798207],[-8028846.545082933,-3339584.723798207],[-7932441.038119611,-3339584.723798207],[-7836035.531156288,-3339584.723798207],[-7739630.024192966,-3339584.723798207],[-7643224.517229642,-3339584.723798207],[-7546819.010266319,-3339584.723798207],[-7450413.503302998,-3339584.723798207],[-7354007.996339674,-3339584.723798207],[-7257602.489376351,-3339584.723798207],[-7161196.982413029,-3339584.723798207],[-7064791.4754497055,-3339584.723798207],[-6968385.968486383,-3339584.723798207],[-6871980.46152306,-3339584.723798207],[-6775574.954559736,-3339584.723798207],[-6679169.447596414,-3339584.723798207],[-6582763.940633092,-3339584.723798207],[-6486358.433669768,-3339584.723798207],[-6389952.926706446,-3339584.723798207],[-6293547.4197431225,-3339584.723798207],[-6197141.912779801,-3339584.723798207],[-6100736.405816477,-3339584.723798207],[-6004330.898853154,-3339584.723798207],[-5907925.391889832,-3339584.723798207],[-5811519.884926509,-3339584.723798207],[-5715114.377963185,-3339584.723798207],[-5618708.870999862,-3339584.723798207],[-5522303.3640365405,-3339584.723798207],[-5425897.857073217,-3339584.723798207],[-5329492.350109895,-3339584.723798207],[-5233086.843146571,-3339584.723798207],[-5136681.336183248,-3339584.723798207],[-5040275.829219926,-3339584.723798207],[-4943870.322256603,-3339584.723798207],[-4847464.8152932795,-3339584.723798207],[-4751059.308329958,-3339584.723798207],[-4654653.801366634,-3339584.723798207],[-4558248.294403312,-3339584.723798207],[-4461842.787439988,-3339584.723798207],[-4365437.280476666,-3339584.723798207],[-4269031.773513343,-3339584.723798207],[-4172626.2665500203,-3339584.723798207],[-4076220.7595866974,-3339584.723798207],[-3979815.252623374,-3339584.723798207],[-3883409.7456600517,-3339584.723798207],[-3787004.2386967284,-3339584.723798207],[-3690598.7317334064,-3339584.723798207],[-3594193.2247700826,-3339584.723798207],[-3497787.7178067598,-3339584.723798207],[-3401382.210843437,-3339584.723798207],[-3304976.703880114,-3339584.723798207],[-3208571.1969167916,-3339584.723798207],[-3112165.6899534683,-3339584.723798207],[-3015760.182990146,-3339584.723798207],[-2919354.6760268235,-3339584.723798207],[-2822949.1700275545,-3339584.723798207]],[[-1629830.4617033878,-3339584.723798207],[-1533424.9557041205,-3339584.723798207],[-1437019.4487407971,-3339584.723798207],[-1340613.941777474,-3339584.723798207],[-1244208.4348141514,-3339584.723798207],[-1147802.927850828,-3339584.723798207],[-1051397.4208875056,-3339584.723798207],[-954991.9139241831,-3339584.723798207],[-858586.4069608598,-3339584.723798207],[-762180.8999975369,-3339584.723798207],[-665775.393034214,-3339584.723798207],[-569369.8860708915,-3339584.723798207],[-472964.3791075686,-3339584.723798207],[-376558.8721442457,-3339584.723798207],[-280153.36518092244,-3339584.723798207],[-183747.85821759992,-3339584.723798207],[-87342.35125427703,-3339584.723798207],[9063.15570904586,-3339584.723798207],[105468.66267236875,-3339584.723798207],[201874.1696356913,-3339584.723798207],[298279.67659901455,-3339584.723798207],[394685.1835623374,-3339584.723798207],[491090.69052565994,-3339584.723798207],[587496.1974889828,-3339584.723798207],[683901.7044523058,-3339584.723798207],[780307.2114156287,-3339584.723798207],[876712.7183789515,-3339584.723798207],[973118.2253422744,-3339584.723798207],[1069523.732305597,-3339584.723798207],[1165929.2392689202,-3339584.723798207],[1262334.746232243,-3339584.723798207],[1358740.2531955657,-3339584.723798207],[1455145.7601588885,-3339584.723798207],[1551551.2671222114,-3339584.723798207],[1647956.7740855343,-3339584.723798207],[1744362.281048857,-3339584.723798207],[1840767.78801218,-3339584.723798207],[1937173.294975503,-3339584.723798207],[2033578.8019388255,-3339584.723798207],[2129984.3089021486,-3339584.723798207],[2226389.8158654715,-3339584.723798207],[2322795.3228287944,-3339584.723798207],[2419200.8297921172,-3339584.723798207],[2515606.33675544,-3339584.723798207],[2612011.843718763,-3339584.723798207],[2708417.350682086,-3339584.723798207],[2804822.8576454087,-3339584.723798207],[2901228.364608731,-3339584.723798207],[2997633.871572054,-3339584.723798207],[3094039.3785353773,-3339584.723798207],[3190444.8854986997,-3339584.723798207],[3286850.3924620226,-3339584.723798207],[3383255.8994253455,-3339584.723798207],[3479661.406388669,-3339584.723798207],[3576066.9133519917,-3339584.723798207],[3672472.420315314,-3339584.723798207],[3768877.9272786365,-3339584.723798207],[3865283.43424196,-3339584.723798207],[3961688.941205283,-3339584.723798207],[4058094.4481686056,-3339584.723798207],[4154499.955131928,-3339584.723798207],[4250905.462095251,-3339584.723798207],[4347310.969058574,-3339584.723798207],[4443716.476021897,-3339584.723798207],[4540121.98298522,-3339584.723798207],[4636527.489948542,-3339584.723798207],[4732932.996911866,-3339584.723798207],[4829338.5038751885,-3339584.723798207],[4925744.010838511,-3339584.723798207],[5022149.517801833,-3339584.723798207],[5118555.024765157,-3339584.723798207],[5214960.53172848,-3339584.723798207],[5311366.038691803,-3339584.723798207],[5407771.545655126,-3339584.723798207],[5504177.052618448,-3339584.723798207],[5600582.559581771,-3339584.723798207],[5696988.066545094,-3339584.723798207],[5793393.573508417,-3339584.723798207],[5889799.080471739,-3339584.723798207],[5986204.587435063,-3339584.723798207],[6082610.094398385,-3339584.723798207],[6179015.601361707,-3339584.723798207],[6275421.108325031,-3339584.723798207],[6371826.6152883535,-3339584.723798207],[6468232.122251676,-3339584.723798207],[6564637.629215,-3339584.723798207],[6661043.136178323,-3339584.723798207],[6757448.643141645,-3339584.723798207],[6853854.150104969,-3339584.723798207],[6950259.65706829,-3339584.723798207],[7046665.164031613,-3339584.723798207],[7143070.6709949365,-3339584.723798207],[7239476.177958259,-3339584.723798207],[7335881.684921582,-3339584.723798207],[7432287.191884906,-3339584.723798207],[7528692.698848228,-3339584.723798207],[7625098.205811551,-3339584.723798207],[7721503.712774875,-3339584.723798207],[7817909.219738196,-3339584.723798207],[7914314.7267015185,-3339584.723798207],[8010720.2327007875,-3339584.723798207]],[[9800398.294222983,-3339584.723798207],[9896803.800222252,-3339584.723798207],[9993209.307185575,-3339584.723798207],[10089614.814148897,-3339584.723798207],[10186020.32111222,-3339584.723798207],[10282425.828075543,-3339584.723798207],[10378831.335038867,-3339584.723798207],[10475236.842002189,-3339584.723798207],[10571642.34896551,-3339584.723798207],[10668047.855928835,-3339584.723798207],[10764453.362892158,-3339584.723798207],[10860858.869855478,-3339584.723798207],[10957264.376818802,-3339584.723798207],[11053669.883782126,-3339584.723798207],[11150075.390745448,-3339584.723798207],[11246480.897708772,-3339584.723798207],[11342886.404672096,-3339584.723798207],[11439291.911635417,-3339584.723798207],[11535697.41859874,-3339584.723798207],[11632102.925562061,-3339584.723798207],[11728508.432525385,-3339584.723798207],[11824913.939488709,-3339584.723798207],[11921319.44645203,-3339584.723798207],[12017724.953415355,-3339584.723798207],[12114130.460378679,-3339584.723798207],[12210535.967342,-3339584.723798207],[12306941.47430532,-3339584.723798207],[12403346.981268644,-3339584.723798207],[12499752.488231968,-3339584.723798207],[12596157.995195292,-3339584.723798207],[12692563.502158614,-3339584.723798207],[12788969.009121938,-3339584.723798207],[12885374.51608526,-3339584.723798207],[12981780.023048583,-3339584.723798207],[13078185.530011907,-3339584.723798207],[13174591.03697523,-3339584.723798207],[13270996.543938553,-3339584.723798207],[13367402.050901873,-3339584.723798207],[13463807.557865197,-3339584.723798207],[13560213.06482852,-3339584.723798207],[13656618.571791843,-3339584.723798207],[13753024.078755166,-3339584.723798207],[13849429.585718488,-3339584.723798207],[13945835.092681812,-3339584.723798207],[14042240.599645132,-3339584.723798207],[14138646.106608456,-3339584.723798207],[14235051.61357178,-3339584.723798207],[14331457.120535104,-3339584.723798207],[14427862.627498426,-3339584.723798207],[14524268.134461747,-3339584.723798207],[14620673.641425071,-3339584.723798207],[14717079.148388391,-3339584.723798207],[14813484.655351719,-3339584.723798207],[14909890.162315039,-3339584.723798207],[15006295.669278365,-3339584.723798207],[15102701.176241685,-3339584.723798207],[15199106.683205009,-3339584.723798207],[15295512.19016833,-3339584.723798207],[15391917.697131654,-3339584.723798207],[15488323.204094978,-3339584.723798207],[15584728.711058298,-3339584.723798207],[15681134.218021624,-3339584.723798207],[15777539.724984944,-3339584.723798207],[15873945.231948268,-3339584.723798207],[15970350.738911591,-3339584.723798207],[16066756.245874915,-3339584.723798207],[16163161.752838237,-3339584.723798207],[16259567.259801557,-3339584.723798207],[16355972.766764883,-3339584.723798207],[16452378.273728207,-3339584.723798207],[16548783.78069153,-3339584.723798207],[16645189.28765485,-3339584.723798207],[16741594.794618174,-3339584.723798207],[16838000.301581495,-3339584.723798207],[16934405.80854482,-3339584.723798207],[17030811.315508142,-3339584.723798207],[17127216.822471466,-3339584.723798207],[17223622.32943479,-3339584.723798207],[17320027.83639811,-3339584.723798207],[17416433.343361434,-3339584.723798207],[17512838.850324754,-3339584.723798207],[17609244.357288077,-3339584.723798207],[17705649.864251405,-3339584.723798207],[17802055.37121473,-3339584.723798207],[17898460.87817805,-3339584.723798207],[17994866.38514137,-3339584.723798207],[18091271.892104693,-3339584.723798207],[18187677.399068013,-3339584.723798207],[18284082.90603134,-3339584.723798207],[18380488.412994664,-3339584.723798207],[18476893.919957988,-3339584.723798207],[18573299.426921308,-3339584.723798207],[18669704.93388463,-3339584.723798207],[18766110.440847952,-3339584.723798207],[18862515.947811276,-3339584.723798207],[18958921.4547746,-3339584.723798207],[19055326.961737923,-3339584.723798207],[19151732.468701247,-3339584.723798207],[19248137.975664567,-3339584.723798207],[19344543.48262789,-3339584.723798207],[19440948.98959121,-3339584.723798207]]]},"properties":{"type":"parallel","value":-30}},
{"type":"Feature","geometry":{"type":"MultiLineString","coordinates":[[[-19961645.949455194,-1669792.3618991035],[-19854119.578328624,-1669792.3618991035],[-19746593.20720205,-1669792.3618991035],[-19639066.83607548,-1669792.3618991035],[-19531540.464948907,-1669792.3618991035],[-19424014.093822338,-1669792.3618991035],[-19316487.722695764,-1669792.3618991035],[-19208961.351569194,-1669792.3618991035],[-19101434.980442625,-1669792.3618991035],[-18993908.609316055,-1669792.3618991035],[-18886382.238189485,-1669792.3618991035],[-18778855.86706291,-1669792.3618991035],[-18671329.49593634,-1669792.3618991035],[-18563803.124809768,-1669792.3618991035],[-18456276.7536832,-1669792.3618991035],[-18348750.382556625,-1669792.3618991035],[-18241224.011430055,-1669792.3618991035],[-18133697.640303485,-1669792.3618991035],[-18026171.26917691,-1669792.3618991035],[-17918644.89805034,-1669792.3618991035],[-17811118.526923772,-1669792.3618991035],[-17703592.155797202,-1669792.3618991035],[-17596065.78467063,-1669792.3618991035],[-17488539.41354406,-1669792.3618991035],[-17381013.042417485,-1669792.3618991035],[-17273486.671290915,-1669792.3618991035],[-17165960.300164346,-1669792.3618991035],[-17058433.929037772,-1669792.3618991035],[-16950907.557911202,-1669792.3618991035],[-16843381.18678463,-1669792.3618991035],[-16735854.815658059,-1669792.3618991035],[-16628328.444531487,-1669792.3618991035],[-16520802.073404917,-1669792.3618991035],[-16413275.702278348,-1669792.3618991035],[-16305749.331151776,-1669792.3618991035],[-16198222.960025206,-1669792.3618991035],[-16090696.588898635,-1669792.3618991035],[-15983170.217772065,-1669792.3618991035],[-15875643.846645491,-1669792.3618991035],[-15768117.475518921,-1669792.3618991035],[-15660591.104392348,-1669792.3618991035],[-15553064.733265778,-1669792.3618991035],[-15445538.362139206,-1669792.3618991035],[-15338011.991012637,-1669792.3618991035],[-15230485.619886067,-1669792.3618991035],[-15122959.248759493,-1669792.3618991035],[-15015432.877632923,-1669792.3618991035],[-14907906.50650635,-1669792.3618991035],[-14800380.13537978,-1669792.3618991035],[-14692853.764253208,-1669792.3618991035],[-14585327.393126637,-1669792.3618991035],[-14477801.022000065,-1669792.3618991035],[-14370274.650873495,-1669792.3618991035],[-14262748.279746925,-1669792.3618991035],[-14155221.908620356,-1669792.3618991035],[-14047695.537493784,-1669792.3618991035],[-13940169.166367209,-1669792.3618991035],[-13832642.795240639,-1669792.3618991035],[-13725116.424114069,-1669792.3618991035],[-13617590.0529875,-1669792.3618991035],[-13510063.681860926,-1669792.3618991035],[-13402537.310734356,-1669792.3618991035],[-13295010.939607786,-1669792.3618991035],[-13187484.568481214,-1669792.3618991035],[-13079958.197354645,-1669792.3618991035],[-12972431.826228071,-1669792.3618991035],[-12864905.455101501,-1669792.3618991035],[-12757379.083974928,-1669792.3618991035],[-12649852.712848358,-1669792.3618991035],[-12542326.341721788,-1669792.3618991035],[-12434799.970595216,-1669792.3618991035],[-12327273.599468645,-1669792.3618991035],[-12219747.228342073,-1669792.3618991035],[-12112220.857215503,-1669792.3618991035],[-12004694.486088932,-1669792.3618991035],[-11897168.114962362,-1669792.3618991035],[-11789641.74383579,-1669792.3618991035],[-11682115.372709218,-1669792.3618991035],[-11574589.001582647,-1669792.3618991035],[-11467062.630456075,-1669792.3618991035],[-11359536.260404767,-1669792.3618991035]],[[-10980224.291583994,-1669792.3618991035],[-10872697.921532687,-1669792.3618991035],[-10765171.550406117,-1669792.3618991035],[-10657645.179279543,-1669792.3618991035],[-10550118.808152976,-1669792.3618991035],[-10442592.437026404,-1669792.3618991035],[-10335066.065899832,-1669792.3618991035],[-10227539.69477326,-1669792.3618991035],[-10120013.323646689,-1669792.3618991035],[-10012486.952520119,-1669792.3618991035],[-9904960.581393547,-1669792.3618991035],[-9797434.210266976,-1669792.3618991035],[-9689907.839140406,-1669792.3618991035],[-9582381.468013832,-1669792.3618991035],[-9474855.096887264,-1669792.3618991035],[-9367328.725760693,-1669792.3618991035],[-9259802.354634121,-1669792.3618991035],[-9152275.98350755,-1669792.3618991035],[-9044749.612380978,-1669792.3618991035],[-8937223.241254408,-1669792.3618991035],[-8829696.870127836,-1669792.3618991035],[-8722170.499001265,-1669792.3618991035],[-8614644.127874695,-1669792.3618991035],[-8507117.756748125,-1669792.3618991035],[-8399591.385621551,-1669792.3618991035],[-8292065.014494982,-1669792.3618991035],[-8184538.64336841,-1669792.3618991035],[-8077012.272241839,-1669792.3618991035],[-7969485.901115268,-1669792.3618991035],[-7861959.529988696,-1669792.3618991035],[-7754433.158862124,-1669792.3618991035],[-7646906.787735553,-1669792.3618991035],[-7539380.416608984,-1669792.3618991035],[-7431854.045482412,-1669792.3618991035],[-7324327.67435584,-1669792.3618991035],[-7216801.3032292705,-1669792.3618991035],[-7109274.932102699,-1669792.3618991035],[-7001748.560976128,-1669792.3618991035],[-6894222.189849556,-1669792.3618991035],[-6786695.818722985,-1669792.3618991035],[-6679169.447596414,-1669792.3618991035],[-6571643.076469843,-1669792.3618991035],[-6464116.705343273,-1669792.3618991035],[-6356590.334216701,-1669792.3618991035],[-6249063.96309013,-1669792.3618991035],[-6141537.591963558,-1669792.3618991035],[-6034011.220836988,-1669792.3618991035],[-5926484.849710416,-1669792.3618991035],[-5818958.478583845,-1669792.3618991035],[-5711432.107457274,-1669792.3618991035],[-5603905.736330703,-1669792.3618991035],[-5496379.365204132,-1669792.3618991035],[-5388852.994077561,-1669792.3618991035],[-5281326.62295099,-1669792.3618991035],[-5173800.251824418,-1669792.3618991035],[-5066273.880697847,-1669792.3618991035],[-4958747.509571277,-1669792.3618991035],[-4851221.138444706,-1669792.3618991035],[-4743694.767318134,-1669792.3618991035],[-4636168.3961915625,-1669792.3618991035],[-4528642.025064992,-1669792.3618991035],[-4421115.65393842,-1669792.3618991035],[-4313589.28281185,-1669792.3618991035],[-4206062.911685279,-1669792.3618991035],[-4098536.5405587074,-1669792.3618991035],[-3991010.169432136,-1669792.3618991035],[-3883483.798305566,-1669792.3618991035],[-3775957.4271789948,-1669792.3618991035],[-3668431.056052423,-1669792.3618991035],[-3560904.684925852,-1669792.3618991035],[-3453378.3137992807,-1669792.3618991035],[-3345851.94267271,-1669792.3618991035],[-3238325.571546139,-1669792.3618991035],[-3130799.200419568,-1669792.3618991035],[-3023272.8292929963,-1669792.3618991035],[-2915746.458166425,-1669792.3618991035],[-2808220.0870398544,-1669792.3618991035],[-2700693.7159132836,-1669792.3618991035],[-2593167.3447867124,-1669792.3618991035],[-2485640.9736601417,-1669792.3618991035],[-2378114.6036088336,-1669792.3618991035]],[[-2074665.0281221087,-1669792.3618991035],[-1967138.6580708022,-1669792.3618991035],[-1859612.2869442308,-1669792.3618991035],[-1752085.9158176593,-1669792.3618991035],[-1644559.5446910886,-1669792.3618991035],[-1537033.1735645172,-1669792.3618991035],[-1429506.802437946,-1669792.3618991035],[-1321980.4313113752,-1669792.3618991035],[-1214454.0601848038,-1669792.3618991035],[-1106927.689058233,-1669792.3618991035],[-999401.3179316617,-1669792.3618991035],[-891874.9468050911,-1669792.3618991035],[-784348.5756785197,-1669792.3618991035],[-676822.2045519484,-1669792.3618991035],[-569295.8334253773,-1669792.3618991035],[-461769.46229880623,-1669792.3618991035],[-354243.0911722352,-1669792.3618991035],[-246716.7200456642,-1669792.3618991035],[-139190.3489190928,-1669792.3618991035],[-31663.977792522124,-1669792.3618991035],[75862.39333404927,-1669792.3618991035],[183388.76446062064,-1669792.3618991035],[290915.1355871913,-1669792.3618991035],[398441.5067137627,-1669792.3618991035],[505967.87784033373,-1669792.3618991035],[613494.2489669048,-1669792.3618991035],[721020.620093476,-1669792.3618991035],[828546.991220047,-1669792.3618991035],[936073.3623466181,-1669792.3618991035],[1043599.7334731893,-1669792.3618991035],[1151126.1045997604,-1669792.3618991035],[1258652.4757263314,-1669792.3618991035],[1366178.8468529028,-1669792.3618991035],[1473705.2179794738,-1669792.3618991035],[1581231.5891060447,-1669792.3618991035],[1688757.9602326157,-1669792.3618991035],[1796284.331359187,-1669792.3618991035],[1903810.7024857583,-1669792.3618991035],[2011337.0736123293,-1669792.3618991035],[2118863.4447389003,-1669792.3618991035],[2226389.8158654715,-1669792.3618991035],[2333916.1869920427,-1669792.3618991035],[2441442.5581186134,-1669792.3618991035],[2548968.9292451846,-1669792.3618991035],[2656495.300371756,-1669792.3618991035],[2764021.671498327,-1669792.3618991035],[2871548.0426248983,-1669792.3618991035],[2979074.4137514695,-1669792.3618991035],[3086600.78487804,-1669792.3618991035],[3194127.1560046114,-1669792.3618991035],[3301653.527131182,-1669792.3618991035],[3409179.8982577533,-1669792.3618991035],[3516706.2693843246,-1669792.3618991035],[3624232.640510896,-1669792.3618991035],[3731759.011637467,-1669792.3618991035],[3839285.382764038,-1669792.3618991035],[3946811.753890609,-1669792.3618991035],[4054338.12501718,-1669792.3618991035],[4161864.496143752,-1669792.3618991035],[4269390.8672703225,-1669792.3618991035],[4376917.238396894,-1669792.3618991035],[4484443.609523465,-1669792.3618991035],[4591969.980650036,-1669792.3618991035],[4699496.351776607,-1669792.3618991035],[4807022.722903178,-1669792.3618991035],[4914549.094029749,-1669792.3618991035],[5022075.4651563205,-1669792.3618991035],[5129601.836282891,-1669792.3618991035],[5237128.207409463,-1669792.3618991035],[5344654.578536034,-1669792.3618991035],[5452180.949662604,-1669792.3618991035],[5559707.320789176,-1669792.3618991035],[5667233.691915748,-1669792.3618991035],[5774760.0630423175,-1669792.3618991035],[5882286.434168889,-1669792.3618991035],[5989812.80529546,-1669792.3618991035],[6097339.176422032,-1669792.3618991035],[6204865.547548601,-1669792.3618991035],[6312391.918675173,-1669792.3618991035],[6419918.289801745,-1669792.3618991035],[6527444.660928315,-1669792.3618991035],[6634971.032054886,-1669792.3618991035],[6742497.403181457,-1669792.3618991035],[6850023.774308029,-1669792.3618991035],[6957550.1454346,-1669792.3618991035],[7065076.516561171,-1669792.3618991035],[7172602.887687743,-1669792.3618991035],[7280129.258814314,-1669792.3618991035],[7387655.629940884,-1669792.3618991035],[7495182.001067454,-1669792.3618991035],[7602708.372194026,-1669792.3618991035],[7710234.743320596,-1669792.3618991035],[7817761.114447168,-1669792.3618991035],[7925287.48557374,-1669792.3618991035],[8032813.856700311,-1669792.3618991035],[8140340.227826882,-1669792.3618991035],[8247866.598953454,-1669792.3618991035],[8355392.9700800255,-1669792.3618991035],[8462919.341206595,-1669792.3618991035],[8570445.712333167,-1669792.3618991035],[8677972.082384475,-1669792.3618991035]],[[9133146.444539296,-1669792.3618991035],[9240672.814590605,-1669792.3618991035],[9348199.185717175,-1669792.3618991035],[9455725.556843746,-1669792.3618991035],[9563251.927970318,-1669792.3618991035],[9670778.29909689,-1669792.3618991035],[9778304.670223461,-1669792.3618991035],[9885831.041350031,-1669792.3618991035],[9993357.412476601,-1669792.3618991035],[10100883.783603175,-1669792.3618991035],[10208410.154729744,-1669792.3618991035],[10315936.525856316,-1669792.3618991035],[10423462.896982886,-1669792.3618991035],[10530989.268109458,-1669792.3618991035],[10638515.63923603,-1669792.3618991035],[10746042.0103626,-1669792.3618991035],[10853568.381489173,-1669792.3618991035],[10961094.752615742,-1669792.3618991035],[11068621.123742312,-1669792.3618991035],[11176147.494868886,-1669792.3618991035],[11283673.865995456,-1669792.3618991035],[11391200.237122027,-1669792.3618991035],[11498726.608248597,-1669792.3618991035],[11606252.979375169,-1669792.3618991035],[11713779.35050174,-1669792.3618991035],[11821305.721628312,-1669792.3618991035],[11928832.092754882,-1669792.3618991035],[12036358.463881453,-1669792.3618991035],[12143884.835008025,-1669792.3618991035],[12251411.206134595,-1669792.3618991035],[12358937.577261167,-1669792.3618991035],[12466463.948387738,-1669792.3618991035],[12573990.319514308,-1669792.3618991035],[12681516.69064088,-1669792.3618991035],[12789043.061767451,-1669792.3618991035],[12896569.432894021,-1669792.3618991035],[13004095.804020595,-1669792.3618991035],[13111622.175147165,-1669792.3618991035],[13219148.546273736,-1669792.3618991035],[13326674.917400306,-1669792.3618991035],[13434201.288526878,-1669792.3618991035],[13541727.65965345,-1669792.3618991035],[13649254.03078002,-1669792.3618991035],[13756780.401906593,-1669792.3618991035],[13864306.773033163,-1669792.3618991035],[13971833.144159736,-1669792.3618991035],[14079359.515286306,-1669792.3618991035],[14186885.886412878,-1669792.3618991035],[14294412.257539447,-1669792.3618991035],[14401938.628666017,-1669792.3618991035],[14509464.999792587,-1669792.3618991035],[14616991.370919159,-1669792.3618991035],[14724517.74204573,-1669792.3618991035],[14832044.1131723,-1669792.3618991035],[14939570.484298874,-1669792.3618991035],[15047096.855425444,-1669792.3618991035],[15154623.226552017,-1669792.3618991035],[15262149.597678587,-1669792.3618991035],[15369675.968805157,-1669792.3618991035],[15477202.339931728,-1669792.3618991035],[15584728.711058298,-1669792.3618991035],[15692255.082184872,-1669792.3618991035],[15799781.453311441,-1669792.3618991035],[15907307.824438015,-1669792.3618991035],[16014834.195564585,-1669792.3618991035],[16122360.566691156,-1669792.3618991035],[16229886.937817728,-1669792.3618991035],[16337413.308944298,-1669792.3618991035],[16444939.68007087,-1669792.3618991035],[16552466.05119744,-1669792.3618991035],[16659992.422324013,-1669792.3618991035],[16767518.793450579,-1669792.3618991035],[16875045.164577153,-1669792.3618991035],[16982571.535703722,-1669792.3618991035],[17090097.906830296,-1669792.3618991035],[17197624.277956866,-1669792.3618991035],[17305150.649083436,-1669792.3618991035],[17412677.02021001,-1669792.3618991035],[17520203.39133658,-1669792.3618991035],[17627729.762463152,-1669792.3618991035],[17735256.133589722,-1669792.3618991035],[17842782.504716292,-1669792.3618991035],[17950308.875842866,-1669792.3618991035],[18057835.246969435,-1669792.3618991035],[18165361.618096005,-1669792.3618991035],[18272887.989222575,-1669792.3618991035],[18380414.36034915,-1669792.3618991035],[18487940.73147572,-1669792.3618991035],[18595467.10260229,-1669792.3618991035],[18702993.47372886,-1669792.3618991035],[18810519.844855435,-1669792.3618991035],[18918046.215982,-1669792.3618991035],[19025572.58710858,-1669792.3618991035],[19133098.95823515,-1669792.3618991035],[19240625.32936172,-1669792.3618991035],[19348151.700488288,-1669792.3618991035],[19455678.071614858,-1669792.3618991035],[19563204.44274143,-1669792.3618991035],[19670730.813868,-1669792.3618991035],[19778257.184994575,-1669792.3618991035],[19885783.556121144,-1669792.3618991035]]]},"properties":{"type":"parallel","value":-15}},
{"type":"Feature","geometry":{"type":"MultiLineString","coordinates":[[[-20037508.342789244,0],[-19926188.85199597,0],[-19814869.361202694,0],[-19703549.87040942,0],[-19592230.37961615,0],[-19480910.888822876,0],[-19369591.3980296,0],[-19258271.907236326,0],[-19146952.416443054,0],[-19035632.92564978,0],[-18924313.434856508,0],[-18812993.94406323,0],[-18701674.453269962,0],[-18590354.962476686,0],[-18479035.471683413,0],[-18367715.980890136,0],[-18256396.490096867,0],[-18145076.999303594,0],[-18033757.508510318,0],[-17922438.017717045,0],[-17811118.526923772,0],[-17699799.0361305,0],[-17588479.545337223,0],[-17477160.05454395,0],[-17365840.563750677,0],[-17254521.072957404,0],[-17143201.58216413,0],[-17031882.091370855,0],[-16920562.600577585,0],[-16809243.10978431,0],[-16697923.618991036,0],[-16586604.128197761,0],[-16475284.637404488,0],[-16363965.146611214,0],[-16252645.65581794,0],[-16141326.16502467,0],[-16030006.674231393,0],[-15918687.183438122,0],[-15807367.692644846,0],[-15696048.201851575,0],[-15584728.711058298,0],[-15473409.220265027,0],[-15362089.72947175,0],[-15250770.23867848,0],[-15139450.747885207,0],[-15028131.257091932,0],[-14916811.76629866,0],[-14805492.275505384,0],[-14694172.784712112,0],[-14582853.293918837,0],[-14471533.803125564,0],[-14360214.31233229,0],[-14248894.821539016,0],[-14137575.330745745,0],[-14026255.839952469,0],[-13914936.349159198,0],[-13803616.858365921,0],[-13692297.36757265,0],[-13580977.876779376,0],[-13469658.385986103,0],[-13358338.895192828,0],[-13247019.404399555,0],[-13135699.913606282,0],[-13024380.422813008,0],[-12913060.932019735,0],[-12801741.44122646,0],[-12690421.950433187,0],[-12579102.459639914,0],[-12467782.96884664,0],[-12356463.478053367,0],[-12245143.987260092,0],[-12133824.49646682,0],[-12022505.005673544,0],[-11911185.514880272,0],[-11799866.024086999,0],[-11688546.533293726,0],[-11577227.042500451,0],[-11465907.551707178,0],[-11354588.060913904,0],[-11243268.57012063,0],[-11131949.090459306,0]],[[-11131949.068195408,0],[-11020629.588534083,0],[-10909310.09774081,0],[-10797990.606947536,0],[-10686671.116154263,0],[-10575351.62536099,0],[-10464032.134567715,0],[-10352712.643774442,0],[-10241393.15298117,0],[-10130073.662187895,0],[-10018754.171394622,0],[-9907434.680601347,0],[-9796115.189808074,0],[-9684795.6990148,0],[-9573476.208221527,0],[-9462156.717428254,0],[-9350837.226634981,0],[-9239517.735841706,0],[-9128198.245048434,0],[-9016878.754255159,0],[-8905559.263461886,0],[-8794239.772668611,0],[-8682920.281875338,0],[-8571600.791082066,0],[-8460281.300288793,0],[-8348961.809495518,0],[-8237642.318702244,0],[-8126322.82790897,0],[-8015003.337115697,0],[-7903683.846322423,0],[-7792364.355529149,0],[-7681044.864735875,0],[-7569725.373942603,0],[-7458405.88314933,0],[-7347086.392356056,0],[-7235766.901562782,0],[-7124447.410769508,0],[-7013127.919976234,0],[-6901808.429182961,0],[-6790488.938389688,0],[-6679169.447596414,0],[-6567849.956803141,0],[-6456530.466009867,0],[-6345210.975216594,0],[-6233891.48442332,0],[-6122571.993630046,0],[-6011252.502836772,0],[-5899933.012043499,0],[-5788613.521250226,0],[-5677294.030456952,0],[-5565974.539663678,0],[-5454655.048870405,0],[-5343335.558077131,0],[-5232016.067283858,0],[-5120696.576490585,0],[-5009377.085697311,0],[-4898057.594904037,0],[-4786738.104110763,0],[-4675418.61331749,0],[-4564099.122524217,0],[-4452779.642862892,0]],[[-4452779.620598994,0],[-4341460.140937669,0],[-4230140.650144395,0],[-4118821.159351123,0],[-4007501.668557848,0],[-3896182.1777645755,0],[-3784862.6869713017,0],[-3673543.196178028,0],[-3562223.705384754,0],[-3450904.2145914803,0],[-3339584.723798207,0],[-3228265.233004933,0],[-3116945.742211661,0],[-3005626.251418386,0],[-2894306.7606251133,0],[-2782987.2698318395,0],[-2671667.7790385657,0],[-2560348.2882452924,0],[-2449028.7974520186,0],[-2337709.306658745,0],[-2226389.8269974208,0]],[[-2226389.8047335222,0],[-2115070.325072198,0],[-2003750.8342789242,0],[-1892431.3434856513,0],[-1781111.8526923775,0],[-1669792.3618991037,0],[-1558472.87110583,0],[-1447153.3803125564,0],[-1335833.8895192826,0],[-1224514.3987260088,0],[-1113194.9079327357,0],[-1001875.4171394621,0],[-890555.9263461884,0],[-779236.4355529153,0],[-667916.9447596417,0],[-556597.4539663679,0],[-445277.9631730942,0],[-333958.4723798205,0],[-222638.98158654745,0],[-111319.49079327373,0],[0,0],[111319.49079327373,0],[222638.9815865471,0],[333958.4723798208,0],[445277.9631730942,0],[556597.4539663679,0],[667916.9447596417,0],[779236.435552915,0],[890555.9263461884,0],[1001875.4171394621,0],[1113194.9079327357,0],[1224514.3987260093,0],[1335833.8895192828,0],[1447153.3803125564,0],[1558472.87110583,0],[1669792.3618991035,0],[1781111.852692377,0],[1892431.3434856508,0],[2003750.8342789242,0],[2115070.325072198,0],[2226389.8158654715,0],[2337709.3066587453,0],[2449028.7974520186,0],[2560348.2882452924,0],[2671667.7790385657,0],[2782987.269831839,0],[2894306.760625113,0],[3005626.251418386,0],[3116945.74221166,0],[3228265.2330049337,0],[3339584.723798207,0],[3450904.2145914803,0],[3562223.705384754,0],[3673543.196178028,0],[3784862.6869713017,0],[3896182.1777645745,0],[4007501.6685578483,0],[4118821.159351122,0],[4230140.650144396,0],[4341460.140937669,0],[4452779.631730943,0],[4564099.122524217,0],[4675418.613317491,0],[4786738.104110763,0],[4898057.594904037,0],[5009377.085697311,0],[5120696.576490585,0],[5232016.067283858,0],[5343335.558077131,0],[5454655.048870405,0],[5565974.539663678,0],[5677294.030456952,0],[5788613.521250226,0],[5899933.012043499,0],[6011252.502836772,0],[6122571.993630046,0],[6233891.48442332,0],[6345210.975216594,0],[6456530.466009867,0],[6567849.956803141,0],[6679169.447596414,0],[6790488.938389688,0],[6901808.429182961,0],[7013127.919976234,0],[7124447.410769508,0],[7235766.901562782,0],[7347086.392356056,0],[7458405.88314933,0],[7569725.373942603,0],[7681044.864735875,0],[7792364.355529149,0],[7903683.846322423,0],[8015003.337115697,0],[8126322.82790897,0],[8237642.318702244,0],[8348961.809495518,0],[8460281.300288793,0],[8571600.791082066,0],[8682920.281875338,0],[8794239.772668611,0],[8905559.252329938,0]],[[8905559.274593834,0],[9016878.754255159,0],[9128198.245048434,0],[9239517.735841706,0],[9350837.226634981,0],[9462156.717428254,0],[9573476.208221527,0],[9684795.6990148,0],[9796115.189808074,0],[9907434.680601345,0],[10018754.171394622,0],[10130073.662187893,0],[10241393.15298117,0],[10352712.64377444,0],[10464032.134567715,0],[10575351.625360988,0],[10686671.116154263,0],[10797990.606947536,0],[10909310.097740809,0],[11020629.588534083,0],[11131949.079327356,0],[11243268.57012063,0],[11354588.060913904,0],[11465907.551707178,0],[11577227.042500451,0],[11688546.533293726,0],[11799866.024086999,0],[11911185.51488027,0],[12022505.005673544,0],[12133824.496466817,0],[12245143.987260092,0],[12356463.478053365,0],[12467782.96884664,0],[12579102.459639912,0],[12690421.950433187,0],[12801741.44122646,0],[12913060.932019735,0],[13024380.422813008,0],[13135699.913606282,0],[13247019.404399555,0],[13358338.895192828,0],[13469658.385986103,0],[13580977.876779376,0],[13692297.36757265,0],[13803616.858365921,0],[13914936.349159198,0],[14026255.839952469,0],[14137575.330745745,0],[14248894.821539016,0],[14360214.31233229,0],[14471533.803125564,0],[14582853.293918837,0],[14694172.784712112,0],[14805492.275505384,0],[14916811.76629866,0],[15028131.257091932,0],[15139450.747885207,0],[15250770.23867848,0],[15362089.72947175,0],[15473409.220265027,0],[15584728.711058298,0],[15696048.201851575,0],[15807367.692644846,0],[15918687.183438122,0],[16030006.674231393,0],[16141326.16502467,0],[16252645.65581794,0],[16363965.146611214,0],[16475284.637404488,0],[16586604.128197761,0],[16697923.618991036,0],[16809243.10978431,0],[16920562.600577585,0],[17031882.091370855,0],[17143201.58216413,0],[17254521.072957404,0],[17365840.563750677,0],[17477160.05454395,0],[17588479.545337223,0],[17699799.0361305,0],[17811118.526923772,0],[17922438.017717045,0],[18033757.508510318,0],[18145076.999303594,0],[18256396.490096867,0],[18367715.980890136,0],[18479035.471683413,0],[18590354.962476686,0],[18701674.453269962,0],[18812993.94406323,0],[18924313.434856508,0],[19035632.92564978,0],[19146952.416443054,0],[19258271.907236326,0],[19369591.3980296,0],[19480910.888822876,0],[19592230.37961615,0],[19703549.87040942,0],[19814869.361202694,0],[19926188.85199597,0],[20037508.342789244,0]]]},"properties":{"type":"parallel","value":0}},
{"type":"Feature","geometry":{"type":"MultiLineString","coordinates":[[[-19734058.769453045,1669792.3618991035],[-19626532.398326475,1669792.3618991035],[-19519006.027199905,1669792.3618991035],[-19411479.656073336,1669792.3618991035],[-19303953.28494676,1669792.3618991035],[-19196426.91382019,1669792.3618991035],[-19088900.54269362,1669792.3618991035],[-18981374.17156705,1669792.3618991035],[-18873847.80044048,1669792.3618991035],[-18766321.429313906,1669792.3618991035],[-18658795.058187336,1669792.3618991035],[-18551268.687060762,1669792.3618991035],[-18443742.315934192,1669792.3618991035],[-18336215.94480762,1669792.3618991035],[-18228689.57368105,1669792.3618991035],[-18121163.202554476,1669792.3618991035],[-18013636.831427906,1669792.3618991035],[-17906110.460301336,1669792.3618991035],[-17798584.089174766,1669792.3618991035],[-17691057.718048196,1669792.3618991035],[-17583531.346921623,1669792.3618991035],[-17476004.975795053,1669792.3618991035],[-17368478.604668483,1669792.3618991035],[-17260952.233541913,1669792.3618991035],[-17153425.862415336,1669792.3618991035],[-17045899.491288766,1669792.3618991035],[-16938373.120162196,1669792.3618991035],[-16830846.749035627,1669792.3618991035],[-16723320.377909057,1669792.3618991035],[-16615794.006782483,1669792.3618991035],[-16508267.635655914,1669792.3618991035],[-16400741.26452934,1669792.3618991035],[-16293214.89340277,1669792.3618991035],[-16185688.522276198,1669792.3618991035],[-16078162.151149629,1669792.3618991035],[-15970635.780023059,1669792.3618991035],[-15863109.408896485,1669792.3618991035],[-15755583.037769916,1669792.3618991035],[-15648056.666643342,1669792.3618991035],[-15540530.295516772,1669792.3618991035],[-15433003.9243902,1669792.3618991035],[-15325477.553263629,1669792.3618991035],[-15217951.182137057,1669792.3618991035],[-15110424.811010487,1669792.3618991035],[-15002898.43988392,1669792.3618991035],[-14895372.068757344,1669792.3618991035],[-14787845.697630774,1669792.3618991035],[-14680319.326504204,1669792.3618991035],[-14572792.955377635,1669792.3618991035],[-14465266.584251061,1669792.3618991035],[-14357740.213124491,1669792.3618991035],[-14250213.84199792,1669792.3618991035],[-14142687.470871348,1669792.3618991035],[-14035161.099744778,1669792.3618991035],[-13927634.728618206,1669792.3618991035],[-13820108.357491637,1669792.3618991035],[-13712581.986365063,1669792.3618991035],[-13605055.615238493,1669792.3618991035],[-13497529.24411192,1669792.3618991035],[-13390002.87298535,1669792.3618991035],[-13282476.501858778,1669792.3618991035],[-13174950.130732208,1669792.3618991035],[-13067423.759605637,1669792.3618991035],[-12959897.388479065,1669792.3618991035],[-12852371.017352495,1669792.3618991035],[-12744844.646225924,1669792.3618991035],[-12637318.275099354,1669792.3618991035],[-12529791.903972782,1669792.3618991035],[-12422265.53284621,1669792.3618991035],[-12314739.161719639,1669792.3618991035],[-12207212.790593067,1669792.3618991035],[-12099686.419466497,1669792.3618991035],[-11992160.048339926,1669792.3618991035],[-11884633.677213354,1669792.3618991035],[-11777107.306086784,1669792.3618991035],[-11669580.934960214,1669792.3618991035],[-11562054.563833643,1669792.3618991035],[-11454528.192707071,1669792.3618991035],[-11347001.8215805,1669792.3618991035],[-11239475.450453928,1669792.3618991035],[-11131949.079327356,1669792.3618991035],[-11024422.708200786,1669792.3618991035],[-10916896.337074215,1669792.3618991035],[-10809369.965947643,1669792.3618991035],[-10701843.594821073,1669792.3618991035],[-10594317.223694501,1669792.3618991035],[-10486790.85256793,1669792.3618991035],[-10379264.48144136,1669792.3618991035],[-10271738.110314788,1669792.3618991035],[-10164211.739188217,1669792.3618991035],[-10056685.368061647,1669792.3618991035],[-9949158.996935075,1669792.3618991035],[-9841632.625808503,1669792.3618991035],[-9734106.254681932,1669792.3618991035],[-9626579.883555362,1669792.3618991035],[-9519053.51242879,1669792.3618991035],[-9411527.141302219,1669792.3618991035],[-9304000.770175649,1669792.3618991035],[-9196474.399049077,1669792.3618991035],[-9088948.027922506,1669792.3618991035],[-8981421.656795936,1669792.3618991035],[-8873895.285669364,1669792.3618991035],[-8766368.914542792,1669792.3618991035],[-8658842.543416223,1669792.3618991035],[-8551316.17228965,1669792.3618991035],[-8443789.80116308,1669792.3618991035],[-8336263.4300365085,1669792.3618991035],[-8228737.058909938,1669792.3618991035],[-8121210.687783365,1669792.3618991035],[-8013684.316656795,1669792.3618991035],[-7906157.945530223,1669792.3618991035],[-7798631.574403653,1669792.3618991035],[-7691105.203277082,1669792.3618991035],[-7583578.832150511,1669792.3618991035],[-7476052.46102394,1669792.3618991035],[-7368526.089897368,1669792.3618991035],[-7260999.718770797,1669792.3618991035],[-7153473.347644227,1669792.3618991035],[-7045946.976517654,1669792.3618991035],[-6938420.605391084,1669792.3618991035],[-6830894.234264512,1669792.3618991035],[-6723367.863137942,1669792.3618991035],[-6615841.492011371,1669792.3618991035],[-6508315.1208848,1669792.3618991035],[-6400788.749758229,1669792.3618991035],[-6293262.378631657,1669792.3618991035],[-6185736.007505086,1669792.3618991035],[-6078209.636378515,1669792.3618991035],[-5970683.265251944,1669792.3618991035],[-5863156.894125373,1669792.3618991035],[-5755630.522998801,1669792.3618991035],[-5648104.151872231,1669792.3618991035],[-5540577.78074566,1669792.3618991035],[-5433051.409619088,1669792.3618991035],[-5325525.038492518,1669792.3618991035],[-5217998.667365946,1669792.3618991035],[-5110472.296239375,1669792.3618991035],[-5002945.925112804,1669792.3618991035],[-4895419.553986232,1669792.3618991035],[-4787893.182859662,1669792.3618991035],[-4680366.812808354,1669792.3618991035]],[[-4187261.253986507,1669792.3618991035],[-4079734.883935199,1669792.3618991035],[-3972208.5128086274,1669792.3618991035],[-3864682.1416820576,1669792.3618991035],[-3757155.770555485,1669792.3618991035],[-3649629.3994289148,1669792.3618991035],[-3542103.0283023436,1669792.3618991035],[-3434576.6571757724,1669792.3618991035],[-3327050.286049202,1669792.3618991035],[-3219523.914922631,1669792.3618991035],[-3111997.543796059,1669792.3618991035],[-3004471.172669488,1669792.3618991035],[-2896944.801542918,1669792.3618991035],[-2789418.430416346,1669792.3618991035],[-2681892.0592897753,1669792.3618991035],[-2574365.6881632037,1669792.3618991035],[-2466839.3170366324,1669792.3618991035],[-2359312.9459100617,1669792.3618991035],[-2251786.5747834905,1669792.3618991035],[-2144260.203656919,1669792.3618991035],[-2036733.8325303476,1669792.3618991035],[-1929207.461403777,1669792.3618991035],[-1821681.0902772064,1669792.3618991035],[-1714154.7191506356,1669792.3618991035],[-1606628.3480240642,1669792.3618991035],[-1499101.9768974928,1669792.3618991035],[-1391575.6057709213,1669792.3618991035],[-1284049.2346443501,1669792.3618991035],[-1176522.8635177794,1669792.3618991035],[-1068996.492391208,1669792.3618991035],[-961470.1212646373,1669792.3618991035],[-853943.7501380659,1669792.3618991035],[-746417.3790114946,1669792.3618991035],[-638891.0078849238,1669792.3618991035],[-531364.6367583532,1669792.3618991035],[-423838.2656317818,1669792.3618991035],[-316311.8945052104,1669792.3618991035],[-208785.52337863902,1669792.3618991035],[-101259.15225206835,1669792.3618991035],[6267.2188745023295,1669792.3618991035],[113793.59000107371,1669792.3618991035],[221319.9611276451,1669792.3618991035],[328846.33225421613,1669792.3618991035],[436372.7033807875,1669792.3618991035],[543899.0745073583,1669792.3618991035],[651425.4456339296,1669792.3618991035],[758951.8167605007,1669792.3618991035],[866478.1878870716,1669792.3618991035],[974004.5590136427,1669792.3618991035],[1081530.9301402138,1669792.3618991035],[1189057.301266785,1669792.3618991035],[1296583.6723933562,1669792.3618991035],[1404110.0435199272,1669792.3618991035],[1511636.4146464982,1669792.3618991035],[1619162.7857730696,1669792.3618991035],[1726689.1568996403,1669792.3618991035],[1834215.5280262115,1669792.3618991035],[1941741.899152783,1669792.3618991035],[2049268.2702793537,1669792.3618991035],[2156794.641405925,1669792.3618991035],[2264321.012532496,1669792.3618991035],[2371847.383659067,1669792.3618991035],[2479373.7547856383,1669792.3618991035],[2586900.125912209,1669792.3618991035],[2694426.4970387807,1669792.3618991035],[2801952.8681653515,1669792.3618991035],[2909479.2392919227,1669792.3618991035],[3017005.610418494,1669792.3618991035],[3124531.981545065,1669792.3618991035],[3232058.3526716363,1669792.3618991035],[3339584.723798207,1669792.3618991035],[3447111.094924778,1669792.3618991035],[3554637.4660513494,1669792.3618991035],[3662163.83717792,1669792.3618991035],[3769690.208304492,1669792.3618991035],[3877216.579431062,1669792.3618991035],[3984742.950557634,1669792.3618991035],[4092269.321684205,1669792.3618991035],[4199795.692810776,1669792.3618991035],[4307322.063937347,1669792.3618991035],[4414848.435063918,1669792.3618991035],[4522374.806190489,1669792.3618991035],[4629901.1773170605,1669792.3618991035],[4737427.548443632,1669792.3618991035],[4844953.919570203,1669792.3618991035],[4952480.290696774,1669792.3618991035],[5060006.661823344,1669792.3618991035],[5167533.032949916,1669792.3618991035],[5275059.404076488,1669792.3618991035],[5382585.7752030585,1669792.3618991035],[5490112.146329629,1669792.3618991035],[5597638.517456201,1669792.3618991035],[5705164.888582772,1669792.3618991035],[5812691.259709342,1669792.3618991035],[5920217.630835914,1669792.3618991035],[6027744.001962485,1669792.3618991035],[6135270.373089056,1669792.3618991035],[6242796.744215627,1669792.3618991035],[6350323.115342199,1669792.3618991035],[6457849.48646877,1669792.3618991035],[6565375.857595339,1669792.3618991035],[6672902.228721912,1669792.3618991035],[6780428.599848482,1669792.3618991035],[6887954.9709750535,1669792.3618991035],[6995481.342101625,1669792.3618991035],[7103007.713228196,1669792.3618991035],[7210534.084354768,1669792.3618991035],[7318060.455481337,1669792.3618991035],[7425586.82660791,1669792.3618991035],[7533113.197734481,1669792.3618991035],[7640639.5688610505,1669792.3618991035],[7748165.939987623,1669792.3618991035],[7855692.311114193,1669792.3618991035],[7963218.682240765,1669792.3618991035],[8070745.053367335,1669792.3618991035],[8178271.424493907,1669792.3618991035],[8285797.795620479,1669792.3618991035],[8393324.16674705,1669792.3618991035],[8500850.53787362,1669792.3618991035],[8608376.909000192,1669792.3618991035],[8715903.280126762,1669792.3618991035],[8823429.651253333,1669792.3618991035],[8930956.022379903,1669792.3618991035],[9038482.393506477,1669792.3618991035],[9146008.764633046,1669792.3618991035],[9253535.135759618,1669792.3618991035],[9361061.50688619,1669792.3618991035],[9468587.87801276,1669792.3618991035],[9576114.249139333,1669792.3618991035],[9683640.620265903,1669792.3618991035],[9791166.991392475,1669792.3618991035],[9898693.362519044,1669792.3618991035],[10006219.733645614,1669792.3618991035],[10113746.104772186,1669792.3618991035],[10221272.475898758,1669792.3618991035],[10328798.847025327,1669792.3618991035],[10436325.2181519,1669792.3618991035],[10543851.58927847,1669792.3618991035],[10651377.96040504,1669792.3618991035],[10758904.331531614,1669792.3618991035],[10866430.702658184,1669792.3618991035],[10973957.073784756,1669792.3618991035],[11081483.444911325,1669792.3618991035],[11189009.816037899,1669792.3618991035],[11296536.187164469,1669792.3618991035],[11404062.558291042,1669792.3618991035],[11511588.929417612,1669792.3618991035],[11619115.300544182,1669792.3618991035],[11726641.671670754,1669792.3618991035],[11834168.042797325,1669792.3618991035],[11941694.413923897,1669792.3618991035],[12049220.785050467,1669792.3618991035],[12156747.15617704,1669792.3618991035],[12264273.52730361,1669792.3618991035],[12371799.898430184,1669792.3618991035],[12479326.26955675,1669792.3618991035],[12586852.640683323,1669792.3618991035],[12694379.011809893,1669792.3618991035],[12801905.382936465,1669792.3618991035],[12909431.754063036,1669792.3618991035],[13016958.125189606,1669792.3618991035],[13124484.496316178,1669792.3618991035],[13232010.867442748,1669792.3618991035],[13339537.238569321,1669792.3618991035],[13447063.60969589,1669792.3618991035],[13554589.980822464,1669792.3618991035],[13662116.351949034,1669792.3618991035],[13769642.723075606,1669792.3618991035],[13877169.094202176,1669792.3618991035],[13984695.465328746,1669792.3618991035],[14092221.83645532,1669792.3618991035],[14199748.207581889,1669792.3618991035],[14307274.578708462,1669792.3618991035],[14414800.949835032,1669792.3618991035],[14522327.320961604,1669792.3618991035],[14629853.692088176,1669792.3618991035],[14737380.063214747,1669792.3618991035],[14844906.434341317,1669792.3618991035],[14952432.805467885,1669792.3618991035],[15059959.176594457,1669792.3618991035],[15167485.547721028,1669792.3618991035],[15275011.9188476,1669792.3618991035],[15382538.28997417,1669792.3618991035],[15490064.661100743,1669792.3618991035],[15597591.032227313,1669792.3618991035],[15705117.403353887,1669792.3618991035],[15812643.774480456,1669792.3618991035],[15920170.145607026,1669792.3618991035],[16027696.516733598,1669792.3618991035],[16135222.887860168,1669792.3618991035],[16242749.258986741,1669792.3618991035],[16350275.630113311,1669792.3618991035],[16457802.001239885,1669792.3618991035],[16565328.372366454,1669792.3618991035],[16672854.743493024,1669792.3618991035],[16780381.114619594,1669792.3618991035],[16887907.485746164,1669792.3618991035],[16995433.856872737,1669792.3618991035],[17102960.227999307,1669792.3618991035],[17210486.59912588,1669792.3618991035],[17318012.97025245,1669792.3618991035],[17425539.341379024,1669792.3618991035],[17533065.712505594,1669792.3618991035],[17640592.083632164,1669792.3618991035],[17748118.454758734,1669792.3618991035],[17855644.825885303,1669792.3618991035],[17963171.197011877,1669792.3618991035],[18070697.568138447,1669792.3618991035],[18178223.93926502,1669792.3618991035],[18285750.31039159,1669792.3618991035],[18393276.681518164,1669792.3618991035],[18500803.052644733,1669792.3618991035],[18608329.423771307,1669792.3618991035],[18715855.794897877,1669792.3618991035],[18823382.166024446,1669792.3618991035],[18930908.53715102,1669792.3618991035],[19038434.90827759,1669792.3618991035],[19145961.27940416,1669792.3618991035],[19253487.65053073,1669792.3618991035],[19361014.021657303,1669792.3618991035],[19468540.392783873,1669792.3618991035]]]},"properties":{"type":"parallel","value":15}},
{"type":"Feature","geometry":{"type":"MultiLineString","coordinates":[[[-18844389.636393186,3339584.723798207],[-18747984.129429862,3339584.723798207],[-18651578.622466538,3339584.723798207],[-18555173.115503218,3339584.723798207],[-18458767.60853989,3339584.723798207],[-18362362.10157657,3339584.723798207],[-18265956.59461325,3339584.723798207],[-18169551.087649927,3339584.723798207],[-18073145.580686603,3339584.723798207],[-17976740.07372328,3339584.723798207],[-17880334.56675996,3339584.723798207],[-17783929.05979663,3339584.723798207],[-17687523.55283331,3339584.723798207],[-17591118.045869987,3339584.723798207],[-17494712.538906667,3339584.723798207],[-17398307.031943344,3339584.723798207],[-17301901.52498002,3339584.723798207],[-17205496.018016696,3339584.723798207],[-17109090.511053372,3339584.723798207],[-17012685.004090052,3339584.723798207],[-16916279.49712673,3339584.723798207],[-16819873.99016341,3339584.723798207],[-16723468.483200083,3339584.723798207],[-16627062.97623676,3339584.723798207],[-16530657.469273435,3339584.723798207],[-16434251.962310113,3339584.723798207],[-16337846.455346793,3339584.723798207],[-16241440.94838347,3339584.723798207],[-16145035.441420145,3339584.723798207],[-16048629.934456823,3339584.723798207],[-15952224.4274935,3339584.723798207],[-15855818.920530176,3339584.723798207],[-15759413.413566854,3339584.723798207],[-15663007.90660353,3339584.723798207],[-15566602.399640206,3339584.723798207],[-15470196.892676886,3339584.723798207],[-15373791.38571356,3339584.723798207],[-15277385.87875024,3339584.723798207],[-15180980.371786917,3339584.723798207],[-15084574.864823595,3339584.723798207],[-14988169.35786027,3339584.723798207],[-14891763.850896947,3339584.723798207],[-14795358.343933623,3339584.723798207],[-14698952.836970301,3339584.723798207],[-14602547.330006981,3339584.723798207],[-14506141.823043657,3339584.723798207],[-14409736.316080336,3339584.723798207],[-14313330.80911701,3339584.723798207],[-14216925.302153688,3339584.723798207],[-14120519.795190364,3339584.723798207],[-14024114.288227042,3339584.723798207],[-13927708.781263718,3339584.723798207],[-13831303.274300398,3339584.723798207],[-13734897.767337075,3339584.723798207],[-13638492.26037375,3339584.723798207],[-13542086.753410429,3339584.723798207],[-13445681.246447105,3339584.723798207],[-13349275.739483783,3339584.723798207],[-13252870.23252046,3339584.723798207],[-13156464.72555714,3339584.723798207],[-13060059.218593812,3339584.723798207],[-12963653.711630492,3339584.723798207],[-12867248.20466717,3339584.723798207],[-12770842.697703846,3339584.723798207],[-12674437.190740524,3339584.723798207],[-12578031.6837772,3339584.723798207],[-12481626.176813876,3339584.723798207],[-12385220.669850554,3339584.723798207],[-12288815.162887232,3339584.723798207],[-12192409.655923909,3339584.723798207],[-12096004.148960585,3339584.723798207],[-11999598.641997263,3339584.723798207],[-11903193.13503394,3339584.723798207],[-11806787.628070617,3339584.723798207],[-11710382.121107293,3339584.723798207],[-11613976.614143973,3339584.723798207],[-11517571.10718065,3339584.723798207],[-11421165.600217326,3339584.723798207],[-11324760.093254004,3339584.723798207],[-11228354.58629068,3339584.723798207],[-11131949.079327356,3339584.723798207],[-11035543.572364034,3339584.723798207],[-10939138.06540071,3339584.723798207],[-10842732.558437388,3339584.723798207],[-10746327.051474066,3339584.723798207],[-10649921.544510743,3339584.723798207],[-10553516.03754742,3339584.723798207],[-10457110.530584097,3339584.723798207],[-10360705.023620773,3339584.723798207],[-10264299.516657451,3339584.723798207],[-10167894.00969413,3339584.723798207],[-10071488.502730805,3339584.723798207],[-9975082.995767482,3339584.723798207],[-9878677.48880416,3339584.723798207],[-9782271.981840838,3339584.723798207],[-9685866.474877514,3339584.723798207],[-9589460.967914192,3339584.723798207],[-9493055.460950868,3339584.723798207],[-9396649.953987546,3339584.723798207],[-9300244.447024222,3339584.723798207],[-9203838.940060899,3339584.723798207],[-9107433.433097577,3339584.723798207],[-9011027.926134255,3339584.723798207],[-8914622.419170931,3339584.723798207],[-8818216.912207609,3339584.723798207],[-8721811.405244287,3339584.723798207],[-8625405.898280963,3339584.723798207],[-8529000.39131764,3339584.723798207],[-8432594.884354318,3339584.723798207],[-8336189.377390995,3339584.723798207],[-8239783.870427671,3339584.723798207],[-8143378.363464348,3339584.723798207],[-8046972.856501026,3339584.723798207],[-7950567.349537703,3339584.723798207],[-7854161.84257438,3339584.723798207],[-7757756.335611057,3339584.723798207],[-7661350.828647735,3339584.723798207],[-7564945.321684412,3339584.723798207],[-7468539.814721088,3339584.723798207],[-7372134.307757765,3339584.723798207],[-7275728.800794443,3339584.723798207],[-7179323.293831121,3339584.723798207],[-7082917.786867797,3339584.723798207],[-6986512.279904475,3339584.723798207],[-6890106.772941153,3339584.723798207],[-6793701.265977829,3339584.723798207],[-6697295.759014506,3339584.723798207],[-6600890.252051184,3339584.723798207],[-6504484.745087859,3339584.723798207],[-6408079.238124538,3339584.723798207],[-6311673.731161214,3339584.723798207],[-6215268.224197892,3339584.723798207],[-6118862.71723457,3339584.723798207],[-6022457.210271246,3339584.723798207],[-5926051.703307923,3339584.723798207],[-5829646.1963446,3339584.723798207],[-5733240.689381277,3339584.723798207],[-5636835.182417954,3339584.723798207],[-5540429.675454631,3339584.723798207],[-5444024.1684913095,3339584.723798207],[-5347618.662492041,3339584.723798207]],[[-3408800.762670338,3339584.723798207],[-3312395.2566710697,3339584.723798207],[-3215989.7497077473,3339584.723798207],[-3119584.2427444244,3339584.723798207],[-3023178.7357811006,3339584.723798207],[-2926773.2288177786,3339584.723798207],[-2830367.7218544553,3339584.723798207],[-2733962.214891133,3339584.723798207],[-2637556.7079278096,3339584.723798207],[-2541151.200964486,3339584.723798207],[-2444745.694001164,3339584.723798207],[-2348340.1870378405,3339584.723798207],[-2251934.680074519,3339584.723798207],[-2155529.1731111957,3339584.723798207],[-2059123.666147873,3339584.723798207],[-1962718.1591845497,3339584.723798207],[-1866312.6522212273,3339584.723798207],[-1769907.145257904,3339584.723798207],[-1673501.6382945809,3339584.723798207],[-1577096.1313312582,3339584.723798207],[-1480690.624367935,3339584.723798207],[-1384285.1174046125,3339584.723798207],[-1287879.6104412898,3339584.723798207],[-1191474.1034779674,3339584.723798207],[-1095068.596514644,3339584.723798207],[-998663.0895513216,3339584.723798207],[-902257.5825879984,3339584.723798207],[-805852.0756246751,3339584.723798207],[-709446.5686613525,3339584.723798207],[-613041.0616980293,3339584.723798207],[-516635.55473470676,3339584.723798207],[-420230.04777138424,3339584.723798207],[-323824.54080806096,3339584.723798207],[-227419.03384473844,3339584.723798207],[-131013.5268814159,3339584.723798207],[-34608.01991809266,3339584.723798207],[61797.48704522988,3339584.723798207],[158202.99400855313,3339584.723798207],[254608.50097187568,3339584.723798207],[351014.00793519855,3339584.723798207],[447419.5148985215,3339584.723798207],[543825.0218618447,3339584.723798207],[640230.5288251672,3339584.723798207],[736636.0357884901,3339584.723798207],[833041.5427518131,3339584.723798207],[929447.049715136,3339584.723798207],[1025852.5566784588,3339584.723798207],[1122258.0636417815,3339584.723798207],[1218663.5706051043,3339584.723798207],[1315069.0775684272,3339584.723798207],[1411474.58453175,3339584.723798207],[1507880.091495073,3339584.723798207],[1604285.5984583958,3339584.723798207],[1700691.1054217184,3339584.723798207],[1797096.6123850413,3339584.723798207],[1893502.1193483642,3339584.723798207],[1989907.626311687,3339584.723798207],[2086313.1332750102,3339584.723798207],[2182718.640238333,3339584.723798207],[2279124.147201656,3339584.723798207],[2375529.654164979,3339584.723798207],[2471935.1611283016,3339584.723798207],[2568340.668091624,3339584.723798207],[2664746.1750549474,3339584.723798207],[2761151.6820182703,3339584.723798207],[2857557.1889815927,3339584.723798207],[2953962.695944916,3339584.723798207],[3050368.2029082384,3339584.723798207],[3146773.7098715613,3339584.723798207],[3243179.216834884,3339584.723798207],[3339584.723798207,3339584.723798207],[3435990.23076153,3339584.723798207],[3532395.7377248527,3339584.723798207],[3628801.2446881756,3339584.723798207],[3725206.751651499,3339584.723798207],[3821612.258614821,3339584.723798207],[3918017.765578144,3339584.723798207],[4014423.2725414666,3339584.723798207],[4110828.77950479,3339584.723798207],[4207234.286468113,3339584.723798207],[4303639.793431436,3339584.723798207],[4400045.300394759,3339584.723798207],[4496450.807358081,3339584.723798207],[4592856.314321404,3339584.723798207],[4689261.821284726,3339584.723798207],[4785667.32824805,3339584.723798207],[4882072.835211372,3339584.723798207],[4978478.342174696,3339584.723798207],[5074883.849138019,3339584.723798207],[5171289.356101342,3339584.723798207],[5267694.863064664,3339584.723798207],[5364100.370027987,3339584.723798207],[5460505.87699131,3339584.723798207],[5556911.383954632,3339584.723798207],[5653316.890917956,3339584.723798207],[5749722.397881278,3339584.723798207],[5846127.904844602,3339584.723798207],[5942533.4118079245,3339584.723798207],[6038938.918771247,3339584.723798207],[6135344.42573457,3339584.723798207],[6231749.932697892,3339584.723798207],[6328155.439661215,3339584.723798207],[6424560.946624539,3339584.723798207],[6520966.453587861,3339584.723798207],[6617371.960551184,3339584.723798207],[6713777.4675145075,3339584.723798207],[6810182.97447783,3339584.723798207],[6906588.481441153,3339584.723798207],[7002993.988404477,3339584.723798207],[7099399.495367798,3339584.723798207],[7195805.00233112,3339584.723798207],[7292210.509294443,3339584.723798207],[7388616.016257767,3339584.723798207],[7485021.5232210895,3339584.723798207],[7581427.030184412,3339584.723798207],[7677832.537147736,3339584.723798207],[7774238.044111058,3339584.723798207],[7870643.551074381,3339584.723798207],[7967049.058037704,3339584.723798207],[8063454.565001026,3339584.723798207],[8159860.07196435,3339584.723798207],[8256265.5789276725,3339584.723798207],[8352671.085890995,3339584.723798207],[8449076.59285432,3339584.723798207],[8545482.099817641,3339584.723798207],[8641887.606780965,3339584.723798207],[8738293.113744289,3339584.723798207],[8834698.620707609,3339584.723798207],[8931104.127670933,3339584.723798207],[9027509.634634255,3339584.723798207],[9123915.141597578,3339584.723798207],[9220320.6485609,3339584.723798207],[9316726.155524224,3339584.723798207],[9413131.662487548,3339584.723798207],[9509537.169450872,3339584.723798207],[9605942.676414192,3339584.723798207],[9702348.183377516,3339584.723798207],[9798753.690340837,3339584.723798207],[9895159.197304161,3339584.723798207],[9991564.704267485,3339584.723798207],[10087970.211230807,3339584.723798207],[10184375.71819413,3339584.723798207],[10280781.22515745,3339584.723798207],[10377186.732120775,3339584.723798207],[10473592.239084097,3339584.723798207],[10569997.746047424,3339584.723798207],[10666403.253010744,3339584.723798207],[10762808.759974066,3339584.723798207],[10859214.26693739,3339584.723798207],[10955619.77390071,3339584.723798207],[11052025.280864034,3339584.723798207],[11148430.78782736,3339584.723798207],[11244836.294790683,3339584.723798207],[11341241.801754003,3339584.723798207],[11437647.308717327,3339584.723798207],[11534052.81568065,3339584.723798207],[11630458.322643973,3339584.723798207],[11726863.829607297,3339584.723798207],[11823269.33657062,3339584.723798207],[11919674.843533942,3339584.723798207],[12016080.350497263,3339584.723798207],[12112485.857460586,3339584.723798207],[12208891.364423908,3339584.723798207],[12305296.871387234,3339584.723798207],[12401702.378350556,3339584.723798207],[12498107.88531388,3339584.723798207],[12594513.392277202,3339584.723798207],[12690918.899240525,3339584.723798207],[12787324.406203846,3339584.723798207],[12883729.91316717,3339584.723798207],[12980135.420130493,3339584.723798207],[13076540.927093815,3339584.723798207],[13172946.434057139,3339584.723798207],[13269351.94102046,3339584.723798207],[13365757.447983785,3339584.723798207],[13462162.954947108,3339584.723798207],[13558568.461910432,3339584.723798207],[13654973.968873752,3339584.723798207],[13751379.475837074,3339584.723798207],[13847784.982800398,3339584.723798207],[13944190.48976372,3339584.723798207],[14040595.996727044,3339584.723798207],[14137001.503690368,3339584.723798207],[14233407.010653691,3339584.723798207],[14329812.517617011,3339584.723798207],[14426218.024580337,3339584.723798207],[14522623.531543657,3339584.723798207],[14619029.038506981,3339584.723798207],[14715434.545470305,3339584.723798207],[14811840.052433627,3339584.723798207],[14908245.55939695,3339584.723798207],[15004651.06636027,3339584.723798207],[15101056.573323596,3339584.723798207],[15197462.08028692,3339584.723798207],[15293867.587250244,3339584.723798207],[15390273.094213564,3339584.723798207],[15486678.601176886,3339584.723798207],[15583084.10814021,3339584.723798207],[15679489.615103532,3339584.723798207],[15775895.122066855,3339584.723798207],[15872300.62903018,3339584.723798207],[15968706.135993503,3339584.723798207],[16065111.642956823,3339584.723798207],[16161517.149920147,3339584.723798207],[16257922.656883469,3339584.723798207],[16354328.16384679,3339584.723798207],[16450733.670810115,3339584.723798207],[16547139.177773438,3339584.723798207],[16643544.684736762,3339584.723798207],[16739950.191700082,3339584.723798207],[16836355.698663406,3339584.723798207],[16932761.205626726,3339584.723798207],[17029166.712590054,3339584.723798207],[17125572.219553377,3339584.723798207],[17221977.726516698,3339584.723798207],[17318383.23348002,3339584.723798207],[17414788.74044334,3339584.723798207],[17511194.247406665,3339584.723798207],[17607599.754369985,3339584.723798207],[17704005.261333313,3339584.723798207],[17800410.768296637,3339584.723798207]]]},"properties":{"type":"parallel","value":30}},
{"type":"Feature","geometry":{"type":"MultiLineString","coordinates":[[[-17593568.948320657,5003456.779905257],[-17512798.699958242,5003456.779905257],[-17432028.451595828,5003456.779905257],[-17351258.203233413,5003456.779905257],[-17270487.954870995,5003456.779905257],[-17189717.706508577,5003456.779905257],[-17108947.458146162,5003456.779905257],[-17028177.209783744,5003456.779905257],[-16947406.96142133,5003456.779905257],[-16866636.71305891,5003456.779905257],[-16785866.464696497,5003456.779905257],[-16705096.21633408,5003456.779905257],[-16624325.967971666,5003456.779905257],[-16543555.719609246,5003456.779905257],[-16462785.471246831,5003456.779905257],[-16382015.222884415,5003456.779905257],[-16301244.974521996,5003456.779905257],[-16220474.726159584,5003456.779905257],[-16139704.477797166,5003456.779905257],[-16058934.229434753,5003456.779905257],[-15978163.981072333,5003456.779905257],[-15897393.732709918,5003456.779905257],[-15816623.484347502,5003456.779905257],[-15735853.235985084,5003456.779905257],[-15655082.987622667,5003456.779905257],[-15574312.739260253,5003456.779905257],[-15493542.490897836,5003456.779905257],[-15412772.24253542,5003456.779905257],[-15332001.994173005,5003456.779905257],[-15251231.745810587,5003456.779905257],[-15170461.49744817,5003456.779905257],[-15089691.249085754,5003456.779905257],[-15008921.000723338,5003456.779905257],[-14928150.75236092,5003456.779905257],[-14847380.503998505,5003456.779905257],[-14766610.255636092,5003456.779905257],[-14685840.007273674,5003456.779905257],[-14605069.758911258,5003456.779905257],[-14524299.510548841,5003456.779905257],[-14443529.262186423,5003456.779905257],[-14362759.013824007,5003456.779905257],[-14281988.765461592,5003456.779905257],[-14201218.517099176,5003456.779905257],[-14120448.26873676,5003456.779905257],[-14039678.020374345,5003456.779905257],[-13958907.772011928,5003456.779905257],[-13878137.52364951,5003456.779905257],[-13797367.275287094,5003456.779905257],[-13716597.026924679,5003456.779905257],[-13635826.778562259,5003456.779905257],[-13555056.530199846,5003456.779905257],[-13474286.281837428,5003456.779905257],[-13393516.033475013,5003456.779905257],[-13312745.785112597,5003456.779905257],[-13231975.53675018,5003456.779905257],[-13151205.288387762,5003456.779905257],[-13070435.040025346,5003456.779905257],[-12989664.791662931,5003456.779905257],[-12908894.543300515,5003456.779905257],[-12828124.294938099,5003456.779905257],[-12747354.04657568,5003456.779905257],[-12666583.798213268,5003456.779905257],[-12585813.549850851,5003456.779905257],[-12505043.301488433,5003456.779905257],[-12424273.053126018,5003456.779905257],[-12343502.8047636,5003456.779905257],[-12262732.556401186,5003456.779905257],[-12181962.30803877,5003456.779905257],[-12101192.059676353,5003456.779905257],[-12020421.811313936,5003456.779905257],[-11939651.56295152,5003456.779905257],[-11858881.314589104,5003456.779905257],[-11778111.066226687,5003456.779905257],[-11697340.81786427,5003456.779905257],[-11616570.569501854,5003456.779905257],[-11535800.32113944,5003456.779905257],[-11455030.072777022,5003456.779905257],[-11374259.824414607,5003456.779905257],[-11293489.576052189,5003456.779905257],[-11212719.327689774,5003456.779905257],[-11131949.079327356,5003456.779905257],[-11051178.83096494,5003456.779905257],[-10970408.582602525,5003456.779905257],[-10889638.334240107,5003456.779905257],[-10808868.085877692,5003456.779905257],[-10728097.837515276,5003456.779905257],[-10647327.58915286,5003456.779905257],[-10566557.340790443,5003456.779905257],[-10485787.092428027,5003456.779905257],[-10405016.84406561,5003456.779905257],[-10324246.595703194,5003456.779905257],[-10243476.347340778,5003456.779905257],[-10162706.098978361,5003456.779905257],[-10081935.850615945,5003456.779905257],[-10001165.602253528,5003456.779905257],[-9920395.353891114,5003456.779905257],[-9839625.105528697,5003456.779905257],[-9758854.857166281,5003456.779905257],[-9678084.608803865,5003456.779905257],[-9597314.360441446,5003456.779905257],[-9516544.112079032,5003456.779905257],[-9435773.863716615,5003456.779905257],[-9355003.615354199,5003456.779905257],[-9274233.366991783,5003456.779905257],[-9193463.118629366,5003456.779905257],[-9112692.870266952,5003456.779905257],[-9031922.621904533,5003456.779905257],[-8951152.373542117,5003456.779905257],[-8870382.1251797,5003456.779905257],[-8789611.876817284,5003456.779905257],[-8708841.628454868,5003456.779905257],[-8628071.380092451,5003456.779905257],[-8547301.131730037,5003456.779905257],[-8466530.88336762,5003456.779905257],[-8385760.635005204,5003456.779905257],[-8304990.386642788,5003456.779905257],[-8224220.138280371,5003456.779905257],[-8143449.889917956,5003456.779905257],[-8062679.641555538,5003456.779905257],[-7981909.393193121,5003456.779905257],[-7901139.144830705,5003456.779905257],[-7820368.89646829,5003456.779905257],[-7739598.648105874,5003456.779905257],[-7658828.399743456,5003456.779905257],[-7578058.151381041,5003456.779905257],[-7497287.903018625,5003456.779905257],[-7416517.654656208,5003456.779905257],[-7335747.406293791,5003456.779905257],[-7254977.157931377,5003456.779905257],[-7174206.90956896,5003456.779905257],[-7093436.661206543,5003456.779905257],[-7012666.412844126,5003456.779905257],[-6931896.164481711,5003456.779905257],[-6851125.916119295,5003456.779905257],[-6770355.667756878,5003456.779905257],[-6689585.419394461,5003456.779905257],[-6608815.171032045,5003456.779905257],[-6528044.92266963,5003456.779905257],[-6447274.674307213,5003456.779905257],[-6366504.425944798,5003456.779905257],[-6285734.178390083,5003456.779905257]],[[-2314332.66076323,5003456.779905257],[-2233562.413208516,5003456.779905257],[-2152792.1648460994,5003456.779905257],[-2072021.9164836837,5003456.779905257],[-1991251.6681212662,5003456.779905257],[-1910481.4197588512,5003456.779905257],[-1829711.171396435,5003456.779905257],[-1748940.9230340186,5003456.779905257],[-1668170.6746716017,5003456.779905257],[-1587400.4263091853,5003456.779905257],[-1506630.1779467692,5003456.779905257],[-1425859.9295843528,5003456.779905257],[-1345089.681221938,5003456.779905257],[-1264319.4328595211,5003456.779905257],[-1183549.1844971047,5003456.779905257],[-1102778.9361346886,5003456.779905257],[-1022008.6877722722,5003456.779905257],[-941238.4394098559,5003456.779905257],[-860468.1910474396,5003456.779905257],[-779697.9426850226,5003456.779905257],[-698927.6943226063,5003456.779905257],[-618157.4459601901,5003456.779905257],[-537387.1975977739,5003456.779905257],[-456616.9492353582,5003456.779905257],[-375846.700872942,5003456.779905257],[-295076.4525105257,5003456.779905257],[-214306.20414810942,5003456.779905257],[-133535.95578569314,5003456.779905257],[-52765.707423276144,5003456.779905257],[28004.540939140134,5003456.779905257],[108774.7893015557,5003456.779905257],[189545.03766397198,5003456.779905257],[270315.28602638823,5003456.779905257],[351085.53438880487,5003456.779905257],[431855.78275122115,5003456.779905257],[512626.03111363744,5003456.779905257],[593396.2794760538,5003456.779905257],[674166.5278384703,5003456.779905257],[754936.7762008859,5003456.779905257],[835707.0245633025,5003456.779905257],[916477.2729257188,5003456.779905257],[997247.5212881351,5003456.779905257],[1078017.769650551,5003456.779905257],[1158788.0180129677,5003456.779905257],[1239558.2663753836,5003456.779905257],[1320328.5147378002,5003456.779905257],[1401098.7631002164,5003456.779905257],[1481869.0114626328,5003456.779905257],[1562639.2598250487,5003456.779905257],[1643409.5081874654,5003456.779905257],[1724179.7565498815,5003456.779905257],[1804950.0049122975,5003456.779905257],[1885720.2532747139,5003456.779905257],[1966490.50163713,5003456.779905257],[2047260.7499995467,5003456.779905257],[2128030.998361963,5003456.779905257],[2208801.246724379,5003456.779905257],[2289571.4950867957,5003456.779905257],[2370341.7434492116,5003456.779905257],[2451111.991811628,5003456.779905257],[2531882.240174044,5003456.779905257],[2612652.488536461,5003456.779905257],[2693422.7368988767,5003456.779905257],[2774192.985261293,5003456.779905257],[2854963.2336237095,5003456.779905257],[2935733.4819861255,5003456.779905257],[3016503.730348542,5003456.779905257],[3097273.978710958,5003456.779905257],[3178044.2270733747,5003456.779905257],[3258814.475435791,5003456.779905257],[3339584.723798207,5003456.779905257],[3420354.972160623,5003456.779905257],[3501125.2205230393,5003456.779905257],[3581895.4688854557,5003456.779905257],[3662665.7172478726,5003456.779905257],[3743435.965610288,5003456.779905257],[3824206.2139727045,5003456.779905257],[3904976.462335121,5003456.779905257],[3985746.7106975378,5003456.779905257],[4066516.959059953,5003456.779905257],[4147287.2074223696,5003456.779905257],[4228057.455784786,5003456.779905257],[4308827.704147203,5003456.779905257],[4389597.952509618,5003456.779905257],[4470368.200872035,5003456.779905257],[4551138.449234451,5003456.779905257],[4631908.697596868,5003456.779905257],[4712678.945959284,5003456.779905257],[4793449.1943217,5003456.779905257],[4874219.442684116,5003456.779905257],[4954989.691046533,5003456.779905257],[5035759.939408949,5003456.779905257],[5116530.187771366,5003456.779905257],[5197300.436133781,5003456.779905257],[5278070.684496198,5003456.779905257],[5358840.932858613,5003456.779905257],[5439611.181221031,5003456.779905257],[5520381.429583446,5003456.779905257],[5601151.677945863,5003456.779905257],[5681921.92630828,5003456.779905257],[5762692.174670694,5003456.779905257],[5843462.423033112,5003456.779905257],[5924232.671395528,5003456.779905257],[6005002.919757944,5003456.779905257],[6085773.16812036,5003456.779905257],[6166543.416482776,5003456.779905257],[6247313.664845194,5003456.779905257],[6328083.913207609,5003456.779905257],[6408854.161570027,5003456.779905257],[6489624.409932442,5003456.779905257],[6570394.6582948575,5003456.779905257],[6651164.906657274,5003456.779905257],[6731935.155019691,5003456.779905257],[6812705.403382107,5003456.779905257],[6893475.651744522,5003456.779905257],[6974245.9001069395,5003456.779905257],[7055016.148469356,5003456.779905257],[7135786.396831773,5003456.779905257],[7216556.645194188,5003456.779905257],[7297326.893556604,5003456.779905257],[7378097.1419190215,5003456.779905257],[7458867.390281437,5003456.779905257],[7539637.638643852,5003456.779905257],[7620407.88700627,5003456.779905257],[7701178.135368686,5003456.779905257],[7781948.3837311035,5003456.779905257],[7862718.632093519,5003456.779905257],[7943488.880455934,5003456.779905257],[8024259.128818352,5003456.779905257],[8105029.377180765,5003456.779905257],[8185799.625543185,5003456.779905257],[8266569.8739056,5003456.779905257],[8347340.122268016,5003456.779905257],[8428110.370630432,5003456.779905257],[8508880.61899285,5003456.779905257],[8589650.867355265,5003456.779905257],[8670421.115717681,5003456.779905257],[8751191.364080098,5003456.779905257],[8831961.612442512,5003456.779905257],[8912731.86080493,5003456.779905257],[8993502.109167345,5003456.779905257],[9074272.357529763,5003456.779905257],[9155042.605892178,5003456.779905257],[9235812.854254596,5003456.779905257],[9316583.10261701,5003456.779905257],[9397353.350979429,5003456.779905257],[9478123.599341843,5003456.779905257],[9558893.84770426,5003456.779905257],[9639664.096066678,5003456.779905257],[9720434.34442909,5003456.779905257],[9801204.59279151,5003456.779905257],[9881974.841153925,5003456.779905257],[9962745.089516342,5003456.779905257],[10043515.33787876,5003456.779905257],[10124285.586241176,5003456.779905257],[10205055.83460359,5003456.779905257],[10285826.082966007,5003456.779905257],[10366596.331328424,5003456.779905257],[10447366.579690842,5003456.779905257],[10528136.828053255,5003456.779905257],[10608907.076415673,5003456.779905257],[10689677.32477809,5003456.779905257],[10770447.573140504,5003456.779905257],[10851217.82150292,5003456.779905257],[10931988.069865339,5003456.779905257],[11012758.318227755,5003456.779905257],[11093528.56659017,5003456.779905257],[11174298.814952588,5003456.779905257],[11255069.063315002,5003456.779905257],[11335839.311677417,5003456.779905257],[11416609.560039833,5003456.779905257],[11497379.808402251,5003456.779905257],[11578150.056764668,5003456.779905257],[11658920.305127082,5003456.779905257],[11739690.553489503,5003456.779905257],[11820460.801851915,5003456.779905257],[11901231.050214333,5003456.779905257],[11982001.29857675,5003456.779905257],[12062771.546939164,5003456.779905257],[12143541.79530158,5003456.779905257],[12224312.043663997,5003456.779905257],[12305082.292026415,5003456.779905257],[12385852.54038883,5003456.779905257],[12466622.788751248,5003456.779905257],[12547393.037113663,5003456.779905257],[12628163.285476081,5003456.779905257],[12708933.533838497,5003456.779905257],[12789703.782200912,5003456.779905257],[12870474.030563328,5003456.779905257],[12951244.278925743,5003456.779905257],[13032014.527288163,5003456.779905257],[13112784.775650576,5003456.779905257],[13193555.024012994,5003456.779905257],[13274325.27237541,5003456.779905257],[13355095.520737827,5003456.779905257],[13435865.769100241,5003456.779905257],[13516636.017462658,5003456.779905257],[13597406.265825076,5003456.779905257],[13678176.51418749,5003456.779905257],[13758946.762549909,5003456.779905257],[13839717.010912323,5003456.779905257],[13920487.25927474,5003456.779905257],[14001257.507637154,5003456.779905257],[14082027.755999574,5003456.779905257],[14162798.004361989,5003456.779905257],[14243568.252724405,5003456.779905257],[14324338.50108682,5003456.779905257],[14405108.749449236,5003456.779905257],[14485878.997811655,5003456.779905257],[14566649.246174071,5003456.779905257],[14647419.494536486,5003456.779905257],[14728189.742898902,5003456.779905257],[14808959.991261318,5003456.779905257],[14889730.239623737,5003456.779905257],[14970500.48798615,5003456.779905257],[15051270.736348568,5003456.779905257],[15132040.984710982,5003456.779905257],[15212811.2330734,5003456.779905257],[15293581.481435815,5003456.779905257],[15374351.729798231,5003456.779905257],[15455121.978160646,5003456.779905257]]]},"properties":{"type":"parallel","value":45}},
{"type":"Feature","geometry":{"type":"MultiLineString","coordinates":[[[-16320460.523450335,6539970.861689825],[-16255604.130398799,6539970.861689825],[-16190747.737347262,6539970.861689825],[-16125891.344295723,6539970.861689825],[-16061034.951244187,6539970.861689825],[-15996178.55819265,6539970.861689825],[-15931322.165141111,6539970.861689825],[-15866465.772089574,6539970.861689825],[-15801609.379038038,6539970.861689825],[-15736752.9859865,6539970.861689825],[-15671896.592934966,6539970.861689825],[-15607040.199883426,6539970.861689825],[-15542183.80683189,6539970.861689825],[-15477327.41378035,6539970.861689825],[-15412471.020728815,6539970.861689825],[-15347614.627677277,6539970.861689825],[-15282758.234625742,6539970.861689825],[-15217901.841574203,6539970.861689825],[-15153045.448522666,6539970.861689825],[-15088189.05547113,6539970.861689825],[-15023332.662419591,6539970.861689825],[-14958476.269368054,6539970.861689825],[-14893619.876316518,6539970.861689825],[-14828763.483264979,6539970.861689825],[-14763907.090213442,6539970.861689825],[-14699050.697161905,6539970.861689825],[-14634194.304110367,6539970.861689825],[-14569337.91105883,6539970.861689825],[-14504481.518007293,6539970.861689825],[-14439625.124955755,6539970.861689825],[-14374768.731904218,6539970.861689825],[-14309912.338852681,6539970.861689825],[-14245055.945801143,6539970.861689825],[-14180199.552749606,6539970.861689825],[-14115343.15969807,6539970.861689825],[-14050486.766646534,6539970.861689825],[-13985630.373594994,6539970.861689825],[-13920773.980543459,6539970.861689825],[-13855917.587491918,6539970.861689825],[-13791061.194440385,6539970.861689825],[-13726204.801388845,6539970.861689825],[-13661348.40833731,6539970.861689825],[-13596492.015285773,6539970.861689825],[-13531635.622234235,6539970.861689825],[-13466779.229182698,6539970.861689825],[-13401922.836131161,6539970.861689825],[-13337066.443079622,6539970.861689825],[-13272210.050028086,6539970.861689825],[-13207353.656976549,6539970.861689825],[-13142497.26392501,6539970.861689825],[-13077640.870873474,6539970.861689825],[-13012784.477821937,6539970.861689825],[-12947928.084770398,6539970.861689825],[-12883071.691718861,6539970.861689825],[-12818215.298667325,6539970.861689825],[-12753358.905615788,6539970.861689825],[-12688502.51256425,6539970.861689825],[-12623646.119512714,6539970.861689825],[-12558789.726461176,6539970.861689825],[-12493933.33340964,6539970.861689825],[-12429076.940358102,6539970.861689825],[-12364220.547306564,6539970.861689825],[-12299364.154255029,6539970.861689825],[-12234507.76120349,6539970.861689825],[-12169651.368151953,6539970.861689825],[-12104794.975100415,6539970.861689825],[-12039938.582048878,6539970.861689825],[-11975082.188997341,6539970.861689825],[-11910225.795945805,6539970.861689825],[-11845369.402894266,6539970.861689825],[-11780513.00984273,6539970.861689825],[-11715656.616791192,6539970.861689825],[-11650800.223739654,6539970.861689825],[-11585943.830688117,6539970.861689825],[-11521087.43763658,6539970.861689825],[-11456231.044585044,6539970.861689825],[-11391374.651533507,6539970.861689825],[-11326518.258481968,6539970.861689825],[-11261661.865430431,6539970.861689825],[-11196805.472378895,6539970.861689825],[-11131949.079327356,6539970.861689825],[-11067092.68627582,6539970.861689825],[-11002236.293224283,6539970.861689825],[-10937379.900172746,6539970.861689825],[-10872523.507121209,6539970.861689825],[-10807667.114069672,6539970.861689825],[-10742810.721018134,6539970.861689825],[-10677954.327966597,6539970.861689825],[-10613097.93491506,6539970.861689825],[-10548241.541863522,6539970.861689825],[-10483385.148811985,6539970.861689825],[-10418528.755760448,6539970.861689825],[-10353672.36270891,6539970.861689825],[-10288815.969657373,6539970.861689825],[-10223959.576605836,6539970.861689825],[-10159103.1835543,6539970.861689825],[-10094246.790502762,6539970.861689825],[-10029390.397451224,6539970.861689825],[-9964534.004399687,6539970.861689825],[-9899677.61134815,6539970.861689825],[-9834821.218296612,6539970.861689825],[-9769964.825245075,6539970.861689825],[-9705108.432193538,6539970.861689825],[-9640252.039142,6539970.861689825],[-9575395.646090465,6539970.861689825],[-9510539.253038928,6539970.861689825],[-9445682.85998739,6539970.861689825],[-9380826.466935853,6539970.861689825],[-9315970.073884316,6539970.861689825],[-9251113.680832777,6539970.861689825],[-9186257.28778124,6539970.861689825],[-9121400.894729704,6539970.861689825],[-9056544.501678165,6539970.861689825],[-8991688.108626628,6539970.861689825],[-8926831.715575092,6539970.861689825],[-8861975.322523553,6539970.861689825],[-8797118.929472016,6539970.861689825],[-8732262.53642048,6539970.861689825],[-8667406.14336894,6539970.861689825],[-8602549.750317404,6539970.861689825],[-8537693.357265867,6539970.861689825],[-8472836.96421433,6539970.861689825],[-8407980.571162794,6539970.861689825],[-8343124.178111256,6539970.861689825],[-8278267.785059718,6539970.861689825],[-8213411.392008182,6539970.861689825],[-8148554.998956644,6539970.861689825],[-8083698.605905106,6539970.861689825],[-8018842.2128535705,6539970.861689825],[-7953985.819802033,6539970.861689825],[-7889129.426750496,6539970.861689825],[-7824273.033698958,6539970.861689825],[-7759416.640647421,6539970.861689825],[-7694560.247595884,6539970.861689825],[-7629703.854544346,6539970.861689825],[-7564847.461492809,6539970.861689825],[-7499991.068441272,6539970.861689825],[-7435134.675389734,6539970.861689825],[-7370278.282338197,6539970.861689825],[-7305421.88928666,6539970.861689825],[-7240565.496883687,6539970.861689825]],[[-1200362.789160835,6539970.861689825],[-1135506.3967578614,6539970.861689825],[-1070650.0037063241,6539970.861689825],[-1005793.6106547882,6539970.861689825],[-940937.21760325,6539970.861689825],[-876080.8245517134,6539970.861689825],[-811224.4315001761,6539970.861689825],[-746368.0384486387,6539970.861689825],[-681511.6453971013,6539970.861689825],[-616655.252345564,6539970.861689825],[-551798.8592940266,6539970.861689825],[-486942.4662424899,6539970.861689825],[-422086.0731909533,6539970.861689825],[-357229.6801394152,6539970.861689825],[-292373.28708787856,6539970.861689825],[-227516.8940363412,6539970.861689825],[-162660.50098480383,6539970.861689825],[-97804.10793326645,6539970.861689825],[-32947.714881729094,6539970.861689825],[31908.67816980827,6539970.861689825],[96765.07122134564,6539970.861689825],[161621.46427288264,6539970.861689825],[226477.85732441966,6539970.861689825],[291334.25037595665,6539970.861689825],[356190.64342749404,6539970.861689825],[421047.0364790314,6539970.861689825],[485903.4295305684,6539970.861689825],[550759.8225821058,6539970.861689825],[615616.2156336431,6539970.861689825],[680472.6086851805,6539970.861689825],[745329.0017367175,6539970.861689825],[810185.3947882545,6539970.861689825],[875041.7878397919,6539970.861689825],[939898.1808913293,6539970.861689825],[1004754.5739428666,6539970.861689825],[1069610.966994404,6539970.861689825],[1134467.3600459413,6539970.861689825],[1199323.7530974783,6539970.861689825],[1264180.1461490153,6539970.861689825],[1329036.5392005527,6539970.861689825],[1393892.9322520902,6539970.861689825],[1458749.3253036272,6539970.861689825],[1523605.7183551644,6539970.861689825],[1588462.1114067014,6539970.861689825],[1653318.5044582388,6539970.861689825],[1718174.8975097763,6539970.861689825],[1783031.2905613135,6539970.861689825],[1847887.6836128505,6539970.861689825],[1912744.0766643877,6539970.861689825],[1977600.469715925,6539970.861689825],[2042456.8627674624,6539970.861689825],[2107313.2558189994,6539970.861689825],[2172169.6488705366,6539970.861689825],[2237026.0419220743,6539970.861689825],[2301882.434973611,6539970.861689825],[2366738.8280251483,6539970.861689825],[2431595.221076686,6539970.861689825],[2496451.614128223,6539970.861689825],[2561308.0071797604,6539970.861689825],[2626164.4002312976,6539970.861689825],[2691020.7932828343,6539970.861689825],[2755877.186334372,6539970.861689825],[2820733.579385909,6539970.861689825],[2885589.9724374465,6539970.861689825],[2950446.3654889837,6539970.861689825],[3015302.758540521,6539970.861689825],[3080159.151592058,6539970.861689825],[3145015.5446435953,6539970.861689825],[3209871.9376951326,6539970.861689825],[3274728.3307466703,6539970.861689825],[3339584.723798207,6539970.861689825],[3404441.116849744,6539970.861689825],[3469297.5099012814,6539970.861689825],[3534153.902952819,6539970.861689825],[3599010.2960043564,6539970.861689825],[3663866.689055893,6539970.861689825],[3728723.0821074303,6539970.861689825],[3793579.4751589675,6539970.861689825],[3858435.868210505,6539970.861689825],[3923292.2612620415,6539970.861689825],[3988148.654313579,6539970.861689825],[4053005.0473651164,6539970.861689825],[4117861.4404166536,6539970.861689825],[4182717.8334681913,6539970.861689825],[4247574.226519728,6539970.861689825],[4312430.619571265,6539970.861689825],[4377287.0126228025,6539970.861689825],[4442143.40567434,6539970.861689825],[4506999.798725877,6539970.861689825],[4571856.191777415,6539970.861689825],[4636712.584828952,6539970.861689825],[4701568.977880489,6539970.861689825],[4766425.370932027,6539970.861689825],[4831281.7639835635,6539970.861689825],[4896138.157035101,6539970.861689825],[4960994.550086637,6539970.861689825],[5025850.943138175,6539970.861689825],[5090707.336189712,6539970.861689825],[5155563.729241249,6539970.861689825],[5220420.122292787,6539970.861689825],[5285276.515344324,6539970.861689825],[5350132.908395861,6539970.861689825],[5414989.301447398,6539970.861689825],[5479845.694498936,6539970.861689825],[5544702.087550473,6539970.861689825],[5609558.48060201,6539970.861689825],[5674414.873653547,6539970.861689825],[5739271.266705085,6539970.861689825],[5804127.659756621,6539970.861689825],[5868984.052808159,6539970.861689825],[5933840.445859697,6539970.861689825],[5998696.8389112335,6539970.861689825],[6063553.231962771,6539970.861689825],[6128409.625014309,6539970.861689825],[6193266.018065846,6539970.861689825],[6258122.411117383,6539970.861689825],[6322978.80416892,6539970.861689825],[6387835.197220457,6539970.861689825],[6452691.590271994,6539970.861689825],[6517547.983323531,6539970.861689825],[6582404.376375069,6539970.861689825],[6647260.769426606,6539970.861689825],[6712117.162478143,6539970.861689825],[6776973.555529681,6539970.861689825],[6841829.948581218,6539970.861689825],[6906686.3416327555,6539970.861689825],[6971542.734684293,6539970.861689825],[7036399.127735829,6539970.861689825],[7101255.520787368,6539970.861689825],[7166111.913838903,6539970.861689825],[7230968.306890442,6539970.861689825],[7295824.699941977,6539970.861689825],[7360681.092993517,6539970.861689825],[7425537.486045051,6539970.861689825],[7490393.87909659,6539970.861689825],[7555250.272148127,6539970.861689825],[7620106.665199665,6539970.861689825],[7684963.058251201,6539970.861689825],[7749819.451302739,6539970.861689825],[7814675.844354276,6539970.861689825],[7879532.237405813,6539970.861689825],[7944388.630457351,6539970.861689825],[8009245.023508888,6539970.861689825],[8074101.416560425,6539970.861689825],[8138957.809611962,6539970.861689825],[8203814.2026635,6539970.861689825],[8268670.595715038,6539970.861689825],[8333526.988766574,6539970.861689825],[8398383.381818112,6539970.861689825],[8463239.774869649,6539970.861689825],[8528096.167921187,6539970.861689825],[8592952.560972722,6539970.861689825],[8657808.95402426,6539970.861689825],[8722665.347075798,6539970.861689825],[8787521.740127336,6539970.861689825],[8852378.133178873,6539970.861689825],[8917234.526230412,6539970.861689825],[8982090.919281946,6539970.861689825],[9046947.312333485,6539970.861689825],[9111803.705385022,6539970.861689825],[9176660.098436557,6539970.861689825],[9241516.491488097,6539970.861689825],[9306372.884539632,6539970.861689825],[9371229.277591169,6539970.861689825],[9436085.670642707,6539970.861689825],[9500942.063694244,6539970.861689825],[9565798.456745781,6539970.861689825],[9630654.84979732,6539970.861689825],[9695511.242848856,6539970.861689825],[9760367.635900393,6539970.861689825],[9825224.028951932,6539970.861689825],[9890080.422003468,6539970.861689825],[9954936.815055005,6539970.861689825],[10019793.20810654,6539970.861689825],[10084649.60115808,6539970.861689825],[10149505.994209616,6539970.861689825],[10214362.387261156,6539970.861689825],[10279218.78031269,6539970.861689825],[10344075.173364228,6539970.861689825],[10408931.566415768,6539970.861689825],[10473787.959467303,6539970.861689825],[10538644.352518842,6539970.861689825],[10603500.745570377,6539970.861689825],[10668357.138621917,6539970.861689825],[10733213.531673452,6539970.861689825],[10798069.924724992,6539970.861689825],[10862926.317776525,6539970.861689825],[10927782.710828064,6539970.861689825],[10992639.1038796,6539970.861689825],[11057495.496931138,6539970.861689825],[11122351.889982676,6539970.861689825],[11187208.283034213,6539970.861689825],[11252064.67608575,6539970.861689825],[11316921.069137288,6539970.861689825],[11381777.462188825,6539970.861689825],[11446633.855240362,6539970.861689825],[11511490.248291897,6539970.861689825],[11576346.641343437,6539970.861689825],[11641203.034394972,6539970.861689825],[11706059.427446513,6539970.861689825],[11770915.820498047,6539970.861689825],[11835772.213549586,6539970.861689825],[11900628.60660112,6539970.861689825],[11965484.999652661,6539970.861689825],[12030341.392704196,6539970.861689825],[12095197.785755733,6539970.861689825],[12160054.178807272,6539970.861689825],[12224910.571858808,6539970.861689825],[12289766.964910345,6539970.861689825],[12354623.357961884,6539970.861689825],[12419479.75101342,6539970.861689825],[12484336.144064957,6539970.861689825],[12549192.537116496,6539970.861689825],[12614048.930168033,6539970.861689825],[12678905.323219568,6539970.861689825],[12743761.716271106,6539970.861689825],[12808618.109322641,6539970.861689825],[12873474.502374182,6539970.861689825],[12938330.895425716,6539970.861689825],[13003187.288477257,6539970.861689825],[13068043.681528792,6539970.861689825]]]},"properties":{"type":"parallel","value":60}},
{"type":"Feature","geometry":{"type":"MultiLineString","coordinates":[[[-14524763.246780891,7835874.5862785345],[-14482353.06968772,7835874.5862785345],[-14439942.892594554,7835874.5862785345],[-14397532.715501383,7835874.5862785345],[-14355122.538408212,7835874.5862785345],[-14312712.361315046,7835874.5862785345],[-14270302.184221875,7835874.5862785345],[-14227892.007128706,7835874.5862785345],[-14185481.830035537,7835874.5862785345],[-14143071.652942369,7835874.5862785345],[-14100661.475849198,7835874.5862785345],[-14058251.298756028,7835874.5862785345],[-14015841.12166286,7835874.5862785345],[-13973430.94456969,7835874.5862785345],[-13931020.767476523,7835874.5862785345],[-13888610.590383353,7835874.5862785345],[-13846200.413290184,7835874.5862785345],[-13803790.236197017,7835874.5862785345],[-13761380.059103847,7835874.5862785345],[-13718969.882010676,7835874.5862785345],[-13676559.704917505,7835874.5862785345],[-13634149.527824339,7835874.5862785345],[-13591739.350731168,7835874.5862785345],[-13549329.173638001,7835874.5862785345],[-13506918.996544829,7835874.5862785345],[-13464508.819451662,7835874.5862785345],[-13422098.642358495,7835874.5862785345],[-13379688.465265324,7835874.5862785345],[-13337278.288172154,7835874.5862785345],[-13294868.111078983,7835874.5862785345],[-13252457.933985816,7835874.5862785345],[-13210047.756892646,7835874.5862785345],[-13167637.579799477,7835874.5862785345],[-13125227.402706306,7835874.5862785345],[-13082817.22561314,7835874.5862785345],[-13040407.048519969,7835874.5862785345],[-12997996.871426798,7835874.5862785345],[-12955586.694333632,7835874.5862785345],[-12913176.517240461,7835874.5862785345],[-12870766.340147294,7835874.5862785345],[-12828356.163054124,7835874.5862785345],[-12785945.985960955,7835874.5862785345],[-12743535.808867784,7835874.5862785345],[-12701125.631774615,7835874.5862785345],[-12658715.454681447,7835874.5862785345],[-12616305.277588278,7835874.5862785345],[-12573895.10049511,7835874.5862785345],[-12531484.923401939,7835874.5862785345],[-12489074.74630877,7835874.5862785345],[-12446664.569215601,7835874.5862785345],[-12404254.392122433,7835874.5862785345],[-12361844.215029262,7835874.5862785345],[-12319434.037936093,7835874.5862785345],[-12277023.860842925,7835874.5862785345],[-12234613.683749754,7835874.5862785345],[-12192203.506656585,7835874.5862785345],[-12149793.329563417,7835874.5862785345],[-12107383.15247025,7835874.5862785345],[-12064972.97537708,7835874.5862785345],[-12022562.79828391,7835874.5862785345],[-11980152.62119074,7835874.5862785345],[-11937742.444097571,7835874.5862785345],[-11895332.267004402,7835874.5862785345],[-11852922.089911232,7835874.5862785345],[-11810511.912818063,7835874.5862785345],[-11768101.735724894,7835874.5862785345],[-11725691.558631726,7835874.5862785345],[-11683281.381538557,7835874.5862785345],[-11640871.204445388,7835874.5862785345],[-11598461.027352218,7835874.5862785345],[-11556050.850259049,7835874.5862785345],[-11513640.673165878,7835874.5862785345],[-11471230.49607271,7835874.5862785345],[-11428820.31897954,7835874.5862785345],[-11386410.141886372,7835874.5862785345],[-11343999.964793203,7835874.5862785345],[-11301589.787700035,7835874.5862785345],[-11259179.610606864,7835874.5862785345],[-11216769.433513695,7835874.5862785345],[-11174359.256420525,7835874.5862785345],[-11131949.079327356,7835874.5862785345],[-11089538.90223419,7835874.5862785345],[-11047128.725141019,7835874.5862785345],[-11004718.54804785,7835874.5862785345],[-10962308.370954681,7835874.5862785345],[-10919898.19386151,7835874.5862785345],[-10877488.016768342,7835874.5862785345],[-10835077.839675173,7835874.5862785345],[-10792667.662582003,7835874.5862785345],[-10750257.485488836,7835874.5862785345],[-10707847.308395665,7835874.5862785345],[-10665437.131302496,7835874.5862785345],[-10623026.954209326,7835874.5862785345],[-10580616.777116157,7835874.5862785345],[-10538206.600022988,7835874.5862785345],[-10495796.42292982,7835874.5862785345],[-10453386.24583665,7835874.5862785345],[-10410976.068743482,7835874.5862785345],[-10368565.891650312,7835874.5862785345],[-10326155.714557143,7835874.5862785345],[-10283745.537463974,7835874.5862785345],[-10241335.360370804,7835874.5862785345],[-10198925.183277635,7835874.5862785345],[-10156515.006184466,7835874.5862785345],[-10114104.829091296,7835874.5862785345],[-10071694.651998129,7835874.5862785345],[-10029284.47490496,7835874.5862785345],[-9986874.29781179,7835874.5862785345],[-9944464.12071862,7835874.5862785345],[-9902053.94362545,7835874.5862785345],[-9859643.766532281,7835874.5862785345],[-9817233.58943911,7835874.5862785345],[-9774823.412345944,7835874.5862785345],[-9732413.235252775,7835874.5862785345],[-9690003.058159607,7835874.5862785345],[-9647592.881066436,7835874.5862785345],[-9605182.703973267,7835874.5862785345],[-9562772.526880099,7835874.5862785345],[-9520362.349786928,7835874.5862785345],[-9477952.17269376,7835874.5862785345],[-9435541.995600589,7835874.5862785345],[-9393131.818507422,7835874.5862785345],[-9350721.641414253,7835874.5862785345],[-9308311.464321082,7835874.5862785345],[-9265901.287227914,7835874.5862785345],[-9223491.110134745,7835874.5862785345],[-9181080.933041574,7835874.5862785345],[-9138670.755948406,7835874.5862785345],[-9096260.578855237,7835874.5862785345],[-9053850.401762068,7835874.5862785345],[-9011440.2246689,7835874.5862785345],[-8969030.04757573,7835874.5862785345],[-8926619.87048256,7835874.5862785345],[-8884209.693389392,7835874.5862785345],[-8841799.516296221,7835874.5862785345],[-8799389.339203052,7835874.5862785345],[-8756979.162109882,7835874.5862785345],[-8714568.985016715,7835874.5862785345],[-8672158.807923546,7835874.5862785345],[-8629748.630830377,7835874.5862785345],[-8587338.454161309,7835874.5862785345]],[[370872.32770046685,7835874.5862785345],[413282.50436953455,7835874.5862785345],[455692.68146270356,7835874.5862785345],[498102.8585558722,7835874.5862785345],[540513.0356490422,7835874.5862785345],[582923.2127422106,7835874.5862785345],[625333.3898353799,7835874.5862785345],[667743.5669285493,7835874.5862785345],[710153.7440217183,7835874.5862785345],[752563.9211148877,7835874.5862785345],[794974.0982080566,7835874.5862785345],[837384.2753012261,7835874.5862785345],[879794.4523943947,7835874.5862785345],[922204.6294875641,7835874.5862785345],[964614.806580733,7835874.5862785345],[1007024.9836739025,7835874.5862785345],[1049435.1607670714,7835874.5862785345],[1091845.3378602408,7835874.5862785345],[1134255.5149534098,7835874.5862785345],[1176665.6920465794,7835874.5862785345],[1219075.8691397486,7835874.5862785345],[1261486.0462329176,7835874.5862785345],[1303896.223326087,7835874.5862785345],[1346306.4004192555,7835874.5862785345],[1388716.577512425,7835874.5862785345],[1431126.7546055943,7835874.5862785345],[1473536.9316987633,7835874.5862785345],[1515947.1087919327,7835874.5862785345],[1558357.2858851016,7835874.5862785345],[1600767.462978271,7835874.5862785345],[1643177.64007144,7835874.5862785345],[1685587.817164609,7835874.5862785345],[1727997.9942577784,7835874.5862785345],[1770408.1713509473,7835874.5862785345],[1812818.3484441168,7835874.5862785345],[1855228.5255372862,7835874.5862785345],[1897638.7026304551,7835874.5862785345],[1940048.8797236246,7835874.5862785345],[1982459.0568167935,7835874.5862785345],[2024869.2339099625,7835874.5862785345],[2067279.4110031317,7835874.5862785345],[2109689.588096301,7835874.5862785345],[2152099.7651894703,7835874.5862785345],[2194509.9422826394,7835874.5862785345],[2236920.119375808,7835874.5862785345],[2279330.296468978,7835874.5862785345],[2321740.473562147,7835874.5862785345],[2364150.650655316,7835874.5862785345],[2406560.827748485,7835874.5862785345],[2448971.0048416546,7835874.5862785345],[2491381.1819348237,7835874.5862785345],[2533791.3590279925,7835874.5862785345],[2576201.5361211617,7835874.5862785345],[2618611.7132143313,7835874.5862785345],[2661021.8903075,7835874.5862785345],[2703432.067400669,7835874.5862785345],[2745842.2444938384,7835874.5862785345],[2788252.421587008,7835874.5862785345],[2830662.598680177,7835874.5862785345],[2873072.775773346,7835874.5862785345],[2915482.952866515,7835874.5862785345],[2957893.1299596843,7835874.5862785345],[3000303.3070528535,7835874.5862785345],[3042713.4841460227,7835874.5862785345],[3085123.661239192,7835874.5862785345],[3127533.838332361,7835874.5862785345],[3169944.0154255303,7835874.5862785345],[3212354.1925186994,7835874.5862785345],[3254764.3696118686,7835874.5862785345],[3297174.5467050383,7835874.5862785345],[3339584.723798207,7835874.5862785345],[3381994.900891376,7835874.5862785345],[3424405.0779845454,7835874.5862785345],[3466815.255077714,7835874.5862785345],[3509225.4321708838,7835874.5862785345],[3551635.609264053,7835874.5862785345],[3594045.786357222,7835874.5862785345],[3636455.963450391,7835874.5862785345],[3678866.1405435605,7835874.5862785345],[3721276.3176367297,7835874.5862785345],[3763686.4947298984,7835874.5862785345],[3806096.6718230676,7835874.5862785345],[3848506.8489162372,7835874.5862785345],[3890917.0260094064,7835874.5862785345],[3933327.203102575,7835874.5862785345],[3975737.3801957443,7835874.5862785345],[4018147.557288914,7835874.5862785345],[4060557.734382083,7835874.5862785345],[4102967.911475252,7835874.5862785345],[4145378.088568421,7835874.5862785345],[4187788.2656615907,7835874.5862785345],[4230198.442754759,7835874.5862785345],[4272608.619847929,7835874.5862785345],[4315018.796941098,7835874.5862785345],[4357428.974034267,7835874.5862785345],[4399839.151127436,7835874.5862785345],[4442249.328220605,7835874.5862785345],[4484659.505313775,7835874.5862785345],[4527069.682406944,7835874.5862785345],[4569479.859500113,7835874.5862785345],[4611890.036593282,7835874.5862785345],[4654300.213686451,7835874.5862785345],[4696710.39077962,7835874.5862785345],[4739120.56787279,7835874.5862785345],[4781530.744965958,7835874.5862785345],[4823940.922059128,7835874.5862785345],[4866351.099152298,7835874.5862785345],[4908761.276245466,7835874.5862785345],[4951171.453338635,7835874.5862785345],[4993581.630431805,7835874.5862785345],[5035991.8075249735,7835874.5862785345],[5078401.984618143,7835874.5862785345],[5120812.161711312,7835874.5862785345],[5163222.338804481,7835874.5862785345],[5205632.515897651,7835874.5862785345],[5248042.69299082,7835874.5862785345],[5290452.870083989,7835874.5862785345],[5332863.047177158,7835874.5862785345],[5375273.224270327,7835874.5862785345],[5417683.401363496,7835874.5862785345],[5460093.578456665,7835874.5862785345],[5502503.755549834,7835874.5862785345],[5544913.932643004,7835874.5862785345],[5587324.109736173,7835874.5862785345],[5629734.286829342,7835874.5862785345],[5672144.463922512,7835874.5862785345],[5714554.6410156805,7835874.5862785345],[5756964.818108849,7835874.5862785345],[5799374.995202019,7835874.5862785345],[5841785.172295188,7835874.5862785345],[5884195.349388357,7835874.5862785345],[5926605.526481526,7835874.5862785345],[5969015.703574696,7835874.5862785345],[6011425.880667864,7835874.5862785345],[6053836.057761034,7835874.5862785345],[6096246.234854203,7835874.5862785345],[6138656.411947372,7835874.5862785345],[6181066.589040541,7835874.5862785345],[6223476.76613371,7835874.5862785345],[6265886.94322688,7835874.5862785345],[6308297.120320049,7835874.5862785345],[6350707.297413218,7835874.5862785345],[6393117.474506387,7835874.5862785345],[6435527.651599556,7835874.5862785345],[6477937.828692725,7835874.5862785345],[6520348.005785895,7835874.5862785345],[6562758.182879063,7835874.5862785345],[6605168.359972234,7835874.5862785345],[6647578.537065404,7835874.5862785345],[6689988.714158571,7835874.5862785345],[6732398.891251741,7835874.5862785345],[6774809.06834491,7835874.5862785345],[6817219.245438079,7835874.5862785345],[6859629.422531248,7835874.5862785345],[6902039.599624419,7835874.5862785345],[6944449.7767175855,7835874.5862785345],[6986859.953810756,7835874.5862785345],[7029270.130903926,7835874.5862785345],[7071680.307997096,7835874.5862785345],[7114090.485090263,7835874.5862785345],[7156500.662183432,7835874.5862785345],[7198910.839276602,7835874.5862785345],[7241321.01636977,7835874.5862785345],[7283731.193462941,7835874.5862785345],[7326141.37055611,7835874.5862785345],[7368551.547649278,7835874.5862785345],[7410961.724742448,7835874.5862785345],[7453371.901835618,7835874.5862785345],[7495782.078928785,7835874.5862785345],[7538192.256021955,7835874.5862785345],[7580602.433115124,7835874.5862785345],[7623012.6102082925,7835874.5862785345],[7665422.787301463,7835874.5862785345],[7707832.964394632,7835874.5862785345],[7750243.141487801,7835874.5862785345],[7792653.31858097,7835874.5862785345],[7835063.49567414,7835874.5862785345],[7877473.672767308,7835874.5862785345],[7919883.849860477,7835874.5862785345],[7962294.026953648,7835874.5862785345],[8004704.204046815,7835874.5862785345],[8047114.381139985,7835874.5862785345],[8089524.558233155,7835874.5862785345],[8131934.735326325,7835874.5862785345],[8174344.912419492,7835874.5862785345],[8216755.089512662,7835874.5862785345],[8259165.266605831,7835874.5862785345],[8301575.4436989995,7835874.5862785345],[8343985.62079217,7835874.5862785345],[8386395.797885339,7835874.5862785345],[8428805.974978507,7835874.5862785345],[8471216.152071677,7835874.5862785345],[8513626.329164848,7835874.5862785345],[8556036.506258015,7835874.5862785345],[8598446.683351185,7835874.5862785345],[8640856.860444354,7835874.5862785345],[8683267.037537523,7835874.5862785345],[8725677.214630691,7835874.5862785345],[8768087.39172386,7835874.5862785345],[8810497.56881703,7835874.5862785345],[8852907.7459102,7835874.5862785345],[8895317.92300337,7835874.5862785345],[8937728.100096537,7835874.5862785345],[8980138.277189707,7835874.5862785345],[9022548.454282876,7835874.5862785345],[9064958.631376045,7835874.5862785345],[9107368.808469214,7835874.5862785345],[9149778.985562384,7835874.5862785345],[9192189.162655553,7835874.5862785345],[9234599.339748722,7835874.5862785345],[9277009.516841892,7835874.5862785345],[9319419.69393506,7835874.5862785345],[9361829.87102823,7835874.5862785345],[9404240.048121398,7835874.5862785345],[9446650.225214567,7835874.5862785345],[9489060.402307736,7835874.5862785345],[9531470.579400906,7835874.5862785345],[9573880.756494077,7835874.5862785345],[9616290.933587244,7835874.5862785345],[9658701.110680414,7835874.5862785345],[9701111.287773583,7835874.5862785345]]]},"properties":{"type":"parallel","value":75}},
{"type":"Feature","geometry":{"type":"LineString","coordinates":[[3339584.723798206,8683259.716434667],[3339584.723798207,8683259.716434667],[3339584.7237982075,8683259.716434667]]},"properties":{"type":"parallel","value":90}}
]}