{"type":"FeatureCollection", "features": [
{"type":"Feature","geometry":{"type":"MultiLineString","coordinates":[[[16608138.760910928,-313193.1506716184],[16597440.142014652,-419721.1060596729],[16586650.676305244,-526766.6976900499],[16575768.433925848,-634333.8138822056],[16564791.415821996,-742425.5245909281],[16553717.560393974,-851044.1063983121],[16542544.750420423,-960191.0719907006],[16531270.820330001,-1069867.2043326679],[16519893.563902425,-1180072.595718191],[16508410.742486153,-1290806.6918435118],[16496820.093826314,-1402068.3410071495],[16485119.34160359,-1513855.848499649],[16473306.205793146,-1626167.0362005506],[16461378.413961688,-1738999.3073521205],[16449333.713630913,-1852349.7164301479],[16437169.885846881,-1966215.0439812622],[16424884.76010731,-2080591.8762458095],[16416224.078483775,-2188988.3119338746],[16411854.570113989,-2290278.8900932516],[16407954.676417535,-2391124.5251549357],[16404534.909953896,-2491550.7197847744],[16401606.94867342,-2591584.5140488623],[16399183.696609547,-2691254.480829082],[16397279.349875962,-2790590.7255395777],[16395909.468304746,-2889624.8906346513],[16395091.053076165,-2988390.165366914],[16394855.676979149,-3057731.621721952]],[[-15635281.929659188,-8734683.850041613],[-15604355.208896486,-8739486.045850044],[-15499917.557178577,-8755628.999830017],[-15395371.083448017,-8771683.411123315],[-15290707.628601534,-8787660.652732534],[-15185919.234385012,-8803571.118270537],[-15080998.153083816,-8819424.286765695],[-14975936.856891943,-8835228.781674888],[-14870728.046941185,-8850992.424736893],[-14765364.661970746,-8866722.285230635],[-14659839.886616305,-8882424.725143185],[-14554147.159296984,-8898105.440700417],[-14448280.179677753,-8913769.500667617],[-14342232.915684259,-8929421.381787343],[-14235999.610046718,-8945065.001686579],[-14129574.786349414,-8960703.749554206],[-14022953.254562289,-8976340.514862325],[-13916130.116031704,-8991977.71438063],[-13809100.767907778,-9007617.317711297],[-13701860.90698692,-9023260.871552737],[-13594406.532949174,-9038909.522882987],[-13486733.950971648,-9054564.04123828],[-13378839.773701126,-9070224.840248229],[-13270720.922571126,-9085891.998576328],[-13162374.628451135,-9101565.280403279],[-13053798.431618648,-9117244.155579915],[-12944990.181047715,-9132927.819567183],[-12835948.03301101,-9148615.21327178],[-12726670.448996391,-9164305.042878142],[-12664501.89548401,-9173216.461425483]],[[9133711.21222853,-9173216.229440179],[9086142.10748124,-9166440.298432063],[8976170.766928326,-9150759.356304714],[8866433.924398063,-9135090.851446562],[8756930.91936026,-9119436.656180479],[8647660.800770637,-9103798.506026931],[8538622.322994472,-9088177.979876975],[8429813.94237776,-9072576.480592791],[8321233.814479426,-9056995.21596166],[8212879.791973765,-9041435.179925017],[8104749.423228428,-9025897.133999074],[7996839.951559165,-9010381.58879818],[7889148.315159075,-8994888.785566177],[7781671.147696754,-8979418.677614525],[7674404.779574562,-8963970.91155888],[7567345.239835569,-8948544.808238119],[7460488.258705174,-8933139.34319135],[7353829.270751314,-8917753.12655912],[7247363.418645251,-8902384.382264836],[7141085.557503506,-8887030.926320948],[7034990.259790091,-8871690.1440921],[6929071.820757524,-8856358.9663333],[6823324.2644041525,-8841033.843805447],[6717741.349925184,-8825710.72025341],[6612316.578634572,-8810385.003511794],[6507043.201334973,-8795051.534481624],[6401914.226113437,-8779704.553696183],[6296922.426540906,-8764337.6651659],[6192060.350254279,-8748943.797160009],[6087320.32790076,-8733515.159546515],[5982694.482424973,-8718043.197270133],[5878174.738680579,-8702518.539500663],[5773752.833349263,-8686930.94393007],[5669420.32515103,-8671269.235634305],[5617284.910990728,-8663406.825630551],[5570073.70886886,-8647010.831552858],[5484520.918710998,-8598569.814979319],[5399044.771007455,-8549523.74791537],[5313606.330326956,-8499870.86702772],[5228168.691267215,-8449608.908607056],[5142696.929876095,-8398735.168863388],[5057158.0625218535,-8347246.56201588],[4971521.011740289,-8295139.676238042],[4885756.578559722,-8242410.827497699],[4799837.420777952,-8189056.1113052955],[4713738.036638881,-8135071.4523573425],[4687080.699042101,-8118254.27946219]],[[-1156299.7620030022,-8118240.781511633],[-1148512.429274745,-8039262.9754529055],[-1137353.3874274748,-7925355.001324872],[-1126328.6590562703,-7811967.505997574],[-1115435.5638366214,-7699103.797017664],[-1104671.4403175393,-7586766.880573458],[-1094033.6565208433,-7474959.386395741],[-1083519.6195511033,-7363683.497785267],[-1073126.7843425432,-7252940.886891769],[-1062852.6616586538,-7142732.655316458],[-1052694.8254507647,-7033059.280058649],[-1042650.9196733279,-6923920.564777577],[-1032718.6646460271,-6815315.596293864],[-1022895.8630463218,-6707242.706211461],[-1013180.4056100311,-6599699.437500884],[-1003570.2766125369,-6492682.515848376],[-994063.5591987844,-6386187.825543973],[-984658.4406264856,-6280210.389653406],[-975353.2174838593,-6174744.354196014],[-966146.3009406087,-6069782.97603137],[-957036.2220889153,-5965318.61414308],[-948021.6374296618,-5861342.723997336],[-939101.3345581183,-5757845.854646885],[-930274.2381027943,-5654817.648248209],[-921539.4159710401,-5552246.841659294],[-912896.0859553445,-5450121.269788663],[-904343.6227550573,-5348427.870371662],[-895881.5654694247,-5247152.689857906],[-887509.6256194416,-5146280.890103421],[-879227.695758051,-5045796.755572188],[-871035.8587305832,-4945683.700764381],[-862934.3976501838,-4845924.277601796],[-854923.8066561961,-4746500.182515116],[-847004.8025270678,-4647392.262991987],[-839178.3372234277,-4548580.523359474],[-831445.6114413508,-4450044.129588985],[-823808.0892607571,-4351761.412926081],[-816267.5139790563,-4253709.872161634],[-808825.9252258064,-4155866.1743744086],[-801485.6774601928,-4058206.1539881723],[-794249.4599594158,-3960704.8099991675],[-787120.3184128223,-3863336.301241764],[-780101.6782434868,-3766073.939571731],[-773197.3697861573,-3668890.1808578623],[-766411.6554577813,-3571756.613683331],[-759749.2590640179,-3474643.945669063],[-753215.3973925259,-3377521.987341987],[-746815.8142505197,-3280359.6334817754],[-740556.8171106874,-3183124.841891248],[-734445.3165349849,-3085784.60954737],[-738244.2501538824,-2988381.1411233316],[-746119.5100355775,-2891092.0606478625],[-754117.1438577718,-2793896.5955436286],[-762230.8798596046,-2696762.494548748],[-770455.0414556782,-2599658.44481286],[-778784.506077338,-2502554.0491150278],[-787214.6670503446,-2405419.8056909824],[-795741.3983027982,-2308227.09061204],[-804361.0217073468,-2210948.142648053],[-813070.2768717747,-2113556.0505373515],[-821866.2932026247,-2016024.742577331],[-830746.5640763862,-1918328.9784399497],[-839708.9229627985,-1820444.343106957],[-848751.521354339,-1722347.2428096903],[-857872.8083648707,-1624014.9028480768],[-867071.5118693194,-1525425.367152523],[-876346.6210640155,-1426557.4994411385],[-885697.3703352967,-1327390.985812673],[-895123.2243306631,-1227906.338603235],[-904623.8641336504,-1128084.9013217462],[-914199.1744492897,-1027908.8544658682],[-923849.2317127147,-927361.2220063728],[-933574.2930383966,-826425.8783141848],[-943374.7859318446,-725087.555290494],[-953251.298689745,-623331.8494466984],[-963204.571417854,-521145.2286678946],[-973235.4875990804,-418515.03838103847],[-983345.0661466032,-315429.5068374972],[-993534.4538790695,-211877.74920944986],[-1003804.9183564356,-107849.77019095725],[-1014157.8410161366,-3336.4647878078545],[-1024594.7105500486,101670.38302425886],[-1035117.1164627869,207178.10409521847],[-1045726.7427516846,313193.1506716085]]]},"properties":{"type":"meridian","value":-180}},
{"type":"Feature","geometry":{"type":"MultiLineString","coordinates":[[[16608138.760910928,-313193.1506716184],[16572902.693115413,-414413.5493064654],[16537686.568900034,-515963.91494866495],[16502487.484210601,-617848.1590299784],[16467302.641280297,-720069.7336792856],[16432129.364782212,-822631.6398969966],[16396965.118677378,-925536.4375626356],[16361807.523869574,-1028786.2573881126],[16326654.376783956,-1132382.814925748],[16291503.668994302,-1236327.4267362216],[16256353.608031664,-1340621.0288171784],[16221202.639516823,-1445264.1973884932],[16186049.470769703,-1550257.1721252901],[16150893.096060827,-1655599.881924782],[16115732.823683912,-1761291.9732881773],[16080568.305043895,-1867332.8413943623],[16045399.565972103,-1973721.6639382455],[16010227.040500063,-2080457.4378035397],[15975051.607345201,-2187539.018638033],[15939874.629386865,-2294965.163399215],[15904697.996438876,-2402734.5759396595],[15869524.171656556,-2510845.9557059626],[15834356.241951853,-2619298.049631813],[15799197.972830666,-2728089.7073163236],[15764053.868111959,-2837219.9395930413],[15711378.60630327,-2916547.6474833614],[15657369.317767477,-2994479.5983795472],[15612677.09512283,-3057737.051899099]],[[12219797.785426416,-8934362.741186216],[12199469.033863092,-8927608.026924469],[12089189.794223608,-8891039.38137971],[11979288.517390871,-8854717.934131943],[11869769.016811775,-8818640.361627804],[11760634.95028136,-8782804.093934763],[11651889.77530815,-8747207.219136458],[11543536.705556212,-8711848.394101357],[11435578.668661874,-8676726.76129427],[11328018.265695902,-8641841.871326946],[11220857.732512563,-8607193.610965861],[11114098.903197005,-8572782.136332855],[11007743.175791368,-8538607.811048374],[10901791.480448885,-8504671.149077836],[10796244.250134096,-8470972.762050023],[10691101.393956894,-8437513.31082219],[10586362.27319834,-8404293.461071119],[10482025.680057868,-8371313.842692018],[10378089.819124721,-8338575.012789182],[10274552.291551236,-8306077.422043332],[10171410.081882726,-8273821.384241237],[10068659.547477763,-8241807.048753686],[9966296.410434186,-8210034.3757479675],[9864315.75191991,-8178503.1139217615],[9762712.008794006,-8147212.780545412],[9661478.97239203,-8116162.643600952],[9560609.78934086,-8085351.705806685],[9460096.964261468,-8054778.690318191],[9359932.364213806,-8024442.027897742],[9260107.224735517,-7994339.84534647],[9160612.157326002,-7964469.954995651],[9061437.158228604,-7934829.845055757],[8962571.618366998,-7905416.670624442],[8864004.334296139,-7876227.245156882],[8765723.520034306,-7847258.032204317],[8667716.819649562,-7818505.137228491],[8569971.320482075,-7789964.299301652],[8472473.566892505,-7761630.882502886],[8375209.574436257,-7733499.866822494],[8278164.844373386,-7705565.838386079],[8181324.3784345,-7677822.978809489],[8084672.6937738145,-7650265.053494177],[7988193.838051556,-7622885.39867002],[7891871.404599027,-7595676.906988984],[7795688.54763101,-7568632.011468188],[7699627.9974813545,-7541742.667574684],[7603672.075848705,-7515000.333236552],[7507802.711050642,-7488395.946555618],[7412001.453295223,-7461919.900986079],[7316249.489989964,-7435562.017730195],[7220527.661118798,-7409311.515087541],[7124816.474728052,-7383156.974476673],[7029096.1225728765,-7357086.302828853],[6933346.495985407,-7331086.691030961],[6837547.202035945,-7305144.568069967],[6741677.58006803,-7279245.550503094],[6645716.718697613,-7253374.3868467035],[6549643.473375587,-7227514.896441899],[6453436.484621886,-7201649.902316319],[6364003.395198648,-7163936.517009674],[6276220.2220068425,-7123514.604727832],[6188661.610466689,-7082789.024685677],[6101291.715197266,-7041752.278700226],[6014075.802948572,-7000396.841448904],[5926980.233298129,-6958715.164899298],[5839972.441128103,-6916699.684174698],[5753020.921047235,-6874342.824705927],[5666095.21388166,-6831637.010535779],[5579165.895322265,-6788574.67365387],[5492204.566782929,-6745148.264249438],[5405183.848492964,-6701350.261775429],[5318077.374817885,-6657173.186721237],[5230859.791775142,-6612609.612992808],[5143506.75668461,-6567652.180797998],[5055994.939867913,-6522293.609932528],[4968302.028285,-6476526.713357122],[4880406.730971366,-6430344.410950402],[4792288.786114142,-6383739.743314424],[4703928.969580307,-6336705.8855006425],[4615309.10468538,-6289236.1605142085],[4526412.072966035,-6241324.052443291],[4437221.825695599,-6192963.219048502],[4347723.395857127,-6144147.503635196],[4257902.910265297,-6094870.946018937],[4167747.6015057815,-6045127.792382035],[4077245.819339491,-5994912.50380677],[3986387.041199589,-5944219.76325956],[3895161.8813917623,-5893044.4807895],[3803562.0985935596,-5841381.796695734],[3711580.601237031,-5789227.082410095],[3619211.4503510282,-5736575.938836049],[3526449.8594358405,-5683424.1918815365],[3433292.1909440192,-5629767.884922816],[3339735.9489473426,-5575603.267938688],[3245779.767581911,-5520926.7830604445],[3157809.9602930006,-5469479.658891011]],[[372969.6808914718,-5469469.514982353],[372831.7528796081,-5462405.723535058],[370602.9946555981,-5357968.59093952],[368030.37822403264,-5254146.39343872],[365112.0929691468,-5150926.3089773515],[361845.7418993927,-5048294.147951025],[358228.33744566067,-4946234.378186152],[354256.2957000309,-4844730.151446902],[349925.4291027223,-4743763.330856334],[345230.9375838754,-4643314.518659723],[340167.39816698147,-4543363.083801578],[334728.75304115494,-4443887.188832083],[328908.29611125804,-4344863.81570356],[322698.65803776326,-4246268.790062541],[316091.78978229617,-4148076.8036870104],[309078.9446807916,-4050261.4347621957],[301650.65907372796,-3952795.165730332],[293796.7315329637,-3855649.3984912797],[285506.2007371008,-3758794.466770865],[276767.32206282613,-3662199.6455129124],[267567.54297884565,-3565833.1571893278],[257893.47735195316,-3469662.174960269],[247730.8788028807,-3373652.8226543847],[237064.61328292853,-3277770.1715772753],[225878.63108217964,-3181978.234195658],[214155.9385273797,-3086239.9547859314],[184282.2323405519,-2990543.275951808],[146914.27818822567,-2894933.605161725],[109610.03532596084,-2799395.940831202],[72374.17153574637,-2703911.3554216516],[35210.58513418273,-2608461.384078185],[-1877.533076526499,-2513028.01102936],[-38887.642662716964,-2417593.658282386],[-75817.80079361697,-2322141.176394568],[-112666.61347160203,-2226653.8371243933],[-149433.19040976244,-2131115.3277847646],[-186117.1032399926,-2035509.7471374648],[-222718.34676297184,-1939821.6026817544],[-259237.30297646415,-1844035.809201731],[-295674.70764061896,-1748137.6884467658],[-332031.6191588588,-1652112.9698272494],[-368309.38957058516,-1555947.7920142713],[-404509.6374677782,-1459628.705336777],[-440634.2226615793,-1363142.6748735488],[-476685.2224375688,-1266477.084139896],[-512664.9092496048,-1169619.7392706638],[-548575.7297119765,-1072558.873601969],[-584420.2847586309,-975283.1525541021],[-620201.3108457935,-877781.6787175442],[-655921.6620813956,-780043.9970428952],[-691584.2931705774,-682060.1000340552],[-727192.2430718314,-583820.4328420426],[-762748.6192628138,-485315.8981548348],[-798256.5825184719,-386537.8607762463],[-833719.3321074938,-287478.151784616],[-869140.0913152016,-188129.07215962152],[-904522.0932031336,-88483.39576348923],[-939868.5665165768,11465.62843938403],[-975182.7216520784,111724.27504200791],[-1010467.7365968699,212298.3418527066],[-1045726.7427516846,313193.1506716085]]]},"properties":{"type":"meridian","value":-165}},
{"type":"Feature","geometry":{"type":"MultiLineString","coordinates":[[[16608138.760910928,-313193.1506716184],[16550770.300890328,-402175.320212775],[16493537.91837243,-491213.2435723283],[16436436.315770432,-580312.5118711824],[16379459.996305496,-669478.6441786966],[16322603.262907859,-758717.0738259892],[16265860.216702241,-848033.1343799074],[16209224.755023938,-937432.0452606399],[16152690.568909306,-1026918.8969841518],[16096251.140001053,-1116498.6360089965],[16039899.736804288,-1206176.049164827],[15983629.410224887,-1295955.7476376598],[15927432.988315703,-1385842.1504840776],[15871303.07014965,-1475839.4676434714],[15815232.018731002,-1565951.6824136577],[15759211.952847134,-1656182.5333509338],[15703234.737752767,-1746535.4955505165],[15647291.974566495,-1837013.7612576103],[15591374.98824587,-1927620.219752411],[15535474.81399102,-2018357.436444274],[15479582.18190853,-2109227.631101112],[15423687.499745896,-2200232.655128828],[15356254.303317808,-2271449.3655735278],[15283921.033755692,-2334534.4253285206],[15211062.08813013,-2397151.8784212023],[15137653.368050188,-2459340.051174304],[15063671.15248452,-2521135.742415263],[14989092.123648664,-2582574.2424600148],[14913893.396642223,-2643689.349850817],[14838052.552810686,-2704513.38543595],[14761547.676780224,-2765077.2034642594],[14684357.397082152,-2825410.199444795],[14606460.93024635,-2885540.3145929603],[14527838.12820006,-2945494.036750862],[14448469.528758936,-3005296.397731985],[14378099.979364442,-3057736.9637820967]],[[11602508.620070953,-7865185.070893102],[11590401.811692553,-7858671.022879537],[11490765.12099055,-7805177.379736611],[11391547.502966909,-7752112.49170731],[11292752.928001193,-7699474.400406089],[11194384.726296963,-7647261.206325251],[11096445.535972482,-7595471.0188025],[10998937.256465307,-7544101.910537587],[10901861.00721192,-7493151.876553429],[10805217.091513861,-7442618.797472062],[10709004.965456573,-7392500.406952896],[10613223.211705547,-7342794.2631205935],[10517869.51796788,-7293497.7237921255],[10422940.659875287,-7244607.925297388],[10328432.488017846,-7196121.764675606],[10234339.918835683,-7148035.8850198295],[10140656.929058777,-7100346.663734989],[10047376.553373024,-7053050.203470257],[9954490.884982618,-7006142.325484261],[9861991.078735627,-6959618.565201805],[9769867.35647992,-6913474.169722383],[9678109.014320629,-6867704.097044654],[9586704.431457551,-6822303.0167760495],[9495641.080290733,-6777265.312102997],[9404905.537494991,-6732585.082804683],[9314483.495778345,-6688256.149101377],[9224359.776055494,-6644272.056136752],[9134518.339784749,-6600626.07890277],[9044942.301235296,-6557311.227424474],[8955613.939470781,-6514320.252030864],[8866514.709854882,-6471645.648546477],[8777625.25490463,-6429279.663246443],[8688925.41433728,-6387214.2974247895],[8600394.234177053,-6345441.311432777],[8512009.974808007,-6303952.228049076],[8423750.117879909,-6262738.335048853],[8335591.371993819,-6221790.686841674],[8247509.67711456,-6181100.105050728],[8159480.207677387,-6140657.177906637],[8071477.374376773,-6100452.258328574],[7983474.824646025,-6060475.460563473],[7895445.44185769,-6020716.655250527],[7807361.343297075,-5981165.462772943],[7719193.876983942,-5941811.244752127],[7630913.617442052,-5902643.093530718],[7542490.360541854,-5863649.819480465],[7453893.117569461,-5824819.935958394],[7365090.1087050205,-5786141.641720575],[7276048.756125964,-5747602.800586034],[7184214.846252535,-5713900.104193302],[7092521.447429608,-5680255.666063645],[7000994.314065827,-5646561.031432723],[6909606.325368398,-5612800.767864631],[6818330.8480909355,-5578960.132243724],[6727141.744349907,-5545025.027479786],[6636013.379165563,-5510981.963422908],[6544920.627895113,-5476818.02168577],[6453838.883706225,-5442520.824090939],[6362744.065219632,-5408078.504479438],[6271612.624431474,-5373479.683633038],[6180421.555007914,-5338713.447077677],[6089148.401027141,-5303769.325548368],[5997771.266226874,-5268637.277907169],[5906268.823798313,-5233307.676315474],[5814620.326751022,-5197771.293469836],[5722805.618856413,-5162019.291717012],[5630805.146160774,-5126043.21386877],[5538599.96904233,-5089834.975540582],[5446171.774769882,-5053386.85884045],[5353502.890503916,-5016691.507234995],[5260576.296664211,-4979741.921419612],[5167375.640571126,-4942531.456018077],[5073885.250251044,-4905053.8169346405],[4980090.148279663,-4867303.0591782695],[4885976.0655207,-4829273.584974751],[4791529.454601265,-4790960.141977516],[4696737.502950023,-4752357.821383002],[4601588.145209391,-4713462.0557506755],[4506070.0748194,-4674268.616322141],[4410172.754558299,-4634773.609627889],[4313886.425813835,-4594973.473164515],[4217202.116350078,-4554864.969919997],[4120111.646326964,-4514445.18151928],[4022607.63232511,-4473711.499758579],[3924683.4891257654,-4432661.616292829],[3826333.4289964405,-4391293.510238449],[3727552.4582362236,-4349605.433451815],[3628336.370741935,-4307595.893243731],[3528681.738366817,-4265263.632291113],[3428585.8978578513,-4222607.605509441],[3328046.9341760697,-4179626.9536533607],[3227063.6600264288,-4136320.973417974],[3125635.59144996,-4092689.0838199058],[3023762.919360846,-4048730.7886449583],[2921446.476944805,-4004445.63475818],[2818687.702872178,-3959833.1660819207],[2715488.6003194004,-3914892.873057955],[2611851.691835392,-3869624.1374207935],[2507779.970134579,-3824026.1721201516],[2403276.844945037,-3778097.9562413534],[2298346.0860881214,-3731838.164782457],[2192991.763014287,-3685245.09315583],[2105199.4170076028,-3646305.0253795814]],[[1425578.2325082533,-3646298.2107576462],[1421360.7467859085,-3630458.2315503997],[1396107.1402601672,-3537405.140309501],[1370172.1287807117,-3444888.7880407004],[1343533.207786723,-3352866.027048093],[1316166.7684876677,-3261292.770955892],[1288048.078320621,-3170124.0442992635],[1259151.2632453453,-3079314.0256015663],[1202988.6909466397,-2988760.9859336023],[1138636.2334690872,-2898312.7846454945],[1074484.920418373,-2807963.28751853],[1010535.2361897855,-2717711.8634870746],[946787.6967337838,-2627557.5684047276],[883242.8228202878,-2537499.1572547504],[819901.1157087756,-2447535.0956547167],[756763.0350421685,-2357663.5707686585],[693828.9787994856,-2267882.501726453],[631099.2651570251,-2178189.5496382965],[568574.1161203034,-2088582.127281541],[506253.6427999631,-1999057.4085279217],[444137.8322140726,-1909612.3375709024],[382226.5355074599,-1820243.6380055968],[320519.4574857523,-1730947.8218072841],[259016.14736795906,-1641721.1982488506],[197715.99066686,-1552559.8827924728],[136618.20211138995,-1463459.8059864615],[75721.81952932163,-1374416.7223943705],[15025.698612568624,-1285426.2195800373],[-45471.49150913228,-1196483.7271694348],[-105771.27195729871,-1107584.5260075731],[-165875.35712463956,-1018723.7574266713],[-225785.65709143516,-929896.4326399246],[-285504.2795013013,-841097.4422737372],[-345033.5309571479,-752321.566049981],[-404375.9179959371,-663563.4826289006],[-463534.14769884356,-574817.7796224897],[-522511.12799174315,-486078.9637875297],[-581309.9676890991,-397341.4714071221],[-639933.9763329271,-308599.6788692725],[-698386.6638771293,-219847.91345100166],[-756671.740266209,-131080.46431641508],[-814793.1149564608,-42291.593737414325],[-872754.8964267409,46524.45145412458],[-930561.3917253966,135373.4281734503],[-988217.1060994187,224261.08513963135],[-1045726.7427516846,313193.1506716085]]]},"properties":{"type":"meridian","value":-150}},
{"type":"Feature","geometry":{"type":"MultiLineString","coordinates":[[[16608138.760910928,-313193.1506716184],[16532539.10492439,-383867.7093972564],[16457163.510538602,-454309.4374399683],[16382001.208709342,-524525.4024073306],[16307040.634060727,-594522.8079546154],[16232269.413476162,-664308.9738436834],[16157674.35352766,-733891.3147901994],[16083241.426474243,-803277.3180463912],[16008955.754554184,-872474.5196538485],[15934801.592289474,-941490.4792872361],[15860762.30651242,-1010332.753594795],[15786820.353814416,-1079008.8679253997],[15712957.255105237,-1147526.2863144907],[15639153.566956954,-1215892.3795823993],[15565388.849390281,-1284114.3913782546],[15491641.629741874,-1352199.4019810006],[15417889.362228788,-1420154.28964533],[15344108.382800821,-1487985.6892552527],[15270273.858842218,-1555699.9480204815],[15196359.733250841,-1623303.077921517],[15122338.662385626,-1690800.7045773847],[15037928.623457886,-1740371.3892082607],[14950718.49947071,-1785081.2265146903],[14863313.149911216,-1829504.1184378634],[14775690.931451727,-1873666.9126484767],[14687830.6825098,-1917595.01620462],[14599711.731172733,-1961312.4586105226],[14511313.90423482,-2004841.9494959207],[14422617.537312027,-2048204.931209371],[14333603.48598535,-2091421.6266184985],[14244253.137910323,-2134511.0824085674],[14154548.425815701,-2177491.2081683367],[14064471.84129897,-2220378.8115497576],[13974006.4493111,-2263189.629785392],[13883135.903206244,-2305938.3578452845],[13791844.460216044,-2348638.6735130525],[13700116.99719069,-2391303.259659642],[13607939.026432315,-2433943.8239924507],[13515296.711428825,-2476571.116557015],[13422176.882279577,-2519194.9452688606],[13328567.050587848,-2561824.1897534314],[13234455.423579384,-2604466.813772948],[13139830.91719163,-2647129.876519742],[13044683.16786501,-2689819.543056595],[12949002.542756217,-2732541.094185009],[12852780.148083828,-2775298.9360223464],[12756007.835310021,-2818096.609568151],[12658678.204857957,-2860936.800538468],[12560784.607063923,-2903821.349744019],[12462321.14006635,-2946751.2642843327],[12363282.644341085,-2989726.7298240312],[12263664.693603732,-3032747.124210462],[12205579.391102998,-3057736.1534602707]],[[10516245.640529033,-5983721.772000773],[10479793.39495467,-5956708.657578237],[10393117.778971564,-5892659.930524707],[10306762.677201748,-5829104.057088958],[10220724.79582221,-5766036.603581942],[10134999.69449873,-5703452.915205529],[10049581.774476567,-5641348.119339246],[9964464.269094534,-5579717.131278412],[9879639.236318612,-5518554.662295399],[9795097.552884484,-5457855.229894657],[9710828.909634596,-5397613.170132799],[9626821.807635006,-5337822.651879453],[9543063.55465907,-5278477.69290045],[9459540.261629295,-5219572.177653214],[9376236.838614454,-5161099.876694128],[9293136.989986364,-5103054.467609316],[9210223.208348572,-5045429.557392827],[9127476.766858326,-4988218.706210428],[9044877.709571581,-4931415.4525015475],[8962404.839450335,-4875013.339387633],[8880035.70367978,-4819005.942370734],[8797746.575951362,-4763386.8983224435],[8715512.43537555,-4708149.935779409],[8633306.941695174,-4653288.906577889],[8551102.40647702,-4598797.818875831],[8468869.759965437,-4544670.871626285],[8386578.51328774,-4490902.4905812675],[8304196.715706989,-4437487.365919202],[8221690.906624244,-4384420.491602109],[8139026.062039595,-4331697.206580844],[8096548.330843808,-4307324.246707158],[8048320.732976903,-4292926.79087214],[7951837.093271167,-4264243.736936125],[7855300.822708084,-4235692.404084846],[7758694.520583515,-4207253.070440696],[7662001.079864984,-4178907.2922812942],[7565203.701057647,-4150637.8262079377],[7468285.905990977,-4122428.55833089],[7371231.551543407,-4094264.439851575],[7274024.8433143,-4066131.4284736286],[7176650.3492444465,-4038016.43512103],[7079093.01317829,-4009907.2754828315],[6981338.168352719,-3981792.6259406717],[6883371.550789055,-3953661.9834676925],[6785179.312556493,-3925505.6291165994],[6686748.034866964,-3897314.5947397756],[6588064.740953389,-3869080.632607215],[6489116.90867494,-3840796.1876075803],[6389892.482785508,-3812454.371735382],[6290379.886793749,-3784048.940582443],[6190568.034336165,-3755574.2715653675],[6090446.339977955,-3727025.343632608],[5990004.7293504,-3698397.7182049607],[5889233.648528144,-3669687.521112796],[5788124.072545116,-3640891.425301322],[5686667.512944468,-3612006.6340826172],[5584856.024255015,-3583030.864719787],[5482682.209285444,-3553962.332134835],[5380139.22312736,-3524799.7325374554],[5277220.775759434,-3495542.2267776346],[5173921.133147805,-3466189.4232301177],[5070235.116741984,-3436741.3600242534],[4966158.101271638,-3407198.486437976],[4861686.0107574025,-3377561.6432801294],[4756815.312658096,-3347832.042090984],[4651543.010088262,-3318011.2429964305],[4545866.632052846,-3288101.131057332],[4439784.221660562,-3258103.89096155],[4333294.322294197,-3228021.9799123527],[4226395.961733877,-3197858.0985730547],[4119088.6342491596,-3167615.1599341263],[4011372.2806963143,-3137296.2559746485],[3903247.2666794844,-3106904.6219962547],[3794714.35885686,-3076443.5985123096],[3688339.8977394034,-3045918.0226371796],[3586211.7580086514,-3015343.168287873],[3484522.4115013247,-2984719.044099758],[3383264.4128620466,-2954040.724495036],[3282429.692540769,-2923302.32007133],[3182009.56474724,-2892496.9423869033],[3081994.7367745773,-2861616.666377202],[2982375.3195376247,-2830652.4899648735],[2883140.839174696,-2799594.290396023],[2784280.2495652665,-2768430.776802848],[2685781.945621856,-2737149.438456577],[2587633.7772210836,-2705736.488134376],[2489823.063646423,-2674176.799978753],[2392336.608423685,-2642453.84117735],[2295160.714439549,-2610549.596734038],[2198281.199242854,-2578444.4865382896],[2101683.4104385865,-2546117.2738675782],[2056210.2282636107,-2525139.4409006364],[2017459.5269597496,-2492487.4633159386],[1940010.5586429015,-2426895.784154577],[1862607.9562956654,-2360918.9703586977],[1785225.0292716976,-2294554.8075443646],[1707836.806644933,-2227800.6681248136],[1630419.968023697,-2160653.5701877214],[1552952.7816500124,-2093110.2321548439],[1475415.0490054965,-2025167.1235486323],[1397788.0551954692,-1956820.512147695],[1320054.5244270333,-1888066.507774162],[1242198.579936141,-1818901.1029209108],[1164205.7077531128,-1749320.2103946207],[1086062.7237270758,-1679319.69812216],[1007757.7432574037,-1608895.4212422655],[929280.1532054908,-1538043.2515818807],[850620.5854835326,-1466759.1045970477],[768651.4541855843,-1389618.1759837617],[686585.4411720327,-1312158.391314312],[604800.5291941143,-1235027.2714325406],[523300.089979755,-1158223.8311048306],[442087.19501455536,-1081746.7910094466],[361164.5678522682,-1005594.5744006147],[280534.5397622322,-929765.3042477797],[200199.0086535756,-854256.8009859681],[120159.40119758644,-779066.5809936866],[40416.63805175066,-704191.8558963981],[-39028.89792868236,-629629.5327766021],[-118177.3906225681,-555376.2153556669],[-197029.61686519507,-481428.2061985071],[-275586.9701229001,-407781.5099792625],[-353851.48179562687,-334431.83783508977],[-431825.84033550526,-261374.612825557],[-509513.40838073427,-188604.9765072463],[-586918.2381139534,-116117.7966268235],[-664045.0850628689,-43907.675931090715],[-740899.4205684253,28031.037910459632],[-817487.4431520549,99704.24127684983],[-893816.0890190514,171118.06246670673],[-969893.0419394241,242278.84847416592],[-1045726.7427516846,313193.1506716085]]]},"properties":{"type":"meridian","value":-135}},
{"type":"Feature","geometry":{"type":"LineString","coordinates":[[16608138.760910928,-313193.1506716184],[16519442.222783936,-360767.020625242],[16431005.034823978,-407880.9570398903],[16342808.746702287,-454541.4554080798],[16254833.80971398,-500755.14001666015],[16167059.587037923,-546528.7487741718],[16079464.362650273,-591869.1177318258],[15992025.348665696,-636783.1654460373],[15904718.69090669,-681277.877319227],[15817519.472528309,-725360.2900459985],[15730401.71555262,-769037.4762834103],[15643338.380194338,-812316.5296573506],[15556301.361886322,-855204.5502121027],[15469261.48594196,-897708.6304073707],[15382188.499819871,-939835.8417662483],[15295051.062986743,-981593.2222794058],[15207816.734405521,-1022987.7646749816],[15120451.957710233,-1064026.4056710722],[15032922.044165205,-1104716.0163376937],[14945191.153546471,-1145063.3937092123],[14857222.273127684,-1185075.2538053542],[14764058.08761222,-1216166.4151199334],[14666920.280108599,-1240165.4359581117],[14569901.520296557,-1264166.5053631118],[14472981.794496845,-1288186.0982949687],[14376141.265968252,-1312239.7050811944],[14279360.293974314,-1336341.897683955],[14182619.452217683,-1360506.3900421578],[14085899.546731535,-1384746.0929742705],[13989181.633309985,-1409073.1640872678],[13892447.034552576,-1433499.0531007894],[13795677.356589714,-1458034.5429632764],[13698854.505548174,-1482689.7871080916],[13601960.703807214,-1507474.3431717954],[13504978.506087419,-1532397.2034743386],[13407890.815405179,-1557466.8225407363],[13310680.898916818,-1582691.1419263831],[13213332.403666869,-1608077.612592882],[13115829.372245593,-1633633.2150680204],[13018156.258350857,-1659364.4776123927],[12920297.94223994,-1685277.4926054073],[12822239.746046752,-1711377.9313556792],[12723967.448929984,-1737671.057534174],[12625467.302007735,-1764161.7394233393],[12526726.043024516,-1790854.4611715246],[12427730.910686404,-1817753.3332390615],[12328469.658591105,-1844862.1022203765],[12228930.568670262,-1872184.160225642],[12129102.464052662,-1899722.5540048215],[12028974.721249096,-1927479.9939975622],[11928537.281551821,-1955458.8634929687],[11827780.661535224,-1983661.2280847684],[11726695.962538395,-2012088.845608705],[11625274.879005775,-2040743.1767510634],[11523509.705558604,-2069625.3965190512],[11421393.342667952,-2098736.4067658954],[11318919.300799515,-2128076.849965429],[11216081.70290164,-2157647.1244331957],[11112875.28511079,-2187447.401192593],[11009295.395553673,-2217477.642686834],[10905337.991131848,-2247737.623538605],[10800999.632183682,-2278226.9535611523],[10696277.474929186,-2308945.1032258314],[10591169.261616653,-2339891.431792261],[10485673.3083049,-2371065.2183090225],[10379788.490232294,-2402465.695694091],[10273514.224742852,-2434092.088106167],[10166850.45176082,-2465943.651820689],[10059797.611827793,-2498019.719827228],[9952356.621740634,-2530319.750369353],[9844528.847854,-2562843.37965366],[9736316.07713757,-2595590.478961798],[9627720.486105239,-2628561.2164087673],[9518744.607760947,-2661756.1236026976],[9409391.29673324,-2695176.167476125],[9299663.692797525,-2728822.827577335],[9189565.183011483,-2762698.1791327707],[9079099.362713885,-2796804.9822187787],[8968269.995660981,-2831146.7774134763],[8871738.11255889,-2840156.964868321],[8777121.545091739,-2844943.0872261114],[8678186.510256398,-2841360.8739666888],[8566297.71168518,-2814864.3246818283],[8454715.32828606,-2788560.88542588],[8343442.662739187,-2762447.114410746],[8232482.79408794,-2736520.3101512017],[8121838.553015984,-2710778.4263953716],[8011512.497683273,-2685219.9931647573],[7901506.890288395,-2659844.0434648176],[7791823.674511522,-2634650.045271112],[7682464.453978525,-2609637.838433705],[7573430.4718718175,-2584807.57617481],[7464722.591798552,-2560159.670882073],[7356341.280011006,-2535694.743922898],[7248286.589058636,-2511413.57922522],[7140558.142935531,-2487317.0803864035],[7033155.123771752,-2463406.231086003],[6926076.26010239,-2439682.05858984],[6819319.816733688,-2416145.600142622],[6712883.586212391,-2392797.872054577],[6606764.881891576,-2369639.841294674],[6500960.532574842,-2346672.3994086157],[6395466.87870987,-2323896.338584994],[6290279.770093073,-2301312.3296972425],[6185394.5650384845,-2278920.9021526235],[6080806.130956957,-2256722.4253828246],[5976508.846285694,-2234717.091813604],[5872496.603703131,-2212904.901153341],[5768762.814560622,-2191285.6458428376],[5665300.414459519,-2169858.897510474],[5562101.869900869,-2148623.9942789604],[5459159.185934006,-2127580.0287711653],[5356463.914730992,-2106725.836664126],[5254007.165014671,-2086059.9856412073],[5151779.612270214,-2065580.7645932967],[5049771.509672627,-2045286.172920244],[4947972.699665934,-2025173.9097838616],[4846372.626133438,-2005241.363163311],[4744960.347102916,-1985485.5985628127],[4643724.547935011,-1965903.3472200884],[4542653.554948271,-1946490.9936617159],[4441735.349439244,-1927244.562448644],[4340957.582061707,-1908159.7039513187],[4240307.587534308,-1889231.6789891664],[4139772.3996518105,-1870455.3421632687],[4039338.7665803293,-1851825.123704279],[3938993.1664229194,-1833335.0096490725],[3838721.8230469255,-1814978.5201502074],[3738510.722170114,-1796748.685710576],[3638345.6277077002,-1778638.0211226756],[3538212.0983872125,-1760638.4968766705],[3438095.504643093,-1742741.5077839447],[3337981.0458071018,-1724937.8385429813],[3237853.767615006,-1707217.6259515616],[3137698.5800535968,-1689570.3174435098],[3037500.2755756737,-1671984.6255985657],[2937243.5477135917,-1654448.4782407444],[2836913.0101245665,-1636948.9637024358],[2736493.216103107,-1619472.2707884319],[2635968.678597519,-1602003.622925339],[2544060.599701609,-1569463.968226882],[2455615.9858431006,-1530901.3303921768],[2367384.02004976,-1491881.86588471],[2279325.5093806568,-1452401.0706705002],[2191402.5990164843,-1412454.2065475946],[2103578.750628109,-1372036.3185857406],[2015818.7233941704,-1331142.2537476849],[1928088.5578431683,-1289766.680527377],[1840355.5626426202,-1247904.1094581196],[1752588.3044091032,-1205548.9143566503],[1664756.6005683574,-1162695.3541776473],[1576831.5152525112,-1119337.5953577042],[1488785.3581815471,-1075469.734528568],[1400591.6864378136,-1031085.821476961],[1312225.3090047485,-986179.8822227967],[1223662.2939042856,-940745.9420791889],[1134879.9777308658,-894778.0485470337],[1045856.9773434392,-848270.2938838558],[956573.2034408256,-801216.8371718527],[867009.8757093122,-753611.9256936301],[777149.539195715,-705449.9154064239],[686976.0815235025,-656725.2902870673],[596474.7505352271,-607432.6803008347],[505632.1719111614,-557566.8777282181],[414436.36628274515,-507122.85156477464],[322876.76533059165,-456095.75969138264],[230872.96635796185,-404357.3428264895],[137251.15930176308,-349762.9943131576],[44025.35512247415,-295699.8357704151],[-48806.44079995381,-242164.1362057592],[-141247.42166310194,-189151.96822561417],[-233301.98696851128,-136659.19652624594],[-324975.7462006243,-84681.4699690777],[-416275.51890363666,-33214.21696561555],[-507209.3316092932,17747.3561056882],[-597786.4120706157,68208.26372809587],[-688017.181253123,118173.73759488261],[-777913.243527239,167649.22074541525],[-867487.3754936774,216640.35974911423],[-956753.5138579076,265152.9951872969],[-1045726.7427516846,313193.1506716085]]},"properties":{"type":"meridian","value":-120}},
{"type":"Feature","geometry":{"type":"LineString","coordinates":[[16608138.760910928,-313193.1506716184],[16512368.209032612,-334470.0006503845],[16416830.518736457,-355181.13773954846],[16321500.064722791,-375329.71850483085],[16226350.491425026,-394918.94760778133],[16131354.753178302,-413952.0646990915],[16036485.152855452,-432432.33309147763],[15941713.379091164,-450363.03037323675],[15847010.542249879,-467747.4411184741],[15752347.20932564,-484588.85184734914],[15657693.43799291,-500890.5483900238],[15563018.810056975,-516655.81581103266],[15468292.464580558,-531887.9410560391],[15373483.1309902,-546590.2184910324],[15278559.162491882,-560765.95851393],[15183488.570150223,-574418.4994306578],[15088239.058009595,-587551.2228020981],[14992778.059658522,-600167.5724838638],[14897072.776660547,-612271.0775983287],[14801090.219295627,-623865.3796970941],[14704797.25007493,-634954.2643917378],[14608160.630509553,-645541.697751405],[14511147.071627969,-655631.8677868713],[14409859.222440783,-658302.9067871539],[14308496.24094366,-660544.7903400946],[14207470.538097862,-663108.5712926275],[14106763.37222545,-666001.1398498863],[14006355.604962507,-669228.8845448127],[13906227.74447043,-672797.7333429611],[13806359.987158462,-676713.1917197052],[13706732.257948074,-680980.3778337858],[13607324.249126833,-685604.054915605],[13508115.45785382,-690588.6609837533],[13409085.222391332,-695938.3359986154],[13310212.757147582,-701656.9465578434],[13211477.18662403,-707748.1082344392],[13112857.578367,-714215.2056547196],[13014332.975028448,-721061.4104101339],[12915882.425644016,-728289.6968937923],[12817485.016237829,-735902.8561499998],[12719119.899864359,-743903.5078227522],[12620766.326196129,-752294.1102871551],[12522403.670763865,-761076.9690464138],[12424011.463952174,-770254.243475932],[12325569.41984883,-779827.9519958082],[12227057.465039948,-789799.9757531654],[12128455.767436076,-800172.0608966248],[12029744.765206046,-810945.8195270346],[11930905.195886085,-822122.7294107862],[11831918.125721086,-833704.1325455765],[11732764.979283532,-845691.2326724961],[11633427.569402691,-858085.09183363],[11533888.12742311,-870886.6260804236],[11434129.333796479,-884096.6004454854],[11334134.34899513,-897715.6232986335],[11233886.84471862,-911744.1402175764],[11133371.035346903,-926182.4275143198],[11032571.709575176,-941030.5855700102],[10931474.26214586,-956288.532144133],[10830064.725573296,-971955.9958380013],[10728329.801736232,-988032.5099079715],[10626256.893192273,-1004517.4066403237],[10523834.134047832,-1021409.8125174554],[10421050.420196364,-1038708.6444239169],[10317895.438717388,-1056412.6071607159],[10214359.69620989,-1074520.1925574392],[10110434.545814965,-1093029.680493776],[10006112.21266641,-1111939.1421651868],[9904333.058178663,-1126170.1990335053],[9807063.68198759,-1132547.790300144],[9710164.979687357,-1138246.9612072986],[9613602.018365754,-1143268.3550870111],[9517339.382364148,-1147612.6481808363],[9421341.242743604,-1151280.5119997512],[9325571.422177782,-1154272.5803395016],[9229993.455782732,-1156589.4208586074],[9134570.648417609,-1158231.51112836],[9039266.129009191,-1159199.2190704453],[8944042.902466735,-1159492.7877066138],[8848863.899763431,-1159112.324156299],[8753692.026767282,-1158057.7928311317],[8658490.212407164,-1156329.0127896583],[8563221.456760757,-1153925.6592303775],[8467848.879648887,-1150847.2691165607],[8372335.770316374,-1147093.2509408689],[8276645.638772301,-1142662.8986517221],[8180742.269352545,-1137555.4097758236],[8084589.777053819,-1131769.9077816168],[7988152.667171146,-1125305.4687366858],[7891395.898748687,-1118161.1523165905],[7794284.952326352,-1110336.0372241468],[7696718.509692089,-1101712.516611483],[7592303.722739111,-1081086.4594420642],[7488296.416773501,-1060871.1251334883],[7384689.649376234,-1041068.1870084972],[7281475.561452578,-1021679.1271258652],[7178645.400804979,-1002705.2294286184],[7076189.547616797,-984147.5756094875],[6974097.54155985,-966007.0433218887],[6872358.110253986,-948284.30638903],[6770959.198824111,-930979.8366878569],[6669888.0003189165,-914093.9074068777],[6569130.9867758155,-897626.5973986414],[6468673.940737505,-881577.7963680548],[6368501.987047109,-865947.2106570384],[6268599.624770676,-850734.3694042587],[6168950.759117528,-835938.6308756061],[6069538.7332502995,-821559.1887767534],[5970346.359897664,-807595.0783738071],[5871355.952702954,-794045.1822610765],[5772549.357261544,-780908.2356271341],[5673907.981818622,-768182.8308810116],[5575412.82761668,-755867.4215097912],[5477044.518898924,-743960.3250473178],[5378783.332590498,-732459.7250406196],[5280609.22769405,-721363.6719067851],[5182501.8744498305,-710670.0825778027],[5084440.683322901,-700376.7388346661],[4986404.833891438,-690481.2842348904],[4888373.303720284,-680981.2195394618],[4790324.897313256,-671873.8965461052],[4692238.275245306,-663156.5102360101],[4594091.983583039,-654826.0891404214],[4495864.483707042,-646879.4838322027],[4397534.1826548,-639313.3534453897],[4299079.464105241,-632124.1501231805],[4200478.720128626,-625308.101291598],[4101710.383825425,-618861.1896522939],[4002752.962977101,-612779.13078396],[3903585.074828952,-607057.3482369989],[3804185.482120999,-601690.946001193],[3704533.130476613,-596674.6782206964],[3604607.18725067,-592002.9160247303],[3504387.0819284813,-587669.6113361121],[3403852.5481546307,-583668.2575129581],[3302983.667455644,-579991.8466714327],[3201760.9147030097,-576632.8235293857],[3104444.0906912647,-566437.1010710384],[3007661.4496365017,-555498.1093335465],[2911226.951150816,-544077.4145315962],[2815108.0702868076,-532170.5942512683],[2719272.368508543,-519773.4431141989],[2623687.540186106,-506881.9345610481],[2528321.4558403436,-493492.1874104041],[2433142.2025941564,-479600.43689129583],[2338118.122271329,-465203.009867849],[2243217.84756617,-450296.30399427173],[2148410.3366882657,-434876.7705566947],[2053664.9068660054,-418940.90077576094],[1958951.2670711428,-402485.21535947704],[1864239.5503039858,-385506.25711005036],[1769500.3457554523,-368000.5864006229],[1674704.7311377246,-349964.77934818063],[1579824.305449983,-331395.4285171694],[1484831.2224192,-312289.14599421463],[1389698.2248283247,-292642.5686781896],[1294398.6799152333,-272452.3656308408],[1198906.6159953913,-251715.2473319403],[1103196.7604288328,-230427.97667877018],[1007244.5790181985,-208587.38156297972],[911026.3168885309,-186190.36884812312],[814519.0408613023,-163233.93955866928],[717700.6832949329,-139715.20507568444],[620550.0873213614,-115631.40411593796],[523047.0533635,-90979.92024971165],[425172.386771447,-65758.29968823068],[326907.94636637514,-39964.26904435921],[228236.69363059656,-13595.752740322934],[129142.7422303046,13349.110296319182],[29611.407505010713,40871.95104207571],[-70186.93592430632,68683.40866184403],[-169502.8917467885,95768.42640349014],[-268379.8740748393,122262.58199439163],[-366833.6531191272,148167.58007678654],[-464881.2126705789,173485.35685526612],[-562540.6972011382,198218.06145234834],[-659831.3592960706,222368.03645422953],[-756773.5077698068,245937.7980322711],[-853388.4567606187,268930.0159897154],[-949698.476044066,291347.49404988834],[-1045726.7427516846,313193.1506716085]]},"properties":{"type":"meridian","value":-105}},
{"type":"Feature","geometry":{"type":"LineString","coordinates":[[16608138.760910928,-313193.1506716184],[16511801.46860334,-306779.0482975366],[16415616.873541262,-299842.8734650725],[16319555.52577678,-292382.44951040146],[16223588.065792417,-284395.65377549076],[16127685.263712265,-275880.4042519587],[16031818.057561412,-266834.6492311117],[15935957.590883419,-257256.35984065235],[15840075.250015404,-247143.52535531257],[15744142.701308139,-236494.15117453923],[15648131.928565092,-225306.25936521258],[15552015.27095835,-213577.89167085625],[15455765.46166231,-201307.1148909597],[15359355.66742653,-188492.02853445988],[15262759.529287567,-175130.774649946],[15165951.2045963,-161221.54973173133],[15068905.410510983,-146762.61859519442],[14971597.469077662,-131752.33010671556],[14874003.353988444,-116189.13464281558],[14776099.739073869,-100071.60313966982],[14677864.04854812,-83398.44757803268],[14579274.508985823,-66168.54272908655],[14480310.202965183,-48380.948964725736],[14380951.124265824,-30034.93590992538],[14281178.234459305,-11130.00668662917],[14180973.520678012,8334.077533626149],[14080400.908099217,28237.885012535833],[13980151.94070311,47688.95045343503],[13880341.349872835,66575.65359435367],[13780951.001896167,84898.18051966626],[13681961.718605123,102656.98297523601],[13583353.336728662,119852.75264718581],[13485104.765998006,136486.39578383212],[13387194.045782406,152559.00844816002],[13289598.400088105,168071.85265523748],[13192294.290804887,183026.33361940485],[13095257.469133317,197423.9783096556],[12998463.02517055,211266.41548851161],[12901885.435674604,224555.357389717],[12805498.610065162,237292.5831733926],[12709275.934754595,249479.9242831966],[12613190.315934585,261119.2518192823],[12517214.220973622,272212.46603216726],[12421319.718606949,282761.4880370448],[12325478.51812489,292768.25384416955],[12229662.00778751,302234.710799763],[12133841.292713128,311162.81653210666],[12037987.232506208,319554.540499725],[11942070.478905892,327411.8682422644],[11846061.513750626,334736.8084394585],[11749930.6875666,341531.40288979205],[11653648.259098079,347797.73952719796],[11557184.436106352,353537.9686017236],[11460509.417770445,358754.3221579333],[11363593.439026954,363449.1369528862],[11266406.817188025,367624.8809633297],[11168920.001175333,371284.18363935873],[11071103.62370333,374429.87006846257],[10972928.556736944,377064.9992195816],[10874365.970536012,379192.9064415148],[10774486.716591597,379218.4293576712],[10673201.144737696,376614.969875926],[10572303.951748813,374416.1990692404],[10471775.432243437,372627.0854504435],[10371595.321089245,371252.1649682328],[10271742.84549561,370295.58008772077],[10172196.775257634,369761.11628600565],[10072935.471155215,369652.23599072214],[9973936.931538226,369972.1099954757],[9875178.837153105,370723.6463910906],[9776638.594287716,371909.51705571637],[9678293.37632949,373532.1817501285],[9580120.163847635,375593.90986715356],[9482095.783323266,378096.79988568666],[9384196.944661932,381042.79658121115],[9286400.277631588,384433.7060450789],[9188682.367375098,388271.20856522396],[9091019.78915107,392556.86942078196],[8993389.142459093,397292.147642943],[8895767.084706236,402478.4027939163],[8798130.364570845,408116.89981594065],[8700455.855217103,414208.8120019717],[8602720.58750959,420755.22214021895],[8504901.783371696,427757.12188541575],[8406976.889424177,435215.4094110963],[8308923.611031699,443130.8853991854],[8210719.946874577,451504.24742623477],[8112344.224151115,460336.0828092614],[8013775.134502121,469626.8599793865],[7914991.770733907,479376.9184572003],[7815973.66439878,489586.4575114096],[7716700.8242731355,500255.523590944],[7617153.775752327,511383.99663090653],[7517313.601158807,522971.57534454827],[7417161.980935338,535017.7616268033],[7316681.235668685,547521.8442099299],[7215854.368860796,560482.8817286495],[7114665.110334661,573899.6853705177],[7013097.9601303935,587770.8013075808],[6911138.232714297,602094.4931272165],[6808772.10128971,616868.7245036159],[6705986.641963803,632091.1423764902],[6606793.302335351,640978.4983918063],[6508423.672700203,648561.0741161519],[6410447.455669663,655536.6635513939],[6312835.5047761435,661904.9466959928],[6215558.076651134,667665.7696710998],[6118584.898445885,672819.1066839764],[6021885.231434919,677365.0255847172],[5925427.9310647845,681303.6569972828],[5829181.50374457,684635.1669965191],[5733114.160703375,687359.7332968861],[5637193.869263406,689477.5249158528],[5541388.401896434,690988.6852747485],[5445665.383446514,691893.3187021292],[5349992.336913382,692191.4803085673],[5254336.7281995425,691883.1692073593],[5158666.010229752,690968.3250620407],[5062947.666854555,689446.8279489101],[4967149.256950299,687318.5015302127],[4871238.459126154,684583.1195411235],[4775183.117444314,681240.4156007764],[4678951.288552725,677290.0963638355],[4582511.290619993,672731.8580342411],[4485831.754449198,667565.406266395],[4388881.677131098,661790.479480666],[4291630.478577048,655406.8756195199],[4194048.061247115,648414.4823670562],[4096104.8733594483,640813.3108482701],[3997771.9758315478,632603.5328141504],[3899021.113162607,623785.5213044512],[3796549.40450555,608487.4506984322],[3694152.911520086,593040.4269144833],[3592167.4675768884,578048.5166013325],[3490579.503158515,563513.6492077644],[3389374.566623377,549437.456341173],[3288537.3685181537,535821.2884110017],[3188051.825877572,522666.2316525473],[3087901.106285587,509973.1252745306],[2988067.6715067653,497742.5784983492],[2888533.3205301953,485974.98727985844],[2789279.2319007004,474670.5505257228],[2690286.005243089,463829.28563574376],[2591533.7019144036,453451.0432202357],[2493001.8847466554,443535.52085740294],[2394669.656868274,434082.2757697693],[2296515.699616175,425090.7363112384],[2198518.3095723735,416560.2121670931],[2100655.4347789693,408489.90317870746],[2002904.7102037193,400878.90671240253],[1905243.492544539,393726.2234985386],[1807648.8944762133,387030.76187207847],[1710097.8184553531,380791.3403499747],[1612566.9902109886,375006.688483833],[1515032.9920579775,369675.4459284949],[1417472.2961784436,364796.15966848884],[1319861.2980230874,360367.279345088],[1222176.3499892128,356387.1506268899],[1124393.7955357432,352854.0065665957],[1026490.0038973815,349765.9568861329],[928441.4055601776,347120.97513168055],[830224.5286592173,344916.88363934256],[731816.0364557637,343151.336251762],[633192.7660457126,341821.79872546816],[534331.768443825,340925.5267687824],[435210.35017844377,340459.54165057983],[335806.1165192044,340420.6033210907],[236097.01644557287,340805.1809877446],[136061.38944643774,341609.4210913542],[35678.01422044851,342829.1126312722],[-65073.84067674297,344459.6497922722],[-166214.36421935543,346495.9918307819],[-266001.2614534023,346006.5777447544],[-364616.93470841274,343677.195205473],[-462846.33077460533,340847.8000421896],[-560717.9905313218,337514.8965917106],[-658260.7512274169,333675.2750871537],[-755503.6880030433,329325.9690536759],[-852476.0589347867,324464.21693068906],[-949207.253300986,319087.42774597334],[-1045726.7427516846,313193.1506716085]]},"properties":{"type":"meridian","value":-90}},
{"type":"Feature","geometry":{"type":"LineString","coordinates":[[16608138.760910928,-313193.1506716184],[16517788.489040194,-279576.6019851263],[16427479.341262432,-245619.70622538563],[16337182.853255792,-211314.7327288896],[16246871.319771942,-176654.09285248243],[16156517.802163823,-141630.3363439064],[16066096.136902664,-106236.14956896254],[15975580.945174469,-70464.35541854355],[15884947.643617757,-34307.91472502196],[15794172.456237452,2240.070978474586],[15703232.427502269,39186.35552033251],[15612105.436606212,76537.54313926223],[15520770.212847894,114300.0826863168],[15429206.352054099,152480.26115127924],[15337394.333947271,191084.19668993592],[15245315.540328944,230117.83133627707],[15152952.273924131,269586.9235924182],[15060287.777703999,309497.0410989425],[14967306.254477387,349853.5535996915],[14873992.886514477,390661.6264269924],[14780333.854940094,431926.2147460592],[14686316.358608507,473652.05881046277],[14591928.632147862,515843.68049404945],[14497159.962839859,558505.3813778028],[14402000.705980266,601641.2426831815],[14306442.29834823,645255.1273555226],[14210477.269398043,689350.6846123574],[14114099.24977637,733931.3572812612],[14017302.976761369,779000.3922599901],[13920084.296218801,824560.8544377886],[13822440.160673412,870615.6444207417],[13724368.623103695,917167.5204052744],[13625868.82608338,964219.1245424725],[13527771.5149418,1010337.6659235684],[13433835.989798948,1049152.71503617],[13340264.967712224,1087293.5703624117],[13247037.380239282,1124764.7305929086],[13154130.673676495,1161570.8027678304],[13061520.853527043,1197716.472699499],[12969182.526962733,1233206.475135347],[12877088.94293959,1268045.5639911098],[12785212.029696269,1302238.4829529987],[12693522.429431286,1335789.9367207706],[12601989.53002052,1368704.5631403395],[12510581.493700042,1400986.906456212],[12419265.282701358,1432641.3918999527],[12328006.681887353,1463672.301821799],[12236770.318497349,1494083.7535685226],[12145519.679170057,1523879.6793117097],[12054217.124474175,1553063.8080372184],[11962823.901238488,1581639.6499186482],[11871300.153037865,1609610.483315574],[11779604.929259088,1636979.3446612097],[11687696.193242107,1663749.0215342417],[11595530.830068544,1689922.049246344],[11494171.559584288,1700038.9514760554],[11389872.67430714,1704839.9408517475],[11285763.11395762,1709766.2323483385],[11181832.044301393,1714827.0028482552],[11078068.39979849,1720030.83532825],[10974460.904447727,1725385.7561640397],[10870998.09249355,1730899.2695400384],[10767668.328972952,1736578.389195254],[10664459.830084665,1742429.6677122847],[10561360.683367046,1748459.2235354641],[10458358.86767496,1754672.7658861496],[10355442.272949094,1761075.6177276042],[10252598.719774252,1767672.7369183942],[10149815.978725484,1774468.7356817888],[10047081.78950291,1781467.8985084938],[9944383.879857708,1788674.198601697],[9841709.984312726,1796091.3129659537],[9739047.862682004,1803722.636235381],[9636385.318393521,1811571.2933313383],[9533710.216619657,1819640.151035548],[9431010.502218777,1827931.828561017],[9328274.217490988,1836448.7072003991],[9225489.519749349,1845192.9391292427],[9122644.69870631,1854166.4554401112],[9019728.193673203,1863370.9734825352],[8916728.610568192,1872808.0035834038],[8813634.738725584,1882478.855222342],[8710435.5674964,1892384.6427372943],[8607120.302627245,1902526.2906363665],[8503678.382400928,1912904.538593475],[8400099.493519101,1923519.9462070826],[8296373.586703331,1934372.897603515],[8192490.891987506,1945463.6059690136],[8088441.933670625,1956792.118097519],[7984217.544895325,1968358.3190445784],[7879808.881813583,1980161.936981524],[7775207.437297797,1992202.5483480794],[7670405.054151413,2004479.5834060055],[7565393.937770534,2016992.332301336],[7460166.668204377,2029739.9517479062],[7354716.2115602065,2042721.4724505919],[7249035.930695701,2055935.8073928382],[7143119.595139922,2069381.7611196176],[7036961.390182752,2083058.0401542073],[6930555.925071727,2096963.2646948684],[6823898.240254993,2111095.9817460557],[6716983.813609746,2125454.6798480353],[6609808.56559655,2140037.8055789093],[6502368.863281989,2154843.782014392],[6394661.523175049,2169871.029343079],[6286683.812826004,2185117.987849024],[6178433.451141391,2200583.1434890227],[6069908.607373944,2216265.0563099035],[5961107.898752557,2232162.39197121],[5852030.386724682,2248273.9566618176],[5744366.410408382,2261669.1859678607],[5649837.514616903,2251940.599461057],[5555492.142868085,2241388.2608071216],[5461279.635569774,2230012.4987305063],[5367149.935244792,2217813.197446242],[5273053.631395265,2204789.800087417],[5178942.005349842,2190941.318334155],[5084767.076230707,2176266.3479990344],[4990481.649108596,2160763.090373637],[4896039.366346472,2144429.3791838344],[4801394.763064848,2127262.7130372557],[4700720.615586687,2099247.365478658],[4594450.746980328,2061195.4401573492],[4488585.9295855,2023499.1322086987],[4383129.077081855,1986156.8671370682],[4278082.517872714,1949167.3759704325],[4173447.958900704,1912529.6274972726],[4069226.453205742,1876242.7665235605],[3965418.371253908,1840306.0578194011],[3862023.3760277857,1804718.8354324773],[3759040.401833714,1769480.4570510862],[3656467.63674872,1734590.2631046379],[3554302.5086009786,1700047.540293807],[3452541.6743516237,1665851.4892465482],[3351181.012723456,1632001.1960004074],[3250215.6199033787,1598495.6070157522],[3149639.8081301,1565333.5074292354],[3049447.1069670357,1532513.5022619017],[2949630.267051973,1500034.0003018086],[2850181.266109897,1467893.2003871903],[2751091.317013393,1436089.079822626],[2652350.87767568,1404619.3846676063],[2553949.6625646553,1373481.6216441656],[2455876.6556318207,1342673.0514177375],[2358120.124457728,1312190.6830129868],[2260667.635424819,1282031.2691340912],[2163506.0697395834,1252191.3021664286],[2066621.6401381188,1222667.0106439614],[1969999.9081224704,1193454.3559736186],[1873625.801589206,1164549.0292144124],[1777483.6327264274,1135946.4477149933],[1681557.1160706873,1107641.7514184809],[1585829.3866307691,1079629.7986478682],[1490283.0180009624,1051905.1611886907],[1394900.0404023959,1024462.1184881475],[1299661.9586065686,997294.6507911843],[1204549.769711029,970396.4310341466],[1109543.9807526183,943760.8153155216],[1014624.6261590351,917380.8317606824],[919771.2850545853,891249.1675935995],[824963.0984508772,865358.1542229648],[730178.7863679162,839699.7501429497],[635396.6649453104,814265.5214400796],[540594.6636177876,789046.6196868924],[445750.3424428406,764033.7569906249],[350840.90968238196,739217.1779505595],[255843.2397536698,714586.6282610131],[160733.89167820298,690131.3196781543],[65489.12817038767,665839.8910475781],[-29915.064479321394,641700.3650660036],[-125502.95555941648,617700.1004241572],[-221299.0479509158,593825.7389489372],[-317328.0548079218,570063.147331028],[-409575.76284654037,539662.2003666837],[-501073.40907992976,508197.89139076974],[-592309.9204165731,476452.11306227185],[-683318.9143516935,444415.8406642304],[-774133.2881771444,412080.28621778946],[-864785.2132952138,379436.87584908196],[-955306.1300494937,346477.2306403191],[-1045726.7427516846,313193.1506716085]]},"properties":{"type":"meridian","value":-75}},
{"type":"Feature","geometry":{"type":"MultiLineString","coordinates":[[[16608138.760910928,-313193.1506716184],[16529932.47280259,-254698.026446672],[16451654.30537724,-196134.16568497478],[16373281.140402932,-137489.8968171724],[16294790.69130484,-78753.67945301393],[16216161.486139972,-19914.122487625842],[16137372.853174401,39039.998497107066],[16058404.908886509,98119.72444914613],[15979238.548217744,157335.89660885735],[15899855.43688845,216699.1407596456],[15820238.005592328,276219.8519230673],[15740369.445877474,335908.17946796387],[15660233.70751561,395774.0126166329],[15579815.497154405,455826.9663435799],[15499100.278039444,516076.36767470045],[15418074.270584403,576531.2424066971],[15336724.453558903,637200.3022777804],[15255038.565654261,698091.932631554],[15173005.107178172,759214.1806261276],[15090613.34162,820574.7440498404],[15007853.296819312,882180.9608137939],[14924715.765462045,944039.799198816],[14841192.304620821,1006157.848941207],[14757275.234049464,1068541.313246936],[14672957.632936444,1131196.0018278765],[14588233.334818117,1194127.3250563317],[14503096.920351036,1257340.289334703],[14417543.707642544,1320839.4937761957],[14331569.739841677,1384629.1282895743],[14245171.769697456,1448712.9731556056],[14158347.240799528,1513094.4001757354],[14071094.265226936,1577776.3754636673],[13983411.597344538,1642761.463938438],[13895298.603503294,1708051.835563008],[13806755.227420606,1773649.2733551823],[13717781.95103918,1839555.183178225],[13628379.750688646,1905770.6052963166],[13538550.048401816,1972296.2276556871],[13448294.658267578,2039132.4008257564],[13357615.727734122,2106279.1545056114],[13266515.673809627,2173736.2154710344],[13174997.114141129,2241503.026804711],[13083062.7929868,2309578.7682191613],[12990715.502130426,2377962.3772469214],[12897957.996819742,2446652.5710376194],[12804792.906841379,2515647.868465504],[12711222.642873889,2584946.6122151674],[12617249.29828615,2654546.9904776807],[12527619.79437377,2716211.24357172],[12442608.62522231,2769343.652684709],[12357633.57764112,2821808.2516236347],[12272657.586294005,2873606.228979057],[12170592.155119305,2895448.418579466],[12064498.586148296,2910472.067021427],[11958242.465330223,2925404.8908690186],[11851818.035399098,2940255.1561498484],[11745219.791245885,2955030.258961249],[11638442.486120269,2969736.7832106124],[11531481.137374101,2984380.5534564364],[11424331.031725824,2998966.683418802],[11316987.730025738,3013499.62066485],[11209447.071502477,3027983.187919841],[11101705.177472271,3042420.621406176],[10993758.45449341,3056814.606570374],[10881921.469842238,3071166.5241572643],[10770015.99872882,3085475.8523080675],[10658309.852897625,3099742.0507025267],[10546804.409672154,3113964.367884019],[10435500.83605592,3128141.8692232133],[10324400.08188063,3142273.4656136255],[10213502.873258559,3156357.940677588],[10102809.706378639,3170393.9765813565],[9992320.841682976,3184380.178551011],[9882036.298457472,3198315.0981749035],[9771955.849867068,3212197.2555736913],[9662079.018462896,3226025.1605150844],[9552405.07218523,3239797.332547337],[9442933.020882815,3253512.320223325],[9333661.613365809,3267168.719485244],[9224589.335006107,3280765.191278977],[9115714.405895768,3294300.4784665974],[9007034.779570917,3307773.422105365],[8898548.142305562,3321182.977161949],[8790251.91297686,3334528.2277313243],[8682143.24350063,3347808.4018309973],[8574219.019833362,3361022.8858426013],[8466475.86353465,3374171.238674799],[8358910.133881844,3387253.2057237197],[8251517.930526822,3400268.7327095647],[8144295.096682955,3413217.9794711093],[8037237.22282907,3426101.333803161],[7930339.650915797,3438919.425425806],[7823597.479058645,3451673.1401785784],[7717005.5667014625,3464363.6345376205],[7610558.540233122,3476992.3505591694],[7504250.799039961,3489561.0313589443],[7398076.521976197,3502071.7372438814],[7292029.674234458,3514526.8626203514],[7186104.014598637,3526929.153811832],[7080293.103061463,3539281.7279287474],[6974590.308789565,3551588.092944505],[6868988.8184191305,3563852.1691442374],[6763481.644665918,3576078.312127165],[6658061.635233887,3588271.3375596367],[6552721.4820074225,3600436.547894477],[6447453.730512789,3612579.761293063],[6342250.789635212,3624707.343010595],[6237104.941578715,3636826.2395321676],[6132008.352056536,3648944.015778377],[6026953.0807007495,3661068.8957347507],[5921931.091680261,3673209.8068999737],[5816934.264517108,3685376.4289946514],[5711954.405091431,3697579.247425864],[5668500.297115797,3702643.9222513037]],[[1020714.390893256,9173213.771146076],[1024577.194317359,9116327.334297454],[1030688.6286555793,9019088.661789382],[1036210.9872389373,8921620.116560834],[1041163.0245947462,8823885.177058563],[1045562.1379617368,8725848.722627994],[1049424.4294430309,8627477.02910415],[1052764.7642238662,8528737.769487068],[1055596.8249260413,8429600.019490905],[1057933.1621896212,8330034.267707504],[1059785.2415850125,8230012.43007614],[1061163.4869667944,8129507.868301107],[1062077.320385141,8028495.411807415],[1062451.5573507154,7955705.968149565]],[[3890283.4531107196,3057736.069050609],[3861400.092928002,3043294.0017614495],[3759507.232997455,2992258.2329196543],[3658162.2835264103,2941362.386260451],[3557366.2782624112,2890610.9603000013],[3457119.9777278975,2840008.118101325],[3357423.805720738,2789557.649386664],[3258277.790734015,2739262.935771593],[3159681.5123832417,2689126.9190912615],[3061634.0528757945,2639152.072766502],[2964133.953506867,2589340.376135776],[2867179.176118871,2539693.291657738],[2770767.0694178436,2490211.744869689],[2674894.340000965,2440896.106968887],[2579557.0279141176,2391746.17986752],[2484750.4865280534,2342761.183557727],[2390469.366495515,2293939.7456107833],[2296707.603530328,2245279.892624419],[2203458.4097325313,2196779.0434242007],[2110714.2681708625,2148434.003818909],[2018466.9304254728,2100240.9627058534],[1926707.4167889075,2052195.4893199592],[1835426.0188223596,2004292.5314200115],[1744612.3039660838,1956526.4142066017],[1654255.1219077953,1908890.8397688523],[1564342.612420346,1861378.8868606815],[1474862.2143892993,1813983.0108121287],[1385800.6757625712,1766695.043386824],[1297144.06416689,1719506.1924028585],[1208877.7779498766,1672407.0409410903],[1120986.5574212428,1625387.5459718886],[1033454.4960819506,1578437.036238709],[946265.0516458942,1531544.2092441362],[859401.0566743694,1484697.1271915128],[772844.7286594971,1437883.2117425653],[686577.6794081547,1391089.237458653],[600580.9235932939,1344301.323800422],[514834.8863543141,1297504.9255675585],[429319.40984244674,1250684.8216673727],[344013.7586210099,1203825.1021076506],[258896.62384365255,1156909.1531164304],[173946.1261464621,1109919.6402982872],[89139.81720223556,1062838.48974447],[4454.6798970280615,1015646.8670222225],[-80132.87289931103,968325.1539776112],[-164647.00098554176,920852.923296279],[-249112.4409101976,873208.9107780791],[-333554.5114760232,825370.985294939],[-417999.12065093324,777316.1164171646],[-498168.1972598822,721733.1439545467],[-576593.4389427765,663385.5877972957],[-654903.3885209869,605052.9453974124],[-733127.7178739522,546723.218705502],[-811295.0604660013,488384.3837118293],[-889433.0515064375,430024.4172780341],[-967568.3642688347,371631.32219476544],[-1045726.742751686,313193.1506716099]]]},"properties":{"type":"meridian","value":-60}},
{"type":"Feature","geometry":{"type":"MultiLineString","coordinates":[[[16608138.760910928,-313193.1506716184],[16547417.37265879,-233811.39101802435],[16486539.401168711,-154649.74794449215],[16425489.523255648,-75695.27515561279],[16364252.798800414,3065.1122772492236],[16302814.660485199,81644.60304944841],[16241160.905464107,160056.45656492485],[16179277.688849498,238313.97152975417],[16117151.518901948,316430.456049242],[16054769.25381756,394419.19908876787],[15992118.100010186,472293.44316729857],[15929185.611788895,550066.358160556],[15865959.692332152,627751.0160996357],[15802428.595860392,705360.3668589579],[15738580.930906888,782907.2146360773],[15674405.664584892,860404.1951339733],[15609892.127744835,937863.7533649736],[15545030.020910956,1015298.1220035761],[15479809.42088071,1092719.300223611],[15414220.787863513,1170139.0329632903],[15348254.973027645,1247568.7905696305],[15281903.226315165,1325019.748781399],[15215157.204375511,1402502.7690173355],[15148008.978457732,1480028.3789436913],[15080451.042090496,1557606.753301956],[15012476.318367155,1635247.6949841557],[14944078.16664117,1712960.6163492894],[14875250.38842423,1790754.5207795487],[14805987.232266765,1868637.9844800252],[14736283.39738691,1946619.1385292658],[14666134.035801103,2024705.6511909931],[14595534.752695702,2102904.7104992964],[14524481.604765983,2181223.007129963],[14452971.096235871,2259666.717569902],[14381000.172258658,2338241.4875941696],[14308566.209386826,2416952.416055904],[14235667.002786918,2495804.0389882163],[14162300.749863673,2574800.3140087924],[14088466.029946541,2653944.605007349],[14014161.779680626,2733239.667082422],[13939387.26375311,2812687.631678312],[13864142.040575879,2892289.991853499],[13788425.922533179,2972047.58758956],[13712238.930391818,3051960.5910238945],[13657655.983978434,3132019.836306337],[13605575.687061,3212236.808371723],[13554303.042222198,3292649.2306194683],[13503814.2690523,3373295.3196894256],[13454085.695446977,3454213.6574547254],[13405093.807182627,3535443.149352246],[13356815.290711733,3617022.9824736216],[13309227.069743937,3698992.582608773],[13262306.336153036,3781391.5694112857],[13216030.57572119,3864259.7088333587],[13170377.589201491,3947636.861957432],[13125325.509149233,4031562.9293329315],[13080852.812940769,4116077.789909873],[13036938.332367966,4201221.233647478],[13028012.745466005,4218737.546670608]],[[11687395.762350501,4218742.617093344],[11601945.753125185,4238820.052385965],[11494807.615651436,4263779.469043005],[11388034.980228992,4288414.486946409],[11281627.058286743,4312724.751878135],[11175582.38077112,4336709.796463475],[11069898.791215422,4360369.082116369],[10964573.44148913,4383702.036303868],[10859602.790116463,4406708.085514957],[10754982.60304038,4429386.68429726],[10650707.9566969,4451737.340705179],[10546773.243256167,4473759.638485043],[10443172.177880984,4495453.256306041],[10339897.807849225,4516817.984330254],[10236942.52338537,4537853.738400462],[10134298.0700466,4558560.572110639],[10031955.562511204,4578938.68701105],[9929905.49962095,4598988.441187334],[9828137.780534478,4618710.356441321],[9726641.721855372,4638105.124289875],[9625406.075606532,4657173.61098757],[9524419.047930919,4675916.861768778],[9423668.318408541,4694336.104495343],[9323141.059889177,4712432.752886899],[9222823.958751358,4730208.409502965],[9122703.235508388,4747664.8686379455],[9022764.665693544,4764804.119283531],[8922993.600967383,4781628.348306704],[8823374.99040119,4798139.943986062],[8723893.40190127,4814341.500044577],[8624533.043749543,4830235.820313008],[8525277.7862461,4845825.9241552055],[8426111.183449367,4861115.052784245],[8327016.495019053,4876106.676597261],[8227976.708176129,4890804.503656218],[8128974.559802747,4905212.489442646],[8029992.5587129565,4919334.848015685],[7931013.00813263,4933176.064705523],[7832018.02843388,4946740.9104775945],[7732989.580175522,4960034.458107843],[7633909.487506653,4973062.100314848],[7534759.46199538,4985829.570001721],[7435521.126948764,4998342.962768823],[7336176.042293517,5010608.761867931],[7236705.730089305,5022633.865779401],[7137091.70074831,5034425.61860657],[7037315.480035251,5045991.843495735],[6937358.636921641,5057340.879306342],[6837202.81236681,5068481.62077424],[6736829.749095338,5079423.562431309],[6636221.32243682,5090176.846568237],[6535359.572288641,5100752.315553178],[6479057.585549608,5106570.573842779]],[[-600399.5568055352,9173213.810941601],[-588556.5674290748,9132126.11256544],[-562222.9357105375,9039397.160237081],[-536443.4764384509,8946706.94374416],[-511203.8480991591,8854020.38000081],[-486489.9999171104,8761302.994628116],[-462288.2004168775,8668520.928551896],[-438585.0614563944,8575640.945294842],[-415367.5583095131,8482630.439237146],[-392623.0463210066,8389457.445091972],[-370339.27460683987,8296090.648814804],[-348504.39722658007,8202499.400138383],[-327106.98221299064,8108653.726897527],[-306136.01880622766,8014524.351280218],[-285580.92320598377,7920082.708113008],[-265431.54312460247,7825300.965259169],[-245678.1613969458,7730152.04617757],[-226311.49887888104,7634609.6546580205],[-207322.71684496797,7538648.301715089],[-188703.4190774237,7442243.334586705],[-170445.65382242025,7345370.9677459225],[-152541.91577583176,7248008.315794297],[-134985.14824908617,7150133.428062934],[-117768.74565579195,7051725.324702675],[-100886.55645223153,6952764.033997974],[-84332.88665839726,6853230.630590244],[-68102.50408197107,6753107.274245652],[-52190.64336451803,6652377.248750296],[-36593.011967771105,6551025.000462642],[-21305.797217786792,6449036.175999722],[-6325.6745261881415,6346397.658480586],[8350.183089741258,6243097.601698763],[20987.861372840307,6151837.0385090485]],[[1807359.7408974222,3057736.1190756178],[1797193.2635520508,3049884.307989706],[1714142.6848111907,2985471.515600115],[1631818.465025982,2921136.3720009476],[1550212.886180324,2856871.981223677],[1469317.3678134612,2792670.370579522],[1389122.4864262918,2728522.5150167723],[1309617.9981341374,2664418.361706279],[1230792.8639218654,2600346.8546280633],[1152635.2768994912,2536295.9589515664],[1075132.691000438,2472252.6850238075],[998271.8506091487,2408203.1118036304],[922038.8206491036,2344132.4096053187],[846419.0167061854,2280024.862041508],[771397.234804656,2215863.887082542],[696957.6804936839,2151632.0571774906],[623083.9969409418,2087311.118410731],[549759.2917659031,2022882.0086970134],[476966.1623788026,1958324.8750476094],[404686.71962206886,1893619.089970305],[332902.6095386149,1828743.2670967118],[261595.0331162682,1763675.276162115],[190744.76387953374,1698392.2574955167],[120332.16321878279,1632870.6362115007],[50337.1933631983,1567086.13633075],[-19260.572082884817,1501013.7950931448],[-88481.94010973656,1434627.9777666084],[-157348.09283953896,1367902.393296344],[-225880.5846867283,1300810.1111834554],[-294101.342193643,1233323.5800293267],[-362032.6665922729,1165414.6482327513],[-429697.2391440119,1097054.5873812777],[-497118.12931212067,1028214.1189363564],[-563615.5118651837,957647.9210221946],[-623686.9983318341,876069.0345259897],[-683776.7084368215,794803.9246213194],[-743903.680026751,713842.2847887048],[-804086.3978508065,633173.3041965761],[-864342.8251289639,552785.7237139262],[-924690.431721886,472667.8885469235],[-985146.219158684,392807.79772741324],[-1045726.742751686,313193.1506716099]]]},"properties":{"type":"meridian","value":-45}},
{"type":"Feature","geometry":{"type":"MultiLineString","coordinates":[[[16608138.760910928,-313193.1506716184],[16569060.49409696,-218311.07852305603],[16529791.27160405,-123877.35077194298],[16490323.592466636,-29880.298854867953],[16450649.834779598,63692.33742215776],[16410762.265185988,156853.38026830246],[16370653.04834435,249616.18430287004],[16330314.256466987,341994.6071089576],[16289737.879018605,434002.9800729224],[16248915.832663553,525656.0796170599],[16207839.971548574,616969.0989136146],[16166502.09800798,707957.6201509455],[16124893.973777812,798637.5874060829],[16083007.331805976,889025.2801629602],[16040833.88874588,979137.287501623],[15998365.358221997,1068990.4829714329],[15955593.46495683,1158602.0001498328],[15912509.959849803,1247989.2088786152],[15869106.63610009,1337169.6921606185],[15825375.346466724,1426161.22369269],[15781308.021760361,1514981.7460042876],[15736896.69066286,1603649.3491663644],[15692133.500971613,1692182.2500311672],[15647010.742366584,1780598.771961192],[15601520.870799167,1868917.325004006],[15555656.534601746,1957156.3864696429],[15509410.602417668,2045334.4818680661],[15462776.193050569,2133470.1661667502],[15415746.707331264,2221582.005331756],[15368315.862099351,2309688.558120744],[15320477.726394452,2397808.3581024064],[15272226.759949705,2485959.8958847784],[15223557.854076985,2574161.601543724],[15174466.375029404,2662431.8272540094],[15124948.209922366,2750788.8301375634],[15074999.815289332,2839250.7553578913],[15024618.268343087,2927835.619505649],[14973801.321007134,3016561.2943384806],[14928807.477563316,3105408.354700643],[14889619.372756401,3194206.923893709],[14851068.244697627,3282960.825590884],[14813139.65672368,3371701.9720046865],[14775819.113964891,3460462.0942591554],[14739092.119035447,3549272.718650215],[14702944.221600777,3638165.1434778348],[14667361.06237142,3727170.416137194],[14632328.41204187,3816319.3101631794],[14597832.205662044,3905642.3019313156],[14563858.572898403,3995169.5467290645],[14530393.864612034,4084930.8539238106],[14497424.676152145,4174955.660968087],[14464937.867735917,4265273.0059984],[14432920.582259538,4355911.498801527],[14401360.260860905,4446899.289941928],[14370244.656531462,4538264.037865472],[14339561.846053746,4630032.873818831],[14309300.24052182,4722232.364450592],[14279448.594684083,4814888.47198977],[14249996.015332447,4908026.511930201],[14220931.968947474,5001671.108185663],[14192246.288797027,5095846.145720588],[14163929.181675252,5190574.720705438],[14135971.234459767,5285879.0882939305],[14108363.420657776,5381780.608172216],[14081097.107106077,5478299.6880871],[14054164.060986197,5575455.725621907],[14027556.457313389,5673267.048554592],[14001266.887057776,5771750.854202405],[13977340.407853954,5863021.199601393]],[[10738067.236645035,5863027.857565095],[10730096.845405485,5865393.1220926605],[10629854.059436033,5894910.831240159],[10530057.408167202,5923868.683063757],[10430695.415916251,5952268.085071843],[10331755.375330519,5980110.673945693],[10233223.389057871,6007398.3079127325],[10135084.412553426,6034133.057004741],[10037322.297587711,6060317.191644165],[9939919.83606541,6085953.169967609],[9842858.803808736,6111043.624263509],[9746120.004004903,6135591.346870087],[9649683.31006238,6159599.275850913],[9553527.70766513,6183070.480738674],[9457631.335857393,6206008.1486133775],[9361971.5270338,6228415.57075906],[9266524.845750116,6250296.130123824],[9171267.126308592,6271653.289790718],[9076173.509109266,6292490.582653128],[8981218.475793716,6312811.602476192],[8886375.883241326,6332619.996517012],[8791618.996510379,6351919.459869705],[8696920.520846384,6370713.731697449],[8602252.632909238,6389006.5935122175],[8507587.011398707,6406801.8696636185],[8412894.86728392,6424103.4302018145],[8318146.9738684865,6440915.196284666],[8223313.696947315,6457241.14830723],[8128365.025334992,6473085.33694127],[8033270.60206871,6488451.897284342],[7937999.756610878,6503345.066331619],[7842521.538398036,6517769.203998851],[7746804.752103206,6531728.8179421155],[7650817.994998363,6545228.592438223],[7554529.696821708,6558273.421609657],[7457908.162571276,6570868.447298709],[7360921.618660647,6583019.101917392],[7333423.334778079,6586375.477636312]],[[-2309130.362617441,9173213.813335288],[-2276879.314817762,9108600.036238419],[-2232288.220064157,9018628.427063666],[-2188139.1409989824,8928788.744210757],[-2144427.9583148914,8839058.495748883],[-2101149.9594545215,8749415.218718315],[-2058299.9011401648,8659836.493869644],[-2015872.0675499716,8570299.960624179],[-1973860.324378486,8480783.332248358],[-1932258.169014584,8391264.411250873],[-1891058.7770646838,8301721.105024301],[-1850255.0454435244,8212131.441763904],[-1809839.632248663,8122473.586704618],[-1769804.9936285461,8032725.858723981],[-1730143.4178473146,7942866.747363195],[-1690847.0567427038,7852874.930321528],[-1651907.954766461,7762729.291480323],[-1613318.0757897552,7672408.939512662],[-1575069.3278491185,7581893.227132666],[-1537153.586001703,7491161.771035166],[-1499562.7134519725,7400194.472571603],[-1462288.5811056232,7308971.539201695],[-1425323.0857003948,7217473.506752842],[-1388658.16665772,7125681.262509956],[-1352285.8217938347,7033576.069147942],[-1316198.1220239878,6941139.58950688],[-1280387.2251890167,6848353.9121965505],[-1244845.3891296037,6755201.578001714],[-1209564.9841301145,6661665.607043238],[-1174538.5048511967,6567729.526631845],[-1139758.5818680294,6473377.3997319145],[-1105217.9929297562,6378593.853931568],[-1070909.6740546487,6283364.110792946],[-1036826.7305756661,6187674.015432689],[-1002962.4482516785,6091510.066157688],[-969310.3045612766,5994859.443954878],[-935863.9802986347,5897710.041606934],[-902617.3715943205,5800050.492177636],[-869564.6024886648,5701870.19658245],[-836700.0381909123,5603159.349931166],[-804018.2991645724,5503908.966300813],[-771514.2761877958,5404110.901568929],[-739183.146547641,5303757.873909782],[-707020.3915388999,5202843.481529786],[-675021.8154519162,5101362.21719367],[-643617.5718294464,5000707.899711859]],[[478152.441805811,3057736.3630018802],[477351.35430808656,3056668.062846606],[418765.32561513426,2977999.949114972],[360972.4207846021,2899321.06610869],[303954.86318616616,2820603.3262577504],[247694.47328937222,2741818.0566614345],[192172.73965423612,2662936.042616195],[137370.88397988453,2583927.569164773],[83269.92040864824,2504762.4610047457],[29850.709311083272,2425410.1211281647],[-22905.99420180392,2345839.5685941326],[-75019.49677885986,2266019.4758636826],[-126509.12807294678,2185918.2061515553],[-177394.20645690404,2105503.851272904],[-227694.0089396751,2024744.2704845099],[-277427.74501509697,1943607.130840329],[-326614.53418232,1862059.9495997436],[-375273.3868859747,1780070.1392440163],[-423423.18863450375,1697605.0556716558],[-471082.6870672552,1614632.05015652],[-518270.4817536486,1531118.5256630655],[-565005.0165213062,1447031.9981202069],[-611304.5741240188,1362340.1632585174],[-657187.2730746198,1277010.9696135104],[-701450.4559195039,1188902.854236775],[-739122.6907886991,1089572.2972224872],[-776925.5188031463,990763.8461435076],[-814864.8721316175,892472.3885562074],[-852946.9072289085,794691.9892781404],[-891177.9903370116,697415.9095878806],[-929564.6840540768,600636.6288040681],[-968113.7348217625,504345.8678827146],[-1006832.061192945,408534.61469504185],[-1045726.742751686,313193.1506716099]]]},"properties":{"type":"meridian","value":-30}},
{"type":"Feature","geometry":{"type":"MultiLineString","coordinates":[[[16608138.760910928,-313193.1506716184],[16593390.838530513,-209230.5484942415],[16578477.01393848,-105821.78539349943],[16563395.694027957,-2957.8859348224923],[16548145.009467341,99371.05204980266],[16532722.825646887,201175.84954038763],[16517126.752867231,302468.2359011916],[16501354.155865602,403260.8363474262],[16485402.16277307,503567.15769010095],[16469267.673594967,603401.5727235379],[16452947.36830581,702779.3035990684],[16436437.714650191,801716.4045065062],[16419734.975742223,900229.7439618175],[16402835.21755803,998336.9869760403],[16385734.31641827,1096056.5773567276],[16368427.96656171,1193407.7203696847],[16350911.68791521,1290410.365965368],[16333180.834171297,1387085.1927516654],[16315230.601291085,1483453.5928725929],[16297056.036558228,1579537.6579310996],[16278652.048318569,1675360.166073895],[16260013.416550439,1770944.5703365237],[16241134.804422354,1866314.988328468],[16222010.771007737,1961496.1933205014],[16202635.78534133,2056513.6067798305],[16183004.242017992,2151393.2923828196],[16163110.478552867,2246161.9515203973],[16142948.794741932,2340846.920296961],[16122513.474284032,2435476.1680105114],[16101798.808949402,2530078.2970888764],[16080799.125606459,2624682.544445143],[16059508.81644728,2719318.7842035275],[16037922.372783352,2814017.531736204],[16016034.422817025,2908809.9489408275],[15993839.77383079,3003727.850678193],[15970868.312946975,3098770.436982059],[15947400.536477214,3193704.178686189],[15924216.651904313,3288503.1891095326],[15901312.758455463,3383198.5726805567],[15878684.670665652,3477820.8049087212],[15856327.966431256,3572399.739187387],[15834238.030341132,3666964.612394284],[15812410.092732098,3761544.04923456],[15790839.264880542,3856166.065277736],[15769520.570709156,3950858.0686469874],[15748448.975357397,4045646.8603270333],[15727619.410936086,4140558.6330653992],[15707026.799760483,4235618.968851104],[15686666.075332612,4330852.834964995],[15666532.201321287,4426284.57860659],[15646620.188768644,4521937.9201142425],[15626925.111733703,4617835.94480782],[15607442.121566912,4714001.093496771],[15588166.4599948,4810455.151710694],[15569093.471180454,4907219.237725133],[15550218.612913556,5004313.789471524],[15531537.467072997,5101758.550437698],[15513045.7494958,5199572.554683457],[15494739.31937768,5297774.111115008],[15476614.188323656,5396380.78718193],[15458666.529160926,5495409.392180941],[15440892.684621183,5594875.960372016],[15423289.175995508,5694795.734133929],[15405852.711861748,5795183.147408102],[15388580.196982121,5896051.809701352],[15371468.741467064,5997414.490939538],[15354515.67030128,6099283.107484924],[15337718.533327702,6201668.7096497845],[15321075.115786573,6304581.471057359],[15304583.449508568,6408030.680217959],[15288241.824863795,6512024.7347025685],[15272048.803572198,6616571.138308409],[15256003.2324853,6721676.501619988],[15240104.25845497,6827346.546374724],[15224351.344410932,6933586.114044226],[15208744.286776688,7040399.179039976],[15193283.234361706,7147788.866945528],[15177968.708877286,7255757.478165842],[15162801.62723486,7364306.517368213],[15147783.325796882,7473436.729068046],[15132915.586764611,7583148.139686656],[15118200.666901495,7693440.106377456],[15103641.328807663,7804311.372881579],[15102629.963688146,7812079.5640497785]],[[9612777.020871252,7812087.430070666],[9524922.903227499,7837437.573880138],[9430747.67085014,7863954.642917963],[9336838.800037462,7889707.8066286035],[9243160.037699904,7914700.703524679],[9149673.895527368,7938936.823621151],[9056341.702076223,7962419.470216192],[8963123.650265753,7985151.724844985],[8869978.840632463,8007136.415589792],[8776865.320769565,8028376.088929994],[8683740.121456034,8048872.985324091],[8590559.29005536,8068629.018731845],[8497277.921840034,8087645.7603084305],[8403850.189975258,8105924.426533359],[8310229.374975055,8123465.872075412],[8229259.379812217,8138008.987111008]],[[-4100801.9322983446,9173213.70150579],[-4092535.0501421355,9160926.456033213],[-4032386.8353246916,9071365.252167335],[-3972513.585805118,8981922.20893931],[-3912916.926568699,8892591.157103842],[-3853598.121327305,8803365.66929426],[-3794558.0748026455,8714239.069027033],[-3735797.3361249906,8625204.440024018],[-3677316.1032373337,8536254.635846674],[-3619114.228199761,8447382.289834524],[-3561191.223293519,8358579.825338811],[-3503546.267828996,8269839.4662414435],[-3446178.215566636,8181153.247748903],[-3389085.602664565,8092513.027450733],[-3332266.656071412,8003910.496632491],[-3275719.302287746,7915337.191833592],[-3219441.1764241187,7826784.506641121],[-3163429.631488432,7738243.70371163],[-3107681.747840125,7649705.927013899],[-3052194.342753005,7561162.214286697],[-2996963.9800331383,7472603.509706646],[-2941986.979642502,7384020.67676241],[-2887259.4272832572,7295404.51133252],[-2832777.183901575,7206745.754965014],[-2778535.8950737827,7118035.108358152],[-2724531.000241296,7029263.245042085],[-2670757.7417643424,6940420.825262177],[-2617211.1737677422,6851498.510065046],[-2563886.1707551708,6762486.975588835],[-2510777.435971203,6673376.927559259],[-2457879.509493198,6584159.115993088],[-2405186.77603753,6494824.350110233],[-2352693.472467004,6405363.5134553695],[-2300393.69498837,6315767.579229086],[-2248281.406030735,6226027.625827766],[-2196350.44079739,6136134.852590143],[-2144594.5134849576,6046080.595747029],[-2093007.2231651945,5955856.344569119],[-2041582.0593257686,5865453.757705768],[-1990312.4070672374,5774864.679705602],[-1939191.5519542226,5684081.157707408],[-1888212.6845192325,5593095.458287195],[-1837368.9044179397,5501900.084444583],[-1786653.2242348208,5410487.792708725],[-1736058.5729380285,5318851.610340886],[-1685577.798982099,5226984.85260766],[-1635203.6730565885,5134881.140095451],[-1584928.890478026,5042534.416033549],[-1534746.0732217375,4949938.96358983],[-1484647.7715887728,4857089.423099793],[-1434626.4655018165,4763980.809186454],[-1384674.5654222008,4670608.527725701],[-1334784.4128780856,4576968.392608839],[-1284948.2805913494,4483056.642251737],[-1235158.3721880424,4388869.955797853],[-1185406.821473871,4294405.46896097],[-1135685.6912523268,4199660.789452552],[-1121616.2245365016,4172791.5431981534]],[[-477841.61999170843,3057736.5299791386],[-499493.5392376402,2992813.733308788],[-529064.6746932876,2902135.07390247],[-557919.2936407859,2811287.354805167],[-586079.2468706808,2720230.347535739],[-613565.618929999,2628924.479352617],[-640398.721357437,2537330.8570901914],[-666598.0895304381,2445411.2935438002],[-692182.4824737424,2353128.33689048],[-717169.8850522978,2260445.3035818418],[-741577.5120366196,2167326.315093866],[-765421.813586934,2073736.3388653102],[-788718.4817536001,1979641.2337005688],[-811482.4576365666,1885007.799853495],[-833727.9388858079,1789803.8339448152],[-855468.3872587611,1693998.1887963794],[-876716.5359801638,1597560.8381899444],[-894310.9994471739,1494979.0110191773],[-907246.0595251411,1384593.8426271656],[-920351.9405741388,1274801.6009909462],[-933626.1483303201,1165602.8841407977],[-947066.6674782764,1056997.5633745245],[-960671.9345146259,948984.7357433866],[-974440.8128291714,841562.6835327906],[-988372.5698217088,734728.8404105569],[-1002466.8558859254,628479.7638835113],[-1016723.6851037776,522811.11367651407],[-1031143.4175044385,417717.6356268917],[-1045726.742751686,313193.1506716099]]]},"properties":{"type":"meridian","value":-15}},
{"type":"Feature","geometry":{"type":"MultiLineString","coordinates":[[[16608138.760910928,-313193.1506716184],[16618748.387199825,-207178.10409522415],[16629270.793112567,-101670.3830242702],[16639707.662646478,3336.464787799357],[16650060.585306183,107849.77019095016],[16660331.049783545,211877.74920943854],[16670520.437516017,315429.5068374844],[16680630.016063537,418515.03838102997],[16690660.932244763,521145.22866788326],[16700614.204972873,623331.8494466858],[16710490.717730774,725087.5552904855],[16720291.210624224,826425.8783141791],[16730016.271949902,927361.2220063629],[16739666.329213329,1027908.8544658582],[16749241.63952897,1128084.9013217364],[16758742.279331952,1227906.3386032293],[16768168.133327324,1327390.9858126675],[16777518.8825986,1426557.49944113],[16786793.991793305,1525425.3671525144],[16795992.695297748,1624014.902848064],[16805113.98230828,1722347.2428096847],[16814156.58069982,1820444.343106947],[16823118.939586237,1918328.9784399453],[16831999.210459992,2016024.7425773195],[16840795.226790845,2113556.0505373427],[16849504.481955275,2210948.1426480412],[16858124.105359823,2308227.0906120357],[16866650.836612273,2405419.805690977],[16875080.997585285,2502554.049115018],[16883410.46220694,2599658.4448128487],[16891634.623803016,2696762.4945487366],[16899748.35980485,2793896.5955436216],[16907745.993627045,2891092.0606478583],[16915621.25350874,2988381.141123323],[16919420.18712763,3085784.6095473645],[16913308.68655193,3183124.8418912436],[16907049.689412102,3280359.6334817684],[16900650.1062701,3377521.9873419814],[16894116.24459861,3474643.9456690573],[16887453.848204844,3571756.613683328],[16880668.13387646,3668890.180857858],[16873763.825419135,3766073.939571725],[16866745.185249798,3863336.3012417583],[16859616.043703202,3960704.8099991647],[16852379.826202434,4058206.1539881653],[16845039.578436814,4155866.174374403],[16837597.98968357,4253709.8721616315],[16830057.414401863,4351761.412926073],[16822419.89222127,4450044.1295889765],[16814687.166439194,4548580.5233594645],[16806860.701135557,4647392.262991982],[16798941.697006427,4746500.182515108],[16790931.106012437,4845924.277601792],[16782829.64493204,4945683.700764376],[16774637.807904575,5045796.755572184],[16766355.878043182,5146280.890103414],[16757983.938193202,5247152.6898579],[16749521.880907565,5348427.8703716565],[16740969.417707276,5450121.269788658],[16732326.087691586,5552246.841659289],[16723591.265559826,5654817.648248201],[16714764.169104507,5757845.854646883],[16705843.866232963,5861342.723997333],[16696829.28157371,5965318.614143077],[16687719.202722011,6069782.976031361],[16678512.286178768,6174744.354196011],[16669207.063036138,6280210.389653406],[16659801.944463838,6386187.82554397],[16650295.227050088,6492682.515848376],[16640685.098052595,6599699.437500878],[16630969.640616307,6707242.706211459],[16621146.8390166,6815315.596293859],[16611214.583989302,6923920.5647775745],[16601170.678211862,7033059.2800586475],[16591012.842003975,7142732.655316456],[16580738.719320087,7252940.886891767],[16570345.884111527,7363683.4977852665],[16559831.847141786,7474959.3863957375],[16549194.063345093,7586766.880573455],[16538429.939826008,7699103.797017658],[16527536.844606357,7811967.505997568],[16516512.116235156,7925355.00132487],[16505353.074387884,8039262.975452908],[16497565.77124978,8118240.482213606]],[[-6514323.927316744,9173213.661449017],[-6486431.395633887,9158536.440363767],[-6396629.6175007885,9110964.515923113],[-6307463.498975572,9063233.700708538],[-6218916.75986384,9015323.947203169],[-6130972.347677362,8967213.528610071],[-6043612.472464827,8918878.999894105],[-5956818.640765734,8870295.153095026],[-5870571.688399609,8821434.966440257],[-5784851.811839571,8772269.54679504],[-5699638.597954707,8722768.064998113],[-5614911.051937945,8672897.683643539],[-5577106.103485432,8640209.58030164],[-5544229.349607062,8598990.192203874],[-5478499.658257145,8516466.443811541],[-5412789.451843436,8433828.218868345],[-5347084.831957821,8351073.794473395],[-5281372.796842183,8268201.13553713],[-5215641.193546356,8185207.934192774],[-5149878.674647438,8102091.646237924],[-5084074.659016819,8018849.52488421],[-5018219.296174471,7935478.652061254],[-4952303.4338164,7851975.967492701],[-4886318.588141649,7768338.295737676],[-4820256.916640779,7684562.371369306],[-4754111.193038865,7600644.862443087],[-4687874.784113519,7516582.392391092],[-4621541.628132712,7432371.560463622],[-4555106.214678542,7348008.960826941],[-4488563.565642392,7263491.200414678],[-4421909.217193823,7178814.915620807],[-4355139.2025410095,7093976.787913556],[-4288250.035314331,7008973.558442501],[-4221238.693417326,6923802.041704811],[-4154102.603200748,6838459.138331473],[-4086839.6238259543,6752941.847049881],[-4019448.0316937817,6667247.275875788],[-3951926.5048240786,6581372.6525847195],[-3884274.1070797145,6495315.334510906],[-3816490.2721368996,6409072.817720349],[-3748574.7871113126,6322642.745603726],[-3680527.7757568923,6236022.916934558],[-3612349.681160916,6149211.293438181],[-3544041.2478657835,6062206.006917749],[-3475603.5033541746,5975005.365984525],[-3407037.738840157,5887607.862441147],[-3338572.3010303862,5800401.965769177],[-3270345.7180029186,5713609.71675151],[-3202238.9625172177,5627020.143320799],[-3134252.385794359,5540631.266178661],[-3066385.9831723827,5454440.959063746],[-2998639.3758895737,5368446.956863408],[-2931011.7932073274,5282646.864320888],[-2863502.0547858933,5197038.165389171],[-2796108.5532174297,5111618.23328322],[-2728829.236611597,5026384.341283896],[-2661661.591119011,4941333.674348844],[-2594602.6232675766,4856463.341588373],[-2527648.8419753895,4771770.389668051],[-2460796.240091979,4687251.817204054],[-2394040.27530658,4602904.590222718],[-2327375.8502479247,4518725.658762231],[-2260797.291584482,4434711.974701893],[-2194298.3279168676,4350860.5109133115],[-2127872.0662351255,4267168.28183813],[-2061510.9666922397,4183632.3656088123],[-1995206.8154214532,4100249.927842566],[-1928950.6950981873,4017018.247254288],[-1862732.9529169067,3933934.7432521945],[-1796543.165619028,3850997.005700408],[-1730370.1011688171,3768202.827056121],[-1664201.6766295917,3685550.2371158344],[-1598024.911741512,3603037.540635731],[-1531825.877643777,3520663.358126418],[-1512200.8537913351,3496277.6025587884]],[[-1259009.8315110065,3057735.2554184576],[-1258774.4505864433,2988390.1653669067],[-1257956.0353578648,2889624.89063464],[-1256586.1537866462,2790590.725539565],[-1254681.807053066,2691254.480829075],[-1252258.5549891863,2591584.5140488488],[-1249330.5937087105,2491550.719784768],[-1245910.8272450801,2391124.525154926],[-1242010.9335486237,2290278.8900932446],[-1237641.4251788396,2188988.311933869],[-1228980.743555305,2080591.8762458018],[-1216695.61781574,1966215.0439812508],[-1204531.7900317025,1852349.7164301372],[-1192487.089700924,1738999.307352112],[-1180559.2978694693,1626167.0362005385],[-1168746.1620590247,1513855.848499641],[-1157045.4098363002,1402068.3410071426],[-1145454.7611764667,1290806.6918435032],[-1133971.9397601988,1180072.5957181812],[-1122594.683332618,1069867.204332661],[-1111320.7532421937,960191.0719906879],[-1100147.9432686425,851044.1063983008],[-1089074.0878406183,742425.5245909225],[-1078097.0697367755,634333.8138821971],[-1067214.8273573783,526766.69769004],[-1056425.3616479626,419721.106059663],[-1045726.742751686,313193.1506716099]]]},"properties":{"type":"meridian","value":0}},
{"type":"Feature","geometry":{"type":"MultiLineString","coordinates":[[[16608138.760910928,-313193.1506716184],[16643397.767065752,-212298.34185271652],[16678682.782010542,-111724.27504201782],[16713996.937146042,-11465.628439391112],[16749343.410459487,88483.3957634779],[16784725.412347417,188129.07215961302],[16820146.17155512,287478.1517846075],[16855608.921144146,386537.8607762392],[16891116.884399805,485315.8981548277],[16926673.260590784,583820.4328420328],[16962281.21049204,682060.1000340453],[16997943.84158122,780043.9970428853],[17033664.192816824,877781.6787175385],[17069445.218903985,975283.1525540922],[17105289.773950644,1072558.873601962],[17141200.594413012,1169619.7392706552],[17177180.28122505,1266477.0841398833],[17213231.281001043,1363142.6748735416],[17249355.86619484,1459628.705336767],[17285556.114092037,1555947.7920142629],[17321833.88450376,1652112.9698272436],[17358190.796022005,1748137.6884467574],[17394628.20068616,1844035.8092017225],[17431147.156899646,1939821.6026817474],[17467748.400422636,2035509.7471374564],[17504432.313252863,2131115.327784755],[17541198.89019102,2226653.8371243835],[17578047.702869,2322141.1763945604],[17614977.860999905,2417593.6582823764],[17651987.970586095,2513028.0110293515],[17689076.088796813,2608461.384078175],[17726239.67519837,2703911.3554216446],[17763475.538988587,2799395.940831192],[17800779.78185085,2894933.605161714],[17838147.73600317,2990543.2759517995],[17868021.44219,3086239.954785919],[17879744.1347448,3181978.234195651],[17890930.11694555,3277770.171577267],[17901596.382465508,3373652.8226543777],[17911758.981014572,3469662.174960263],[17921433.046641473,3565833.1571893236],[17930632.82572545,3662199.645512907],[17939371.704399727,3758794.4667708566],[17947662.23519559,3855649.398491274],[17955516.162736356,3952795.165730325],[17962944.448343415,4050261.434762187],[17969957.29344492,4148076.803687005],[17976564.16170039,4246268.790062533],[17982773.79977389,4344863.815703555],[17988594.25670378,4443887.188832076],[17994032.90182961,4543363.083801574],[17999096.4412465,4643314.518659713],[18003790.932765346,4743763.330856329],[18008121.799362656,4844730.151446897],[18012093.84110828,4946234.378186145],[18015711.245562013,5048294.14795102],[18018977.596631773,5150926.308977346],[18021895.881886657,5254146.393438715],[18024468.498318225,5357968.590939514],[18026697.256542236,5462405.723535046],[18026835.1845541,5469469.514982347]],[[-9572865.643067999,9173213.78420759],[-9484326.222941158,9122753.258414086],[-9389996.90736425,9068723.060948165],[-9296310.8520714,9014783.287188504],[-9203264.29292598,8960934.533196619],[-9110852.73435026,8907176.512445861],[-9019070.931033831,8853508.053039609],[-8927912.874857085,8799927.096793545],[-8837371.786605094,8746430.699956046],[-8747440.112036264,8693015.035333201],[-8658109.521864971,8639675.395580838],[-8569370.915217282,8586406.197424695],[-8481214.426123615,8533200.986571375],[-8393629.432620974,8480052.443076728],[-8306604.568049899,8426952.386944445],[-8220127.734146607,8373891.783735827],[-8134186.115548654,8320860.749981302],[-8048766.19535228,8267848.558195567],[-7963853.771380642,8214843.641310425],[-7879433.972844342,8161833.59635278],[-7795491.277098051,8108805.187209347],[-7712009.526219919,8055744.346334424],[-7628971.943162715,8002636.175272571],[-7546361.14724783,7949464.943883901],[-7464159.168794215,7896214.088176419],[-7382347.4626948545,7842866.206666816],[-7300906.920772365,7789403.055209144],[-7219817.882763318,7735805.540249452],[-7139060.145797563,7682053.710484298],[-7058612.972254127,7628126.746922057],[-6978455.095889217,7574002.951368736],[-6898564.726144478,7519659.733384598],[-6818919.550554973,7465073.5957850395],[-6739496.735186373,7410220.118789098],[-6660272.92303961,7355073.942952517],[-6581224.230369167,7299608.751059729],[-6502326.240867649,7243797.249191738],[-6424948.946417759,7185202.61446561],[-6354445.710059419,7114817.415246092],[-6284014.111778932,7044545.289375602],[-6213628.596141822,6974376.32748798],[-6143264.578011895,6904300.308195992],[-6072898.3935248405,6834306.747451643],[-6002507.2559255995,6764384.944322966],[-5932069.215907277,6694524.023521303],[-5861563.12611858,6624712.974986004],[-5790968.609532344,6554940.690808192],[-5720266.031390138,6485195.9997515455],[-5649436.47445745,6415467.699605621],[-5578461.71734063,6345744.587586285],[-5507324.215630984,6276015.488977931],[-5436007.085653284,6206269.284193572],[-5364494.090605572,6136494.934411103],[-5292769.6288848715,6066681.505927391],[-5220818.724399175,5996818.193355942],[-5148627.018670179,5926894.341778882],[-5076180.764533781,5856899.467949782],[-5003466.821246372,5786823.280630137],[-4930472.650804771,5716655.700129725],[-4857186.315286244,5646386.877108623],[-4783596.475012561,5576007.210687408],[-4709692.38733878,5505507.365901044],[-4635463.905863302,5434878.290521958],[-4560901.479851095,5364111.231268337],[-4485996.153656828,5293197.749404982],[-4410739.565929218,5222129.735736286],[-4335123.948372393,5150899.424983807],[-4259142.123834491,5079499.409534921],[-4182787.503488517,5007922.65254396],[-4106054.0828654915,4936162.500363313],[-4028936.436495653,4864212.694279148],[-3951429.7109097717,4792067.381525033],[-3873529.6157500204,4719721.125546583],[-3795232.412738005,4647168.915491663],[-3716534.9022471323,4574406.174903712],[-3637434.4072271497,4501428.769600365],[-3557928.754230851,4428233.014726019],[-3478016.25129641,4354815.680975277],[-3397695.6624438046,4281173.999994381],[-3316966.1785501535,4207305.668979963],[-3235827.384376543,4133208.854508542],[-3154279.2215279555,4058882.1956465496],[-3072321.9471379174,3984324.806408764],[-2989956.088080544,3909536.277653409],[-2907182.39052417,3834516.6785243982],[-2824001.7646525255,3759266.5575753404],[-2740415.2243912173,3683786.943736024],[-2656423.8219883023,3608079.3473098646],[-2572028.577307805,3532145.761220218],[-2487230.4017034713,3455988.6627545585],[-2402030.016346205,3379611.0160879265],[-2316427.8648820007,3303016.2759008063],[-2230424.0202969946,3226208.3924415954],[-2144018.0858618435,3149191.818419981],[-2057209.0900183525,3071971.518154533],[-1996496.185895139,2994479.5983795403],[-1942486.89735934,2916547.647483354],[-1889811.6355506564,2837219.939593032],[-1854667.530831946,2728089.7073163134],[-1819509.2617107604,2619298.049631806],[-1784341.3320060638,2510845.955705954],[-1749167.5072237395,2402734.5759396516],[-1713990.874275752,2294965.163399206],[-1678813.896317416,2187539.018638026],[-1643638.4631625519,2080457.4378035283],[-1608465.9376905086,1973721.6639382404],[-1573297.1986187221,1867332.8413943544],[-1538132.679978704,1761291.973288169],[-1502972.4076017905,1655599.8819247726],[-1467816.0328929103,1550257.172125281],[-1432662.8641457902,1445264.197388486],[-1397511.895630955,1340621.0288171698],[-1362361.8346683162,1236327.426736214],[-1327211.1268786641,1132382.814925738],[-1292057.9797930478,1028786.2573881041],[-1256900.384985242,925536.4375626256],[-1221736.138880409,822631.639896988],[-1186562.8623823177,720069.7336792786],[-1151378.0194520198,617848.1590299727],[-1116178.9347625857,515963.91494865506],[-1080962.8105472096,414413.54930645827],[-1045726.742751686,313193.1506716099]]]},"properties":{"type":"meridian","value":15}},
{"type":"Feature","geometry":{"type":"MultiLineString","coordinates":[[[16608138.760910928,-313193.1506716184],[16665648.397563199,-224261.08513963703],[16723304.111937221,-135373.4281734616],[16781110.60723588,-46524.45145413733],[16839072.388706155,42291.59373740441],[16897193.76339641,131080.46431640515],[16955478.839785486,219847.91345099316],[17013931.527329687,308599.6788692626],[17072555.535973515,397341.47140710935],[17131354.375670873,486078.9637875226],[17190331.355963774,574817.7796224812],[17249489.585666686,663563.4826288905],[17308831.97270547,752321.5660499725],[17368361.224161312,841097.4422737287],[17428079.84657118,929896.4326399161],[17487990.146537982,1018723.7574266628],[17548094.231705323,1107584.5260075647],[17608394.012153488,1196483.727169429],[17668891.20227519,1285426.219580029],[17729587.32319194,1374416.7223943633],[17790483.70577401,1463459.805986453],[17851581.494329486,1552559.8827924628],[17912881.651030578,1641721.1982488392],[17974384.961148378,1730947.8218072741],[18036092.03917008,1820243.638005584],[18098003.335876692,1909612.3375708938],[18160119.146462582,1999057.4085279119],[18222439.619782925,2088582.1272815324],[18284964.76881965,2178189.5496382853],[18347694.482462108,2267882.501726443],[18410628.53870479,2357663.570768647],[18473766.6193714,2447535.095654705],[18537108.32648291,2537499.157254742],[18600653.200396404,2627557.5684047146],[18664400.73985241,2717711.863487065],[18728350.424080998,2807963.287518522],[18792501.73713171,2898312.784645487],[18856854.194609266,2988760.985933592],[18913016.76690797,3079314.0256015593],[18941913.58198325,3170124.044299255],[18970032.272150293,3261292.7709558834],[18997398.711449347,3352866.027048087],[19024037.632443335,3444888.788040692],[19049972.64392279,3537405.1403094926],[19075226.250448536,3630458.23155039],[19079443.73617088,3646298.210757638]],[[-11678086.462866975,9173213.938228365],[-11600467.201944316,9116653.570216872],[-11507439.25673839,9048710.585849728],[-11414911.72273276,8980967.778770711],[-11322885.158436451,8913429.525521101],[-11231360.30127481,8846099.753362935],[-11140337.971973823,8778981.925664678],[-11049818.985285165,8712079.027718201],[-10959804.067049673,8645393.553247692],[-10870293.7775652,8578927.49183394],[-10781288.441192081,8512682.31744084],[-10692788.0820968,8446658.978195861],[-10604792.366002351,8380857.887542635],[-10517300.547782877,8315278.916852091],[-10430311.424710957,8249921.389549009],[-10343823.2951388,8184784.076783667],[-10257833.922370149,8119865.194653557],[-10172340.5034579,8055162.402958037],[-10087339.642643696,7990672.805449504],[-10002827.329140298,7926392.951527921],[-9918798.918944929,7862318.8393117115],[-9835249.12036276,7798445.920006684],[-9752171.982913356,7734769.103485973],[-9669560.889289763,7671282.764987813],[-9587408.550039344,7607980.752833972],[-9505707.000637555,7544856.39707004],[-9424447.600629998,7481902.518929041],[-9343621.034524497,7419111.441022014],[-9263217.314122727,7356474.998163056],[-9183225.781990435,7293984.548741684],[-9103635.115775615,7231630.986562103],[-9024433.33309545,7169404.7530769035],[-8945607.796724537,7107295.849951685],[-8867145.21982925,7045293.851907032],[-8789031.671005143,6983387.919795073],[-8711252.578886503,6921566.813879277],[-8633792.73610879,6859818.907298356],[-8556636.302415865,6798132.199707876],[-8479766.80671447,6736494.331106506],[-8403167.147887893,6674892.595867708],[-8326819.59418962,6613313.957012096],[-8250705.781045242,6551745.060770629],[-8174806.707097546,6490172.25150441],[-8099102.728334844,6428581.587063014],[-8023573.550146794,6366958.8546801945],[-7948198.217154675,6305289.58752342],[-7872955.100664493,6243559.082032262],[-7797821.883591495,6181752.416200008],[-7722775.542703407,6119854.468973456],[-7647792.328027232,6057849.9409673605],[-7572847.739260584,5995723.3767129835],[-7497916.499023446,5933459.188684288],[-7422972.5227799425,5871041.683371152],[-7347988.88525214,5808455.089695985],[-7272884.539063285,5745775.939013113],[-7194988.247318834,5687933.286259594],[-7117090.357501606,5630366.771769403],[-7039164.070459313,5573054.250411085],[-6961183.276104964,5515974.100675283],[-6883122.532357011,5459105.228870024],[-6804957.046648344,5402427.072265952],[-6726662.659932479,5345919.601481798],[-6648215.833113184,5289563.32236411],[-6569593.63582128,5233339.277582027],[-6490773.737459263,5177229.048127722],[-6411734.400430487,5121214.754885508],[-6332454.475465128,5065279.0604071515],[-6252913.398949438,5009405.171007612],[-6173091.192158345,4953576.839273611],[-6092968.462283806,4897778.367057194],[-6012526.40514267,4841994.609007426],[-5931746.809437965,4786210.976675297],[-5850612.062436646,4730413.443209843],[-5769105.156914795,4674588.548647047],[-5687209.699208195,4618723.405777333],[-5604909.918192118,4562805.706562281],[-5522190.67499912,4506823.729056328],[-5439037.473267909,4450766.344775103],[-5355436.469699848,4394623.026438084],[-5271374.484682727,4338383.855999955],[-5186839.012724309,4282039.532872275],[-5101818.232420902,4225581.382224832],[-5016301.015669285,4169001.3632446076],[-4930276.935813975,4112292.077219694],[-4843736.274406294,4055446.775305888],[-4756670.0262376005,3998459.3658252964],[-4669069.902296382,3941324.4209392443],[-4580928.330288563,3884037.182532386],[-4492238.452352256,3826593.5671411734],[-4402994.1195931,3768990.1697582994],[-4313189.883064461,3711224.2663452346],[-4222820.980818513,3653293.814887966],[-4131883.3206600654,3595197.454836702],[-4040373.4582450334,3536934.504778566],[-3948288.5701800925,3478504.958203531],[-3855626.4217994343,3419909.4772380604],[-3762385.329318676,3361149.384237995],[-3668564.116094977,3302226.6511522867],[-3574162.0627561314,3243143.886592251],[-3479178.850999684,3183904.320566465],[-3383614.5009055184,3124511.7868696614],[-3287469.3016517623,3064970.7031441755],[-3205395.9749036776,3005296.397731977],[-3126027.375462552,2945494.0367508535],[-3047404.5734162643,2885540.3145929533],[-2969508.106580461,2825410.1994447885],[-2892317.8268823875,2765077.203464255],[-2815812.9508519294,2704513.385435943],[-2739972.10702039,2643689.3498508073],[-2664773.3800139506,2582574.2424600087],[-2590194.351178093,2521135.7424152587],[-2516212.1356124235,2459340.051174301],[-2442803.41553248,2397151.8784211995],[-2369944.469906927,2334534.425328518],[-2297611.2003448075,2271449.365573522],[-2230178.0039167176,2200232.655128822],[-2174283.321754086,2109227.631101101],[-2118390.6896715956,2018357.4364442667],[-2062490.5154167458,1927620.2197524025],[-2006573.529096123,1837013.761257604],[-1950630.7659098515,1746535.4955505081],[-1894653.5508154838,1656182.5333509266],[-1838633.48493162,1565951.6824136504],[-1782562.433512967,1475839.4676434589],[-1726432.515346914,1385842.1504840706],[-1670236.09343773,1295955.7476376526],[-1613965.7668583319,1206176.0491648177],[-1557614.3636615654,1116498.6360089853],[-1501174.9347533113,1026918.8969841433],[-1444640.7486386818,937432.0452606314],[-1388005.286960373,848033.1343799018],[-1331262.2407547592,758717.07382598],[-1274405.5073571238,669478.6441786853],[-1217429.1878921858,580312.5118711711],[-1160327.5852901905,491213.2435723212],[-1103095.2027722888,402175.32021276513],[-1045726.742751686,313193.1506716099]]]},"properties":{"type":"meridian","value":30}},
{"type":"Feature","geometry":{"type":"MultiLineString","coordinates":[[[16608138.760910928,-313193.1506716184],[16683972.461723197,-242278.848474173],[16760049.414643569,-171118.06246671808],[16836378.060510565,-99704.24127685692],[16912966.08309419,-28031.037910469546],[16989820.418599747,43907.67593108505],[17066947.26554866,116117.7966268136],[17144352.095281884,188604.9765072364],[17222039.663327117,261374.6128255485],[17300014.021866996,334431.83783508127],[17378278.53353972,407781.50997925684],[17456835.886797424,481428.2061985],[17535688.113040052,555376.215355657],[17614836.60573393,629629.532776595],[17694282.14171437,704191.8558963896],[17774024.904860206,779066.5809936738],[17854064.512316197,854256.8009859596],[17934400.04342485,929765.3042477712],[18015030.071514886,1005594.5744006076],[18095952.698677175,1081746.7910094368],[18177165.593642373,1158223.8311048194],[18258666.032856733,1235027.271432532],[18340450.944834653,1312158.3913143019],[18422516.957848206,1389618.175983752],[18504486.089146156,1466759.1045970337],[18583145.656868108,1538043.2515818707],[18661623.246920023,1608895.421242253],[18739928.2273897,1679319.69812215],[18818071.211415738,1749320.2103946134],[18896064.083598763,1818901.1029208994],[18973920.028089654,1888066.5077741535],[19051653.55885809,1956820.5121476823],[19129280.552668117,2025167.1235486225],[19206818.285312634,2093110.2321548325],[19284285.47168632,2160653.570187709],[19361702.310307555,2227800.668124808],[19419248.80086567,2277475.5985554764]],[[-18743527.227446955,-3447865.133762963],[-18748395.742735904,-3422150.769872938],[-18767177.330122016,-3321953.107843815],[-18785613.625756383,-3221932.080994141],[-18803693.202028584,-3122063.4673541747],[-18815154.89305239,-3057742.5424265857]],[[-15586426.188757546,2534577.73736635],[-15552182.093224028,2546117.2738675755],[-15455584.304419765,2578444.486538288],[-15358704.789223066,2610549.596734038],[-15261528.895238925,2642453.8411773485],[-15164042.440016191,2674176.799978753],[-15066231.726441532,2705736.488134373],[-14968083.558040766,2737149.4384565754],[-14869585.254097352,2768430.7768028467],[-14770724.664487917,2799594.2903960203],[-14671490.184124993,2830652.4899648693],[-14571870.766888041,2861616.6663771993],[-14471855.938915374,2892496.942386902],[-14371435.81112185,2923302.320071328],[-14270601.090800568,2954040.724495036],[-14169343.092161292,2984719.0440997523],[-14067653.745653965,3015343.168287869],[-13965525.605923211,3045918.022637178],[-13925889.815759774,3057736.053778322]],[[-11376396.706871314,7473547.315490112],[-11326843.464246256,7425120.365079887],[-11246196.990172574,7346358.621500871],[-11165814.55607635,7267915.429566944],[-11085699.438256124,7189789.782966892],[-11005854.621367352,7111980.380672376],[-10926282.753570624,7034485.625473879],[-10846986.104724448,6957303.622900756],[-10767966.527561944,6880432.180654243],[-10689225.421774937,6803868.808665194],[-10610763.700912986,6727610.719872114],[-10532581.761989152,6651654.831800077],[-10454679.457669364,6575997.769007203],[-10377056.070907684,6500635.866452961],[-10299710.291876245,6425565.1738312375],[-10222640.197025988,6350781.460901475],[-10145843.230102649,6276280.223842709],[-10069316.18493188,6202056.692648578],[-9993055.189777792,6128105.839575837],[-9917055.69307066,6054422.388655076],[-9841312.450291928,5981000.826269697],[-9765819.511797866,5907835.412808256],[-9690570.211357262,5834920.195395447],[-9615557.155173115,5762249.021708788],[-9540772.211153429,5689815.554891016],[-9466206.498191498,5617613.289572497],[-9391850.375211721,5545635.569023569],[-9317693.4297323,5473875.603463494],[-9243724.465691451,5402326.489560772],[-9169931.490278374,5330981.2311687665],[-9096301.699504325,5259832.76135109],[-9022821.462242037,5188873.96576278],[-8949476.30245383,5118097.707466304],[-8876250.879319036,5047496.853275434],[-8803128.964960247,4977064.301735702],[-8730093.419454738,4906793.012866855],[-8657126.162801929,4836676.039811162],[-8584208.143499864,4766706.562551325],[-8511319.303362843,4696877.923883334],[-8438438.538188225,4627183.667853113],[-8365543.653852879,4557617.580891241],[-8292611.317388061,4488173.735907764],[-8219617.002545404,4418846.539639169],[-8146534.929325828,4349630.783572422],[-8109952.567889385,4315063.1865736935],[-8067606.099875462,4290462.872199858],[-7980613.973383754,4245234.659300295],[-7893403.8075843435,4200315.969833391],[-7805954.053890304,4155678.802650067],[-7718243.64664611,4111296.6830405965],[-7630252.012042911,4067144.5957659176],[-7541959.078204005,4023198.92381173],[-7453345.2863975465,3979437.3925546412],[-7364391.603319481,3935839.0190291298],[-7275079.534375246,3892384.0659852023],[-7185391.137873493,3849054.0004285765],[-7095309.040029099,3805831.456337522],[-7004816.450656226,3762700.2012529983],[-6913897.17941501,3719645.106440881],[-6822535.65245784,3676652.1203269633],[-6730716.92930328,3633708.2449067975],[-6638426.719747568,3590801.514833287],[-6545651.400605558,3547920.9788853875],[-6452378.032055231,3505056.6835211264],[-6358594.3733426,3462199.6582178436],[-6264288.897587587,3419341.9023019234],[-6169450.805416184,3376476.372969634],[-6074070.03713076,3333596.974200342],[-5978137.283118717,3290698.5462631634],[-5881643.992190594,3247776.8555186847],[-5784582.377532352,3204828.584218764],[-5686945.419953509,3161851.3200098006],[-5588726.8681135345,3118843.5448486167],[-5489921.235413573,3075804.6230453514],[-5390200.810058881,3032747.1242104587],[-5290582.85932153,2989726.72982403],[-5191544.3635962615,2946751.26428433],[-5093080.896598689,2903821.3497440163],[-4995187.298804656,2860936.800538464],[-4897857.668352592,2818096.6095681484],[-4801085.355578784,2775298.9360223417],[-4704862.960906392,2732541.0941850054],[-4609182.3357975995,2689819.543056589],[-4514034.586470986,2647129.8765197354],[-4419410.080083229,2604466.813772945],[-4325298.453074766,2561824.1897534295],[-4231688.6213830365,2519194.945268855],[-4138568.792233785,2476571.11655701],[-4045926.4772302965,2433943.8239924475],[-3953748.5064719217,2391303.25965964],[-3862021.043446569,2348638.673513047],[-3770729.600456366,2305938.3578452817],[-3679859.0543515175,2263189.629785389],[-3589393.6623636424,2220378.8115497534],[-3499317.077846915,2177491.208168333],[-3409612.3657522895,2134511.0824085614],[-3320262.017677267,2091421.6266184915],[-3231247.966350587,2048204.9312093619],[-3142551.599427796,2004841.949495915],[-3054153.7724898825,1961312.4586105167],[-2966034.821152814,1917595.0162046137],[-2878174.572210889,1873666.9126484718],[-2790552.3537514014,1829504.1184378578],[-2703147.0041918983,1785081.2265146847],[-2615936.8802047297,1740371.389208258],[-2531526.8412769902,1690800.7045773806],[-2457505.770411774,1623303.07792151],[-2383591.6448203996,1555699.9480204745],[-2309757.1208617915,1487985.6892552457],[-2235976.1414338285,1420154.289645323],[-2162223.8739207406,1352199.4019809915],[-2088476.6542723326,1284114.3913782474],[-2014711.9367056615,1215892.3795823893],[-1940908.2485573788,1147526.2863144835],[-1867045.149848202,1079008.867925391],[-1793103.1971502018,1010332.7535947879],[-1719063.9113731445,941490.4792872262],[-1644909.7491084354,872474.5196538364],[-1570624.0771883738,803277.31804638],[-1496191.1501349572,733891.3147901923],[-1421596.0901864592,664308.9738436749],[-1346824.8696018904,594522.8079546097],[-1271864.2949532778,524525.4024073221],[-1196701.9931240145,454309.4374399598],[-1121326.3987382294,383867.7093972479],[-1045726.742751686,313193.1506716099]]]},"properties":{"type":"meridian","value":45}},
{"type":"Feature","geometry":{"type":"MultiLineString","coordinates":[[[16608138.760910928,-313193.1506716184],[16697111.989804711,-265152.9951873054],[16786378.12816894,-216640.35974912273],[16875952.26013538,-167649.22074542235],[16965848.3224095,-118173.73759489253],[17056079.091592,-68208.26372810437],[17146656.172053326,-17747.356105695282],[17237589.984758988,33214.21696560564],[17328889.757461995,84681.46996906638],[17420563.51669411,136659.19652623744],[17512618.081999518,189151.96822560427],[17605059.062862664,242164.13620575212],[17697890.8587851,295699.8357704052],[17791116.662964385,349762.9943131462],[17884738.470020577,404357.3428264796],[17976742.268993214,456095.75969137414],[18068301.869945362,507122.85156476335],[18159497.675573785,557566.8777282053],[18250340.254197847,607432.6803008233],[18340841.585186124,656725.2902870531],[18431015.042858336,705449.9154064154],[18520875.379371934,753611.9256936216],[18610438.707103442,801216.8371718414],[18699722.481006064,848270.2938838431],[18788745.481393486,894778.0485470196],[18877527.79756691,940745.9420791747],[18966090.812667366,986179.8822227825],[19054457.19010044,1031085.8214769511],[19142650.861844167,1075469.7345285567],[19230697.018915128,1119337.5953576944],[19318622.10423098,1162695.3541776359],[19406453.808071725,1205548.9143566375],[19419249.316032678,1211753.1304657173]],[[-17820582.013746355,-3980726.643502278],[-17814404.38261904,-3897731.6764926556],[-17806791.935032472,-3800821.3883642526],[-17798759.149761897,-3704157.049708715],[-17790294.435158692,-3607707.60426828],[-17781385.428706788,-3511440.97652491],[-17772018.97265666,-3415324.070513422],[-17762181.088939227,-3319322.765647451],[-17751856.95354809,-3223401.909590846],[-17741030.870620623,-3127525.3082441166],[-17732825.40772884,-3057742.9283889113]],[[-15045261.19202182,1597251.228827083],[-15017896.825065099,1602003.622925338],[-14917372.287559513,1619472.2707884319],[-14816952.493538052,1636948.9637024344],[-14716621.955949025,1654448.4782407458],[-14616365.228086943,1671984.6255985643],[-14516166.92360902,1689570.3174435091],[-14416011.73604761,1707217.6259515616],[-14315884.457855515,1724937.83854298],[-14215769.999019526,1742741.5077839447],[-14115653.405275403,1760638.4968766698],[-14015519.87595492,1778638.0211226756],[-13915354.781492505,1796748.685710576],[-13815143.680615691,1814978.5201502088],[-13714872.337239696,1833335.0096490711],[-13614526.737082286,1851825.1237042763],[-13514093.104010807,1870455.3421632694],[-13413557.916128306,1889231.6789891636],[-13312907.92160091,1908159.7039513174],[-13212130.154223371,1927244.562448642],[-13111211.948714346,1946490.9936617159],[-13010140.955727603,1965903.3472200884],[-12908905.156559704,1985485.5985628113],[-12807492.87752918,2005241.3631633103],[-12705892.803996684,2025173.9097838616],[-12604093.993989991,2045286.1729202427],[-12502085.891392406,2065580.7645932946],[-12399858.338647947,2086059.9856412073],[-12297401.588931622,2106725.836664127],[-12194706.317728613,2127580.0287711667],[-12091763.633761749,2148623.9942789585],[-11988565.089203095,2169858.8975104713],[-11885102.689101996,2191285.6458428334],[-11781368.899959484,2212904.901153341],[-11677356.657376923,2234717.0918136],[-11573059.372705659,2256722.425382823],[-11468470.938624132,2278920.902152622],[-11363585.733569542,2301312.329697243],[-11258398.624952747,2323896.338584994],[-11152904.971087776,2346672.399408615],[-11047100.62177104,2369639.8412946756],[-10940981.917450227,2392797.8720545755],[-10834545.686928926,2416145.600142619],[-10727789.243560227,2439682.05858984],[-10620710.379890863,2463406.2310860003],[-10513307.360727087,2487317.0803864],[-10405578.914603978,2511413.5792252184],[-10297524.223651612,2535694.743922898],[-10189142.911864063,2560159.6708820737],[-10080435.031790795,2584807.5761748115],[-9971401.049684092,2609637.838433699],[-9862041.829151092,2634650.045271112],[-9752358.613374218,2659844.043464819],[-9642353.00597934,2685219.993164756],[-9532026.950646633,2710778.4263953725],[-9421382.709574677,2736520.310151202],[-9310422.840923429,2762447.1144107445],[-9199150.175376559,2788560.88542588],[-9087567.791977437,2814864.324681826],[-8975678.993406214,2841360.8739666915],[-8876743.958570877,2844943.08722611],[-8782127.391103728,2840156.964868323],[-8685595.50800163,2831146.777413478],[-8574766.14094873,2796804.98221878],[-8464300.320651134,2762698.1791327707],[-8354201.810865088,2728822.827577335],[-8244474.2069293745,2695176.1674761227],[-8135120.895901667,2661756.1236026958],[-8026145.017557379,2628561.2164087673],[-7917549.426525043,2595590.4789617965],[-7809336.655808613,2562843.379653661],[-7701508.881921982,2530319.750369352],[-7594067.891834823,2498019.7198272287],[-7487015.051901792,2465943.651820692],[-7380351.278919762,2434092.0881061656],[-7274077.013430319,2402465.6956940894],[-7168192.195357713,2371065.218309025],[-7062696.242045963,2339891.4317922606],[-6957588.02873343,2308945.1032258314],[-6852865.871478933,2278226.9535611547],[-6748527.512530764,2247737.6235386007],[-6644570.108108944,2217477.6426868355],[-6540990.218551822,2187447.4011925915],[-6437783.800760973,2157647.124433192],[-6334946.202863097,2128076.849965429],[-6232472.160994662,2098736.4067658912],[-6130355.798104009,2069625.3965190498],[-6028590.624656838,2040743.1767510585],[-5927169.541124219,2012088.8456087036],[-5826084.842127393,1983661.2280847677],[-5725328.222110792,1955458.863492966],[-5624890.782413516,1927479.9939975585],[-5524763.039609948,1899722.5540048215],[-5424934.9349923525,1872184.1602256405],[-5325395.845071507,1844862.102220375],[-5226134.5929762125,1817753.333239056],[-5127139.4606380975,1790854.4611715232],[-5028398.2016548775,1764161.7394233365],[-4929898.054732632,1737671.057534172],[-4831625.757615859,1711377.9313556785],[-4733567.561422674,1685277.4926054045],[-4635709.245311758,1659364.47761239],[-4538036.1314170165,1633633.2150680188],[-4440533.099995743,1608077.6125928785],[-4343184.604745798,1582691.1419263817],[-4245974.688257433,1557466.822540732],[-4148886.997575194,1532397.203474335],[-4051904.7998554017,1507474.3431717926],[-3955010.9981144443,1482689.7871080872],[-3858188.1470728973,1458034.542963275],[-3761418.4691100405,1433499.0531007838],[-3664683.870352632,1409073.164087267],[-3567965.956931081,1384746.0929742684],[-3471246.0514449263,1360506.3900421534],[-3374505.2096883007,1336341.8976839508],[-3277724.2376943603,1312239.7050811872],[-3180883.709165772,1288186.0982949617],[-3083963.9833660577,1264166.5053631056],[-2986945.223554013,1240165.4359581086],[-2889807.4160503927,1216166.4151199285],[-2796643.23053493,1185075.2538053477],[-2708674.350116142,1145063.3937092074],[-2620943.45949741,1104716.0163376906],[-2533413.5459523797,1064026.405671066],[-2446048.7692570966,1022987.7646749766],[-2358814.4406758733,981593.2222793952],[-2271677.0038427464,939835.8417662412],[-2184604.01772066,897708.6304073607],[-2097564.141776296,855204.5502120942],[-2010527.123468278,812316.5296573435],[-1923463.7881099905,769037.4762834047],[-1836346.0311343072,725360.2900459914],[-1749146.812755927,681277.8773192214],[-1661840.1549969243,636783.1654460316],[-1574401.1410123482,591869.1177318187],[-1486805.916624694,546528.7487741647],[-1399031.6939486365,500755.1400166545],[-1311056.7569603352,454541.45540806843],[-1222860.4688386354,407880.95703987894],[-1134423.280878684,360767.0206252349],[-1045726.742751686,313193.1506716099]]]},"properties":{"type":"meridian","value":60}},
{"type":"Feature","geometry":{"type":"MultiLineString","coordinates":[[[16608138.760910928,-313193.1506716184],[16704167.027618553,-291347.49404989544],[16800477.046901997,-268930.0159897253],[16897091.995892815,-245937.7980322796],[16994034.144366544,-222368.03645423803],[17091324.80646148,-198218.0614523611],[17188984.290992036,-173485.35685527886],[17287031.850543488,-148167.58007679644],[17385485.62958778,-122262.58199440438],[17484362.61191583,-95768.42640350007],[17583678.567738313,-68683.40866185536],[17683476.911167633,-40871.951042085624],[17783008.24589292,-13349.110296327679],[17882102.19729322,13595.75274031302],[17980773.450028993,39964.26904434646],[18079037.890434064,65758.29968822218],[18176912.55702612,90979.92024970456],[18274415.59098398,115631.40411592521],[18371566.186957553,139715.20507567594],[18468384.544523925,163233.93955865796],[18564891.82055115,186190.3688481118],[18661110.082680818,208587.3815629684],[18757062.26409145,230427.97667875883],[18852772.119658016,251715.24733193323],[18948264.183577854,272452.36563082953],[19043563.72849094,292642.56867817685],[19138696.726081822,312289.1459942019],[19233689.80911261,331395.42851715523],[19328570.234800346,349964.7793481679],[19419248.959419567,367228.0847242831]],[[-17089200.059574008,-4402990.135976458],[-17087813.187215403,-4399045.855836346],[-17055603.940485787,-4308246.46260827],[-17022952.291276004,-4217734.230727165],[-16989846.512985762,-4127481.969871784],[-16956274.66613632,-4037462.0858627628],[-16922224.618368812,-3947646.6062541394],[-16887684.066989493,-3858007.2045965637],[-16852640.564379517,-3768515.223554018],[-16817081.54660901,-3679141.6970700338],[-16780994.365618832,-3589857.3717918326],[-16744366.32535775,-3500632.7279716525],[-16707184.722287871,-3411438.0000736266],[-16669436.89069693,-3322243.1973219085],[-16631110.253281444,-3233018.124431116],[-16592192.377490517,-3143732.4027635935],[-16554179.047048932,-3057742.668322104]],[[-14455937.146299463,576511.9982720037],[-14452104.588959608,576632.8235293843],[-14350881.836206974,579991.8466714298],[-14250012.95550799,583668.2575129581],[-14149478.42173414,587669.6113361121],[-14049258.316411948,592002.9160247275],[-13949332.373186002,596674.6782206936],[-13849680.021541618,601690.9460011902],[-13750280.428833663,607057.348236996],[-13651112.540685516,612779.13078396],[-13552155.11983719,618861.189652291],[-13453386.783533994,625308.1012915951],[-13354786.039557377,632124.1501231805],[-13256331.321007818,639313.3534453853],[-13158001.019955575,646879.4838321998],[-13059773.520079581,654826.08914042],[-12961627.228417305,663156.5102360072],[-12863540.606349362,671873.8965461038],[-12765492.19994233,680981.219539459],[-12667460.66977118,690481.2842348875],[-12569424.820339713,700376.7388346633],[-12471363.629212791,710670.0825778027],[-12373256.27596857,721363.6719067837],[-12275082.171072118,732459.7250406168],[-12176820.984763691,743960.3250473136],[-12078452.676045937,755867.421509787],[-11979957.521843992,768182.8308810074],[-11881316.146401072,780908.235627132],[-11782509.550959662,794045.1822610729],[-11683519.14376495,807595.0783738043],[-11584326.770412318,821559.1887767505],[-11484914.74454509,835938.6308756033],[-11385265.87889194,850734.369404258],[-11285363.516615508,865947.2106570356],[-11185191.56292511,881577.7963680519],[-11084734.5168868,897626.5973986393],[-10983977.5033437,914093.9074068728],[-10882906.304838505,930979.8366878534],[-10781507.393408628,948284.3063890286],[-10679767.962102767,966007.0433218871],[-10577675.95604582,984147.5756094868],[-10475220.102857638,1002705.2294286141],[-10372389.942210037,1021679.127125866],[-10269175.85428638,1041068.1870084936],[-10165569.086889116,1060871.1251334855],[-10061561.780923506,1081086.45944206],[-9957146.993970525,1101712.5166114802],[-9859580.551336262,1110336.0372241468],[-9762469.604913931,1118161.1523165863],[-9665712.836491475,1125305.4687366828],[-9569275.726608798,1131769.9077816147],[-9473123.23431007,1137555.4097758178],[-9377219.864890317,1142662.8986517207],[-9281529.733346244,1147093.2509408633],[-9186016.62401373,1150847.2691165549],[-9090644.04690186,1153925.6592303726],[-8995375.291255454,1156329.012789654],[-8900173.476895332,1158057.7928311275],[-8805001.603899183,1159112.3241562918],[-8709822.601195883,1159492.787706613],[-8614599.374653423,1159199.2190704439],[-8519294.855245009,1158231.511128357],[-8423872.047879886,1156589.4208586025],[-8328294.081484833,1154272.5803395002],[-8232524.260919013,1151280.5119997484],[-8136526.121298467,1147612.6481808333],[-8040263.485296863,1143268.3550870041],[-7943700.52397526,1138246.9612072958],[-7846801.821675028,1132547.7903001392],[-7749532.4454839565,1126170.1990334997],[-7647753.290996206,1111939.1421651868],[-7543430.95784765,1093029.6804937718],[-7439505.807452724,1074520.1925574392],[-7335970.064945228,1056412.607160713],[-7232815.083466256,1038708.6444239155],[-7130031.369614781,1021409.8125174554],[-7027608.610470347,1004517.4066403195],[-6925535.701926385,988032.5099079672],[-6823800.778089318,971955.9958379978],[-6722391.241516758,956288.5321441309],[-6621293.794087439,941030.585570008],[-6520494.468315711,926182.4275143162],[-6419978.658943997,911744.1402175743],[-6319731.154667485,897715.6232986299],[-6219736.169866138,884096.6004454826],[-6119977.376239505,870886.6260804179],[-6020437.934259924,858085.091833625],[-5921100.524379085,845691.2326724954],[-5821947.377941529,833704.132545573],[-5722960.307776531,822122.7294107813],[-5624120.738456568,810945.819527029],[-5525409.73622654,800172.060896622],[-5426808.038622668,789799.9757531619],[-5328296.083813785,779827.9519958054],[-5229854.039710442,770254.2434759279],[-5131461.832898748,761076.9690464103],[-5033099.177466485,752294.1102871537],[-4934745.603798256,743903.5078227479],[-4836380.48742479,735902.8561499955],[-4737983.078018602,728289.6968937851],[-4639532.528634166,721061.410410131],[-4541007.925295617,714215.2056547139],[-4442388.317038584,707748.1082344349],[-4343652.746515034,701656.946557839],[-4244780.281271286,695938.3359986111],[-4145750.04580879,690588.6609837462],[-4046541.254535784,685604.0549156022],[-3947133.24571454,680980.3778337815],[-3847505.516504152,676713.1917196995],[-3747637.7591921813,672797.7333429554],[-3647509.8987001055,669228.884544807],[-3547102.131437162,666001.1398498778],[-3446394.9655647525,663108.5712926176],[-3345369.262718955,660544.7903400903],[-3244006.2812218294,658302.9067871496],[-3142718.432034647,655631.8677868671],[-3045704.8731530616,645541.6977513965],[-2949068.2535876827,634954.264391732],[-2852775.284366991,623865.3796970884],[-2756792.7270020656,612271.0775983231],[-2661087.4440040975,600167.5724838567],[-2565626.4456530223,587551.2228020924],[-2470376.9335123952,574418.4994306507],[-2375306.3411707333,560765.9585139244],[-2280382.372672416,546590.2184910267],[-2185573.03908206,531887.9410560292],[-2090846.693605643,516655.81581102416],[-1996172.0656697082,500890.54839001957],[-1901518.2943369772,484588.85184734064],[-1806854.961412738,467747.441118467],[-1712152.1245714542,450363.0303732254],[-1617380.350807165,432432.3330914677],[-1522510.7504843157,413952.064699083],[-1427515.0122375903,394918.94760777283],[-1332365.4389398235,375329.71850482514],[-1237034.9849261614,355181.1377395414],[-1141497.2946300115,334470.0006503775],[-1045726.7427516846,313193.1506716085]]]},"properties":{"type":"meridian","value":75}},
{"type":"Feature","geometry":{"type":"MultiLineString","coordinates":[[[16608138.760910928,-313193.1506716184],[16704658.250361634,-319087.42774598044],[16801389.444727834,-324464.21693069616],[16898361.815659575,-329325.96905368153],[16995604.752435196,-333675.2750871608],[17093147.513131294,-337514.896591722],[17191019.172888014,-340847.80004220095],[17289248.568954207,-343677.1952054815],[17387864.24220921,-346006.5777447657],[17487651.139443263,-346495.9918307904],[17588791.662985876,-344459.6497922821],[17689543.517883066,-342829.1126312792],[17789926.893109053,-341609.4210913627],[17889962.52010819,-340805.1809877517],[17989671.62018182,-340420.60332110064],[18089075.853841063,-340459.54165058833],[18188197.272106446,-340925.5267687909],[18287058.26970833,-341821.7987254795],[18385681.540118385,-343151.33625177474],[18484090.032321837,-344916.8836393539],[18582306.909222793,-347120.97513169184],[18680355.507560004,-349765.95688614703],[18778259.29919836,-352854.00656660844],[18876041.85365183,-356387.1506268998],[18973726.801685706,-360367.2793450965],[19071337.799841058,-364796.1596685002],[19168898.495720595,-369675.44592850906],[19266432.493873607,-375006.68848384434],[19363963.322117973,-380791.3403499832],[19419248.300561037,-384271.737254549]],[[-16438380.680408884,-4778741.408880413],[-16414862.584597247,-4743523.917663011],[-16360266.845704509,-4662352.2472769385],[-16305241.831506493,-4581351.493426499],[-16249775.152930928,-4500502.3809391465],[-16193854.622933893,-4419785.799774879],[-16137468.277295569,-4339182.832564445],[-16080604.3970793,-4258674.781831425],[-16023251.53274602,-4178243.197021841],[-15965398.529904138,-4097869.901454942],[-15907034.556661328,-4017537.0192978275],[-15848149.13252865,-3937227.002654737],[-15788732.158809347,-3856922.6588491914],[-15728773.950384498,-3776607.1779635297],[-15668265.268784737,-3696264.1606861027],[-15607197.356412444,-3615877.646501159],[-15545561.971751105,-3535432.1422405774],[-15483351.425368771,-3454912.651000097],[-15420558.616490167,-3374304.701405571],[-15357177.06987751,-3293594.3771972954],[-15293200.972723465,-3212768.347082827],[-15228625.211220972,-3131813.8947909535],[-15169109.835845122,-3057742.4999300935]],[[-13763401.66222704,-622994.6839074404],[-13754844.390500005,-623785.5213044484],[-13656093.527831066,-632603.532814149],[-13557760.630303169,-640813.3108482672],[-13459817.442415502,-648414.4823670547],[-13362235.025085567,-655406.8756195212],[-13264983.826531516,-661790.479480666],[-13168033.74921342,-667565.4062663935],[-13071354.213042624,-672731.8580342411],[-12974914.215109896,-677290.0963638326],[-12878682.386218304,-681240.415600775],[-12782627.044536464,-684583.1195411221],[-12686716.246712321,-687318.5015302113],[-12590917.836808067,-689446.8279489101],[-12495199.493432866,-690968.3250620393],[-12399528.775463074,-691883.1692073593],[-12303873.166749237,-692191.4803085702],[-12208200.120216101,-691893.3187021292],[-12112477.101766184,-690988.6852747499],[-12016671.634399211,-689477.5249158514],[-11920751.34295924,-687359.7332968861],[-11824683.999918045,-684635.1669965191],[-11728437.572597831,-681303.6569972828],[-11631980.272227697,-677365.0255847186],[-11535280.605216732,-672819.1066839764],[-11438307.427011482,-667665.769671097],[-11341029.998886473,-661904.9466959942],[-11243418.04799295,-655536.6635513939],[-11145441.830962414,-648561.0741161533],[-11047072.201327266,-640978.4983918048],[-10947878.861698814,-632091.1423764888],[-10845093.402372908,-616868.7245036159],[-10742727.270948319,-602094.4931272165],[-10640767.54353222,-587770.8013075808],[-10539200.393327957,-573899.6853705191],[-10438011.134801824,-560482.8817286495],[-10337184.267993933,-547521.8442099285],[-10236703.522727279,-535017.7616268004],[-10136551.902503813,-522971.5753445497],[-10036711.727910291,-511383.99663090793],[-9937164.679389482,-500255.5235909468],[-9837891.839263836,-489586.4575114096],[-9738873.732928708,-479376.9184572003],[-9640090.369160498,-469626.8599793879],[-9541521.279511506,-460336.0828092614],[-9443145.55678804,-451504.24742623337],[-9344941.892630922,-443130.88539918826],[-9246888.614238441,-435215.40941109485],[-9148963.720290922,-427757.12188541575],[-9051144.916153027,-420755.22214021755],[-8953409.648445515,-414208.8120019717],[-8855735.139091773,-408116.89981594065],[-8758098.418956386,-402478.4027939149],[-8660476.361203525,-397292.147642943],[-8562845.714511547,-392556.8694207862],[-8465183.136287522,-388271.20856522257],[-8367465.226031029,-384433.70604507753],[-8269668.559000685,-381042.79658121115],[-8171769.720339354,-378096.79988568806],[-8073745.3398149805,-375593.90986715356],[-7975572.127333127,-373532.18175013136],[-7877226.909374904,-371909.51705571497],[-7778686.666509514,-370723.64639109344],[-7679928.572124391,-369972.1099954757],[-7580930.0325074,-369652.2359907207],[-7481668.728404985,-369761.1162860085],[-7382122.658167007,-370295.58008772216],[-7282270.1825733725,-371252.1649682328],[-7182090.071419184,-372627.0854504435],[-7081561.551913809,-374416.1990692432],[-6980664.358924922,-376614.969875926],[-6879378.787071021,-379218.42935767263],[-6779499.533126605,-379192.9064415162],[-6680936.946925671,-377064.9992195816],[-6582761.879959286,-374429.8700684597],[-6484945.502487287,-371284.1836393615],[-6387458.686474591,-367624.88096332684],[-6290272.064635662,-363449.1369528848],[-6193356.085892172,-358754.3221579347],[-6096681.067556263,-353537.96860172506],[-6000217.244564538,-347797.73952719796],[-5903934.816096016,-341531.4028897949],[-5807803.989911989,-334736.80843946274],[-5711795.024756727,-327411.8682422686],[-5615878.271156408,-319554.5404997278],[-5520024.210949489,-311162.8165321081],[-5424203.495875109,-302234.7107997672],[-5328386.9855377255,-292768.2538441738],[-5232545.785055666,-282761.4880370462],[-5136651.282688992,-272212.4660321715],[-5040675.187728035,-261119.2518192823],[-4944589.568908023,-249479.92428320085],[-4848366.893597451,-237292.58317339543],[-4751980.067988013,-224555.35738971984],[-4655402.478492063,-211266.415488513],[-4558608.034529305,-197423.97830965702],[-4461571.212857735,-183026.33361940627],[-4364267.103574514,-168071.85265524173],[-4266671.457880206,-152559.00844816427],[-4168760.7376646106,-136486.39578383495],[-4070512.166933953,-119852.75264718723],[-3971903.7850574916,-102656.98297524167],[-3872914.501766447,-84898.18051967051],[-3773524.153789782,-66575.65359435508],[-3673713.562959508,-47688.950453437865],[-3573464.595563401,-28237.88501254008],[-3472891.9829846043,-8334.077533634647],[-3372687.269203314,11130.006686626339],[-3272914.3793967967,30034.935909922548],[-3173555.300697434,48380.94896471582],[-3074590.9946767995,66168.54272908089],[-2976001.4551144973,83398.44757802277],[-2877765.7645887504,100071.603139667],[-2779862.1496741744,116189.13464280992],[-2682268.034584959,131752.3301067127],[-2584960.0931516313,146762.61859518735],[-2487914.2990663163,161221.54973172426],[-2391105.974375055,175130.77464994031],[-2294509.836236086,188492.02853445138],[-2198100.0420003054,201307.1148909512],[-2101850.232704273,213577.89167084632],[-2005733.57509753,225306.2593652055],[-1909722.80235448,236494.15117453074],[-1813790.253647214,247143.52535530264],[-1717907.912779196,257256.3598406467],[-1622047.446101205,266834.6492311032],[-1526180.2399503533,275880.4042519488],[-1430277.437870201,284395.653775478],[-1334309.9778858395,292382.44951039157],[-1238248.6301213545,299842.87346505973],[-1142064.0350592816,306779.0482975295],[-1045726.7427516846,313193.1506716085]]]},"properties":{"type":"meridian","value":90}},
{"type":"Feature","geometry":{"type":"MultiLineString","coordinates":[[[16608138.760910928,-313193.1506716184],[16698559.373613123,-346477.23064033047],[16789080.290367402,-379436.87584909046],[16879732.215485476,-412080.2862177994],[16970546.589310925,-444415.84066423605],[17061555.58324605,-476452.1130622818],[17152792.094582688,-508197.8913907797],[17244289.740816083,-539662.2003666935],[17336537.448854696,-570063.1473310394],[17432566.4557117,-593825.738948947],[17528362.548103202,-617700.1004241685],[17623950.4391833,-641700.3650660163],[17719354.631833006,-665839.8910475852],[17814599.39534082,-690131.3196781628],[17909708.743416283,-714586.6282610202],[18004706.413344998,-739217.1779505666],[18099615.846105456,-764033.756990632],[18194460.16728041,-789046.6196869037],[18289262.168607924,-814265.5214400887],[18384044.29003053,-839699.750142959],[18478828.602113493,-865358.1542229747],[18573636.788717203,-891249.1675936123],[18668490.12982165,-917380.8317606923],[18763409.484415237,-943760.8153155328],[18858415.27337365,-970396.4310341607],[18953527.462269183,-997294.6507911985],[19048765.54406501,-1024462.1184881595],[19144148.521663584,-1051905.161188702],[19239694.890293386,-1079629.798647879],[19335422.619733304,-1107641.751418492],[19419249.15712403,-1132363.2521270348]],[[-15790512.461579753,-5152787.359815849],[-15781365.206239533,-5144105.64357159],[-15708523.559615828,-5075145.3737111995],[-15635303.759071035,-5006135.612565969],[-15561693.992006715,-4937065.065417939],[-15487682.990718784,-4867922.833913139],[-15413260.03843408,-4798698.433242083],[-15338414.975335257,-4729381.809017005],[-15263138.204342179,-4659963.353836773],[-15187420.696405398,-4590433.923520625],[-15111253.995054564,-4520784.852982939],[-15034630.219932111,-4451007.971713155],[-14957542.069029924,-4381095.618818156],[-14879982.819334874,-4311040.657578647],[-14801946.325577635,-4240836.489466766],[-14723427.016768856,-4170477.067569436],[-14644419.890197461,-4099956.90936079],[-14564920.502557952,-4029271.1087678587],[-14484924.957867157,-3958415.3474765364],[-14404429.891826447,-3887385.905429928],[-14323432.452282509,-3816179.670478505],[-14241930.275439424,-3744794.147151709],[-14159921.457475932,-3673227.4645330627],[-14077404.521225672,-3601478.3832365363],[-13994378.37758355,-3529546.3015001835],[-13910842.281309238,-3457431.2604345395],[-13826795.780908015,-3385133.9484875808],[-13742238.662280077,-3312655.7052156366],[-13657170.885841371,-3239998.524480143],[-13571592.516831547,-3167165.0572235486],[-13485503.648537204,-3094158.6140142633],[-13442446.599257104,-3057742.8318205355]],[[-12900069.147522384,-2118330.8143381723],[-12852470.740597771,-2127262.713037254],[-12757826.137316145,-2144429.379183832],[-12663383.85455402,-2160763.090373636],[-12569098.42743191,-2176266.3479990335],[-12474923.498312773,-2190941.318334152],[-12380811.872267349,-2204789.800087414],[-12286715.568417825,-2217813.197446242],[-12192585.868092846,-2230012.498730505],[-12098373.36079453,-2241388.2608071193],[-12004027.989045715,-2251940.599461056],[-11909499.093254233,-2261669.18596786],[-11801835.116937933,-2248273.956661816],[-11692757.60491006,-2232162.391971209],[-11583956.896288678,-2216265.056309903],[-11475432.052521229,-2200583.143489021],[-11367181.690836618,-2185117.987849023],[-11259203.980487566,-2169871.0293430784],[-11151496.640380628,-2154843.78201439],[-11044056.93806607,-2140037.8055789093],[-10936881.690052873,-2125454.6798480363],[-10829967.263407625,-2111095.981746056],[-10723309.578590892,-2096963.2646948663],[-10616904.113479866,-2083058.0401542073],[-10510745.908522699,-2069381.7611196176],[-10404829.572966922,-2055935.8073928368],[-10299149.292102411,-2042721.4724505942],[-10193698.835458243,-2029739.9517479062],[-10088471.565892084,-2016992.3323013368],[-9983460.449511204,-2004479.5834060055],[-9878658.066364823,-1992202.5483480794],[-9774056.621849034,-1980161.9369815234],[-9669647.958767295,-1968358.3190445784],[-9565423.569991989,-1956792.1180975204],[-9461374.611675117,-1945463.6059690157],[-9357491.916959288,-1934372.8976035144],[-9253766.010143517,-1923519.9462070833],[-9150187.12126169,-1912904.5385934764],[-9046745.201035375,-1902526.2906363644],[-8943429.936166216,-1892384.6427372936],[-8840230.764937038,-1882478.855222342],[-8737136.893094424,-1872808.0035834038],[-8634137.309989419,-1863370.973482538],[-8531220.804956308,-1854166.4554401098],[-8428375.98391327,-1845192.9391292455],[-8325591.28617163,-1836448.7072003991],[-8222855.001443847,-1827931.8285610185],[-8120155.287042963,-1819640.1510355494],[-8017480.185269097,-1811571.2933313383],[-7914817.640980619,-1803722.636235381],[-7812155.519349891,-1796091.3129659567],[-7709481.623804911,-1788674.1986016985],[-7606783.714159708,-1781467.8985084966],[-7504049.524937139,-1774468.7356817916],[-7401266.783888369,-1767672.736918397],[-7298423.230713526,-1761075.6177276056],[-7195506.635987659,-1754672.7658861524],[-7092504.820295575,-1748459.2235354641],[-6989405.673577959,-1742429.667712286],[-6886197.174689668,-1736578.3891952555],[-6782867.41116907,-1730899.2695400415],[-6679404.599214893,-1725385.756164041],[-6575797.103864128,-1720030.8353282542],[-6472033.459361225,-1714827.0028482594],[-6368102.389705001,-1709766.2323483399],[-6263992.829355481,-1704839.9408517517],[-6159693.94407833,-1700038.9514760568],[-6058334.673594075,-1689922.0492463454],[-5966169.310420513,-1663749.0215342431],[-5874260.574403532,-1636979.3446612111],[-5782565.350624757,-1609610.4833155782],[-5691041.602424126,-1581639.6499186524],[-5599648.379188443,-1553063.8080372212],[-5508345.824492564,-1523879.6793117097],[-5417095.18516527,-1494083.7535685212],[-5325858.821775263,-1463672.3018218004],[-5234600.220961261,-1432641.391899954],[-5143284.009962576,-1400986.9064562134],[-5051875.973642096,-1368704.5631403408],[-4960343.074231332,-1335789.9367207736],[-4868653.473966349,-1302238.4829529987],[-4776776.560723025,-1268045.5639911098],[-4684682.976699884,-1233206.4751353513],[-4592344.650135573,-1197716.472699502],[-4499734.829986127,-1161570.8027678346],[-4406828.123423336,-1124764.7305929114],[-4313600.535950392,-1087293.5703624159],[-4220029.513863668,-1049152.715036173],[-4126093.98872082,-1010337.6659235727],[-4027996.6775792446,-964219.1245424782],[-3929496.8805589234,-917167.5204052787],[-3831425.3429892086,-870615.6444207474],[-3733781.2074438184,-824560.85443779],[-3636562.526901249,-779000.3922599944],[-3539766.2538862526,-733931.3572812697],[-3443388.234264571,-689350.684612363],[-3347423.205314387,-645255.1273555282],[-3251864.797682349,-601641.24268319],[-3156705.5408227574,-558505.3813778085],[-3061936.871514755,-515843.6804940537],[-2967549.145054113,-473652.058810467],[-2873531.6487225294,-431926.21474606486],[-2779872.6171481456,-390661.62642699806],[-2686559.249185237,-349853.55359969573],[-2593577.72595862,-309497.04109894816],[-2500913.2297384883,-269586.9235924239],[-2408549.9633336696,-230117.83133628417],[-2316471.169715349,-191084.19668993878],[-2224659.151608519,-152480.26115128773],[-2133095.2908147234,-114300.0826863253],[-2041760.0670564026,-76537.54313926789],[-1950633.076160352,-39186.355520342426],[-1859693.047425165,-2240.0709784802507],[-1768917.8600448614,34307.91472501347],[-1678284.5584881487,70464.35541853787],[-1587769.366759951,106236.14956895263],[-1497347.7014987967,141630.3363438951],[-1406994.1838906722,176654.09285247393],[-1316682.6504068263,211314.7327288811],[-1226386.1624001812,245619.70622537856],[-1136077.014622425,279576.60198511643],[-1045726.7427516846,313193.1506716085]]]},"properties":{"type":"meridian","value":105}},
{"type":"Feature","geometry":{"type":"MultiLineString","coordinates":[[[16608138.760910928,-313193.1506716184],[16686297.139393782,-371631.32219477533],[16764432.452156182,-430024.41727804113],[16842570.443196617,-488384.38371183927],[16920737.785788666,-546723.2187055119],[16998962.115141638,-605052.9453974181],[17077272.06471984,-663385.5877973026],[17155697.306402735,-721733.143954558],[17235866.383011684,-777316.1164171717],[17320310.992186595,-825370.9852949503],[17404753.06275242,-873208.9107780926],[17489218.50267708,-920852.9232962847],[17573732.630763303,-968325.1539776183],[17658320.18355964,-1015646.8670222353],[17743005.320864853,-1062838.4897444798],[17827811.629809074,-1109919.6402982972],[17912762.12750627,-1156909.1531164376],[17997879.262283623,-1203825.1021076613],[18083184.913505062,-1250684.8216673841],[18168700.39001693,-1297504.9255675727],[18254446.42725591,-1344301.3238004332],[18340443.183070768,-1391089.2374586614],[18426710.232322108,-1437883.211742578],[18513266.56033699,-1484697.127191525],[18600130.55530851,-1531544.209244146],[18687319.99974457,-1578437.0362387188],[18774852.061083857,-1625387.5459719],[18862743.281612493,-1672407.040941099],[18951009.567829505,-1719506.1924028741],[19039666.179425195,-1766695.0433868354],[19128727.71805191,-1813983.0108121412],[19218208.11608296,-1861378.8868606929],[19308120.625570413,-1908890.8397688635],[19398477.8076287,-1956526.4142066159],[19419248.875804704,-1967461.2216546843]],[[-15067295.161178987,-5570337.585889758],[-15000384.24542629,-5528099.107109133],[-14913258.367985245,-5472998.5765271215],[-14825770.01067793,-5417555.243371898],[-14737909.943915695,-5361763.226009433],[-14649669.840689719,-5305616.963167497],[-14561042.276278311,-5249111.217056295],[-14472020.725965112,-5192241.0749180075],[-14382599.560437504,-5135001.948846052],[-14292774.038535902,-5077389.573715679],[-14202540.297028543,-5019400.003070628],[-14111895.337094173,-4961029.602815859],[-14020837.007206663,-4902275.04257442],[-13929363.98213085,-4843133.284577164],[-13837475.737758573,-4783601.569967532],[-13745172.521537384,-4723677.402419938],[-13652455.31827227,-4663358.528989728],[-13559325.811112199,-4602642.9181347685],[-13465786.337568885,-4541528.73487384],[-13371839.84045388,-4480014.313074878],[-13277489.81366185,-4418098.124896492],[-13182740.242772337,-4355778.747438917],[-13087595.540488398,-4293054.826695712],[-12997409.733429428,-4239183.954558807],[-12909473.463298045,-4189469.1292670746],[-12821744.836913759,-4140410.4438928342],[-12734197.344894096,-4092003.4728833833],[-12646802.705870986,-4044243.9244137513],[-12559530.865549194,-3997127.685928813],[-12472349.990979515,-3950650.870897621],[-12385226.459633922,-3904809.866675319],[-12298124.842916599,-3859601.3833899773],[-12211007.883792393,-3815022.503789464],[-12123836.468262881,-3771070.733997184],[-12036569.590471502,-3727744.055133607],[-11992887.011532795,-3706314.6366728735],[-11941911.098571189,-3697579.247425859],[-11836931.239145515,-3685376.428994645],[-11731934.411982356,-3673209.8068999685],[-11626912.42296187,-3661068.8957347437],[-11521857.151606087,-3648944.015778373],[-11416760.562083907,-3636826.2395321643],[-11311614.714027405,-3624707.343010591],[-11206411.773149831,-3612579.7612930574],[-11101144.0216552,-3600436.5478944723],[-10995803.868428733,-3588271.337559631],[-10890383.858996704,-3576078.3121271604],[-10784876.68524349,-3563852.1691442346],[-10679275.194873052,-3551588.0929445],[-10573572.400601156,-3539281.727928745],[-10467761.489063984,-3526929.153811829],[-10361835.829428162,-3514526.86262035],[-10255788.981686423,-3502071.737243877],[-10149614.70462266,-3489561.0313589415],[-10043306.9634295,-3476992.350559167],[-9936859.93696116,-3464363.6345376167],[-9830268.024603976,-3451673.140178575],[-9723525.852746824,-3438919.4254258005],[-9616628.28083355,-3426101.3338031597],[-9509570.406979665,-3413217.9794711065],[-9402347.573135799,-3400268.7327095605],[-9294955.369780773,-3387253.205723717],[-9187389.640127974,-3374171.238674796],[-9079646.48382926,-3361022.885842597],[-8971722.26016199,-3347808.4018309973],[-8863613.590685762,-3334528.227731323],[-8755317.361357061,-3321182.977161945],[-8646830.724091703,-3307773.4221053664],[-8538151.097766852,-3294300.478466596],[-8429276.168656515,-3280765.191278977],[-8320203.890296814,-3267168.719485245],[-8210932.4827798065,-3253512.3202233235],[-8101460.431477391,-3239797.3325473354],[-7991786.485199723,-3226025.160515083],[-7881909.6537955515,-3212197.2555736927],[-7771829.205205151,-3198315.098174902],[-7661544.661979647,-3184380.1785510094],[-7551055.797283982,-3170393.976581355],[-7440362.630404062,-3156357.9406775865],[-7329465.421781989,-3142273.465613624],[-7218364.667606701,-3128141.869223212],[-7107061.093990467,-3113964.3678840175],[-6995555.650764993,-3099742.050702528],[-6883849.504933798,-3085475.8523080675],[-6771944.033820381,-3071166.5241572657],[-6660107.049169207,-3056814.6065703756],[-6552160.3261903515,-3042420.6214061817],[-6444418.432160138,-3027983.1879198467],[-6336877.773636882,-3013499.6206648513],[-6229534.471936795,-2998966.683418805],[-6122384.366288521,-2984380.553456439],[-6015423.017542352,-2969736.783210615],[-5908645.712416737,-2955030.258961252],[-5802047.468263524,-2940255.1561498498],[-5695623.038332398,-2925404.8908690186],[-5589366.917514326,-2910472.0670214286],[-5483273.348543314,-2895448.4185794718],[-5381207.917368615,-2873606.228979057],[-5296231.9260215,-2821808.2516236375],[-5211256.878440307,-2769343.6526847146],[-5126245.709288848,-2716211.243571723],[-5036616.205376472,-2654546.9904776793],[-4942642.860788732,-2584946.61221517],[-4849072.596821242,-2515647.868465504],[-4755907.506842877,-2446652.571037625],[-4663150.0015321905,-2377962.377246923],[-4570802.710675819,-2309578.7682191627],[-4478868.389521493,-2241503.026804717],[-4387349.829852995,-2173736.2154710344],[-4296249.775928497,-2106279.1545056147],[-4205570.8453950435,-2039132.4008257564],[-4115315.4552608035,-1972296.2276556913],[-4025485.7529739784,-1905770.6052963166],[-3936083.552623439,-1839555.183178231],[-3847110.2762420094,-1773649.273355185],[-3758566.900159324,-1708051.8355630094],[-3670453.906318086,-1642761.4639384423],[-3582771.2384356814,-1577776.3754636701],[-3495518.262863091,-1513094.4001757395],[-3408693.7339651636,-1448712.9731556114],[-3322295.7638209434,-1384629.1282895799],[-3236321.796020077,-1320839.4937762015],[-3150768.583311583,-1257340.2893347058],[-3065632.168844504,-1194127.3250563387],[-2980907.870726179,-1131196.0018278793],[-2896590.2696131566,-1068541.3132469403],[-2812673.1990418006,-1006157.8489412141],[-2729149.738200573,-944039.7991988203],[-2646012.2068433054,-882180.960813801],[-2563252.1620426197,-820574.7440498489],[-2480860.396484448,-759214.1806261376],[-2398826.938008359,-698091.9326315625],[-2317141.050103714,-637200.3022777833],[-2235791.2330782125,-576531.2424067014],[-2154765.225623177,-516076.36767470895],[-2074050.0065082114,-455826.9663435898],[-1993631.7961470077,-395774.0126166414],[-1913496.0577851438,-335908.1794679681],[-1833627.498070285,-276219.851923073],[-1754010.0667741692,-216699.14075965268],[-1674626.9554448745,-157335.8966088616],[-1595460.5947761075,-98119.72444915604],[-1516492.65048822,-39039.99849711273],[-1437704.017522645,19914.122487614513],[-1359074.8123577805,78753.67945300402],[-1280584.3632596864,137489.8968171625],[-1202211.1982853804,196134.16568496343],[-1123933.0308600266,254698.02644666634],[-1045726.7427516846,313193.1506716085]]]},"properties":{"type":"meridian","value":120}},
{"type":"Feature","geometry":{"type":"MultiLineString","coordinates":[[[16608138.760910928,-313193.1506716184],[16668719.284503939,-392807.79772742314],[16729175.071940735,-472667.8885469334],[16789522.678533655,-552785.723713936],[16849779.10581181,-633173.304196586],[16909961.82363586,-713842.2847887133],[16970088.7952258,-794803.9246213279],[17030178.505330782,-876069.0345260038],[17090249.991797432,-957647.9210222053],[17156747.374350496,-1028214.1189363649],[17224168.2645186,-1097054.5873812847],[17291832.837070346,-1165414.6482327613],[17359764.161468975,-1233323.580029341],[17427984.91897589,-1300810.1111834634],[17496517.410823077,-1367902.3932963547],[17565383.56355288,-1434627.9777666184],[17634604.93157973,-1501013.7950931555],[17704202.697025813,-1567086.13633076],[17774197.6668814,-1632870.6362115128],[17844610.26754215,-1698392.257495525],[17915460.536778882,-1763675.2761621277],[17986768.113201234,-1828743.2670967246],[18058552.223284688,-1893619.089970318],[18130831.666041415,-1958324.8750476195],[18203624.79542852,-2022882.0086970245],[18276949.50060356,-2087311.1184107438],[18350823.184156295,-2151632.057177506],[18425262.73846727,-2215863.887082553],[18500284.520368796,-2280024.8620415246],[18575904.324311715,-2344132.409605334],[18652137.354271762,-2408203.1118036443],[18728998.194663048,-2472252.6850238238],[18806500.780562107,-2536295.9589515775],[18884658.367584486,-2600346.85462808],[18963483.501796752,-2664418.361706294],[19042987.990088902,-2728522.5150167844],[19123182.871476073,-2792670.3705795356],[19204078.38984294,-2856871.981223691],[19285683.9686886,-2921136.3720009644],[19368008.188473802,-2985471.5156001262],[19419248.91560888,-3025270.350509242]],[[-14151203.874095988,-6099243.037349169],[-14113991.582563985,-6084005.532714741],[-14016746.024196927,-6044437.329168003],[-13919947.622003527,-6005496.966294805],[-13823569.997079382,-5967150.874337973],[-13727601.476817386,-5929395.578433108],[-13632029.039371243,-5892227.399317728],[-13536838.348009681,-5855642.462172845],[-13442013.786614891,-5819636.707624871],[-13347538.495841753,-5784205.904488328],[-13253394.409498407,-5749345.663857755],[-13159562.29075353,-5715051.454185197],[-13066021.767822247,-5681318.61700602],[-12972751.368829027,-5648142.383001253],[-12879728.55559268,-5615517.888108028],[-12786929.756124724,-5583440.189411154],[-12694330.395677662,-5551904.280567984],[-12601904.926224383,-5520905.10653537],[-12509626.854293259,-5490437.577381373],[-12417468.767126178,-5460496.58097544],[-12325402.357168108,-5431076.994358864],[-12233398.44493777,-5402173.6936023],[-12141427.000369139,-5373781.5619589565],[-12049457.162753323,-5345895.496120572],[-11957457.25945025,-5318510.410378586],[-11865394.823579613,-5291621.238484728],[-11773236.610941363,-5265222.932993527],[-11680948.61645744,-5239310.46185421],[-11588496.090469709,-5213878.802000603],[-11495843.555273462,-5188922.92966518],[-11402954.822312588,-5164437.807117409],[-11309793.010511396,-5140418.365496403],[-11216320.566269452,-5116859.483374379],[-11118505.931373982,-5100752.315553175],[-11017644.181225797,-5090176.846568231],[-10917035.754567282,-5079423.562431304],[-10816662.69129581,-5068481.620774232],[-10716506.866740981,-5057340.879306339],[-10616550.023627369,-5045991.8434957275],[-10516773.802914308,-5034425.618606567],[-10417159.773573318,-5022633.865779398],[-10317689.461369103,-5010608.761867926],[-10218344.376713857,-4998342.962768818],[-10119106.041667243,-4985829.570001718],[-10019956.016155967,-4973062.100314844],[-9920875.923487097,-4960034.45810784],[-9821847.47522874,-4946740.910477594],[-9722852.495529993,-4933176.064705519],[-9623872.944949666,-4919334.848015682],[-9524890.943859875,-4905212.48944264],[-9425888.795486495,-4890804.503656217],[-9326849.00864357,-4876106.676597258],[-9227754.32021325,-4861115.052784243],[-9128587.717416521,-4845825.924155203],[-9029332.45991308,-4830235.820313004],[-8929972.101761354,-4814341.500044574],[-8830490.513261434,-4798139.94398606],[-8730871.90269524,-4781628.348306704],[-8631100.837969081,-4764804.119283528],[-8531162.268154236,-4747664.868637944],[-8431041.544911265,-4730208.4095029645],[-8330724.443773446,-4712432.752886896],[-8230197.185254084,-4694336.104495339],[-8129446.455731701,-4675916.8617687775],[-8084564.979923273,-4667621.363858806]],[[-5296155.848942426,-6277488.619370412],[-5277158.7081770925,-6223697.423209921],[-5243054.678944598,-6126490.5384410415],[-5209103.011262394,-6028894.989316666],[-5175298.831340394,-5930900.601675585],[-5141637.396351567,-5832497.777666682],[-5108114.107768859,-5733677.508803827],[-5074724.525124427,-5634431.387799796],[-5041464.380305062,-5534751.6189651415],[-5008329.592503098,-5434631.026945698],[-4975316.283948483,-5334063.063561161],[-4942420.796555183,-5233041.812496499],[-4909639.709623954,-5131561.991588441],[-4876969.858753626,-5029618.952440729],[-4844408.35612481,-4927208.677094649],[-4811952.612333374,-4824327.771475447],[-4779600.3599663265,-4720973.455330643],[-4747349.679130318,-4617143.548373312],[-4715199.025162801,-4512836.45234155],[-4683147.258778609,-4408051.128685],[-4651193.678930372,-4302787.071590064],[-4616927.171294657,-4201221.233647479],[-4573012.690721851,-4116077.7899098746],[-4528539.994513387,-4031562.929332933],[-4483487.91446113,-3947636.861957432],[-4437834.9279414285,-3864259.7088333634],[-4391559.167509579,-3781391.5694112857],[-4344638.433918684,-3698992.5826087743],[-4297050.212950887,-3617022.9824736244],[-4248771.696479991,-3535443.1493522488],[-4199779.808215649,-3454213.6574547268],[-4150051.234610318,-3373295.31968943],[-4099562.4614404207,-3292649.2306194697],[-4048289.816601617,-3212236.808371726],[-3996209.519684187,-3132019.8363063396],[-3941626.5732708066,-3051960.591023896],[-3865439.5811294387,-2972047.5875895657],[-3789723.463086739,-2892289.9918535044],[-3714478.2399095087,-2812687.631678321],[-3639703.7239819984,-2733239.667082426],[-3565399.4737160765,-2653944.6050073532],[-3491564.753798954,-2574800.314008798],[-3418198.5008757054,-2495804.0389882163],[-3345299.294275792,-2416952.4160559108],[-3272865.331403963,-2338241.4875941724],[-3200894.4074267494,-2259666.7175699035],[-3129383.89889664,-2181223.007129967],[-3058330.750966923,-2102904.7104993006],[-2987731.4678615145,-2024705.6511909973],[-2917582.1062757103,-1946619.1385292714],[-2847878.271395856,-1868637.984480035],[-2778615.1152383885,-1790754.5207795543],[-2709787.3370214524,-1712960.6163492966],[-2641389.185295462,-1635247.6949841643],[-2573414.4615721223,-1557606.7533019602],[-2505856.5252048844,-1480028.3789436999],[-2438708.2992871106,-1402502.7690173397],[-2371962.2773474557,-1325019.7487814033],[-2305610.5306349727,-1247568.7905696377],[-2239644.7157991035,-1170139.0329632931],[-2174056.0827819128,-1092719.3002236153],[-2108835.4827516633,-1015298.1220035832],[-2043973.375917783,-937863.7533649807],[-1979459.8390777272,-860404.1951339775],[-1915284.5727557295,-782907.2146360844],[-1851436.9078022265,-705360.3668589678],[-1787905.8113304628,-627751.0160996428],[-1724679.8918737266,-550066.3581605644],[-1661747.4036524303,-472293.44316730706],[-1599096.2498450612,-394419.19908877497],[-1536713.9847606719,-316430.45604924625],[-1474587.8148131205,-238313.9715297641],[-1412704.5981985105,-160056.45656493335],[-1351050.843177421,-81644.60304945691],[-1289612.7048622014,-3065.112277257721],[-1228375.980406967,75695.2751556057],[-1167326.1024939055,154649.74794448508],[-1106448.1310038299,233811.39101801443],[-1045726.7427516846,313193.1506716085]]]},"properties":{"type":"meridian","value":135}},
{"type":"Feature","geometry":{"type":"MultiLineString","coordinates":[[[16608138.760910928,-313193.1506716184],[16647033.44246967,-408534.6146950518],[16685751.768840857,-504345.8678827217],[16724300.819608541,-600636.6288040752],[16762687.513325607,-697415.9095878919],[16800918.596433707,-794691.9892781489],[16839000.631531008,-892472.3885562173],[16876939.984859474,-990763.8461435189],[16914742.81287392,-1089572.2972224972],[16952415.04774311,-1188902.8542367863],[16996678.230587993,-1277010.9696135202],[17042560.929538596,-1362340.1632585274],[17088860.48714131,-1447031.9981202197],[17135595.02190897,-1531118.5256630783],[17182782.81659536,-1614632.0501565284],[17230442.31502811,-1697605.055671668],[17278592.116776638,-1780070.1392440298],[17327250.9694803,-1862059.9495997522],[17376437.758647516,-1943607.130840338],[17426171.49472294,-2024744.2704845192],[17476471.297205713,-2105503.851272918],[17527356.375589665,-2185918.2061515665],[17578846.00688375,-2266019.475863695],[17630959.509460807,-2345839.5685941423],[17683716.212973695,-2425410.121128172],[17737135.42407126,-2504762.461004756],[17791236.3876425,-2583927.5691647856],[17846038.243316848,-2662936.042616205],[17901559.976951987,-2741818.056661449],[17957820.36684878,-2820603.3262577634],[18014837.924447212,-2899321.066108704],[18072630.82927775,-2977999.949114988],[18131216.857970696,-3056668.0628466187],[18132018.234290622,-3057736.7481289296]],[[-14766702.67967582,-7230252.702817566],[-14663831.872307101,-7207122.532392564],[-14559947.23134037,-7184093.480000762],[-14456471.426427448,-7161490.0467040315],[-14353397.590307869,-7139313.112475881],[-14250717.919513147,-7117563.389733018],[-14148423.696440741,-7096241.414154506],[-14046505.31346278,-7075347.538395024],[-13944952.298773456,-7054881.92830835],[-13843753.343693389,-7034844.561321317],[-13742896.331166266,-7015235.226622008],[-13642368.365201863,-6996053.526848294],[-13542155.801039476,-6977298.880984295],[-13442244.27582745,-6958970.528192712],[-13342618.739635985,-6941067.532330383],[-13243263.486642981,-6923588.786912432],[-13144162.186354965,-6906533.020307555],[-13045297.914747301,-6889898.800962529],[-12946653.185229875,-6873684.542468651],[-12848209.97936562,-6857888.508295829],[-12749949.777290042,-6842508.81603205],[-12651853.58779956,-6827543.440976356],[-12553901.978095634,-6812990.218942682],[-12456075.103189573,-6798846.848139893],[-12358352.73498996,-6785110.889999871],[-12260714.29111071,-6771779.768830881],[-12163138.863452757,-6758850.770177587],[-12065605.24662626,-6746321.037772036],[-11968091.966293221,-6734187.568961574],[-11870577.307522122,-6722447.208500536],[-11773039.34325714,-6711096.640591912],[-11675455.963014033,-6700132.379063959],[-11577804.90192348,-6689550.755564235],[-11480063.770250253,-6679347.9056502655],[-11382210.083522657,-6669519.752651821],[-11284221.293412084,-6660061.989174746],[-11186074.819506072,-6650970.056110549],[-11087748.082120925,-6642239.119009131],[-10989218.53630059,-6633864.041664994],[-10890463.707148131,-6625839.356758906],[-10791461.226633387,-6618159.233388447],[-10692188.872016245,-6610817.441311199],[-10592624.606018327,-6603807.311714148],[-10492746.618867183,-6597121.694311823],[-10392533.372325681,-6590752.910563624],[-10292943.885001972,-6583019.101917387],[-10195957.341091348,-6570868.4472987065],[-10099335.806840915,-6558273.421609651],[-10003047.508664262,-6545228.592438217],[-9907060.751559414,-6531728.81794211],[-9811343.965264589,-6517769.203998845],[-9715865.747051742,-6503345.066331613],[-9620594.901593912,-6488451.897284337],[-9525500.478327632,-6473085.336941264],[-9430551.80671531,-6457241.148307225],[-9335718.529794136,-6440915.196284662],[-9240970.636378706,-6424103.430201811],[-9146278.492263917,-6406801.869663613],[-9051612.870753385,-6389006.593512212],[-8956944.982816242,-6370713.731697447],[-8862246.507152239,-6351919.459869702],[-8826936.60715534,-6344785.337771945]],[[-4214880.171452466,-7758997.34931972],[-4195694.671812381,-7701439.536726612],[-4165427.9479837124,-7609399.245195058],[-4135548.9507235135,-7517005.26421506],[-4106047.7670887974,-7424233.129551484],[-4076914.750192245,-7331058.944775105],[-4048140.5298092994,-7237459.4143941365],[-4019716.0222089896,-7143411.8787589045],[-3991632.439388178,-7048894.35070529],[-3963881.2978797867,-6953885.553869194],[-3936454.4272981724,-6858364.962567578],[-3909343.9787786053,-6762312.843102547],[-3882542.43346301,-6665710.296302777],[-3856042.611180831,-6568539.301071607],[-3829837.6794718257,-6470782.758663891],[-3803921.163097088,-6372424.5373636335],[-3778286.954185391,-6273449.517182664],[-3752929.323164406,-6173843.634147032],[-3727842.9306302173,-6073593.923683029],[-3703022.840314064,-5972688.562559809],[-3678464.5333125917,-5871116.908790384],[-3652598.6166048497,-5771750.854202403],[-3626309.0463492386,-5673267.048554594],[-3599701.4426764273,-5575455.725621909],[-3572768.396556549,-5478299.688087102],[-3545502.0830048504,-5381780.608172219],[-3517894.269202857,-5285879.088293931],[-3489936.321987374,-5190574.72070544],[-3461619.214865596,-5095846.145720592],[-3432933.5347151486,-5001671.108185664],[-3403869.4883301747,-4908026.511930204],[-3374416.9089785405,-4814888.471989773],[-3344565.2631408093,-4722232.364450592],[-3314303.6576088783,-4630032.873818831],[-3283620.847131163,-4538264.037865475],[-3252505.2428017138,-4446899.289941929],[-3220944.92140308,-4355911.4988015285],[-3188927.6359267053,-4265273.005998403],[-3156440.8275104784,-4174955.6609680885],[-3123471.6390505894,-4084930.8539238134],[-3090006.9307642193,-3995169.54672907],[-3056033.2980005755,-3905642.3019313216],[-3021537.09162075,-3816319.3101631836],[-2986504.441291203,-3727170.4161371994],[-2950921.282061842,-3638165.143477843],[-2914773.38462717,-3549272.718650223],[-2878046.389697728,-3460462.0942591582],[-2840725.846938943,-3371701.972004692],[-2802797.258964994,-3282960.8255908866],[-2764246.1309062224,-3194206.9238937134],[-2725058.0260993,-3105408.3547006487],[-2680064.1826554863,-3016561.294338486],[-2629247.2353195404,-2927835.619505655],[-2578865.688373286,-2839250.7553578974],[-2528917.2937402567,-2750788.8301375695],[-2479399.128633216,-2662431.827254015],[-2430307.649585636,-2574161.601543727],[-2381638.7437129146,-2485959.8958847797],[-2333387.7772681676,-2397808.358102412],[-2285549.6415632665,-2309688.5581207513],[-2238118.796331358,-2221582.005331765],[-2191089.3106120536,-2133470.166166753],[-2144454.9012449505,-2045334.4818680717],[-2098208.969060876,-1957156.386469647],[-2052344.6328634503,-1868917.325004013],[-2006854.7612960332,-1780598.7719611975],[-1961732.0026910102,-1692182.2500311758],[-1916968.8129997542,-1603649.34916637],[-1872557.4819022582,-1514981.7460042948],[-1828490.1571958945,-1426161.2236926956],[-1784758.8675625285,-1337169.6921606285],[-1741355.5438128207,-1247989.2088786236],[-1698272.0387057874,-1158602.0001498428],[-1655500.1454406206,-1068990.4829714387],[-1613031.6149167407,-979137.2875016329],[-1570858.1718566408,-889025.2801629659],[-1528971.5298848017,-798637.58740609],[-1487363.405654636,-707957.6201509525],[-1446025.5321140427,-616969.0989136245],[-1404949.670999064,-525656.079617067],[-1364127.6246440124,-434002.98007292807],[-1323551.2471956373,-341994.60710896325],[-1283212.455318268,-249616.1843028828],[-1243103.2384766336,-156853.38026830953],[-1203215.6688830233,-63692.33742216626],[-1163541.9111959839,29880.29885485804],[-1124074.2320585672,123877.35077193164],[-1084805.0095656558,218311.07852305038],[-1045726.7427516846,313193.1506716085]]]},"properties":{"type":"meridian","value":150}},
{"type":"Feature","geometry":{"type":"MultiLineString","coordinates":[[[16608138.760910928,-313193.1506716184],[16622722.086158177,-417717.63562690304],[16637141.818558842,-522811.1136765268],[16651398.647776691,-628479.7638835155],[16665492.933840908,-734728.840410564],[16679424.69083345,-841562.6835328019],[16693193.569147991,-948984.7357433958],[16706798.836184347,-1056997.5633745366],[16720239.355332293,-1165602.8841408049],[16733513.56308848,-1274801.6009909525],[16746619.444137473,-1384593.8426271728],[16759554.504215444,-1494979.0110191857],[16777148.96768245,-1597560.8381899537],[16798397.116403848,-1693998.188796388],[16820137.564776804,-1789803.8339448224],[16842383.046026044,-1885007.7998535072],[16865147.021909017,-1979641.2337005767],[16888443.690075684,-2073736.3388653188],[16912287.99162599,-2167326.315093875],[16936695.618610315,-2260445.303581848],[16961683.021188874,-2353128.336890491],[16987267.414132178,-2445411.2935438114],[17013466.782305174,-2537330.8570902026],[17040299.88473262,-2628924.4793526283],[17067786.256791927,-2720230.3475357476],[17095946.210021824,-2811287.3548051794],[17124800.82896933,-2902135.0739024812],[17154371.96442498,-2992813.7333087977],[17176023.898853716,-3057736.575083398]],[[-15244700.407592598,-8058169.970646284],[-15214396.2774594,-8056919.865312079],[-15107484.41302092,-8052607.287434601],[-15000799.992307635,-8048461.150812297],[-14894336.974938639,-8044487.13311472],[-14788088.94727216,-8040690.614522848],[-14682049.135175092,-8037076.686466302],[-14576210.41738096,-8033650.160172174],[-14470565.339377373,-8030415.575017286],[-14365106.127766807,-8027377.206672868],[-14259824.705047488,-8024539.075028425],[-14154712.704764327,-8021904.95188025],[-14049761.48698314,-8019478.368369074],[-13944962.154044896,-8017262.622150996],[-13840305.566560127,-8015260.784285712],[-13735782.359607158,-8013475.705826571],[-13631382.959101189,-8011910.024097417],[-13527097.598304696,-8010566.168642171],[-13422916.334452732,-8009446.366834127],[-13318829.065469911,-8008552.649133125],[-13214825.546758706,-8007886.85398017],[-13110895.408041326,-8007450.632320533],[-13007028.170240045,-8007245.451747963],[-12903213.262382956,-8007272.600264277],[-12799440.038524168,-8007533.189650282],[-12695697.794669088,-8008028.158445912],[-12591975.785696903,-8008758.274539121],[-12488263.242273383,-8009724.137365147],[-12384549.387748022,-8010926.179719533],[-12280823.455029974,-8012364.669190515],[-12177074.703437453,-8014039.709218177],[-12073292.435515115,-8015951.239790138],[-11969466.013813555,-8018099.037785492],[-11865584.877624318,-8020482.716981099],[-11761638.559662737,-8023101.727736544],[-11657616.702689698,-8025955.356376495],[-11553509.076061826,-8029042.724291598],[-11449305.592197608,-8032362.78678164],[-11344996.322945109,-8035914.331667248],[-11240571.515834402,-8039695.977699171],[-11136021.610195423,-8043706.172796958],[-11031337.253119167,-8047943.192151729],[-10926509.315237349,-8052405.136230774],[-10821528.906292526,-8057089.92872476],[-10716387.390467757,-8061995.314481585],[-10611076.401441457,-8067118.857474125],[-10505587.85713016,-8072457.93885269],[-10399913.974078624,-8078009.755136307],[-10294047.28145355,-8083771.316600789],[-10187980.63459432,-8089739.445925138],[-10081707.228071261,-8095910.77716181],[-9975220.6081993,-8102281.755100289],[-9868514.684952613,-8108848.635097646],[-9761583.743223758,-8115607.483454049],[-9654422.453369249,-8122554.178415735],[-9547025.880982205,-8129684.411892801],[-9439389.495832114,-8136993.691984048],[-9343636.128687572,-8123465.872075401],[-9250015.313687366,-8105924.426533351],[-9156587.58182259,-8087645.760308428],[-9063306.213607267,-8068629.018731839],[-8970125.382206593,-8048872.985324086],[-8877000.182893062,-8028376.088929988],[-8826936.53896515,-8017048.4706369415]],[[-2766657.9902648553,-8595128.882823361],[-2753719.4351456384,-8552898.001709213],[-2726186.331008347,-8461239.884963715],[-2699264.015096939,-8369144.556690159],[-2672934.4868707615,-8276575.182873016],[-2647180.511477209,-8183495.748801564],[-2621985.6139345956,-8089871.112374117],[-2597334.0725294957,-7995667.062754302],[-2573210.9117614757,-7900850.384589297],[-2550224.1748549705,-7804311.372881576],[-2535664.8367611347,-7693440.106377457],[-2520949.9168980154,-7583148.139686659],[-2506082.1778657464,-7473436.729068046],[-2491063.876427772,-7364306.517368215],[-2475896.794785345,-7255757.478165844],[-2460582.2693009283,-7147788.866945531],[-2445121.216885938,-7040399.179039975],[-2429514.1592517,-6933586.114044228],[-2413761.245207656,-6827346.546374726],[-2397862.271177323,-6721676.501619989],[-2381816.7000904353,-6616571.1383084105],[-2365623.678798833,-6512024.734702571],[-2349282.05415406,-6408030.680217959],[-2332790.3878760515,-6304581.471057362],[-2316146.9703349243,-6201668.7096497845],[-2299349.8333613463,-6099283.107484927],[-2282396.762195559,-5997414.490939543],[-2265285.3066805024,-5896051.809701355],[-2248012.791800873,-5795183.147408103],[-2230576.3276671246,-5694795.734133931],[-2212972.8190414435,-5594875.960372017],[-2195198.974501699,-5495409.392180943],[-2177251.315338969,-5396380.787181933],[-2159126.184284946,-5297774.11111501],[-2140819.754166822,-5199572.55468346],[-2122328.0365896253,-5101758.550437701],[-2103646.890749072,-5004313.789471527],[-2084772.0324821728,-4907219.237725136],[-2065699.0436678263,-4810455.151710698],[-2046423.3820957127,-4714001.0934967715],[-2026940.391928919,-4617835.944807822],[-2007245.3148939784,-4521937.920114244],[-1987333.3023413366,-4426284.578606596],[-1967199.4283300112,-4330852.834964998],[-1946838.7039021454,-4235618.968851107],[-1926246.092726542,-4140558.6330654006],[-1905416.528305224,-4045646.860327038],[-1884344.9329534692,-3950858.06864699],[-1863026.23878208,-3856166.065277739],[-1841455.4109305248,-3761544.0492345616],[-1819627.473321492,-3666964.612394287],[-1797537.5372313687,-3572399.7391873924],[-1775180.832996971,-3477820.804908727],[-1752552.7452071595,-3383198.572680561],[-1729648.8517583127,-3288503.1891095373],[-1706464.9671854074,-3193704.1786861974],[-1682997.190715646,-3098770.436982063],[-1660025.7298318355,-3003727.8506782],[-1637831.0808456005,-2908809.9489408303],[-1615943.1308792746,-2814017.5317362095],[-1594356.687215338,-2719318.7842035303],[-1573066.3780561667,-2624682.5444451463],[-1552066.6947132235,-2530078.2970888834],[-1531352.0293785874,-2435476.168010514],[-1510916.7089206912,-2340846.92029697],[-1490755.0251097612,-2246161.951520403],[-1470861.2616446284,-2151393.292382827],[-1451229.718321289,-2056513.6067798377],[-1431854.7326548852,-1961496.1933205114],[-1412730.699240269,-1866314.988328475],[-1393852.0871121804,-1770944.5703365295],[-1375213.4553440541,-1675360.166073902],[-1356809.4671043921,-1579537.6579311066],[-1338634.9023715386,-1483453.5928725984],[-1320684.6694913262,-1387085.1927516765],[-1302953.8157474138,-1290410.3659653722],[-1285437.537100912,-1193407.720369692],[-1268131.187244347,-1096056.5773567376],[-1251030.2861045876,-998336.986976046],[-1234130.5279203951,-900229.743961826],[-1217427.7890124295,-801716.4045065133],[-1200918.1353568062,-702779.3035990755],[-1184597.8300676518,-603401.5727235464],[-1168463.3408895514,-503567.15769010945],[-1152511.347797016,-403260.8363474333],[-1136738.7507953865,-302468.23590120155],[-1121142.6780157331,-201175.84954039473],[-1105720.4941952762,-99371.05204980832],[-1090469.8096346604,2957.8859348154115],[-1075388.4897241432,105821.78539349376],[-1060474.6651321012,209230.548494233],[-1045726.7427516846,313193.1506716085]]]},"properties":{"type":"meridian","value":165}},
{"type":"Feature","geometry":{"type":"MultiLineString","coordinates":[[[16608138.760910928,-313193.1506716184],[16597440.142014652,-419721.1060596729],[16586650.676305244,-526766.6976900499],[16575768.433925848,-634333.8138822056],[16564791.415821996,-742425.5245909281],[16553717.560393974,-851044.1063983121],[16542544.750420429,-960191.0719906992],[16531270.820330001,-1069867.2043326679],[16519893.563902425,-1180072.595718191],[16508410.742486153,-1290806.6918435118],[16496820.093826314,-1402068.3410071495],[16485119.341603596,-1513855.8484996476],[16473306.205793152,-1626167.0362005478],[16461378.413961688,-1738999.3073521205],[16449333.713630913,-1852349.7164301479],[16437169.885846881,-1966215.0439812622],[16424884.76010731,-2080591.8762458095],[16416224.078483775,-2188988.3119338746],[16411854.570113989,-2290278.8900932516],[16407954.67641754,-2391124.5251549343],[16404534.909953896,-2491550.7197847744],[16401606.948673425,-2591584.514048861],[16399183.696609547,-2691254.480829082],[16397279.349875962,-2790590.7255395777],[16395909.468304751,-2889624.8906346485],[16395091.053076165,-2988390.1653669174],[16394855.676979149,-3057731.621721951]],[[-15635281.929659188,-8734683.850041613],[-15604355.20889648,-8739486.045850044],[-15499917.55717858,-8755628.999830017],[-15395371.083448017,-8771683.411123315],[-15290707.628601532,-8787660.652732534],[-15185919.234385006,-8803571.118270537],[-15080998.153083816,-8819424.286765695],[-14975936.856891938,-8835228.781674884],[-14870728.046941182,-8850992.424736893],[-14765364.661970746,-8866722.285230635],[-14659839.886616305,-8882424.725143183],[-14554147.159296984,-8898105.440700416],[-14448280.179677753,-8913769.500667617],[-14342232.915684259,-8929421.381787343],[-14235999.610046718,-8945065.001686577],[-14129574.78634941,-8960703.749554204],[-14022953.254562289,-8976340.514862325],[-13916130.1160317,-8991977.714380626],[-13809100.767907778,-9007617.317711297],[-13701860.90698692,-9023260.871552737],[-13594406.532949168,-9038909.522882987],[-13486733.950971644,-9054564.04123828],[-13378839.773701126,-9070224.840248227],[-13270720.922571126,-9085891.998576324],[-13162374.628451135,-9101565.280403273],[-13053798.431618648,-9117244.155579915],[-12944990.181047708,-9132927.819567177],[-12835948.03301101,-9148615.213271776],[-12726670.448996391,-9164305.042878142],[-12664501.89548401,-9173216.46142548]],[[9133711.212228525,-9173216.229440179],[9086142.107481238,-9166440.298432063],[8976170.766928323,-9150759.356304714],[8866433.924398063,-9135090.851446562],[8756930.919360256,-9119436.656180479],[8647660.800770635,-9103798.506026935],[8538622.322994472,-9088177.979876978],[8429813.94237776,-9072576.480592791],[8321233.814479423,-9056995.21596166],[8212879.791973762,-9041435.179925017],[8104749.423228425,-9025897.133999078],[7996839.951559162,-9010381.588798184],[7889148.315159072,-8994888.785566177],[7781671.147696754,-8979418.677614527],[7674404.779574559,-8963970.911558883],[7567345.239835566,-8948544.808238123],[7460488.258705174,-8933139.343191352],[7353829.270751309,-8917753.126559123],[7247363.418645251,-8902384.38226484],[7141085.557503503,-8887030.926320948],[7034990.259790088,-8871690.1440921],[6929071.820757521,-8856358.9663333],[6823324.26440415,-8841033.843805447],[6717741.349925181,-8825710.720253415],[6612316.578634569,-8810385.003511801],[6507043.20133497,-8795051.53448163],[6401914.226113434,-8779704.55369619],[6296922.426540903,-8764337.665165901],[6192060.350254279,-8748943.797160009],[6087320.327900756,-8733515.159546524],[5982694.482424967,-8718043.197270138],[5878174.738680573,-8702518.539500669],[5773752.8333492605,-8686930.94393008],[5669420.325151027,-8671269.23563431],[5617284.910990725,-8663406.825630551],[5570073.7088688575,-8647010.831552869],[5484520.918710995,-8598569.814979326],[5399044.771007455,-8549523.74791538],[5313606.330326956,-8499870.86702773],[5228168.691267212,-8449608.908607062],[5142696.929876095,-8398735.168863399],[5057158.0625218535,-8347246.562015883],[4971521.011740289,-8295139.676238051],[4885756.578559722,-8242410.827497699],[4799837.4207779495,-8189056.111305298],[4713738.036638881,-8135071.452357348],[4687080.699042101,-8118254.279462193]],[[-1156299.7620030036,-8118240.781511638],[-1148512.4292747478,-8039262.975452908],[-1137353.3874274776,-7925355.001324874],[-1126328.6590562717,-7811967.505997574],[-1115435.5638366244,-7699103.797017664],[-1104671.440317542,-7586766.880573461],[-1094033.656520846,-7474959.386395738],[-1083519.6195511061,-7363683.49778527],[-1073126.784342546,-7252940.886891772],[-1062852.6616586566,-7142732.655316458],[-1052694.825450769,-7033059.280058652],[-1042650.9196733307,-6923920.564777577],[-1032718.66464603,-6815315.596293864],[-1022895.863046326,-6707242.706211461],[-1013180.4056100325,-6599699.437500884],[-1003570.2766125397,-6492682.515848379],[-994063.5591987858,-6386187.825543973],[-984658.4406264884,-6280210.389653409],[-975353.2174838607,-6174744.354196014],[-966146.3009406101,-6069782.97603137],[-957036.2220889181,-5965318.614143083],[-948021.6374296632,-5861342.723997339],[-939101.3345581196,-5757845.854646888],[-930274.2381027971,-5654817.648248209],[-921539.4159710429,-5552246.841659297],[-912896.0859553473,-5450121.26978866],[-904343.6227550601,-5348427.870371663],[-895881.5654694247,-5247152.689857906],[-887509.6256194416,-5146280.890103422],[-879227.6957580524,-5045796.75557219],[-871035.858730586,-4945683.700764381],[-862934.3976501853,-4845924.277601797],[-854923.8066561961,-4746500.182515117],[-847004.8025270692,-4647392.262991984],[-839178.3372234291,-4548580.523359475],[-831445.6114413522,-4450044.129588985],[-823808.0892607585,-4351761.412926081],[-816267.5139790577,-4253709.872161636],[-808825.9252258064,-4155866.1743744086],[-801485.6774601914,-4058206.1539881737],[-794249.4599594172,-3960704.809999169],[-787120.3184128237,-3863336.301241761],[-780101.6782434868,-3766073.939571731],[-773197.3697861587,-3668890.1808578637],[-766411.6554577813,-3571756.613683331],[-759749.2590640179,-3474643.9456690648],[-753215.3973925259,-3377521.987341987],[-746815.8142505225,-3280359.633481777],[-740556.8171106874,-3183124.841891248],[-734445.3165349878,-3085784.6095473673],[-738244.2501538853,-2988381.141123333],[-746119.5100355789,-2891092.060647864],[-754117.1438577747,-2793896.5955436286],[-762230.8798596046,-2696762.494548748],[-770455.0414556782,-2599658.44481286],[-778784.5060773408,-2502554.0491150278],[-787214.6670503446,-2405419.8056909824],[-795741.398302801,-2308227.0906120413],[-804361.0217073468,-2210948.142648053],[-813070.2768717747,-2113556.0505373515],[-821866.293202626,-2016024.7425773323],[-830746.5640763862,-1918328.9784399497],[-839708.9229627985,-1820444.343106957],[-848751.521354339,-1722347.2428096903],[-857872.8083648735,-1624014.9028480768],[-867071.5118693194,-1525425.367152523],[-876346.6210640155,-1426557.4994411399],[-885697.3703352967,-1327390.985812673],[-895123.2243306645,-1227906.338603235],[-904623.8641336532,-1128084.9013217462],[-914199.1744492897,-1027908.8544658682],[-923849.2317127147,-927361.2220063728],[-933574.293038398,-826425.8783141848],[-943374.7859318446,-725087.555290494],[-953251.298689745,-623331.8494466984],[-963204.571417854,-521145.2286678946],[-973235.4875990804,-418515.03838103847],[-983345.0661466032,-315429.5068374972],[-993534.4538790709,-211877.74920944986],[-1003804.9183564371,-107849.77019095725],[-1014157.8410161366,-3336.4647878078545],[-1024594.7105500486,101670.38302425886],[-1035117.1164627869,207178.10409521847],[-1045726.7427516846,313193.1506716085]]]},"properties":{"type":"meridian","value":180}},
{"type":"Feature","geometry":null,"properties":{"type":"parallel","value":-90}},
{"type":"Feature","geometry":{"type":"LineString","coordinates":[[16437169.885846881,-1966215.0439812622],[16412683.106981048,-1963378.259125624],[16388273.04269931,-1959994.0135103664],[16363945.60108622,-1956064.230547526],[16339706.653415656,-1951591.0410877417],[16315562.03664924,-1946576.7817504497],[16291517.555881951,-1941023.9931841139],[16267578.986718783,-1934935.4182579182],[16243752.077566855,-1928314.0001864245],[16220042.55182812,-1921162.8805880751],[16196456.109978892,-1913485.3974787581],[16172998.431523044,-1905285.0832009881],[16149675.176806858,-1896565.6622895293],[16126491.988684468,-1887331.049273748],[16103454.494023785,-1877585.346417182],[16080568.305043895,-1867332.8413943623],[16057839.020476025,-1856578.0049051212],[16035272.226541141,-1845325.4882262577],[16012873.497738453,-1833580.120700504],[15990648.39744021,-1821346.9071626146],[15968602.478289016,-1808631.0253022946],[15946741.282395529,-1795437.8229638024],[15925070.341334764,-1781772.8153817444],[15903595.17594098,-1767641.6823529357],[15882321.29590163,-1753050.2653438926],[15861254.19915227,-1738004.5645336555],[15840399.371074967,-1722510.7357917442],[15819762.28350401,-1706575.0875909564],[15799348.39354328,-1690204.077854818],[15779163.142200895,-1673404.3107396164],[15759211.952847134,-1656182.5333509338],[15739500.229502784,-1638545.6323946987],[15720033.354965445,-1620500.6307629324],[15700816.688782202,-1602054.684054373],[15681855.565077486,-1583215.0770303134],[15663155.290245574,-1563989.2200060796],[15644721.140517637,-1544384.6451787567],[15626558.359413497,-1524409.0028917624],[15608672.155088805,-1504070.0578371398],[15591067.697588345,-1483375.6851964681],[15573750.116016693,-1462333.8667215025],[15556724.495637188,-1440952.6867557336],[15539995.874910556,-1419240.3281982462],[15523569.242484508,-1397205.068411361],[15507449.534145197,-1374855.27507378],[15491641.629741874,-1352199.4019810006],[15476150.350095453,-1329245.9847949918],[15460980.45390157,-1306003.6367453362],[15446136.634638583,-1282481.0442840264],[15431623.517490475,-1258686.9626965579],[15417445.656294214,-1234630.2116718367],[15403607.53052083,-1210319.6708338042],[15390113.542298978,-1185764.2752378013],[15376968.01348916,-1160973.0108348327],[15364175.182816325,-1135954.909907117],[15351739.203068128,-1110719.0464785357],[15339664.138365325,-1085274.5317036712],[15327953.961510437,-1059630.5092394021],[15316612.551420031,-1033796.1506032252],[15305643.690645542,-1007780.6505225296],[15295051.062986743,-981593.2222794058],[15284838.25120156,-955243.0930555894],[15275008.734815272,-928739.4992824805],[15265565.888031358,-902091.682001114],[15256512.977746068,-875308.8822374294],[15247853.161667723,-848400.3363979775],[15239589.4865417,-821375.2716917169],[15231724.8864811,-794242.9015832884],[15224262.181402875,-767012.4212836652],[15217204.07556856,-739693.0032838223],[15210553.15622842,-712293.7929374065],[15204311.892367197,-684823.9040982741],[15198482.63354948,-657292.4148188869],[15193067.608862182,-629708.3631156508],[15188068.925951347,-602080.7428070508],[15183488.570150223,-574418.4994306578],[15179328.40369518,-546730.5262448733],[15175590.165025946,-519025.66032128135],[15172275.468166327,-491312.67873332935],[15169385.802181432,-463600.29484690056],[15166922.530707385,-435897.1547183489],[15164886.891549239,-408211.83360510267],[15163279.996342828,-380552.8325940708],[15162102.830276314,-352928.57535249594],[15161356.251867019,-325347.405006018],[15161040.992789289,-297817.58114802785],[15161157.65774912,-270347.27698445634],[15161706.724401275,-242944.57661756699],[15162688.543304922,-215617.47247203675],[15164103.337913686,-188373.86286630426],[15165951.2045963,-161221.54973173133],[15168232.1126842,-134168.23648164838],[15170945.904542433,-107221.52603216332],[15174092.295660676,-80388.91897589501],[15177670.874761105,-53677.81190964381],[15181681.10392029,-27095.495916349253],[15186122.318702377,-649.1552014183479],[15190993.728301076,25654.134117010402],[15196294.41568836,51807.40506486416],[15202023.337767774,77803.80071707757],[15208179.325530687,103636.57495262084],[15214761.084214179,129299.09306165358],[15221767.193459129,154784.83220743123],[15229196.107467834,180087.38174586635],[15237046.155160299,205200.4434061773],[15245315.540328944,230117.83133627707],[15254002.341791462,254833.47201695672],[15263104.513542034,279341.4040493233],[15272619.8849012,303635.77782010625],[15282546.160664974,327710.8550498529],[15292880.92125405,351561.0082292642],[15303621.62286417,375180.71994911635],[15314765.597618874,398564.5821294336],[15326310.053726107,421707.2951538278],[15338252.075640403,444603.66691497504],[15350588.624232527,467248.61177737184],[15363316.536968382,489637.14946368086],[15376432.528099706,511764.40387086355],[15389933.1888686,533625.6018225874],[15403814.987728558,555216.0717641998],[15418074.270584403,576531.2424066971],[15432707.261054035,597566.6413259861],[15447710.060754575,618317.8935237534],[15463078.649615917,638780.7199560972],[15478808.886224553,658950.9360360947],[15494896.508200666,678824.4501161793],[15511337.132611442,698397.2619561714],[15528126.256423771,717665.4611826659],[15545259.2569992,736625.2257451535],[15562731.392634267,755272.8203741891],[15580537.803149244,773604.5950466123],[15598673.510528056,791616.9834626326],[15617133.419612559,809306.5015393515],[15635912.318853766,826669.7459249975],[15655004.881122898,843703.3925378869],[15674405.664584892,860404.1951339733],[15694109.113636954,876768.9839062628],[15714109.559914505,892794.664119525],[15734401.223366907,908478.2147830328],[15754978.213405102,923816.687363974],[15775834.530123174,938807.2045439252],[15796964.065595653,953446.9590203837],[15818360.605252307,967733.212355045],[15840017.829331847,981663.2938704673],[15861929.314415924,995234.5995961019],[15884088.535044461,1008444.5912648061],[15906488.865413286,1021290.7953604367],[15929123.58115482,1033770.8022169521],[15951985.86120218,1045882.2651692101],[15975068.789737144,1057622.899755496],[15998365.358221997,1068990.4829714329],[16021868.467514982,1079982.8525749743],[16045570.930069232,1090597.9064417374],[16069465.472214386,1100833.6019700083],[16093544.736520167,1110687.9555344076],[16117801.284240872,1120159.0419872336],[16142227.597839547,1129244.994206308],[16166816.08359038,1137944.0026880472],[16191559.074257568,1146254.3151844486],[16216448.831848899,1154174.236382587],[16241477.550441846,1161702.1276252912],[16266637.35907994,1168836.4066714195],[16291920.324736975,1175575.547494468],[16317318.455346296,1181918.0801179328],[16342823.702892372,1187862.59048622],[16368427.96656171,1193407.7203696847],[16394123.09594978,1198552.1673025093],[16419900.89432077,1203294.6845524353],[16445753.121916598,1207634.081121154],[16471671.499311645,1211569.2217744265],[16497647.710809376,1215099.0271012674],[16523673.407877155,1218222.4736013513],[16549740.212615065,1220938.59380032],[16575839.721255012,1223246.4763924924],[16601963.507685632,1225145.2664109757],[16628103.126999056,1226634.165425065],[16654250.119055215,1227712.4317652157],[16680396.012059314,1228379.3807759269],[16706532.326148221,1228634.385097183],[16732650.57698139,1228476.874975159],[16758742.279331952,1227906.3386032293],[16784798.950673617,1226922.322494337],[16810812.114759013,1225524.4318861712],[16836773.30518528,1223712.3311805385],[16862674.06894243,1221485.744418741],[16888505.969940454,1218844.4557946469],[16914260.592510957,1215788.3102075642],[16939929.544879224,1212317.2138569355],[16965504.462602813,1208431.1348811141],[16990977.011972737,1204130.104042567],[17016338.893373564,1199414.215461881],[17041581.84459873,1194283.627403031],[17066697.64411769,1188738.5631124892],[17091678.114291474,1182779.3117146047],[17116515.12453354,1176406.229165901],[17141200.594413012,1169619.7392706552],[17165726.49669734,1162420.3347603173],[17190084.860331867,1154808.5784390706],[17214267.77335402,1146785.104397773],[17238267.385739613,1138350.6192985],[17262075.912179686,1129505.9037315063],[17285685.6347858,1120251.8136464807],[17309088.90572252,1110589.2818595944],[17332278.149765637,1100519.3196376634],[17355245.86678531,1090043.0183604371],[17377984.63415312,1079161.5512617475],[17400487.109072745,1067876.1752498713],[17422746.030833844,1056188.232807209],[17444754.22298923,1044099.1539688667],[17466504.59545554,1031610.4583794255],[17487990.146537982,1018723.7574266628],[17509203.96487992,1005440.7564506565],[17530139.23133826,991763.2570260959],[17550789.22078606,977693.1593152506],[17571147.303843793,963232.4644883891],[17591206.948541116,948383.2772081563],[17610961.721911177,933147.8081736503],[17630405.291519616,917528.3767194406],[17649531.42693101,901527.4134644399],[17668334.00111504,885147.4630046069],[17686806.991795808,868391.1866433426],[17704944.482746936,851261.3651524115],[17722740.665036123,833760.9015561796],[17740189.83822234,815892.8239310081],[17757286.4115095,797660.2882113755],[17774024.904860206,779066.5809936738],[17790399.950073693,760115.122328231],[17806406.29183169,740809.4684895743],[17822038.788716644,721153.3147145835],[17837292.414206207,701150.4978977831],[17852162.257648446,680804.9992326035],[17866643.525222015,660120.9467872876],[17880731.540885575,639102.6180035953],[17894421.747320853,617754.4421065818],[17907709.706873555,596081.002413185],[17920591.102496635,574087.038527589],[17933061.73869981,551777.4484110433],[17945117.542509686,529157.2903139578],[17956382.385319993,505590.2744990306],[17966755.218857687,480938.54437410255],[17976742.268993214,456095.75969137414],[17986341.580855843,431069.6813856773],[17995551.24531605,405868.05700997874],[18004369.399575815,380498.61822631286],[18012794.22781865,354969.0783589427],[18020823.96191563,329287.1300110658],[18028456.88218416,303460.4427464637],[18035691.318196014,277496.66083742597],[18042525.649631865,251403.40108041227],[18048958.307179134,225188.25068071592],[18054987.773470655,198858.76520752432],[18060612.5840615,172422.46662076373],[18065831.328441672,145886.84137086422],[18070642.651082426,119259.33857280623],[18075045.25251417,92547.36825559393],[18079037.890434064,65758.29968822218],[18082619.380841598,38899.459783193415],[18085788.599200472,11978.131578570148],[18088544.4816253,-14998.447200690402],[18090886.026091885,-42023.08550125584],[18092812.29366955,-69088.6402192625],[18094322.409774717,-96188.01739696962],[18095415.565444224,-123314.17333773819],[18096091.018627767,-150460.11563929316],[18096348.09549835,-177618.90414500286],[18096186.191779763,-204783.6518133061],[18095604.7740905,-231947.52550550323],[18094603.381303117,-259103.746692294],[18093181.625918284,-286245.5920795732],[18091339.19545285,-313366.3941541864],[18089075.853841063,-340459.54165058833],[18086391.442848176,-367518.47993936256],[18083285.88349575,-394536.7113389261],[18079759.177497707,-421507.79535174207],[18075811.40870637,-448425.34882665676],[18071442.744567543,-475283.0460491051],[18066653.437583774,-502074.61876108364],[18061443.82678465,-528793.8561130072],[18055814.339203235,-555434.6045496926],[18049765.49135731,-581990.7676328593],[18043297.890734393,-608456.3058027296],[18036412.23727909,-634825.236081476],[18029109.32488142,-661091.6317213224],[18021390.04286472,-687249.6218003132],[18013255.377471402,-713293.3907689074],[18004706.413344998,-739217.1779505666],[17995744.335006718,-765015.276999759],[17986370.428324517,-790682.0353207822],[17976586.081972912,-816211.8534509238],[17966392.788881227,-841599.1844116843],[17955792.147668313,-866838.5330315533],[17944785.864061303,-891924.4552442672],[17933375.752296105,-916851.5573661792],[17921563.736497182,-941614.4953566177],[17909351.85203399,-966207.9740650188],[17896742.24685156,-990626.7464686524],[17883737.182772346,-1014865.6129047654],[17870339.03676671,-1038919.4203008997],[17856550.302189063,-1062783.0614070809],[17842373.58997681,-1086451.474033657],[17827811.629809074,-1109919.6402982972],[17812867.271222245,-1133182.5858857322],[17797543.484679226,-1156235.3793236148],[17781843.362589255,-1179073.1312778853],[17765770.12027544,-1201690.9938707522],[17749327.096886445,-1224084.1600243908],[17732517.756249666,-1246247.862833195],[17715345.68766246,-1268177.3749674144],[17697814.60661846,-1289868.0081106],[17679928.35546591,-1311315.1124332838],[17661690.903994944,-1332514.0761051092],[17643106.349950835,-1353460.3248472232],[17624178.919470254,-1374149.3215267928],[17604912.967437804,-1394576.5657950693],[17585312.9777598,-1414737.5937703315],[17565383.56355288,-1434627.9777666184],[17545129.467244554,-1454243.3260692048],[17524555.560583442,-1473579.2827571572],[17503666.8445566,-1492631.5275733517],[17482468.449211773,-1511395.775841994],[17460965.633382387,-1529867.7784332738],[17439163.784313306,-1548043.3217747908],[17417068.417185344,-1565918.227908935],[17394685.174537033,-1583488.354595207],[17372019.825581785,-1600749.5954563294],[17349078.265419267,-1617697.8801665637],[17325866.51413961,-1634329.1746806183],[17302390.71581935,-1650639.4815012],[17278657.137408156,-1666624.839983073],[17254672.16750575,-1682281.3266713764],[17230442.31502811,-1697605.055671668],[17205974.207762927,-1712592.1790490507],[17181274.590813756,-1727238.8872537117],[17156350.324933026,-1741541.4095697997],[17131208.384743888,-1755496.0145848272],[17105855.856851324,-1769099.0106764757],[17080299.93784288,-1782346.7465136216],[17054547.93217982,-1795235.6115685564],[17028607.24997941,-1807762.0366372245],[17002485.404689457,-1819922.49436434],[16976190.010656282,-1831713.4997704437],[16949728.78058747,-1843131.610777791],[16923109.522910986,-1854173.4287323882],[16896340.13903249,-1864835.5989194168],[16869428.620492533,-1875114.8110694834],[16842383.046026044,-1885007.7998535072],[16815211.57852611,-1894511.345364084],[16787922.46191468,-1903622.2735815858],[16760524.01792273,-1912337.4568234845],[16733024.642782733,-1920653.8141757012],[16705432.803836405,-1928568.3119052448],[16677757.036060918,-1936077.9638536521],[16650005.938516835,-1943179.8318112097],[16622188.170721382,-1949871.0258724426],[16594312.44895063,-1956148.7047736566],[16566387.542474562,-1962010.0762139917],[16538422.269728908,-1967452.3971617331],[16511030.82361852,-1971424.5444924047],[16486349.755716624,-1970239.5844736355],[16461727.431867506,-1968502.6537019531],[16437169.885846881,-1966215.0439812622]]},"properties":{"type":"parallel","value":-75}},
{"type":"Feature","geometry":{"type":"MultiLineString","coordinates":[[[-15185919.234385012,-8803571.118270537],[-15204230.853908092,-8852973.00452856],[-15223301.942562198,-8902226.378481269],[-15243134.591998076,-8951325.214540336],[-15263730.819754565,-9000263.33397708],[-15285092.563997803,-9049034.395908477],[-15307221.678500185,-9097631.888545197],[-15330119.92788105,-9146049.120740458],[-15343345.440295245,-9173215.476859672]],[[11812573.627247605,-9173215.343181212],[11814907.640405176,-9152150.752330367],[11820734.694469435,-9104062.314687649],[11827237.485757714,-9056115.906331392],[11834412.51955888,-9008315.139210202],[11842256.408101412,-8960663.610298984],[11850765.874822153,-8913164.909506215],[11859937.758437723,-8865822.627238294],[11869769.016811775,-8818640.361627804],[11880256.730611978,-8771621.725432351],[11891398.106751285,-8724770.352610566],[11903190.48160842,-8678089.904581724],[11915631.324022746,-8631584.076175192],[11928718.238058912,-8585256.601275533],[11942448.965536498,-8539111.25816894],[11956821.38831978,-8493151.874595994],[11959772.517576544,-8483983.217399511]],[[15092611.121689368,-3057736.1793092294],[15056821.190701228,-3028991.5811281153],[15012653.647787288,-2992631.772970959],[14969136.428319283,-2955810.979771366],[14926276.780205393,-2918537.4276468637],[14884081.630352601,-2880819.263599381],[14842557.587110184,-2842664.546658057],[14801710.942859286,-2804081.2399153532],[14761547.676780224,-2765077.2034642594],[14722073.4578263,-2725660.1882395577],[14683293.647928767,-2685837.830761585],[14645213.30545414,-2645617.648776816],[14607837.188931113,-2605007.0377853634],[14571169.761060026,-2564013.2684419747],[14535215.193014715,-2522643.484813516],[14499977.369041938,-2480904.7034729463],[14465459.891360568,-2438803.8134065755],[14431666.085358862,-2396347.5767093515],[14398599.005085133,-2353542.630039938],[14366261.439023772,-2310395.486805912],[14334655.916146234,-2266912.5400472474],[14303784.712223684,-2223100.0659849197],[14273649.856386062,-2178964.228200111],[14244253.137910323,-2134511.0824085674],[14215596.113218935,-2089746.5817937995],[14187680.113068512,-2044676.5828622573],[14160506.2499073,-1999306.851783223],[14134075.425379548,-1953643.0711759801],[14108388.337954236,-1907690.8473068546],[14083445.490655486,-1861455.7176586897],[14059247.198871797,-1814943.1588358933],[14035793.598221688,-1768158.5947682194],[14013084.652453559,-1721107.405177383],[13991120.161358166,-1673794.9342709181],[13969899.768673053,-1626226.4996285797],[13949422.969959011,-1578407.4012473223],[13929689.120429639,-1530342.9307118277],[13910697.442716384,-1482038.3804583605],[13892447.034552576,-1433499.0531007894],[13874936.87636117,-1384730.2707887066],[13858165.838732518,-1335737.3845683688],[13842132.689779613,-1286525.7837185713],[13826836.102359982,-1237100.9050344385],[13812274.661154607,-1187468.2420333598],[13798446.869595885,-1137633.3540583563],[13785351.156638075,-1087601.8752553647],[13772985.883365093,-1037379.5234020402],[13761349.349432003,-986972.108566875],[13750439.79933799,-936385.5415786003],[13740255.428529872,-885625.8422869783],[13730794.389336772,-834699.1475973102],[13722054.796737662,-783611.7192622535],[13714034.733964896,-732369.9514155575],[13706732.257948074,-680980.3778337858],[13700145.40460367,-629449.6789130707],[13694272.193977067,-577784.6883494213],[13689110.635244768,-525992.3995121563],[13684658.731585396,-474079.9715014023],[13680914.48492925,-422054.73488181253],[13677875.900597045,-369924.19708602724],[13675540.991839388,-317696.04748256964],[13673907.784289103,-265378.16210423154],[13672974.320339814,-212978.60803438287],[13672738.663464192,-160505.647449798],[13673198.902486594,-107967.74132009188],[13674353.155824997,-55373.55276492916],[13676199.575717751,-2731.9500718892295],[13678736.352451265,49947.990621378034],[13681961.718605123,102656.98297523601],[13685873.953331294,155385.52841998465],[13690471.386684662,208123.91444385683],[13695752.40402215,260862.21318811172],[13701715.45048797,313590.2803390732],[13708359.035602385,366297.7543057235],[13715681.737971757,418974.0556706414],[13723682.210137088,471608.3869006893],[13732359.183578502,524189.732303165],[13741711.47389256,576706.8582121525],[13751737.986159047,629148.3133889042],[13763918.041564623,678910.0771232542],[13777292.218943568,727581.8063230942],[13791505.889846766,775762.2259595008],[13806556.193282705,823442.8440001735],[13822440.160673412,870615.6444207417],[13839154.713350713,917273.0738380045],[13856696.65944021,963408.0270094508],[13875062.69016022,1009013.8313033821],[13894249.375564266,1054084.2302462987],[13914253.159757068,1098613.3662560042],[13935070.355614945,1142595.7626696376],[13956697.139042834,1186026.3051755503],[13979129.542801281,1228900.2227574291],[14002363.449937593,1271213.068257314],[14026394.586856691,1312960.6986622235],[14051218.516067911,1354139.2552164537],[14076830.628645163,1394745.1434584353],[14103226.136438584,1434775.0132777893],[14130400.064076783,1474225.7390841914],[14158347.240799528,1513094.4001757354],[14187062.29216137,1551378.2613901973],[14216539.631647313,1589074.7541180942],[14246773.452242265,1626181.4577518676],[14277757.71799623,1662696.0816409732],[14309486.155627705,1698616.4476176908],[14341952.246207543,1733940.4731539497],[14375149.216966027,1768666.1552045422],[14409070.033265173,1802791.5547873264],[14443707.390778504,1836314.7823463678],[14479053.707919426,1869233.9839389904],[14515101.118559228,1901547.3282832836],[14551841.465074237,1933252.9946976597],[14589266.291761043,1964349.1619595434],[14627366.838656856,1994833.998105559],[14666134.035801103,2024705.6511909931],[14705558.497971967,2053962.2410217633],[14745630.519930158,2082601.8518674553],[14786340.072199717,2110622.526159499],[14827676.797413364,2138022.2591740824],[14869630.007247422,2164798.9946947643],[14912188.679968584,2190950.621645369],[14955341.45861199,2216474.971679236],[14999076.64980707,2241369.8177065914],[15043382.223264659,2265632.873337208],[15088245.811935559,2289261.793211517],[15133654.712847764,2312254.1741888835],[15179595.888626313,2334607.557357678],[15226055.96969644,2356319.4308278505],[15273021.257167807,2377387.2332626125],[15320477.726394452,2397808.3581024064],[15368411.031202111,2417580.158430449],[15416806.50877202,2436699.952426086],[15465649.18516748,2455165.029348876],[15514923.781487305,2472972.6559937247],[15564614.720627865,2490120.083554499],[15614706.134633722,2506604.5548316664],[15665181.872615172,2522423.3117174385],[15716025.509209396,2537573.6028903318],[15767220.353561105,2552052.69165008],[15818749.458797486,2565857.8638230246],[15870595.63197177,2578986.4356677784],[15922741.444449443,2591435.761711256],[15975169.242710933,2603203.242445617],[16027861.159544883,2614286.331817828],[16080799.125606459,2624682.544445143],[16133964.881315501,2634389.4624916185],[16187339.9890702,2643404.7421435528],[16240905.84575259,2651726.1196243744],[16294643.695503106,2659351.416693074],[16348534.642742204,2666278.54557405],[16402559.665417966,2672505.513270386],[16456699.628459465,2678030.425217258],[16510935.297416285,2682851.488237124],[16565247.352265384,2686967.012763551],[16619616.401366811,2690375.414306286],[16674022.995550232,2693075.2141358354],[16728447.642314238,2695065.03917202],[16782870.8201205,2696343.621067097],[16837272.992764343,2696909.7944805087],[16891634.623803016,2696762.4945487366],[16945936.191022042,2695900.753560202],[17000158.200919244,2694323.6968517033],[17054281.20318494,2692030.5379494415],[17108285.8051553,2689020.5729837874],[17162152.686214864,2685293.1744135115],[17215862.612122178,2680847.784101017],[17269396.44923138,2675683.90578608],[17322735.178580593,2669801.097011264],[17375859.90981649,2663198.9605572363],[17428751.894922778,2655877.135451632],[17481392.54171889,2647835.2876193062],[17533763.42709374,2639073.100246488],[17585846.3099382,2629590.2639350006],[17637623.143739127,2619386.4667263096],[17689076.088796813,2608461.384078175],[17740187.524027422,2596814.6688794713],[17790940.058311936,2584445.9415906696],[17841316.541353,2571354.780599542],[17891300.074001927,2557540.712882894],[17940874.018018823,2543003.2050659056],[17990022.00523013,2527741.6549714613],[18038727.946049392,2511755.3837516657],[18086976.03732913,2495043.628693632],[18134750.769513838,2477605.5367909214],[18182036.933066957,2459440.1591708367],[18228819.624147322,2440546.44646671],[18275084.249513946,2420923.2452221382],[18320816.53064109,2400569.2954125647],[18366002.50702978,2379483.2291667913],[18410628.53870479,2357663.570768647],[18454681.307890788,2335108.738015807],[18498147.819864746,2311817.045009631],[18541015.402986005,2287786.706446071],[18583271.707909178,2263015.843473904],[18624904.705989122,2237502.49118206],[18665902.686891057,2211244.6077731685],[18706254.255422633,2184240.085475397],[18745948.327608563,2156486.7632388473],[18784974.1260315,2127982.4412570326],[18823321.174466733,2098724.8973469604],[18859237.75682871,2065695.2626530365],[18888774.40542491,2022064.171015267],[18917735.690786615,1977904.3210743018],[18946118.620876085,1933232.7566361993],[18973920.028089654,1888066.5077741535],[19001136.58307233,1842422.5868071483],[19027764.808429707,1796317.9840295885],[19053801.092270292,1749769.663183964],[19079241.701517224,1702794.5566715111],[19104082.794934258,1655409.5604984462],[19128320.435816545,1607631.5289575781],[19151950.604302227,1559477.2690477704],[19174969.209266435,1510963.5346358402],[19197372.099764325,1462107.0203677944],[19219155.075995225,1412924.355338472],[19240313.899764534,1363432.0965307767],[19260844.30442512,1313646.7220377636],[19280742.00428436,1263584.6240827243],[19300002.70346734,1213262.1018545902],[19318622.10423098,1162695.3541776359],[19336595.914727807,1111900.4720363086],[19353919.85622167,1060893.4309778563],[19370589.66976144,1009690.0834169358],[19386601.122321732,958306.150867906],[19401950.012422908,906757.216132078],[19416632.175245292,855058.715468328],[19419249.289543603,845572.8076638586]],[[-17503434.19335311,-4163831.832044116],[-17461090.57289743,-4175130.564401821],[-17409430.67377646,-4189556.8923119414],[-17358020.001326863,-4204623.322118377],[-17306873.337173816,-4220325.91130537],[-17256005.275175024,-4236660.7618721435],[-17205430.213859152,-4253624.021789383],[-17155162.349214435,-4271211.886649726],[-17105215.66784175,-4289420.601470713],[-17055603.940485787,-4308246.46260827],[-17006340.715957154,-4327685.819738453],[-16957439.315457676,-4347735.077865223],[-16908912.827319935,-4368390.699312293],[-16860774.102171432,-4389649.205657549],[-16813035.748532496,-4411507.179569312],[-16765710.128855987,-4433961.266504598],[-16718809.356015451,-4457008.176230668],[-16672345.29024731,-4480644.684132516],[-16626329.536551036,-4504867.632270371],[-16580773.442549864,-4529673.93015296],[-16535688.096813144,-4555060.555194036],[-16491084.327639794,-4581024.552821609],[-16446972.702300705,-4607563.036211295],[-16403363.526736397,-4634673.185617321],[-16360266.845704509,-4662352.2472769385],[-16317692.443370128,-4690597.531866233],[-16275649.844330339,-4719406.4124876335],[-16234148.31506267,-4748776.322171905],[-16193196.865785807,-4778704.750879581],[-16152804.252719115,-4809189.241989584],[-16112978.980726227,-4840227.388264879],[-16073729.306326663,-4871816.827287776],[-16035063.24105778,-4903955.236359831],[-15996988.555168543,-4936640.326863843],[-15959512.781625101,-4969869.838087919],[-15922643.220407296,-5003641.530514169],[-15886386.943074107,-5037953.178576891],[-15850750.797575388,-5072802.562897848],[-15815741.413286192,-5108187.462008488],[-15781365.206239533,-5144105.64357159],[-15753432.964737773,-5174195.836962414]],[[19419248.64364418,-1175206.088487123],[19416651.604096033,-1183387.9981288228],[19401173.46738008,-1230534.9973162413],[19384913.832976073,-1277381.2533340266],[19367871.94695103,-1323920.7142620431],[19350047.201316096,-1370147.4576371673],[19331439.14094097,-1416055.6796614805],[19312047.47075863,-1461639.6842221848],[19291872.06324585,-1506893.8717619684],[19270912.96616345,-1551812.7280392796],[19249170.410537682,-1596390.812819295],[19226644.81886268,-1640622.7485369053],[19203336.81350133,-1684503.208974154],[19179247.225260656,-1728026.9079949849],[19154377.10211538,-1771188.588380967],[19128727.71805191,-1813983.0108121412],[19102300.58200322,-1856404.943037382],[19075097.446843408,-1898449.1492792296],[19047120.3184096,-1940110.3799180833],[19018371.464517254,-1981383.3615007873],[18988853.423934072,-2022262.7871185185],[18958569.015276853,-2062743.307198563],[18927521.345794737,-2102819.5207542446],[18895713.820002295,-2142485.9671364306],[18863150.148125224,-2181737.118329431],[18829834.354322042,-2220567.371832864],[18795770.784645397,-2258971.0441699587],[18760964.114707094,-2296942.3650610526],[18725419.357012574,-2334475.472299357],[18689141.867931306,-2371564.407364106],[18652137.354271762,-2408203.1118036443],[18614411.879431352,-2444385.4244184974],[18575971.86909423,-2480105.0792716644],[18536824.116452385,-2515355.7045499086],[18496975.786928535,-2550130.8222965426],[18456434.42238232,-2584423.8490321226],[18415207.944784958,-2618228.097275604],[18373304.659351,-2651536.7779739583],[18330733.25711965,-2684343.003843536],[18287502.81698201,-2716639.7936216434],[18243622.80715461,-2748420.0772214727],[18199103.08610345,-2779676.701778327],[18153953.90292668,-2810402.4385691737],[18108185.897207912,-2840589.9907821985],[18061810.098355595,-2870232.002106797],[18014837.924447212,-2899321.066108704],[17967281.18060015,-2927849.73634885],[17919152.05689344,-2955810.537198525],[17870463.125867035,-2983195.9752973923],[17821227.339626506,-3009998.5515951016],[17771458.026582398,-3036210.773911297],[17729311.84117022,-3057735.959762468]],[[-14968065.77639652,-7579022.704630552],[-14968128.819620557,-7587296.04103466],[-14968927.661979621,-7638683.695368098],[-14970429.360674437,-7690046.543977284],[-14972635.94170639,-7741379.365138731],[-14975549.505039508,-7792677.007501797],[-14979172.218776543,-7843934.382161963],[-14983506.31326064,-7895146.454534129],[-14988554.075103058,-7946308.236031592],[-14994317.841138134,-7997414.775556961],[-15000799.992307635,-8048461.150812297],[-15008002.947477663,-8099442.459436426],[-15015929.157192305,-8150353.809978435],[-15024581.097369324,-8201190.312717302],[-15033961.26294452,-8251947.070338673],[-15044072.16147235,-8302619.168480911],[-15054916.306692105,-8353201.666163758],[-15066496.212069768,-8403689.586114135],[-15078814.384327423,-8454077.90500501],[-15091873.316973248,-8504361.543624554],[-15105675.483846515,-8554535.356994295],[-15120223.33269323,-8604594.124456381],[-15135519.278789569,-8654532.539751794],[-15151565.698631253,-8704345.201112708],[-15168364.923708225,-8754026.601394],[-15185919.234385006,-8803571.118270537]]]},"properties":{"type":"parallel","value":-60}},
{"type":"Feature","geometry":{"type":"MultiLineString","coordinates":[[[-13594406.532949174,-9038909.522882987],[-13613280.99958659,-9106857.16887796],[-13632681.337856451,-9173214.975390272]],[[10101909.401802503,-9173214.613641907],[10102099.908751117,-9171711.022933012],[10111075.870846037,-9103989.789176187],[10120794.21148058,-9036471.146058684],[10131246.790994557,-8969150.876350982],[10142425.71261427,-8902024.95460824],[10154323.334381327,-8835089.555382472],[10166932.279968048,-8768341.060672581],[10180245.44849256,-8701776.066678083],[10194256.02344084,-8635391.3899188],[10208957.48079734,-8569184.072779479],[10224343.596480155,-8503151.388534322],[10240408.453171361,-8437290.845903505],[10257146.446627598,-8371600.193190164],[10274552.291551236,-8306077.422043332],[10292621.027097207,-8240720.7708893875],[10311348.022086162,-8175528.728071456],[10330728.97999007,-8110500.034733893],[10350759.943752205,-8045633.687486159],[10371437.300499357,-7980928.940877896],[10392757.786200562,-7916385.309715313],[10414718.49032276,-7852002.571245983],[10437316.860530734,-7787780.767238004],[10460550.707475254,-7723720.205976982],[10484418.209710415,-7659821.464202832],[10508917.91877827,-7596085.389006499],[10534048.764496038,-7532513.099705298],[10559810.060478605,-7469105.989713739],[10586201.509926302,-7405865.728425524],[10613223.211705547,-7342794.2631205935],[10640875.666747337,-7279893.820910025],[10669159.784786062,-7217166.910729797],[10698076.891458657,-7154616.325393124],[10727628.735781247,-7092245.143709657],[10757817.498017978,-7030056.732677997],[10788645.797953611,-6968054.749756572],[10820116.703578427,-6906243.145215964],[10852233.740190718,-6844626.164573959],[10885000.899918366,-6783208.351112417],[10918422.65165713,-6721994.548472693],[10930212.4066682,-6700732.750990217]],[[13033493.5978018,-3057736.2331171567],[13006739.07325857,-3018593.797819059],[12966601.34338595,-2958261.900255317],[12927564.71402089,-2897599.7953333333],[12889625.632010782,-2836611.1053136503],[12852780.148083828,-2775298.9360223464],[12817023.941849494,-2713665.9125135983],[12782352.347497761,-2651714.2152967863],[12748760.379956858,-2589445.616967487],[12716242.761286002,-2526861.5190935233],[12684793.94709783,-2463962.9892190835],[12654408.152823055,-2400750.797861187],[12625079.379648374,-2337225.455383904],[12596801.439976545,-2273387.2486460926],[12569567.982275099,-2209236.2773281992],[12543372.515197149,-2144772.4898527022],[12518208.430873815,-2079995.7188211482],[12494069.027293097,-2014905.7158981247],[12470947.529694421,-1949502.1860793126],[12448837.110921243,-1883784.8212866925],[12427730.910686404,-1817753.3332390615],[12407622.053716237,-1751407.4855503966],[12388503.666749502,-1684747.1250125307],[12370368.894376358,-1617772.2120213283],[12353210.913711036,-1550482.8501084095],[12337022.947898839,-1482879.3145421343],[12321798.278464792,-1414962.0799632887],[12307530.2565167,-1346731.8470219404],[12294212.312820414,-1278189.5679829044],[12281837.96676915,-1209336.4712677775],[12270400.83427241,-1140174.084902149],[12259894.634593157,-1070704.2588368368],[12250313.19616422,-1000929.1861127246],[12241650.461417502,-930851.4228390867],[12233900.490660932,-860473.9069561082],[12227057.465039948,-789799.9757531654],[12221115.688621476,-718833.3821158276],[12216069.589639453,-647578.3094757524],[12211913.720941955,-576039.3854398709],[12208642.759680942,-504221.69407752797],[12206251.50628631,-432130.7868468999],[12204734.88276702,-359772.69214550813],[12204087.930382714,-287153.9234732139],[12204305.806730337,-214281.4862004554],[12205383.782291254,-141162.88293919837],[12207317.236485528,-67806.1175191562],[12210101.653281264,5780.302422300525],[12213732.616408598,79587.36422233847],[12218205.804229205,153605.55032614406],[12223516.984314524,227824.83974431013],[12229662.00778751,302234.710799763],[12236636.803485326,376824.14512273466],[12244437.372002788,451581.6328451365],[12253059.779679077,526495.1789384804],[12262500.152593272,601552.3106323027],[12272754.670637475,676740.0858431116],[12283819.561739601,752045.102537201],[12295691.09631168,827453.5089441229],[12308365.58200329,902951.0145318222],[12321839.358843759,978522.9016486218],[12336108.79486095,1054154.037732635],[12351170.282268872,1129828.887984439],[12367020.234320842,1205531.528395386],[12383655.082929343,1281245.6590206996],[12401071.277158735,1356954.6173842254],[12419265.282701358,1432641.3918999527],[12438233.582452683,1508288.6351946096],[12457972.678305736,1583878.6772150523],[12478479.09428995,1659393.5380047439],[12499749.381184239,1734814.9400341876],[12521780.122738969,1810124.3199718213],[12544567.943646014,1885302.839783307],[12568109.51940056,1960331.3970493774],[12592401.588203143,2035190.6343945668],[12617440.965054462,2109860.9479213827],[12643224.558199905,2184322.494546774],[12669749.38808528,2258555.1981396866],[12697012.608989116,2332538.7543603005],[12725011.533501407,2406252.634102599],[12763637.750232575,2462588.5943830754],[12804792.906841379,2515647.868465504],[12847094.29923666,2567836.203117319],[12890541.181061937,2619164.174935197],[12935132.475334175,2669642.1388053987],[12980866.729201712,2719280.1525809667],[13027742.068614472,2768087.9061525897],[13075756.15311459,2816074.6549383067],[13124906.130973669,2863249.157813403],[13175188.594919909,2909619.6195021956],[13226599.538714489,2955193.637455876],[13279134.314850913,2999978.1532459767],[13332787.593663601,3043979.4085090486],[13397216.750053385,3087205.179980715],[13466471.606078377,3129661.398677848],[13535927.980249846,3171341.0909838737],[13605575.687061,3212236.808371723],[13675404.835847646,3252341.32279289],[13745405.84861537,3291647.622555838],[13815569.477029674,3330148.908269956],[13885886.818447521,3367838.5888318927],[13956349.330878597,3404710.2774304627],[14026948.846774807,3440757.7875462086],[14097677.585557252,3475975.1289227745],[14168528.164800553,3510356.5034886356],[14239493.610005226,3543896.301209959],[14310567.36289972,3576589.0958580244],[14381743.288224233,3608429.640677426],[14453015.678958977,3639412.863944872],[14524379.2599697,3669533.864411574],[14595829.190052714,3698787.906625983],[14667361.06237142,3727170.416137194],[14738970.903284494,3754676.9745829054],[14810655.169574495,3781303.3146692314],[14882410.744092828,3807045.315053053],[14954234.929844184,3831898.9951406224],[15026125.442539625,3855860.5098188412],[15098080.401653176,3878926.144138404],[15170098.3200217,3901092.3079698924],[15242178.092032155,3922355.5306559294],[15314318.980444254,3942712.4556840607],[15386520.601899443,3962159.835405918],[15458782.911170013,3980694.525829156],[15531106.184204444,3998313.481509],[15603491.000026716,4015013.7505661994],[15675938.221548842,4030792.469857875],[15748448.975357397,4045646.8603270333],[15821024.63053522,4059574.222555485],[15893666.77658091,4072571.93254364],[15966377.20048908,4084637.437738794],[16039157.863055216,4095768.253331892],[16112010.874469673,4105961.958840277],[16184938.46926615,4115216.1949916184],[16257942.98069113,4123528.6609216975],[16331026.814561544,4130897.1116955495],[16404192.422679707,4137319.3561588577],[16477442.27587583,4142793.2551229605],[16550778.83675048,4147316.7198838876],[16624204.532191508,4150887.711072227],[16697721.725742394,4153504.237827414],[16771332.689901758,4155164.3572865534],[16845039.578436814,4155866.174374403],[16918844.39879689,4155607.8418779867],[16992748.984716702,4154387.5607859273],[17066754.969102796,4152203.5808696137],[17140863.757300418,4149054.2014803938],[17215076.50084211,4144937.772534452],[17289394.0717833,4139852.6956546777],[17363817.03773398,4133797.425437028],[17438345.637699317,4126770.4708074206],[17512979.758845564,4118770.396434246],[17587718.9143107,4109795.8241614182],[17662562.222181704,4099845.4344271864],[17737508.385762595,4088917.9676350392],[17812555.675258525,4077012.2254451327],[17887701.91100153,4064127.071957502],[17962944.448343415,4050261.434762187],[18038280.16433922,4035414.3058364843],[18113705.446342256,4019584.742275443],[18189216.182627637,4002771.86684917],[18264807.755155824,3984974.868388886],[18340475.034580976,3966193.0020134994],[18416212.377600584,3946425.589219546],[18492013.626733407,3925672.017869563],[18567872.112601183,3903931.742127761],[18643780.658777345,3881204.282406465],[18719731.589251667,3857489.225402996],[18795716.738544554,3832786.224323559],[18871727.464488268,3807094.9994088076],[18947754.663674485,3780415.3388944943],[19016410.439086154,3755475.328802495]],[[-11552034.64958141,9173213.82838868],[-11556294.537451673,9168194.712384382],[-11600467.201944316,9116653.570216872],[-11645035.183444621,9065566.097643245],[-11690003.592966907,9014926.614753379],[-11735377.820997698,8964729.61857507],[-11781163.531951666,8914969.774470014],[-11827366.658466509,8865641.907270085],[-11873993.395497141,8816740.992117938],[-11921050.194166489,8768262.144972961],[-11968543.755327001,8720200.612740401],[-12016481.022783749,8672551.762978273],[-12049806.005075188,8639926.098607846]],[[-15272682.513404572,3057736.5291452943],[-15259920.161021924,3037385.746622855],[-15219375.051185945,2971598.2723204833],[-15179738.060840424,2905535.8860004283],[-15141004.799269041,2839202.543559961],[-15103170.842211721,2772601.731502528],[-15066231.726441532,2705736.488134373],[-15030182.94606383,2638609.425342174],[-14995019.95040367,2571222.7508821203],[-14960738.143347673,2503578.2911138446],[-14927332.88400787,2435677.514115516],[-14894799.488577683,2367521.553119576],[-14863133.233253837,2299111.23021167],[-14832329.35810254,2230447.0802384624],[-14802383.071753224,2161529.3748731916],[-14773289.556809207,2092358.1467907892],[-14745043.9758704,2022933.2139074223],[-14717641.47806987,1953254.203642109],[-14691077.206032598,1883320.5771607514],[-14665346.303171478,1813131.653565452],[-14640443.921242403,1742686.6339942506],[-14616365.228086943,1671984.6255985643],[-14593105.415497703,1601024.6653674291],[-14570659.707147928,1529805.74376932],[-14549023.366533091,1458326.8281836694],[-14528191.704878181,1386586.8860954198],[-14508160.088970337,1314584.9080268117],[-14488923.94888168,1242319.9301813473],[-14470478.785552626,1169791.0567753366],[-14452820.17821078,1096997.4820327177],[-14435943.79160522,1023938.5118189832],[-14419845.38304018,950613.5848899627],[-14404520.809196511,877022.2937311215],[-14389966.032732856,803164.4049626664],[-14376177.128662229,729039.8792855332],[-14363150.290503083,654648.8909428805],[-14350881.836206974,579991.8466714298],[-14339368.213868063,505069.4041166051],[-14328606.007222425,429882.4896852572],[-14318591.940947842,354432.31580959243],[-14316039.190040689,334201.62976741063]],[[-16274361.730252659,-3057742.607736111],[-16221969.880510656,-3079650.033586327],[-16151019.833393293,-3110206.8479646184],[-16080782.52007611,-3141492.9879373442],[-16011275.095316833,-3173501.860126115],[-15942514.122943861,-3206227.174264557],[-15874515.566024363,-3239662.97262208],[-15807294.778506303,-3273803.6574408673],[-15740866.498455387,-3308644.016244697],[-15675244.842991678,-3344179.244895202],[-15610443.305012956,-3380404.968288167],[-15546474.75177358,-3417317.2585986867],[-15483351.425368771,-3454912.651000097],[-15421084.945155157,-3493188.15679639],[-15359686.312119735,-3532141.273922209],[-15299165.915191252,-3571769.9947775346],[-15239533.539470477,-3612072.811376323],[-15180798.376339622,-3653048.7177992044],[-15122969.035395961,-3694697.2099500913],[-15066053.558141094,-3737018.282625023],[-15010059.433344979,-3780012.423908924],[-14954993.613993429,-3823680.6069220575],[-14900862.535718687,-3868024.27894314],[-14847672.136605445,-3913045.3479401357],[-14795427.878258927,-3958746.1665430176],[-14744134.76801762,-4005129.513495268],[-14693797.382190507,-4052198.572622839],[-14644419.890197461,-4099956.90936079],[-14596006.079491543,-4148408.4448789638],[-14548559.381143091,-4197557.427849388],[-14502082.895967804,-4247408.403899247],[-14456579.421084166,-4297966.182794999],[-14412051.4767894,-4349235.803405283],[-14368501.333647791,-4401222.496493178],[-14325931.039690154,-4453931.645392167],[-14284342.44762862,-4507368.744624977],[-14243737.241996594,-4561539.356530719],[-14204116.96612943,-4616449.065973327],[-14165483.048907075,-4672103.43321347],[-14127836.831185773,-4728507.94503707],[-14091179.591851134,-4785667.964246278],[-14055512.573430452,-4843588.67763335],[-14020837.007206663,-4902275.04257442],[-13987154.137781164,-4961731.732398593],[-13954465.247036591,-5021963.08070806],[-13922771.677454164,-5082973.024847009],[-13892074.854743382,-5144765.048740641],[-13862376.309744064,-5207342.125350726],[-13833677.699562667,-5270706.659019996],[-13805980.827905979,-5334860.428004654],[-13779287.664575692,-5399804.527521052],[-13753600.364087367,-5465539.31365965],[-13731334.628111228,-5536155.949121616],[-13710041.2211006,-5607280.278964846],[-13689464.695420485,-5678460.09461798],[-13669604.13135265,-5749684.680186142],[-13650458.977840146,-5820943.740581414],[-13632029.039371243,-5892227.399317728],[-13614314.46393721,-5963526.196332948],[-13597315.731987095,-6034831.085782776],[-13581033.646305699,-6106133.433754695],[-13565469.322743634,-6177425.015853382],[-13550624.181730723,-6248698.014612145],[-13536499.940506378,-6319945.01668817],[-13523098.606002597,-6391159.009802037],[-13510422.468317084,-6462333.379384898],[-13498474.094715787,-6533461.904899088],[-13487256.324105464,-6604538.755800514],[-13476772.261918405,-6675558.48711312],[-13467025.275352452,-6746516.034587934],[-13458018.988910407,-6817406.709420798],[-13449757.280183943,-6888226.192504553],[-13442244.27582745,-6958970.528192712],[-13435484.347668178,-7029636.117552911],[-13429482.108899092,-7100219.711089129],[-13424242.41030133,-7170718.400912613],[-13419770.336443305,-7241129.612341724],[-13416071.201803483,-7311451.094911286],[-13413150.546764072,-7381680.912772151],[-13411014.13342266,-7451817.434461492],[-13409667.941168921,-7521859.322024123],[-13409118.161973435,-7591805.5194647275],[-13409371.195335602,-7661655.240510283],[-13410433.642837863,-7731407.955661293],[-13412312.302253416,-7801063.378509646],[-13415014.161155054,-7870621.451300167],[-13418546.389973318,-7940082.329711854],[-13422916.334452732,-8009446.366834127],[-13428131.507456208,-8078714.096312411],[-13434199.580068951,-8147886.214636575],[-13441128.371955166,-8216963.562545177],[-13448925.840923218,-8285947.1055178065],[-13457600.071657922,-8354837.913327507],[-13467159.263582196,-8423637.138625246],[-13477611.717814831,-8492345.994528487],[-13488965.82319633,-8560965.731186504],[-13501230.041361084,-8629497.611296218],[-13514412.890841337,-8697942.884543397],[-13528522.930197008,-8766302.760946443],[-13543568.74017514,-8834578.383082192],[-13559558.904913789,-8902770.797176482],[-13576501.992217941,-8970880.923046065],[-13594406.532949168,-9038909.522882987]]]},"properties":{"type":"parallel","value":-45}},
{"type":"Feature","geometry":{"type":"MultiLineString","coordinates":[[[8429813.94237776,-9072576.480592791],[8447840.74814409,-8989713.226408143],[8466542.804826086,-8907066.044333866],[8485906.40335014,-8824621.889218869],[8505918.492251258,-8742368.392208513],[8526566.65928559,-8660293.845220193],[8547839.113156294,-8578387.185725968],[8569724.665494379,-8496637.981894754],[8592212.713214723,-8415036.418135686],[8615293.22134936,-8333573.281074835],[8638956.706444234,-8252239.945989406],[8663194.220592426,-8171028.3637171],[8687997.336165495,-8089931.048052445],[8713358.131294882,-8008941.063637874],[8739269.176147668,-7928052.014353141],[8765723.520034306,-7847258.032204317],[8792714.679380637,-7766553.766711231],[8820236.626592482,-7685934.374790602],[8848283.779837739,-7605395.511131473],[8876850.993768727,-7524933.319058761],[8905933.551205892,-7444544.42188082],[8935527.155803056,-7364225.914717446],[8965627.925714355,-7283975.356805077],[8996232.38828305,-7203790.764277431],[9027337.475773467,-7123670.603420894],[9058940.52216855,-7043613.784405652],[9091039.261057153,-6963619.655495557],[9123631.824637631,-6883687.997741674],[9156716.743866572,-6803819.020167022],[9190292.949784737,-6724013.355452495],[9224359.776055494,-6644272.056136752],[9258916.962754795,-6564596.591346118],[9293964.661455953,-6484988.844073583],[9329503.441656932,-6405451.10902959],[9365534.298602898,-6325986.09109113],[9402058.662562143,-6246596.904379517],[9439078.409619352,-6167287.072001522],[9476595.874056516,-6088060.526493168],[9514613.862398775,-6008921.611010057],[9553135.66920974,-5929875.081313476],[9592165.094729012,-5850926.108606783],[9631706.464453267,-5772080.283282472],[9671764.65077164,-5693343.619646445],[9712345.096776292,-5614722.561692586],[9753453.842380006,-5536223.990007714],[9795097.552884484,-5457855.229894657],[9837283.550155738,-5379624.060808877],[9880019.846576845,-5301538.727212871],[9923315.181963028,-5223607.950961496],[9967179.063640213,-5145840.945341285],[9999672.754017733,-5088991.85628569]],[[11172415.65493213,-3057735.958727444],[11163794.054945933,-3037028.7071771324],[11132381.121980956,-2959454.8979878947],[11102248.448436901,-2881619.1546078594],[11073379.589540241,-2803506.6873942516],[11045758.199387755,-2725102.6613781224],[11019368.091975959,-2646392.2714597033],[10994193.296474243,-2567360.8145226245],[10970218.10699698,-2487993.7586383517],[10947427.127147527,-2408276.80952679],[10925805.309617855,-2328195.9744295543],[10905337.991131848,-2247737.623538605],[10886010.923020083,-2166888.549106092],[10867810.29770922,-2085636.0223415464],[10850722.77140113,-2003967.848180628],[10834735.483206406,-1921872.4179860228],[10819836.070983997,-1839338.7602163353],[10806012.684124745,-1756356.5890732545],[10793253.993501002,-1672916.351111357],[10781549.198788596,-1589009.2697694837],[10770888.033350825,-1504627.3877573179],[10761260.766857505,-1419763.6072070608],[10752658.205795484,-1334411.7274774092],[10745071.692010496,-1248566.480476717],[10738493.09940433,-1162223.5633537027],[10732914.828895455,-1075379.6683889467],[10728329.801736232,-988032.5099079715],[10724731.451265315,-900180.8480281158],[10722113.713160034,-811824.5090467578],[10720471.014240276,-722964.4022778199],[10719798.259862965,-633602.5331478502],[10720090.819934664,-543742.0123716231],[10721344.513558658,-453387.061041308],[10723555.59232303,-362543.01148195734],[10726720.72222666,-271216.3037499803],[10730836.964231974,-179414.4776802204],[10735901.753425509,-87146.16042061124],[10741912.876760935,5578.950568578307],[10748868.449353615,98750.10903220574],[10756766.889291346,192355.5458903992],[10765606.8909226,286382.49954955],[10774486.716591597,379218.4293576712],[10783762.189935643,471398.6719611245],[10793596.252291322,563201.1165136843],[10803993.30854391,654631.2015464068],[10814957.903345004,745694.8973861671],[10826494.720566943,836398.6849480737],[10838608.58214616,926749.5335493097],[10851304.446306765,1016754.8778522174],[10864587.405154001,1106422.5940354324],[10878462.681625651,1195760.9752824025],[10892935.625788338,1284778.7066671546],[10908011.710464919,1373484.839507414],[10923696.526178489,1461888.7652455117],[10939995.775398532,1550000.1889079623],[10956915.266075116,1637829.1021852163],[10974460.904447727,1725385.7561640397],[10992638.687116863,1812680.6337361643],[11011454.692368431,1899724.4216986632],[11030915.07074367,1986527.982553455],[11051026.034850813,2073102.3260062225],[11071793.848418957,2159458.5801580437],[11093224.814599903,2245607.9623769214],[11115325.263529964,2331561.749830754],[11138101.539171182,2417331.249658246],[11161559.98546011,2502927.7687499453],[11185706.93180247,2588362.5831077443],[11210548.677963361,2673646.9067481374],[11236091.47841623,2758791.860111821],[11262341.526228685,2843808.4379403787],[11289304.936580168,2928707.4765792023],[11316987.730025738,3013499.62066485],[11331100.746810513,3055858.872932985],[11332051.423283616,3098200.0193224787],[11333060.520649875,3182853.7588822567],[11334529.611751359,3267486.482374856],[11336458.788052764,3352118.3260921207],[11338848.049618483,3436769.0828414215],[11341697.335754912,3521458.198083431],[11345006.553291086,3606204.7649506903],[11348775.602716543,3691027.518115549],[11353004.402380522,3775944.8264738526],[11357692.910942456,3860974.6846089885],[11362841.148251193,3946134.7030002223],[11368449.214818638,4031442.096939142],[11374517.310042983,4116913.6741185742],[11381045.749327105,4202565.820859887],[11388034.980228992,4288414.486946409],[11395485.597773362,4374475.169033694],[11403398.359046774,4460762.892610677],[11411774.197192373,4547292.192490092],[11420614.234915355,4634077.091811402],[11424784.65526942,4673598.090419621]],[[13290632.062896073,4673607.9032091815],[13337431.550608847,4698270.634222696],[13423200.409335965,4742689.276075704],[13508926.7405189,4786078.047785381],[13594600.987753054,4828434.570702553],[13680214.446560273,4869756.551352907],[13765759.299541136,4910041.785345101],[13851228.646257332,4949288.160484933],[13936616.527851505,4987493.658934896],[14021917.946453182,5024656.358298096],[14107128.879457466,5060774.431543083],[14192246.288797027,5095846.145720588],[14277268.125357937,5129869.8594549345],[14362193.328715445,5162844.019221458],[14447021.822386611,5194767.154446585],[14531754.504813176,5225637.871489511],[14616393.236300113,5255454.846583297],[14700940.8221429,5284216.817829263],[14785400.992180126,5311922.576351546],[14869778.377007702,5338570.956728816],[14954078.481087612,5364160.826827923],[15038307.652976826,5388691.077169348],[15122473.052892897,5412160.609957439],[15206582.617820745,5434568.327909593],[15290645.024351383,5455913.123017616],[15374669.649428321,5476193.86537262],[15458666.529160926,5495409.392180941],[15542646.3158473,5513558.497093957],[15626620.233331958,5530639.919968788],[15710600.030806473,5546652.337170233],[15794597.935144847,5561594.3525166605],[15878626.601849237,5575464.488964472],[15962699.0646672,5588261.181116841],[16046828.683928188,5599982.768632891],[16131029.093635349,5610627.490603478],[16215314.147339065,5620193.480949032],[16299697.862811092,5628678.76488353],[16384194.36553308,5636081.256476813],[16468817.831010712,5642398.757334575],[16553582.425925083,5647628.956402038],[16638502.24813619,5651769.43088267],[16723591.265559826,5654817.648248201],[16808863.253949124,5656770.969299648],[16894331.73362455,5657626.652221493],[16980009.905213404,5657381.857552672],[17065910.58447919,5656033.653977823],[17152046.136345264,5653579.0248212665],[17238428.408243746,5650014.875103527],[17325068.662950873,5645338.03899667],[17411977.511103503,5639545.287489754],[17499164.843627207,5632633.33604974],[17586639.764345273,5624598.852036678],[17674410.52307841,5615438.461604235],[17762484.449586906,5605148.755789283],[17850867.888750035,5593726.295466426],[17939566.137420267,5581167.614816262],[17964497.49070452,5577441.227998868]],[[-9448207.939026998,9173213.920403004],[-9484326.222941158,9122753.258414086],[-9534668.073176026,9053016.700827446],[-9585173.000922956,8983735.432920162],[-9635841.797921699,8914898.637682443],[-9686675.957075298,8846495.719391866],[-9737677.648951974,8778516.294229267],[-9788849.700406821,8710950.181508278],[-9840195.57522924,8643787.395464266],[-9891719.356728368,8577018.137552565],[-9943425.732174505,8510632.78920939],[-9995319.979019871,8444621.905032128],[-10047407.952827102,8378976.206338544],[-10099696.076838376,8313686.575066946],[-10152191.333122287,8248744.047981525],[-10204901.25523931,8184139.811148915],[-10257833.922370149,8119865.194653557],[-10310997.954854166,8055911.667520519],[-10364402.511087641,7992270.832815467],[-10418057.28573374,7928934.4228917835],[-10471972.509197714,7865894.294755205],[-10526158.948321953,7803142.425516111],[-10580627.90825628,7740670.90789911],[-10635391.23545878,7678471.94577876],[-10690461.321782114,7616537.849708921],[-10745851.109598985,7554861.032411677],[-10801574.097918512,7493434.004189617],[-10857644.349442704,7432249.368222741],[-10914076.49850851,7371299.815708175],[-10970885.759856533,7310578.120797316],[-11028087.938161932,7250077.135280798],[-11085699.438256124,7189789.782966892],[-11143737.27596013,7129709.053693358],[-11165168.107446387,7107688.82735544]],[[-13503407.252942408,3057735.939458161],[-13481325.005144559,3006764.4517096113],[-13447217.673253756,2926099.783818673],[-13414084.746771697,2845322.670883823],[-13381917.050863372,2764423.83944081],[-13350705.21214515,2683393.636540524],[-13320439.695134318,2602222.079420855],[-13291110.83749634,2520898.9037284777],[-13262708.883920519,2439413.610308116],[-13235224.018491538,2357755.5105863246],[-13208646.395456988,2275913.7705844697],[-13182966.168319738,2193877.4536016104],[-13158173.517208964,2111635.561612225],[-13134258.67450537,2029177.0754264712],[-13111211.948714346,1946490.9936617159],[-13089023.746596616,1863566.370573824],[-13067684.593578594,1780392.3527949748],[-13047185.152475256,1696958.2150218342],[-13027516.240566803,1613253.3946938743],[-13008668.845076637,1529267.5256964238],[-12990634.137103176,1444990.47111709],[-12973403.484061226,1360412.355077244],[-12956968.460690623,1275523.5936527266],[-12941320.858690718,1190314.924889794],[-12926452.695039345,1104777.4379136995],[-12912356.21905372,1018902.6011183438],[-12899023.918249419,932682.2894162248],[-12886448.523051111,846108.810518658],[-12874623.01040619,759174.9302069525],[-12863540.606349362,671873.8965461038],[-12853194.787562737,584199.4629837914],[-12843579.28197241,496145.9102690029],[-12834688.068418607,407708.06711685663],[-12826515.375432476,318881.32953894674],[-12819055.679148514,229661.6787523933],[-12812303.700377375,140045.69757531388],[-12806254.400859637,50030.58521233658],[-12800902.978716893,-40385.82966918993],[-12796244.863112217,-131205.07767327488],[-12792275.708127938,-222428.03932066253],[-12788991.385864476,-314054.9377050928],[-12786387.978759807,-406085.3332568581],[-12784461.771125276,-498518.1207052363],[-12783209.239889259,-591351.5283246532],[-12782627.044536464,-684583.1195411221],[-12782712.01622683,-778209.7969651439],[-12783461.14607423,-872227.8089054839],[-12784871.572561609,-966632.758404438],[-12786940.568065723,-1061419.6148202403],[-12789665.52446123,-1156582.727965567],[-12793043.93777063,-1252115.844793325],[-12797073.391823476,-1348012.1286022153],[-12801751.54088519,-1444264.1807148452],[-12807076.091213059,-1540864.0645612676],[-12813044.781494215,-1637803.3320805416],[-12819655.362117859,-1735073.0523329275],[-12826905.573231587,-1832663.8421957376],[-12834793.121529438,-1930565.898997324],[-12843315.655717093,-2028769.0349262892],[-12852470.740597771,-2127262.713037254],[-12858627.239170419,-2190110.359664376]],[[-13359546.013864754,-3057742.8788518463],[-13337324.480671238,-3078842.3597550844],[-13277026.283228043,-3137410.0798241524],[-13218003.085503062,-3196705.1813037754],[-13160247.60841825,-3256747.784559193],[-13103752.014638072,-3317559.199835927],[-13048507.988019763,-3379161.8459803606],[-12994506.811651416,-3441579.164618963],[-12941739.444164088,-3504835.529488524],[-12890196.594066732,-3568956.150547564],[-12839868.79191138,-3633966.9724437906],[-12790746.46015007,-3699894.56686526],[-12746536.786339296,-3773209.5471621985],[-12712668.949290259,-3863446.3736785566],[-12679423.948886855,-3953796.707259528],[-12646802.705870986,-4044243.9244137513],[-12614806.323352413,-4134771.6644003796],[-12583436.066751331,-4225363.836966338],[-12552693.346909696,-4316004.6319678575],[-12522579.706104875,-4406678.530686404],[-12493096.806720592,-4497370.318654633],[-12464246.422349991,-4588065.099812439],[-12436030.431122981,-4678748.311817493],[-12408450.811066557,-4769405.74233843],[-12381509.637321563,-4860023.546162826],[-12355209.081052994,-4950588.2629559785],[-12329551.409903543,-5041086.8355109915],[-12304538.989851745,-5131506.628335158],[-12280174.288346773,-5221835.446422983],[-12256459.878601901,-5312061.554071799],[-12233398.44493777,-5402173.6936023],[-12210992.78907514,-5492161.103853127],[-12189245.837284625,-5582013.538326107],[-12168160.648308028,-5671721.282866738],[-12147740.421972606,-5761275.172772879],[-12127988.50842554,-5850666.609233502],[-12108908.417921307,-5939887.575008548],[-12090503.831099674,-6028930.649270211],[-12072778.609696237,-6117789.021535705],[-12055736.807631353,-6206456.504630848],[-12039382.682426546,-6294927.546633591],[-12023720.70690016,-6383197.2417555675],[-12008755.581096252,-6471261.340128997],[-11994492.24440232,-6559116.256474633],[-11980935.887812488,-6646759.077634617],[-11968091.966293221,-6734187.568961574],[-11955966.211208537,-6821400.179561851],[-11944564.642760832,-6908396.046397087],[-11933893.582402026,-6995174.997253107],[-11923959.665167717,-7081737.552589638],[-11914769.851883987,-7168084.926287295],[-11906331.441193145,-7254219.025310804],[-11898652.08134024,-7340142.448308336],[-11891739.781656858,-7425858.48316698],[-11885602.923672892,-7511371.103543399],[-11880250.271779703,-7596684.964386302],[-11875690.983360307,-7681805.396464239],[-11871934.618293079,-7766738.3999074325],[-11868991.147725392,-7851490.636766966],[-11866870.9620025,-7936069.422587382],[-11865584.877624318,-8020482.716981099],[-11865144.143089248,-8104739.113183599],[-11865560.443469247,-8188847.826558007],[-11866845.90354397,-8272818.682006466],[-11869013.08930432,-8356662.100232731],[-11872075.00761677,-8440389.082787322],[-11876045.103819462,-8524011.195811419],[-11880937.256999722,-8607540.552380608],[-11886765.772679597,-8690989.793332707],[-11893545.372612434,-8774372.0664471],[-11901291.181368455,-8857701.003824811],[-11910018.709362008,-8940990.69730046],[-11919743.831947064,-9024255.671698447],[-11930482.764181735,-9107510.85572712],[-11939683.859156365,-9173214.304899188]],[[8408911.93724128,-9173214.133964002],[8412476.772544088,-9155669.544101315],[8429813.94237776,-9072576.480592791]]]},"properties":{"type":"parallel","value":-30}},
{"type":"Feature","geometry":{"type":"MultiLineString","coordinates":[[[6823324.2644041525,-8841033.843805447],[6853078.291673051,-8747271.74503355],[6883319.708499548,-8653563.244365465],[6914036.190708008,-8559895.505908022],[6945216.304301391,-8466256.625709843],[6976849.44249298,-8372635.594949225],[7008925.76722953,-8279022.265514156],[7041436.154857416,-8185407.317749819],[7074372.1456122305,-8091782.230166137],[7107725.896638876,-7998139.250913799],[7141490.1382741,-7904471.370852415],[7175658.133346156,-7810772.298048745],[7210223.639267742,-7717036.433556152],[7245180.872717756,-7623258.848339295],[7280524.476725786,-7529435.261219835],[7316249.489989964,-7435562.017730195],[7352351.318274425,-7341636.069773357],[7388825.707747067,-7247654.955996404],[7425668.720131753,-7153616.782795625],[7462876.709561508,-7059520.205879818],[7500446.301030919,-6965364.412327331],[7538374.370356744,-6871149.103080904],[7576658.025566027,-6776874.47583194],[7615294.589640325,-6682541.208254037],[7654281.584553737,-6588150.441552436],[7693616.716550989,-6493703.764303335],[7733297.862619603,-6399203.196563716],[7773323.058118126,-6304651.174238607],[7813690.485529502,-6210050.533699],[7854398.464315847,-6115404.496649517],[7895445.44185769,-6020716.655250527],[7936829.985467395,-5925990.957504832],[7978550.775472904,-5831231.69292431],[8020606.5993747255,-5736443.4784967145],[8062996.347084922,-5641631.244977851],[8105719.007264045,-5546800.223538692],[8148773.66477769,-5451955.932801712],[8192159.499301657,-5357104.166304979],[8235875.785111154,-5262250.980436706],[8279921.892096638,-5167402.682887421],[8324297.288056451,-5072565.821670965],[8369001.542324104,-4977747.174769893],[8414034.330796529,-4882953.740465247],[8459395.442438409,-4788192.728415368],[8505084.787347602,-4693471.551553029],[8551102.40647702,-4598797.818875831],[8597448.483119916,-4504179.329210054],[8644123.356278347,-4409624.066034798],[8691127.536048511,-4315140.193460138],[8738461.72117259,-4220736.053460909],[8786126.818924123,-4126420.1644767206],[8834123.967513898,-4032201.221499014],[8882454.561225582,-3938088.097777726],[8931120.278515741,-3844089.8482934595],[8980123.113341626,-3750215.715156682],[9029465.410012996,-3656475.135113364],[9079149.901901782,-3562877.7493571043],[9098090.512922231,-3527406.167112044]],[[9369251.791814035,-3057735.4211188713],[9356245.251016928,-3001794.576091398],[9336238.401591256,-2911285.861111443],[9317386.207986051,-2820306.7718226193],[9299663.692797525,-2728822.827577335],[9283047.295587685,-2636800.9065946396],[9267514.861608634,-2544209.316339672],[9253045.627586348,-2451017.865519764],[9239620.205274899,-2357197.9377628868],[9235960.521534823,-2247558.4952464527],[9233882.500625037,-2136216.5902893445],[9232126.884004634,-2025362.4777315927],[9230696.42094981,-1915000.788083412],[9229593.706633242,-1805135.9679011465],[9228821.213578653,-1695772.2056957756],[9228381.320475552,-1586913.3623102377],[9228276.338584505,-1478562.9059385257],[9228508.535942595,-1370723.8519185348],[9229080.159560207,-1263398.7073889216],[9229993.455782732,-1156589.4208586074],[9231250.688974742,-1050297.336696924],[9232854.158669144,-944523.1545127097],[9234806.215310004,-839266.8933534662],[9237109.274704631,-734527.8606206877],[9239765.831288608,-630304.6255652263],[9242778.47029596,-526594.997197994],[9246149.878916131,-423396.0064255395],[9249882.856509354,-320703.8921983855],[9253980.323942486,-218514.09144183053],[9258445.332098411,-116821.23252432617],[9263281.06960329,-15619.132007861408],[9268490.869807677,85099.20558282056],[9274078.217049342,185341.5852390424],[9280046.75221766,285116.61646310386],[9286400.277631588,384433.7060450789],[9293142.761235438,483303.0488827127],[9300278.340108786,581735.6170986012],[9307811.323278978,679743.1476996669],[9315746.193816554,777338.1290130106],[9324087.610185772,874533.7861198001],[9332840.406813703,971344.0654950682],[9342009.593832592,1067783.6190466604],[9351600.355940932,1163867.7877309967],[9361618.05031887,1259612.5849073469],[9372068.203523336,1355034.6795759245],[9382956.507277554,1450151.3796286075],[9394288.813057862,1544980.6152245079],[9406071.125368819,1639540.9223862798],[9418309.593584314,1733851.4268969214],[9431010.502218777,1827931.828561017],[9444180.259477597,1921802.385879193],[9457825.383920444,2015483.901169714],[9471952.489054026,2108997.706157051],[9486568.265653424,2202365.6480338443],[9501679.461591959,2295610.075990032],[9517292.858939469,2388753.828190963],[9533415.248067776,2481820.2191754426],[9550053.39847955,2574833.027634651],[9567214.026053121,2667816.4845240256],[9584903.756371224,2760795.2614524257],[9603129.083775418,2853794.4592867424],[9621896.325761234,2946839.5969050624],[9641211.572301121,3039956.600028683],[9652538.52272929,3133073.96702254],[9662079.018462896,3226025.1605150844],[9671812.79657574,3318835.2767408015],[9681739.243740024,3411534.101044521],[9691857.790920997,3504150.6540235155],[9702167.919668688,3596713.2081879913],[9712669.167372646,3689249.3028909517],[9723361.131589964,3781785.757489311],[9734243.473544482,3874348.6827093204],[9745315.920883486,3966963.49019954],[9756578.269767847,4059654.900264142],[9768030.386362059,4152446.947778531],[9779672.207781978,4245362.986298234],[9791503.742550254,4338425.690380742],[9803525.070602221,4431657.056148856],[9815736.342878498,4525078.400133277],[9828137.780534478,4618710.356441321],[9840729.673791401,4712572.872308564],[9853512.380448466,4806685.202100284],[9866486.324070698,4901065.899840408],[9879651.991862837,4995732.810356791],[9893009.93223518,5090703.059143768],[9906560.752063243,5185993.041055194],[9920305.113639338,5281618.407954364],[9934243.731310228,5377594.055460828],[9948377.367791299,5473934.108948139],[9962706.830144072,5570651.9089611275],[9977232.965400044,5667759.996236166],[9991956.655810019,5765270.096522683],[10006878.813694341,5863193.105419395],[10022000.37586515,5961539.073453292],[10037322.297587711,6060317.191644165],[10052845.546043232,6159535.777810973],[10068571.093250873,6259202.263889635],[10084499.90840135,6359323.18454363],[10100632.94954908,6459904.167359357],[10116971.154603627,6560949.924927114],[10133515.431554662,6662464.249115629],[10150266.647857253,6764450.007852879],[10165271.020443607,6855140.043917767]],[[14550145.105960734,6855147.736029533],[14560856.824868541,6858563.684497269],[14654222.581491522,6887787.511588798],[14747287.601504557,6915925.692588576],[14840068.732650558,6942980.174988207],[14932584.382634895,6968952.897934316],[15024854.441441033,6993845.763868002],[15116900.203022573,7017660.609849546],[15208744.286776688,7040399.179039976],[15300410.55911139,7062063.092772707],[15391924.055329232,7082653.823612196],[15483310.901962817,7102172.66976333],[15574598.239613593,7120620.731164824],[15665814.146266138,7137998.8875730755],[15756987.56097473,7154307.778919203],[15848148.207748733,7169547.788201727],[15939326.519397678,7183719.027160381],[16030553.56103635,7196821.324962124],[16121860.952895211,7208854.220119178],[16213280.792031178,7219816.955849284],[16304845.572489979,7229708.479080801],[16396588.103432663,7238527.443298712],[16488541.424707089,7246272.215421418],[16580738.719320087,7252940.886891767],[16673213.2222484,7258531.28915823],[16765998.125017501,7263041.013712542],[16859126.47547747,7266467.436837497],[16952631.072215997,7268807.749201824],[16987642.782525897,7269402.44306411]],[[-7494498.792852289,9173213.770715458],[-7532419.668833415,9121918.486652756],[-7592898.4723471925,9040338.844759202],[-7653320.003054859,8959105.940509904],[-7713679.244616245,8878212.645936057],[-7773971.960312085,8797651.797085328],[-7834194.667663365,8717416.18655613],[-7894344.614649843,8637498.55744499],[-7954419.757424333,8557891.598583257],[-8014418.739437303,8478587.94095146],[-8074340.871902591,8399580.155170785],[-8134186.115548654,8320860.749981302],[-8193955.063611971,8242422.171626135],[-8253648.926039772,8164256.804069662],[-8313269.514878495,8086356.969986079],[-8372819.230832535,8008714.932462609],[-8432301.05098499,7931322.897369023],[-8491718.517678602,7854173.016352238],[-8551075.728560762,7777257.390421603],[-8610377.32780172,7700568.074097022],[-8669628.498499937,7624097.080098336],[-8728834.956293078,7547836.384560687],[-8788002.944197338,7471777.932766492],[-8847139.228702035,7395913.645390722],[-8906251.09715046,7320235.425261933],[-8965346.356442088,7244735.164647456],[-9024433.33309545,7169404.7530769035],[-9083520.8747153,7094236.085724096],[-9142618.352912245,7019221.072373401],[-9201735.667727767,6944351.647002541],[-9260883.253622737,6869619.7780201025],[-9320072.08709288,6795017.479202271],[-9379313.695980614,6720536.821379909],[-9438620.170558937,6646169.944933795],[-9498004.176469956,6571909.073162943],[-9557478.969608013,6497746.526598225],[-9617058.413045362,6423674.738341246],[-9676756.99610709,6349686.270516469],[-9736589.855711322,6275773.83193315],[-9796572.80010089,6201930.297062566],[-9856722.335103687,6128148.726445509],[-9917055.69307066,6054422.388655076],[-9977590.864653192,5980744.783950309],[-10038346.633595344,5907109.669767534],[-10099342.614730997,5833511.088207992],[-10160599.295391774,5759943.395692963],[-10222138.08044827,5686401.294970674],[-10283981.341224981,5612879.869673196],[-10294762.841753015,5600103.175580237]],[[-11762597.168512551,3057735.5044911345],[-11742036.048931817,2982976.7451587454],[-11717959.14829504,2892479.9805275844],[-11694756.89450999,2801955.1559309103],[-11672413.720783977,2711375.0627154135],[-11650914.3148451,2620712.8829476587],[-11630243.663620854,2529942.2224941156],[-11610387.092003342,2439037.14252286],[-11591330.29627201,2347972.1897068196],[-11573059.372705659,2256722.425382823],[-11555560.841876583,2165263.453893946],[-11538821.6690817,2073571.450314767],[-11522829.281328635,1981623.1877306548],[-11507571.581259493,1889396.06421302],[-11493036.958361259,1796868.1296029154],[-11479214.297779907,1704018.1121854398],[-11466092.987025224,1610825.445307247],[-11453662.920825105,1517270.293959154],[-11441914.504361685,1423333.5813154173],[-11430838.655096998,1328997.0151909213],[-11420426.803372974,1234243.1143472875],[-11410670.891949145,1139055.2345489226],[-11401563.374621725,1043417.5942405853],[-11393097.21404913,947315.2996891423],[-11385265.87889194,850734.369404258],[-11378063.340359248,753661.7576258982],[-11371484.068238348,656085.3766412359],[-11365523.02647069,557994.1176700076],[-11360175.668323647,459377.87003604113],[-11355437.931195261,360227.53832405317],[-11351306.231076842,260535.05720512636],[-11347777.456686977,160293.403602237],[-11344848.96327905,59496.6058590588],[-11342518.566113591,-41860.25042832961],[-11340784.533575702,-143781.02025606734],[-11339645.579907086,-246268.50106606144],[-11339100.857511263,-349324.4389289637],[-11339149.948779393,-452949.5393588381],[-11339792.857372789,-557143.4830375237],[-11341029.998886473,-661904.9466959942],[-11342862.190805767,-767231.6293630952],[-11345290.641655324,-873120.284148905],[-11348316.939226305,-979566.7556807459],[-11351943.037753448,-1086566.0232553163],[-11356171.24389853,-1194112.2497105617],[-11361004.201380966,-1302198.835956843],[-11362668.770973302,-1404252.8710597556],[-11362929.45542649,-1503261.7869139353],[-11363280.411877468,-1601829.2286079263],[-11363720.215313891,-1699974.672153129],[-11364247.16315015,-1797718.5330215388],[-11364859.259534076,-1895082.140876371],[-11365554.197476555,-1992087.7164721985],[-11366329.338669078,-2088758.3509649984],[-11367181.690836618,-2185117.987849023],[-11368107.882454174,-2281191.407716686],[-11369104.13463513,-2377004.216019793],[-11370166.229977572,-2472582.8339953953],[-11371289.478131322,-2567954.492907576],[-11372468.677823003,-2663147.231747175],[-11373698.075048992,-2758189.898525279],[-11374971.317116546,-2853112.15529283],[-11376281.4021813,-2947944.4870180925],[-11377620.623894656,-3042718.2144558313],[-11352427.26791341,-3137486.8355664588],[-11322546.35462466,-3232313.4186443905],[-11293005.515571082,-3327217.574699952],[-11263803.806931674,-3422217.858579715],[-11234939.830386294,-3517332.5737867625],[-11206411.773149831,-3612579.7612930574],[-11178217.444977721,-3707977.1872069295],[-11150354.312351426,-3803542.3293971927],[-11122819.530035518,-3899292.3631680915],[-11095609.970182784,-3995244.146074558],[-11068722.249150125,-4091414.20196456],[-11042152.752175562,-4187818.7043346106],[-11015897.656055426,-4284473.4590855315],[-10989952.94995055,-4381393.886768208],[-10964314.45444072,-4478595.00441331],[-10938977.838938063,-4576091.40704428],[-10913938.637561832,-4673897.248979775],[-10889192.263569634,-4772026.225039309],[-10864734.022433173,-4870491.5517746145],[-10840559.123639874,-4969305.94885866],[-10816662.69129581,-5068481.620774232],[-10793039.773599466,-5168030.238954493],[-10769685.351250319,-5267962.924538618],[-10746594.344851254,-5368290.231916494],[-10723761.621358767,-5469022.133246838],[-10701181.999630284,-5570168.004143685],[-10678850.255113536,-5671736.610735628],[-10656761.123718604,-5773736.0983110955],[-10634909.304909233,-5876173.981770831],[-10613289.4640461,-5979057.138115035],[-10591896.23401101,-6082391.801197594],[-10570801.617459763,-6186038.546123141],[-10550321.83594959,-6289377.338327216],[-10530485.50612857,-6392341.257406074],[-10511293.40268603,-6494924.361736887],[-10492746.618867183,-6597121.694311823],[-10474846.596242594,-6698929.31882682],[-10457595.154268997,-6800344.352710428],[-10440994.519749582,-6901364.997109859],[-10425047.3563014,-7001990.563889454],[-10409756.793936823,-7102221.499731898],[-10395126.4588647,-7202059.407465235],[-10381160.503615508,-7301507.064767821],[-10367863.637592494,-7400568.440429731],[-10355241.158148455,-7499248.708371165],[-10343298.982284555,-7597554.259637387],[-10332043.679063657,-7695492.712604604],[-10321482.502825992,-7793072.921642268],[-10311623.427289037,-7890304.984484989],[-10302475.180606607,-7987200.24857053],[-10294047.28145355,-8083771.316600789],[-10286350.076192064,-8180032.0515787555],[-10279394.777163425,-8275997.581567554],[-10273193.502133656,-8371684.304406824],[-10267759.314903997,-8467109.892607596],[-10263106.2670752,-8562293.298629073],[-10259249.440929057,-8657254.760719238],[-10256204.993359927,-8752015.809475943],[-10253990.20075222,-8846599.275255922],[-10252623.504656833,-8941029.296525182],[-10252124.558067821,-9035331.329205913],[-10252514.272040406,-9129532.157030828],[-10253003.065978581,-9173213.82899405]],[[6722231.14143848,-9173213.768198563],[6737124.57642368,-9122784.91575509],[6765332.538450816,-9028775.078522405],[6794070.908885902,-8934863.347963296],[6823324.26440415,-8841033.843805447]]]},"properties":{"type":"parallel","value":-15}},
{"type":"Feature","geometry":{"type":"MultiLineString","coordinates":[[[5313606.330326956,-8499870.86702772],[5354473.9096802985,-8395192.414484099],[5395344.503928566,-8290788.966708451],[5436217.123912169,-8186661.252789494],[5477091.20918722,-8082809.924883878],[5517966.593791871,-7979235.527585739],[5558843.474563018,-7875938.469574682],[5599722.381757671,-7772918.997450091],[5640604.151757006,-7670177.17166625],[5681489.901652049,-7567712.844487645],[5722381.005528458,-7465525.639887147],[5763279.072283902,-7363614.935312389],[5804185.9248261275,-7261979.845246772],[5845103.580512211,-7160619.20649268],[5886034.2327006785,-7059531.565104551],[5926980.233298129,-6958715.164899298],[5967944.076190377,-6858167.937471413],[6008928.3814560175,-6757887.493639229],[6049935.880266733,-6657871.116248671],[6090969.400384599,-6558115.754259797],[6132031.852171717,-6458618.018041219],[6173126.21503169,-6359374.175796997],[6214255.524206445,-6260380.151050238],[6255422.857854789,-6161631.521107649],[6296631.324341862,-6063123.516429273],[6337884.049670674,-5964851.020827733],[6379184.164988482,-5866808.572421883],[6420534.794102025,-5768990.365270131],[6461939.040936288,-5671390.251609286],[6503399.976871774,-5574001.744625673],[6544920.627895113,-5476818.02168577],[6586503.961497341,-5379831.927954814],[6628152.873253122,-5283035.9803322945],[6669870.17301293,-5186422.371634124],[6711658.570638102,-5089982.974952166],[6753520.66120662,-4993709.348121829],[6795458.909614493,-4897592.73822939],[6837475.6344942255,-4801624.086090331],[6879572.991368063,-4705794.0306299245],[6921752.954949043,-4610092.913096813],[6964017.300497697,-4514510.781039244],[7006367.584136156,-4419037.391972081],[7048805.122014785,-4323662.216660753],[7091330.968218389,-4228374.441945514],[7133945.891290572,-4133162.973025909],[7176650.3492444465,-4038016.43512103],[7219444.462916885,-3942923.174415911],[7262327.987510254,-3847871.2581979134],[7305300.282151294,-3752848.4740795232],[7348360.277279939,-3657842.3281948743],[7391506.4396619,-3562840.0422467617],[7434736.73479772,-3467828.5492686583],[7478048.586475729,-3372794.4879517206],[7521438.833188922,-3277724.1953701735],[7564903.681103218,-3182603.6979191527],[7608438.6532277735,-3087418.700256596],[7624702.56437929,-3039797.498822411],[7631716.582567945,-2992154.157374396],[7645283.117656376,-2896782.131820769],[7658250.866397365,-2801263.8574638367],[7670638.71203507,-2705561.3719627117],[7682464.453978525,-2609637.838433705],[7693744.841477698,-2513457.544725514],[7704495.606559041,-2416985.906449593],[7714731.495963083,-2320189.4738440854],[7724466.301875725,-2223035.9424986355],[7733712.8912858805,-2125494.1679169824],[7742483.233836233,-2027534.1838438993],[7750788.428061981,-1929127.224232013],[7758638.725935305,-1830245.7486717547],[7766043.555651799,-1730863.4710537072],[7773011.542609918,-1630955.3911767877],[7779550.528545808,-1530497.8289576827],[7785667.588794664,-1429468.460837141],[7791369.047656096,-1327846.3579167807],[7794354.7689454025,-1221632.3058505305],[7794284.952326352,-1110336.0372241468],[7794415.709370732,-999628.4727828993],[7794743.586565545,-889510.4923618372],[7795265.482192825,-779982.1747883917],[7795978.635788296,-671042.7504018147],[7796880.6184913125,-562690.5602058673],[7797969.324262029,-454923.0213847135],[7799242.961941888,-347736.59886946366],[7800700.048133949,-241126.78260642226],[7802339.4008801365,-135088.07014812986],[7804160.134113341,-29613.954164746214],[7806161.652863017,75303.08554444829],[7808343.649193962,179671.58597104935],[7810706.098858666,283501.101187124],[7813249.25864464,386802.1994433618],[7815973.66439878,489586.4575114096],[7818880.129711606,591866.4526983643],[7821969.745244663,693655.7529501693],[7825243.878684871,794968.9054464683],[7828704.175309676,895821.4240725822],[7832352.559146743,996229.7761354309],[7836191.2347118575,1096211.368669679],[7840222.68930758,1195784.5346587617],[7844449.6958645545,1294968.5194729161],[7848875.316305565,1393783.467803429],[7853502.905410665,1492250.4113491895],[7858336.115158971,1590391.257488668],[7863378.899519472,1688228.7791476194],[7868635.519659418,1785786.6060504818],[7874110.549533785,1883089.2175216589],[7879808.881813583,1980161.936981524],[7885735.734103889,2077030.9282613308],[7891896.655394127,2173723.193841041],[7898297.532673637,2270266.5750942756],[7904944.597634043,2366689.754605187],[7911844.433366873,2463022.2606028523],[7919003.980949446,2559294.473539406],[7926430.545794306,2655537.634818483],[7934131.803616977,2751783.857660527],[7942115.805853084,2848066.1400702833],[7950390.984328898,2944418.3798496816],[7958966.15495825,3040875.3915752308],[7977144.004968039,3137364.6056542383],[7997250.663683139,3233714.3683317997],[8017282.534594483,3329950.112751505],[8037237.22282907,3426101.333803161],[8057112.902435165,3522196.7810073737],[8076908.262015545,3618264.4750628653],[8096622.454975743,3714331.722242483],[8116255.05399139,3810425.1267096126],[8135806.009328988,3906570.600825901],[8155275.61068274,4002793.3735213736],[8174664.4522160655,4099117.996799132],[8193973.400520575,4195568.350449244],[8213203.565227524,4292167.645049417],[8232356.272027158,4388938.42333452],[8251433.037870108,4485902.560022015],[8270435.548142163,4583081.260186817],[8289365.635619348,4680495.056285848],[8308225.26102445,4778163.803940926],[8327016.495019053,4876106.676597261],[8345741.501476824,4974342.15918453],[8364402.521894185,5072888.040918056],[8383001.860803999,5171761.407388475],[8401541.872066183,5270978.632099983],[8420024.945916543,5370555.367629306],[8438453.496661648,5470506.536589915],[8456829.95091306,5570846.322598402],[8475156.736259026,5671588.161452632],[8493436.270275716,5772744.732743376],[8511670.94978325,5874327.952133172],[8529863.140254183,5976348.964547349],[8548015.165283872,6078818.138532551],[8566129.296033176,6181745.062047294],[8584207.740554167,6285138.5399569925],[8602252.632909238,6389006.5935122175],[8620266.02199282,6493356.462092935],[8638249.85996321,6598194.607503976],[8656205.990189375,6703526.72110635],[8674136.134614414,6809357.734066361],[8692041.880433356,6915691.830998369],[8709924.665977972,7022532.467268661],[8727785.765695918,7129882.390215534],[8745626.274104662,7237743.664525957],[8763447.08859342,7346117.701990686],[8781248.89093782,7455005.295838286],[8799032.127382558,7564406.65982414],[8816796.987136647,7674321.472223235],[8834543.37911432,7784748.924845602],[8852270.90674135,7895687.777161528],[8869978.840632463,8007136.415589792],[8887666.08892956,8119092.917967215],[8905331.165073255,8231555.123182259],[8922972.152761117,8344520.705919647],[8940586.667825624,8457987.256427867],[8958171.81674189,8571952.365187744],[8975724.151451137,8686413.712328395],[8993239.620159073,8801369.161607705],[9003298.986967042,8867734.293949801]],[[15712116.932264723,8867741.593093362],[15752008.466186995,8874895.802306322],[15845926.801317636,8891089.52008576],[15939819.746185174,8906359.112831715],[16033744.157037802,8920704.976115204],[16034221.801309988,8920775.54342164]],[[-5587657.146698233,9173213.580808403],[-5658470.585225145,9085420.3836403],[-5729411.386044669,8997295.788592355],[-5800111.552363541,8909299.799517587],[-5870571.688399609,8821434.966440257],[-5940792.097854563,8733703.37825727],[-6010772.838746823,8646106.68148268],[-6080513.77424683,8558646.097298179],[-6150014.61979232,8471322.437140724],[-6219274.986731845,8384136.117034567],[-6288294.422720039,8297087.170853759],[-6357072.449067072,8210175.262681947],[-6425608.595227404,8123399.698418934],[-6493902.43059824,8036759.436767736],[-6561953.5937857805,7950253.099721735],[-6629761.819487371,7863878.982658474],[-6697326.963129004,7777635.06413523],[-6764649.023390823,7691519.015470733],[-6831728.162747361,7605528.210187986],[-6898564.726144478,7519659.733384598],[-6965159.257930997,7433910.391089333],[-7031512.517159627,7348276.71965674],[-7097625.491368988,7262754.995245723],[-7163499.408956132,7177341.243422508],[-7229135.750246904,7092031.248923903],[-7294536.257369588,7006820.5656127175],[-7359702.943035772,6921704.526653898],[-7424638.0983307855,6836678.254937076],[-7489344.299614837,6751736.673769079],[-7553824.414634662,6666874.51785821],[-7618081.607944452,6582086.344610838],[-7682119.345733749,6497366.545760165],[-7745941.400159149,6412709.359346714],[-7809551.853275858,6328108.882070094],[-7872955.100664493,6243559.082032262],[-7936155.854848207,6159053.811893215],[-7999159.14859481,6074586.822461466],[-8061970.338198805,5990151.776743101],[-8124595.106838443,5905742.26447528],[-8187039.468103717,5821351.817172246],[-8249309.769792267,5736973.923714587],[-8311412.69807178,5652602.046515389],[-8373355.28210965,5568229.638300263],[-8435144.899273394,5483850.159541877],[-8496789.2810088,5399457.096593637],[-8558296.519507127,5315043.98057167],[-8619675.075277818,5230604.40703905],[-8680933.7857495,5146132.056551675],[-8742081.875029422,5061620.7161310455],[-8803128.964960247,4977064.301735702],[-8864085.08762336,4892456.8818103755],[-8924960.69944985,4807792.701999705],[-8985766.697114177,4723066.211122456],[-9046514.435401617,4638272.088511898],[-9107215.747259293,4553405.272839251],[-9167882.966261905,4468460.992549482],[-9228528.951748181,4383434.798052913],[-9289167.11691242,4298322.595832036],[-9349811.460168472,4213120.68464112],[-9410476.60014113,4127825.7939969287],[-9429386.771285878,4101228.062384164]],[[-10031845.22659157,3057735.2546081576],[-10022148.921094673,2992154.1573743937],[-10008582.38600624,2896782.1318207686],[-9995614.637265246,2801263.8574638353],[-9983226.791627545,2705561.3719627075],[-9971401.049684092,2609637.838433699],[-9960120.662184916,2513457.544725511],[-9949369.897103574,2416985.906449591],[-9939134.00769953,2320189.4738440826],[-9929399.201786887,2223035.942498634],[-9920152.612376735,2125494.1679169824],[-9911382.269826384,2027534.1838438972],[-9903077.075600632,1929127.2242320103],[-9895226.77772731,1830245.7486717505],[-9887821.948010817,1730863.4710537079],[-9880853.961052695,1630955.3911767849],[-9874314.975116808,1530497.82895768],[-9868197.914867952,1429468.4608371402],[-9862496.45600652,1327846.3579167838],[-9859510.734717213,1221632.3058505284],[-9859580.551336262,1110336.0372241468],[-9859449.794291886,999628.4727828922],[-9859121.917097075,889510.492361833],[-9858600.021469794,779982.1747883917],[-9857886.86787432,671042.7504018147],[-9856984.8851713,562690.5602058659],[-9855896.179400587,454923.021384712],[-9854622.541720727,347736.5988694651],[-9853165.455528669,241126.78260642083],[-9851526.10278248,135088.07014812846],[-9849705.36954928,29613.954164744795],[-9847703.850799603,-75303.08554444829],[-9845521.854468659,-179671.58597104935],[-9843159.404803952,-283501.1011871254],[-9840616.245017977,-386802.1994433618],[-9837891.839263836,-489586.4575114096],[-9834985.373951012,-591866.4526983643],[-9831895.758417957,-693655.7529501693],[-9828621.624977745,-794968.9054464697],[-9825161.328352947,-895821.4240725863],[-9821512.944515876,-996229.776135433],[-9817674.268950762,-1096211.3686696796],[-9813642.814355034,-1195784.534658761],[-9809415.807798065,-1294968.519472919],[-9804990.187357059,-1393783.4678034305],[-9800362.598251952,-1492250.4113491895],[-9795529.388503646,-1590391.2574886687],[-9790486.604143148,-1688228.7791476194],[-9785229.9840032,-1785786.606050484],[-9779754.954128835,-1883089.2175216617],[-9774056.621849034,-1980161.9369815234],[-9768129.769558731,-2077030.9282613315],[-9761968.848268494,-2173723.193841045],[-9755567.970988983,-2270266.575094277],[-9748920.906028574,-2366689.7546051843],[-9742021.070295746,-2463022.2606028514],[-9734861.522713175,-2559294.473539406],[-9727434.957868313,-2655537.6348184855],[-9719733.700045642,-2751783.8576605287],[-9711749.697809538,-2848066.1400702847],[-9703474.519333724,-2944418.3798496844],[-9694899.34870437,-3040875.391575235],[-9676721.498694582,-3137364.6056542355],[-9656614.839979485,-3233714.3683317974],[-9636582.969068138,-3329950.1127515],[-9616628.28083355,-3426101.3338031597],[-9596752.601227455,-3522196.7810073737],[-9576957.241647078,-3618264.475062864],[-9557243.04868688,-3714331.7222424815],[-9537610.449671231,-3810425.1267096084],[-9518059.494333632,-3906570.6008259025],[-9498589.89297988,-4002793.3735213694],[-9479201.051446555,-4099117.9967991305],[-9459892.103142047,-4195568.350449242],[-9440661.938435094,-4292167.645049416],[-9421509.231635462,-4388938.4233345175],[-9402432.465792514,-4485902.560022012],[-9383429.955520459,-4583081.260186814],[-9364499.868043272,-4680495.056285844],[-9345640.242638173,-4778163.803940928],[-9326849.00864357,-4876106.676597258],[-9308124.0021858,-4974342.159184527],[-9289462.981768437,-5072888.040918054],[-9270863.64285862,-5171761.407388474],[-9252323.63159644,-5270978.6320999805],[-9233840.55774608,-5370555.367629302],[-9215412.007000973,-5470506.536589912],[-9197035.552749563,-5570846.322598398],[-9178708.767403597,-5671588.161452631],[-9160429.233386908,-5772744.73274337],[-9142194.553879373,-5874327.952133168],[-9124002.363408443,-5976348.964547345],[-9105850.338378752,-6078818.13853255],[-9087736.207629446,-6181745.062047287],[-9069657.763108455,-6285138.539956984],[-9051612.870753385,-6389006.593512212],[-9033599.481669802,-6493356.462092931],[-9015615.643699413,-6598194.607503973],[-8997659.513473248,-6703526.72110635],[-8979729.369048208,-6809357.734066357],[-8961823.62322927,-6915691.830998365],[-8943940.837684654,-7022532.467268656],[-8926079.737966705,-7129882.390215527],[-8908239.229557961,-7237743.664525952],[-8890418.415069204,-7346117.701990682],[-8872616.612724802,-7455005.295838278],[-8854833.376280071,-7564406.659824135],[-8837068.516525978,-7674321.47222323],[-8826936.547142213,-7737291.039446973]],[[-3008892.611435471,-8455274.659169607],[-2964030.3823730554,-8472392.266206652],[-2859090.7541872575,-8512509.203093316],[-2753719.4351456384,-8552898.001709213],[-2647918.635819385,-8593558.646549594],[-2541690.9710656945,-8634491.344456892],[-2435039.4128178726,-8675696.59234005],[-2327967.2400657157,-8717175.25007295],[-2220477.9862764664,-8758928.61876207],[-2112575.384546653,-8800958.524578461],[-2004263.3108133418,-8843267.408357853],[-1901857.0374756395,-8874895.80230632],[-1807938.7023450008,-8891089.520085761],[-1714045.7574774558,-8906359.112831714],[-1620121.3466248307,-8920704.9761152],[-1619643.7023526395,-8920775.543421641]],[[5150414.384626743,-8920771.354425212],[5191038.804390316,-8815548.519147534],[5231886.541990292,-8710049.68594905],[5272743.220800745,-8604823.55132773],[5313606.330326956,-8499870.86702773]]]},"properties":{"type":"parallel","value":0}},
{"type":"Feature","geometry":{"type":"MultiLineString","coordinates":[[[-1073126.7843425432,-7252940.886891769],[-980652.2814142321,-7258531.289158231],[-887867.3786451288,-7263041.013712545],[-794739.028185162,-7266467.436837497],[-701234.4314466378,-7268807.74920183],[-666222.7211367261,-7269402.443064117]],[[4196993.397085376,-7269398.14281519],[4222455.978187459,-7210910.058850429],[4262866.618742021,-7117744.057670228],[4303005.6120912675,-7024801.0250172075],[4342881.639407343,-6932081.741184958],[4382503.023214594,-6839586.293303847],[4421877.746545395,-6747314.09358836],[4461013.470072624,-6655263.896906215],[4499917.547377663,-6563433.817696665],[4538597.038493343,-6471821.346256325],[4577058.721843517,-6380423.364402115],[4615309.10468538,-6289236.1605142085],[4653354.432146033,-6198255.443956324],[4691200.694932186,-6107476.358865597],[4728853.635779801,-6016893.497300883],[4766318.754699687,-5926500.91173481],[4803601.313065083,-5836292.126872646],[4840706.33657776,-5746260.150779073],[4877638.617140592,-5656397.4852920165],[4914402.713656062,-5566696.13570201],[4951002.951762463,-5477147.619674046],[4987443.422511765,-5387742.975388266],[5023727.9799859235,-5298472.768875271],[5059860.2378409915,-5209327.100520894],[5095843.564761504,-5120295.610714997],[5131681.078800171,-5031367.48461798],[5167375.640571126,-4942531.456018077],[5202929.845257355,-4853775.810251709],[5238346.013385813,-4765088.386158219],[5273626.180315961,-4676456.577039019],[5308772.0843795575,-4587867.330590239],[5343785.153601446,-4499307.147775813],[5378666.490922321,-4410762.080606787],[5413416.85783559,-4322217.728790008],[5448036.656340819,-4233659.2352071535],[5482525.909106186,-4145071.280182419],[5516884.237721795,-4056438.0744938413],[5551110.838914272,-3967743.3510800586],[5585204.45858097,-3878970.355390069],[5619163.363489355,-3790101.834319626],[5652985.310473443,-3701120.023672852],[5686667.512944468,-3612006.6340826172],[5720206.604517516,-3522742.8353173104],[5753598.599539285,-3433309.2388955625],[5786838.850284528,-3343685.8789235563],[5819922.000569956,-3253852.1910622995],[5852841.935514883,-3163786.9895242024],[5885591.727156587,-3073468.441989961],[5911829.4547308,-2982976.7451587515],[5935906.355367574,-2892479.980527586],[5959108.609152624,-2801955.1559309126],[5981451.7828786345,-2711375.062715412],[6002951.18881752,-2620712.88294766],[6023621.840041762,-2529942.2224941165],[6043478.41165927,-2439037.1425228612],[6062535.207390605,-2347972.189706824],[6080806.130956957,-2256722.4253828246],[6098304.661786031,-2165263.4538939474],[6115043.834580919,-2073571.4503147714],[6131036.2223339835,-1981623.1877306583],[6146293.922403121,-1889396.06421302],[6160828.545301354,-1796868.129602916],[6174651.205882708,-1704018.1121854426],[6187772.516637391,-1610825.4453072527],[6200202.582837513,-1517270.2939591561],[6211950.999300932,-1423333.581315416],[6223026.848565616,-1328997.0151909227],[6233438.700289641,-1234243.1143472902],[6243194.611713471,-1139055.2345489243],[6252302.129040889,-1043417.5942405853],[6260768.289613484,-947315.2996891437],[6268599.624770676,-850734.3694042587],[6275802.163303367,-753661.7576259011],[6282381.435424267,-656085.3766412402],[6288342.477191928,-557994.1176700076],[6293689.83533897,-459377.8700360439],[6298427.572467356,-360227.5383240574],[6302559.272585772,-260535.0572051292],[6306088.046975642,-160293.40360223557],[6309016.540383568,-59496.60585906305],[6311346.937549027,41860.25042832819],[6313080.970086915,143781.0202560659],[6314219.9237555275,246268.50106606144],[6314764.646151354,349324.4389289651],[6314715.554883226,452949.53935883957],[6314072.646289828,557143.4830375223],[6312835.5047761435,661904.9466959928],[6311003.312856848,767231.6293630973],[6308574.862007296,873120.284148907],[6305548.564436308,979566.7556807466],[6301922.465909169,1086566.0232553163],[6297694.2597640855,1194112.2497105624],[6292861.30228165,1302198.8359568452],[6291196.732689318,1404252.871059757],[6290936.048236127,1503261.7869139346],[6290585.091785151,1601829.228607925],[6290145.288348729,1699974.6721531304],[6289618.340512468,1797718.5330215388],[6289006.244128542,1895082.1408763716],[6288311.306186062,1992087.716472197],[6287536.164993539,2088758.3509649977],[6286683.812826004,2185117.987849024],[6285757.621208447,2281191.4077166887],[6284761.369027491,2377004.2160197906],[6283699.273685051,2472582.833995396],[6282576.025531295,2567954.4929075805],[6281396.825839616,2663147.2317471765],[6280167.428613626,2758189.8985252785],[6278894.186546071,2853112.155292829],[6277584.1014813185,2947944.487018092],[6276244.879767964,3042718.21445583],[6301438.235749209,3137486.8355664616],[6331319.149037958,3232313.4186443915],[6360859.988091538,3327217.5746999583],[6390061.696730947,3422217.8585797185],[6418925.673276327,3517332.573786768],[6447453.730512789,3612579.761293063],[6475648.0586849,3707977.1872069314],[6503511.191311196,3803542.329397195],[6531045.973627104,3899292.3631680976],[6558255.533479837,3995244.1460745623],[6585143.254512494,4091414.201964564],[6611712.751487056,4187818.7043346143],[6637967.847607192,4284473.459085536],[6663912.553712071,4381393.886768214],[6689551.049221903,4478595.004413311],[6714887.664724557,4576091.407044285],[6739926.866100788,4673897.248979781],[6764673.240092986,4772026.225039314],[6789131.48122945,4870491.551774617],[6813306.380022752,4969305.948858665],[6837202.81236681,5068481.62077424],[6860825.730063153,5168030.238954498],[6884180.152412301,5267962.9245386245],[6907271.158811365,5368290.231916497],[6930103.882303854,5469022.133246842],[6952683.504032338,5570168.00414369],[6975015.248549083,5671736.610735635],[6997104.379944016,5773736.098311098],[7018956.19875339,5876173.981770834],[7040576.03961652,5979057.138115043],[7061969.269651611,6082391.801197598],[7072694.79084694,6134780.281463532]],[[-1787699.9330565112,9173213.878614502],[-1837252.2713687883,9156572.389484476],[-1936986.1813690052,9122639.004434202],[-2036073.7158750116,9088335.810437622],[-2134509.3419458377,9053665.107405514],[-2232288.220064157,9018628.427063666],[-2329406.220505386,8983226.48912738],[-2425859.937161051,8947459.159186626],[-2521646.698777339,8911325.408199662],[-2616764.5776027655,8874823.273474291],[-2711212.395469707,8837949.820998942],[-2804989.727363519,8800701.10897061],[-2898096.9025590057,8763072.152353235],[-2990535.003427559,8725056.888288928],[-3082305.8620391167,8686648.142175497],[-3173412.054700651,8647837.594216984],[-3263856.8945880514,8608615.746249972],[-3353644.4226400983,8568971.888646802],[-3442779.3968927376,8528894.067098275],[-3531267.280438435,8488369.049082572],[-3619114.228199761,8447382.289834524],[-3706327.0727083846,8405917.897640131],[-3792913.309080642,8363958.598295453],[-3878881.079379216,8321485.698587455],[-3964239.156546988,8278479.048676871],[-4048996.9280947144,8234917.003290891],[-4133164.37971838,8190776.381666351],[-4216752.079015508,8146032.426223355],[-4299771.159462797,8100658.759995753],[-4382233.304809578,8054627.342898979],[-4464150.734034109,8007908.42697983],[-4545536.187001715,7960470.510866906],[-4585559.268017944,7935650.209093815],[-4619353.174779123,7900089.026933508],[-4686664.101014708,7828655.29661268],[-4753624.860174709,7756811.272472973],[-4820256.916640779,7684562.371369306],[-4886580.262454937,7611913.578503593],[-4952613.4961708,7538869.492951374],[-5018373.896085758,7465434.36981523],[-5083877.4883226175,7391612.159251388],[-5149139.110193998,7317406.542595742],[-5214172.469249336,7242820.965796317],[-5278990.198373264,7167858.670341519],[-5343603.907274867,7092522.721857199],[-5408024.230680128,7016816.036530451],[-5472260.873514307,6940741.405504141],[-5536322.653337305,6864301.517373524],[-5600217.540272797,6787498.97890447],[-5663952.694651145,6710336.334082308],[-5727534.502566765,6632816.0815903265],[-5790968.609532344,6554940.690808192],[-5854259.952395274,6476712.616412369],[-5917412.789665752,6398134.311653055],[-5980430.730390762,6319208.240375585],[-6043316.761694132,6239936.887847763],[-6106073.275089363,6160322.770449211],[-6168702.091659266,6080368.444273336],[-6231204.486184533,6000076.512687889],[-6293581.21029184,5919449.632895657],[-6355832.514681416,5838490.52153262],[-6417958.170483543,5757201.959337236],[-6479957.489783795,5675586.794920725],[-6541829.345347271,5593647.947665011],[-6603572.189563164,5511388.409771535],[-6665184.072622363,5428811.247481102],[-6726662.659932479,5345919.601481798],[-6788005.248766607,5262716.686518929],[-6849208.784134516,5179205.790217932],[-6910269.87385727,5095390.271128078],[-6971184.802819048,5011273.555991597],[-7031949.546362628,4926859.136239646],[-7092559.782787947,4842150.563713105],[-7153010.904905963,4757151.445602591],[-7213298.0305930255,4671865.438598329],[-7273416.012283671,4586296.242236451],[-7333359.445332394,4500447.591424034],[-7393122.675167363,4414323.248120467],[-7452699.803150944,4327926.992147775],[-7512084.6910535265,4241262.611097064],[-7571270.964038071,4154333.8892922667],[-7630252.012042911,4067144.5957659176],[-7689020.989439743,3979698.471194537],[-7747570.812831826,3891999.2137332927],[-7805894.15684433,3804050.463680949],[-7863983.447744043,3715855.786896448],[-7921830.854709097,3627418.656877656],[-7979428.27855062,3538742.4354008427],[-8036767.337666923,3449830.3516058964],[-8093839.350986486,3360685.479397091],[-8150635.317628232,3271310.7130120303],[-8207145.892975554,3181708.740591902],[-8263361.360823891,3091882.0155639607],[-8287175.637169141,3046883.672986384],[-8297620.2526456835,3001794.5760914],[-8317627.102071355,2911285.861111443],[-8336479.295676567,2820306.7718226216],[-8354201.810865088,2728822.827577335],[-8370818.208074927,2636800.9065946424],[-8386350.642053979,2544209.316339668],[-8400819.876076266,2451017.8655197653],[-8414245.298387714,2357197.9377628854],[-8417904.982127795,2247558.495246453],[-8419983.003037585,2136216.5902893404],[-8421738.61965798,2025362.4777315885],[-8423169.08271281,1915000.7880834106],[-8424271.797029374,1805135.9679011472],[-8425044.290083963,1695772.2056957742],[-8425484.183187066,1586913.3623102342],[-8425589.165078111,1478562.9059385208],[-8425356.96772002,1370723.8519185341],[-8424785.34410241,1263398.7073889181],[-8423872.047879886,1156589.4208586025],[-8422614.814687878,1050297.3366969198],[-8421011.344993472,944523.1545127041],[-8419059.288352614,839266.8933534677],[-8416756.228957988,734527.8606206863],[-8414099.67237401,630304.6255652235],[-8411087.033366658,526594.9971979954],[-8407715.624746483,423396.0064255381],[-8403982.647153264,320703.8921983855],[-8399885.179720132,218514.09144182628],[-8395420.171564208,116821.23252432476],[-8390584.43405933,15619.132007855742],[-8385374.6338549405,-85099.20558282197],[-8379787.2866132725,-185341.58523904101],[-8373818.751444956,-285116.61646310386],[-8367465.226031029,-384433.70604507753],[-8360722.74242718,-483303.0488827113],[-8353587.16355383,-581735.6170986012],[-8346054.180383642,-679743.1476996683],[-8338119.309846064,-777338.1290130141],[-8329777.893476845,-874533.7861198022],[-8321025.096848917,-971344.0654950689],[-8311855.909830027,-1067783.6190466618],[-8302265.1477216855,-1163867.7877309995],[-8292247.453343747,-1259612.5849073483],[-8281797.300139283,-1355034.679575926],[-8270908.996385066,-1450151.379628609],[-8259576.69060476,-1544980.6152245107],[-8247794.378293803,-1639540.922386284],[-8235555.910078306,-1733851.4268969228],[-8222855.001443847,-1827931.8285610185],[-8209685.244185018,-1921802.3858791958],[-8196040.119742174,-2015483.9011697185],[-8181913.0146085955,-2108997.706157051],[-8167297.238009194,-2202365.6480338415],[-8152186.042070661,-2295610.0759900333],[-8136572.644723153,-2388753.8281909656],[-8120450.255594844,-2481820.2191754454],[-8103812.105183073,-2574833.0276346537],[-8086651.4776094975,-2667816.4845240256],[-8068961.7472913945,-2760795.2614524257],[-8050736.419887206,-2853794.459286747],[-8031969.177901385,-2946839.5969050657],[-8012653.931361498,-3039956.6000286844],[-8001326.980933334,-3133073.967022538],[-7991786.485199723,-3226025.160515083],[-7982052.707086884,-3318835.2767408015],[-7972126.259922595,-3411534.101044521],[-7962007.712741625,-3504150.6540235127],[-7951697.583993936,-3596713.2081879913],[-7941196.336289979,-3689249.302890953],[-7930504.37207266,-3781785.7574893082],[-7919622.030118139,-3874348.682709319],[-7908549.582779136,-3966963.49019954],[-7897287.233894776,-4059654.9002641407],[-7885835.1173005635,-4152446.9477785295],[-7874193.295880643,-4245362.986298233],[-7862361.761112366,-4338425.690380742],[-7850340.433060399,-4431657.056148857],[-7838129.160784125,-4525078.400133277],[-7838096.97761966,-4525322.975656787]],[[-5296155.98664082,-5992916.493030855],[-5209103.011262394,-6028894.989316666],[-5121519.741429782,-6064921.347808045],[-5033624.719692282,-6100907.364009764],[-4945401.6660113195,-6136861.948115711],[-4856834.882710271,-6172793.600608119],[-4767909.264470851,-6208710.40929692],[-4678610.309495363,-6244620.046039426],[-4588924.131726426,-6280529.763205312],[-4498837.474005721,-6316446.389961918],[-4408337.722043228,-6352376.328465112],[-4317412.919057449,-6388325.55005153],[-4226051.780936366,-6424299.591538571],[-4134243.711757684,-6460303.551749331],[-4041978.819495962,-6496342.08839058],[-3949247.9317334294,-6532419.415422704],[-3856042.611180831,-6568539.301071607],[-3762355.1708050384,-6604705.066643274],[-3668178.6883511674,-6640919.586312374],[-3573507.0200392837,-6677185.288066873],[-3478334.8132093954,-6713504.156000504],[-3382657.5176838054,-6749877.734154907],[-3286471.395613019,-6786307.132122318],[-3189773.5295710335,-6822793.032628619],[-3093008.6787940874,-6858563.684497271],[-2999642.9221711047,-6887787.5115888],[-2906577.9021580718,-6915925.692588577],[-2813796.77101207,-6942980.174988208],[-2721281.121027732,-6968952.897934313],[-2629011.062221599,-6993845.763868004],[-2536965.3006400554,-7017660.609849546],[-2445121.216885938,-7040399.179039975],[-2353454.944551239,-7062063.092772708],[-2261941.4483333994,-7082653.8236121945],[-2170554.601699813,-7102172.66976333],[-2079267.264049034,-7120620.731164823],[-1988051.3573964883,-7137998.88757308],[-1896877.9426879007,-7154307.778919201],[-1805717.2959138944,-7169547.78820173],[-1714538.9842649556,-7183719.027160382],[-1623311.9426262814,-7196821.324962121],[-1532004.5507674182,-7208854.220119181],[-1440584.7116314496,-7219816.955849287],[-1349019.931172646,-7229708.479080804],[-1257277.400229968,-7238527.443298714],[-1165324.0789555425,-7246272.215421424],[-1073126.784342546,-7252940.886891772]]]},"properties":{"type":"parallel","value":15}},
{"type":"Feature","geometry":{"type":"MultiLineString","coordinates":[[[-930274.2381027943,-5654817.648248209],[-845002.2497135069,-5656770.969299654],[-759533.7700380718,-5657626.652221497],[-673855.5984492218,-5657381.857552671],[-587954.9191834409,-5656033.653977826],[-501819.3673173581,-5653579.024821274],[-415437.0954188826,-5650014.875103526],[-328796.840711751,-5645338.038996681],[-241887.992559124,-5639545.287489754],[-154700.6600354256,-5632633.336049745],[-67225.73931735296,-5624598.852036682],[20545.01941578476,-5615438.461604239],[108618.94592427966,-5605148.755789288],[197002.38508741252,-5593726.29546643],[285700.63375763386,-5581167.614816266],[310631.9870418973,-5577441.227998874]],[[3220138.6943648076,-5577436.465465668],[3245779.767581911,-5520926.7830604445],[3281002.4729069825,-5442461.183090215],[3315749.347047622,-5364081.998691438],[3350029.361939224,-5285783.135692466],[3383850.9472950553,-5207558.00334015],[3417222.0104821897,-5129399.529957657],[3450149.9548061057,-5051300.177073501],[3482641.696297951,-4973251.952075747],[3514703.6790917544,-4895246.419442607],[3546341.889472954,-4817274.7105970485],[3577561.8686740533,-4739327.532430071],[3608368.724488262,-4661395.174534562],[3638767.1417675465,-4583467.515188771],[3668761.391867526,-4505534.026126013],[3698355.3410981568,-4427583.776124869],[3727552.4582362236,-4349605.433451815],[3756355.8211530424,-4271587.267186515],[3784768.122608926,-4193517.1474579726],[3812791.675264293,-4115382.5446182773],[3840428.415956408,-4037170.5273794727],[3867679.9092903044,-3958867.759937715],[3894547.350592429,-3880460.498108369],[3921031.5682764295,-3801934.5844950695],[3947133.0256716674,-3723275.442715539],[3972851.8223672207,-3644468.0707072797],[3998187.6951267403,-3565497.0331367543],[4023140.018433264,-3486346.452936787],[4047707.8047272675,-3407000.0019983626],[4071889.7044069124,-3327440.8910453175],[4095684.0056655114,-3247651.8587227804],[4119088.6342491596,-3167615.1599341263],[4142101.153225934,-3087312.553464968],[4172540.4985180623,-3006764.451709612],[4206647.830408858,-2926099.783818672],[4239780.756890924,-2845322.670883826],[4271948.452799243,-2764423.839440814],[4303160.291517464,-2683393.636540524],[4333425.808528299,-2602222.0794208613],[4362754.666166278,-2520898.9037284795],[4391156.619742099,-2439413.6103081144],[4418641.485171078,-2357755.510586326],[4445219.108205627,-2275913.7705844697],[4470899.33534288,-2193877.453601612],[4495691.986453653,-2111635.561612225],[4519606.829157244,-2029177.0754264733],[4542653.554948271,-1946490.9936617159],[4564841.757065998,-1863566.3705738254],[4586180.910084024,-1780392.3527949762],[4606680.351187361,-1696958.215021835],[4626349.263095811,-1613253.3946938757],[4645196.65858598,-1529267.5256964266],[4663231.366559444,-1444990.4711170914],[4680462.019601383,-1360412.35507725],[4696897.042971991,-1275523.59365273],[4712544.644971896,-1190314.9248897957],[4727412.808623273,-1104777.4379137016],[4741509.284608899,-1018902.6011183467],[4754841.585413198,-932682.2894162248],[4767416.980611506,-846108.8105186594],[4779242.493256429,-759174.9302069525],[4790324.897313256,-671873.8965461052],[4800670.71609988,-584199.4629837942],[4810286.221690205,-496145.9102690057],[4819177.4352440145,-407708.06711685663],[4827350.1282301415,-318881.32953894674],[4834809.8245140975,-229661.67875239754],[4841561.80328524,-140045.69757531388],[4847611.102802975,-50030.58521233658],[4852962.524945728,40385.82966918709],[4857620.640550403,131205.07767327488],[4861589.795534677,222428.03932066113],[4864874.117798145,314054.9377050928],[4867477.524902813,406085.3332568609],[4869403.7325373385,498518.1207052363],[4870656.263773362,591351.5283246547],[4871238.459126154,684583.1195411235],[4871153.48743579,778209.7969651489],[4870404.357588384,872227.8089054853],[4868993.9311010055,966632.7584044373],[4866924.935596894,1061419.6148202396],[4864199.979201388,1156582.727965565],[4860821.565891988,1252115.8447933244],[4856792.111839141,1348012.1286022153],[4852113.962777427,1444264.180714843],[4846789.412449561,1540864.0645612655],[4840820.722168405,1637803.3320805416],[4834210.141544759,1735073.0523329289],[4826959.930431031,1832663.8421957355],[4819072.382133179,1930565.8989973227],[4810549.847945524,2028769.0349262864],[4801394.763064848,2127262.7130372557],[4788074.4647989385,2219916.162032635],[4767502.430098986,2301419.7928553843],[4745662.96476015,2382182.932237622],[4722542.28357401,2462221.944228469],[4698125.849994363,2541554.271282353],[4672398.406802097,2620198.324813368],[4645344.011409133,2698173.3747019027],[4616946.076224699,2775499.437871539],[4587187.414529813,2852197.1659688232],[4556050.292324451,2928287.732100106],[4523516.486625716,3003792.716509263],[4499249.004321844,3057735.8017808883]],[[1366925.6655128673,8483070.619016271],[1340186.5211589364,8478744.960808046],[1245105.2185143637,8462956.954805564],[1150237.03419114,8446572.80291325],[1055596.8249260413,8429600.019490905],[961199.3110911468,8412045.82958788],[867059.0599644576,8393917.182444677],[773190.46895311,8375220.761308198],[679607.7488002578,8355962.989886344],[586324.9068129979,8336150.035746237],[493355.730154369,8315787.810941217],[400713.7692477147,8294881.97013424],[308412.321346549,8273437.90646936],[216464.41432697527,8251460.745428097],[124882.79076327241,8228955.336893758],[33679.892349676746,8205926.245633627],[-57132.15526687917,8182377.74039653],[-147541.5571772418,8158313.7818115465],[-237536.86335814107,8133738.009261953],[-327106.98221299064,8108653.726897527],[-416241.19344229426,8083063.888937602],[-504929.1601830291,8056971.084406575],[-593160.9403597194,8030377.521433588],[-680926.9971938641,8003285.011238019],[-768218.208823079,7975694.951912823],[-855025.8769865651,7947608.31210847],[-941341.7347390472,7919025.6147113275],[-1027157.9531616165,7889946.920601666],[-1112467.147044082,7860371.812568549],[-1197262.3795201431,7830299.379451209],[-1281537.165643272,7799728.200569522],[-1365285.4748979884,7768656.33049982],[-1448501.732647629,7737081.28424668],[-1531180.820526431,7705000.022856241],[-1613318.0757897552,7672408.939512662],[-1694909.2896422972,7639303.8461559275],[-1775950.704569713,7605679.9606570145],[-1856439.0107041919,7571531.894585042],[-1936371.3412592767,7536853.64160078],[-2015745.2670733817,7501638.566511699],[-2094558.7903052454,7465879.395025777],[-2172810.337327677,7429568.204244431],[-2250498.7508686283,7392696.41393949],[-2327623.281450764,7355254.778664813],[-2404183.578182244,7317233.380760478],[-2480179.6789525356,7278621.624315884],[-2555612.000087673,7239408.230168397],[-2630481.3255194295,7199581.232025539],[-2704788.7955225976,7159127.973812096],[-2778535.8950737827,7118035.108358152],[-2851724.4418840064,7076288.5975605985],[-2924356.574155872,7033873.714168707],[-2996434.7381143845,6990775.0453642225],[-3067961.6753582815,6946976.498327904],[-3138940.4100765474,6902461.308007717],[-3209374.236172204,6857212.047328667],[-3279266.704332759,6811210.640110764],[-3348621.6090838686,6764438.3769895835],[-3417442.9758598055,6716875.934663057],[-3485735.048121256,6668503.398818628],[-3553502.2745478107,6619300.291126148],[-3620749.2963294,6569245.600713577],[-3687480.9345776443,6518317.820574498],[-3753198.153177079,6465633.778980299],[-3816490.2721368996,6409072.817720349],[-3879238.5524178958,6352029.518885294],[-3941462.0833044164,6294509.471658532],[-4003179.0167655176,6236518.0258705225],[-4064406.5902760355,6178060.299994178],[-4125161.149454854,6119141.189306705],[-4185458.170380621,6059765.374106732],[-4245312.281468565,5999937.327890491],[-4304737.284812279,5939661.32540362],[-4363746.176911634,5878941.450496342],[-4422351.16872269,5817781.603719399],[-4480563.704977943,5756185.50960632],[-4538394.482735719,5694156.723594716],[-4595853.469126154,5631698.6385452105],[-4652949.918268316,5568814.490821731],[-4709692.38733878,5505507.365901044],[-4766088.751776392,5441780.203482982],[-4822146.219611387,5377635.8020755965],[-4877871.344909495,5313076.823031808],[-4933270.040323157,5248105.794015867],[-4988347.588742884,5182725.111879297],[-5043108.654041824,5116937.044926912],[-5097557.290906162,5050743.734554069],[-5151696.953742861,4984147.196236592],[-5205530.504654712,4917149.319854681],[-5259060.220470541,4849751.869331941],[-5312287.798815992,4781956.481569914],[-5365214.363207218,4713764.664657821],[-5417840.467146682,4645177.79533608],[-5470166.097196285,4576197.115690986],[-5522190.67499912,4506823.729056328],[-5573913.058216487,4437058.595096093],[-5625331.540341975,4366902.524040441],[-5676443.84934906,4296356.170044887],[-5727247.1451229695,4225420.023640328],[-5777738.015621393,4154094.403238741],[-5827912.471702019,4082379.4456565287],[-5877765.940547756,4010275.095614188],[-5927293.257612949,3937781.094167456],[-5976488.657005708,3864896.966021193],[-6025345.760212753,3791622.0056730458],[-6073857.563063826,3717955.262329251],[-6122016.420822664,3643895.5235299994],[-6169814.031280793,3569441.297416136],[-6217241.415718829,3494590.7935631713],[-6264288.897587587,3419341.9023019234],[-6310946.078747998,3343692.172438146],[-6357201.813094575,3267638.787275803],[-6403044.177371815,3191178.5388403093],[-6448460.438976568,3114307.800189173],[-6490071.448716681,3037028.7071771296],[-6521484.3816816555,2959454.897987895],[-6551617.055225714,2881619.154607858],[-6580485.91412237,2803506.6873942465],[-6608107.304274858,2725102.6613781224],[-6634497.411686655,2646392.271459701],[-6659672.207188368,2567360.8145226245],[-6683647.396665635,2487993.7586383503],[-6706438.376515085,2408276.8095267885],[-6728060.194044758,2328195.974429552],[-6748527.512530764,2247737.6235386007],[-6767854.580642529,2166888.5491060866],[-6786055.205953395,2085636.0223415436],[-6803142.732261483,2003967.848180628],[-6819130.020456208,1921872.41798602],[-6834029.432678616,1839338.7602163353],[-6847852.819537867,1756356.5890732508],[-6860611.510161611,1672916.3511113536],[-6872316.304874018,1589009.269769481],[-6882977.47031179,1504627.3877573179],[-6892604.7368051065,1419763.607207055],[-6901207.297867131,1334411.7274774062],[-6908793.811652122,1248566.480476715],[-6915372.404258286,1162223.5633537027],[-6920950.674767159,1075379.668388948],[-6925535.701926385,988032.5099079672],[-6929134.052397302,900180.8480281122],[-6931751.790502578,811824.5090467542],[-6933394.489422339,722964.4022778213],[-6934067.243799651,633602.5331478487],[-6933774.683727954,543742.0123716188],[-6932520.990103956,453387.061041308],[-6930309.911339586,362543.01148196013],[-6927144.781435957,271216.3037499817],[-6923028.539430642,179414.4776802176],[-6917963.750237107,87146.16042060558],[-6911952.626901682,-5578.950568582556],[-6904997.054309002,-98750.10903220574],[-6897098.61437127,-192355.5458903992],[-6888258.6127400175,-286382.49954955286],[-6879378.787071021,-379218.42935767263],[-6870103.313726977,-471398.6719611231],[-6860269.251371296,-563201.1165136886],[-6849872.195118708,-654631.2015464082],[-6838907.600317613,-745694.89738617],[-6827370.783095675,-836398.6849480766],[-6815256.9215164585,-926749.5335493111],[-6802561.057355853,-1016754.8778522188],[-6789278.098508614,-1106422.5940354338],[-6775402.822036967,-1195760.9752824053],[-6760929.87787428,-1284778.706667156],[-6745853.793197698,-1373484.8395074168],[-6730168.977484131,-1461888.7652455145],[-6713869.728264086,-1550000.1889079679],[-6696950.237587502,-1637829.1021852205],[-6679404.599214893,-1725385.756164041],[-6661226.816545756,-1812680.6337361701],[-6642410.811294189,-1899724.421698666],[-6622950.432918947,-1986527.9825534578],[-6602839.468811806,-2073102.326006224],[-6582071.655243664,-2159458.5801580437],[-6560640.689062714,-2245607.9623769256],[-6538540.240132653,-2331561.749830757],[-6515763.964491442,-2417331.2496582493],[-6492305.51820251,-2502927.7687499467],[-6468158.571860147,-2588362.5831077457],[-6443316.825699253,-2673646.906748143],[-6417774.025246385,-2758791.860111825],[-6391523.977433934,-2843808.4379403815],[-6364560.567082453,-2928707.4765792037],[-6336877.773636882,-3013499.6206648513],[-6322764.756852111,-3055858.8729329878],[-6321814.080379004,-3098200.0193224815],[-6320804.983012749,-3182853.758882258],[-6319335.891911258,-3267486.482374856],[-6317406.715609852,-3352118.326092125],[-6315017.454044139,-3436769.0828414243],[-6312168.167907711,-3521458.198083431],[-6308858.95037154,-3606204.764950689],[-6307344.150258603,-3641542.7103103143]],[[-5296156.492292684,-4225355.924165259],[-5252181.004816334,-4248142.586188667],[-5176526.058725054,-4286938.992431297],[-5100543.787218873,-4325393.553978368],[-5024218.929250944,-4363515.058879908],[-4947536.525685472,-4401312.027735845],[-4870481.920934387,-4438792.691708697],[-4793040.766325676,-4475964.970812239],[-4715199.025162801,-4512836.45234155],[-4636942.979436011,-4549414.369317886],[-4558259.238146909,-4585705.578829524],[-4479134.747206851,-4621716.540157153],[-4399556.800868231,-4657453.292579295],[-4316433.953053779,-4698270.634222697],[-4230665.094326657,-4742689.276075705],[-4144938.7631437224,-4786078.047785381],[-4059264.5159095693,-4828434.570702553],[-3973651.057102353,-4869756.551352907],[-3888106.2041214863,-4910041.785345102],[-3802636.8574052895,-4949288.160484931],[-3717248.975811121,-4987493.658934897],[-3631947.5572094424,-5024656.358298096],[-3546736.6242051558,-5060774.431543085],[-3461619.214865596,-5095846.145720592],[-3376597.3783046906,-5129869.859454937],[-3291672.174947176,-5162844.0192214595],[-3206843.681276008,-5194767.154446586],[-3122110.9988494483,-5225637.871489511],[-3037472.267362515,-5255454.846583294],[-2952924.6815197226,-5284216.817829263],[-2868464.5114825005,-5311922.576351547],[-2784087.1266549216,-5338570.956728817],[-2699787.02257501,-5364160.826827926],[-2615557.8506858,-5388691.077169347],[-2531392.4507697257,-5412160.609957441],[-2447282.8858418805,-5434568.327909595],[-2363220.479311241,-5455913.123017617],[-2279195.854234303,-5476193.865372624],[-2195198.974501699,-5495409.392180943],[-2111219.1878153197,-5513558.497093957],[-2027245.270330666,-5530639.919968791],[-1943265.472856148,-5546652.337170237],[-1859267.5685177771,-5561594.352516661],[-1775238.9018133886,-5575464.488964475],[-1691166.4389954263,-5588261.181116844],[-1607036.8197344341,-5599982.768632892],[-1522836.410027275,-5610627.4906034805],[-1438551.3563235628,-5620193.480949034],[-1354167.6408515342,-5628678.764883536],[-1269671.138129549,-5636081.256476813],[-1185047.6726519105,-5642398.757334582],[-1100283.0777375381,-5647628.956402043],[-1015363.2555264381,-5651769.430882673],[-930274.2381027971,-5654817.648248209]]]},"properties":{"type":"parallel","value":30}},
{"type":"Feature","geometry":{"type":"MultiLineString","coordinates":[[[-808825.9252258064,-4155866.1743744086],[-735021.1048657389,-4155607.8418779923],[-661116.5189459226,-4154387.560785933],[-587110.5345598252,-4152203.5808696207],[-513001.74636220984,-4149054.201480402],[-438789.00282051566,-4144937.7725344575],[-364471.431879322,-4139852.695654682],[-290048.4659286431,-4133797.4254370383],[-215519.86596330992,-4126770.470807429],[-140885.74481706184,-4118770.3964342503],[-66146.58935192271,-4109795.824161424],[8696.718519080829,-4099845.434427192],[83642.88209997471,-4088917.9676350467],[158690.17159589878,-4077012.225445143],[233836.40733889682,-4064127.071957511],[309078.9446807916,-4050261.4347621957],[384414.6606765938,-4035414.3058364927],[459839.94267962535,-4019584.7422754485],[535350.6789650089,-4002771.8668491775],[610942.2514931968,-3984974.868388893],[686609.5309183485,-3966193.0020135078],[762346.8739379597,-3946425.589219553],[838148.1230707817,-3925672.017869573],[914006.6089385578,-3903931.7421277664],[989915.1551147217,-3881204.282406472],[1065866.0855890384,-3857489.2254030043],[1141851.2348819321,-3832786.2243235703],[1217861.960825638,-3807094.999408818],[1293889.160011864,-3780415.3388945055],[1362544.9354235237,-3755475.328802502]],[[2168225.418774347,-3755469.0429581325],[2170442.1568034794,-3749270.313843059],[2192991.763014287,-3685245.09315583],[2214950.821328036,-3621104.352694356],[2236321.6951840282,-3556840.826235349],[2257106.4550527176,-3492447.0939944177],[2277306.888659059,-3427915.58312542],[2296924.5115112863,-3363238.568229336],[2315960.577786036,-3298408.171889158],[2334416.0916250944,-3233416.365248246],[2352291.8189030406,-3168254.9686507736],[2369588.299529778,-3102915.652364157],[2393945.3426406914,-3037385.7466228562],[2434490.452476673,-2971598.272320483],[2474127.4428221877,-2905535.886000431],[2512860.7043935745,-2839202.5435599624],[2550694.6614508927,-2772601.731502531],[2587633.7772210836,-2705736.488134376],[2623682.5575987897,-2638609.425342175],[2658845.553258945,-2571222.7508821217],[2693127.3603149415,-2503578.2911138497],[2726532.619654744,-2435677.514115516],[2759066.0150849326,-2367521.553119579],[2790732.270408778,-2299111.2302116714],[2821536.145560076,-2230447.0802384648],[2851482.431909391,-2161529.374873194],[2880575.9468534123,-2092358.1467907906],[2908821.5277922195,-2022933.213907425],[2936224.025592748,-1953254.203642109],[2962788.2976300167,-1883320.5771607542],[2988519.2004911373,-1813131.6535654548],[3013421.5824202127,-1742686.6339942527],[3037500.2755756737,-1671984.6255985657],[3060760.0881649177,-1601024.6653674291],[3083205.796514686,-1529805.7437693214],[3104842.137129524,-1458326.8281836708],[3125673.7987844395,-1386586.8860954212],[3145705.4146922766,-1314584.9080268117],[3164941.5547809345,-1242319.930181348],[3183386.7181099905,-1169791.0567753373],[3201045.3254518365,-1096997.4820327219],[3217921.712057398,-1023938.5118189832],[3234020.120622438,-950613.5848899649],[3249344.6944661005,-877022.2937311237],[3263899.470929765,-803164.4049626671],[3277688.3750003898,-729039.8792855346],[3290715.213159534,-654648.8909428819],[3302983.667455644,-579991.8466714327],[3314497.289794558,-505069.4041166079],[3325259.4964401918,-429882.48968526005],[3335273.5627147728,-354432.31580959103],[3345052.2988234004,-277856.1982226],[3354064.344871755,-201133.24783011613],[3362088.409527612,-124662.88021750734],[3369121.6254452853,-48463.24852995205],[3375161.1582410554,27448.157403181223],[3380204.1859273743,103054.53429490901],[3384247.8793307366,178339.78635733947],[3387289.383555115,253288.5438130553],[3389325.8005463416,327886.1788082722],[3390354.172806929,402118.81859863276],[3390371.4683058388,475973.3559025286],[3389374.566623377,549437.456341173],[3387360.246367896,622499.5629085544],[3384325.173898059,695148.8974377748],[3380265.893382107,767375.4590526236],[3375178.8182238773,839170.0196142234],[3369060.2238839935,910524.1161924099],[3361906.242123837,981430.0406091724],[3353712.8566993773,1051880.8261178695],[3344475.900531679,1121870.2312959316],[3334191.0543809724,1191392.7212411475],[3322853.847051003,1260443.4461718583],[3310459.657150688,1329018.217539859],[3297003.7164401077,1397113.4817712603],[3282481.114787572,1464726.291755471],[3266886.8067644145,1531854.276205636],[3250215.6199033787,1598495.6070157522],[3232462.2646452356,1664648.9647401727],[3213621.345996907,1730313.502320845],[3193687.3769219215,1795488.807186183],[3172654.7934811027,1860174.8618437592],[3150517.9717375915,1924372.0030864642],[3127271.2464355314,1988080.8799294927],[3102908.931455969,2051302.4103928725],[3077425.3420465775,2114037.737242197],[3050814.8188136653,2176288.1827982906],[3023071.753455528,2238055.202925506],[2994190.616205193,2299340.3403078374],[2964165.9849385475,2360145.177122692],[2932992.5758898873,2420471.287223697],[2900665.275901704,2480320.187946792],[2867179.176118871,2539693.291657738],[2832529.607018952,2598591.8571646577],[2796712.1746510533,2657016.941125729],[2759722.7979344646,2714969.3495901953],[2721557.7468467164,2772449.5898200152],[2682213.6813074783,2829457.822549903],[2641687.690541633,2885993.8148549325],[2599977.332680745,2942056.893807311],[2557080.674338785,2997645.9011169053],[2512996.329874581,3052759.148963738],[2508937.555963885,3057736.2059042654]],[[371769.7256646037,6759409.327111332],[305829.0724376755,6744411.811261753],[233586.89246098316,6727290.277744462],[161655.10102861354,6709520.163878501],[90042.5185186518,6691107.62411065],[18757.785210283408,6672058.283214198],[-52190.64336451803,6652377.248750296],[-122794.50055598552,6632069.122585813],[-193045.71220863305,6611138.011561822],[-262936.3997424939,6589587.537402543],[-332458.8826969701,6567420.845950669],[-401605.6807324131,6544640.6158112325],[-470369.51508590253,6521249.066482684],[-538743.3094793338,6497247.966050634],[-606720.1904791875,6472638.638516727],[-674293.487308857,6447421.97083226],[-741456.7311156534,6421598.419703919],[-808203.6536958447,6395168.01823646],[-874528.1856822526,6368130.382475516],[-940424.4541999588,6340484.71791165],[-1005886.7799966013,6312229.826005561],[-1070909.6740546487,6283364.110792946],[-1135487.8336936156,6253885.585626536],[-1199616.1381709173,6223791.880112039],[-1263289.643790455,6193080.247294127],[-1326503.5785283144,6161747.571148225],[-1389253.3361852528,6129790.374433548],[-1451534.4700756196,6097204.826962935],[-1513342.6862623754,6063986.75434491],[-1574673.8363474957,6030131.647253709],[-1635523.9098269253,5995634.671283172],[-1695889.0260185504,5960490.677440754],[-1755765.4255711327,5924694.213338106],[-1815149.4615613795,5888239.535135001],[-1874037.5901854376,5851120.620293478],[-1932426.361050008,5813331.181199038],[-1990312.4070672374,5774864.679705602],[-2047692.433956161,5735714.34266032],[-2104563.2093520984,5695873.178463594],[-2160921.5515238964,5655333.9947182955],[-2216764.317697221,5614089.41702043],[-2272088.3919803,5572131.908941035],[-2326890.672886698,5529453.79324609],[-2381168.0604475485,5486047.274397118],[-2434917.4429036416,5441904.462370481],[-2488135.6829653867,5397017.3978273915],[-2540819.6036262843,5351378.07865964],[-2592965.9735130505,5304978.487927706],[-2644571.491752729,5257810.623198254],[-2695632.772334449,5209866.527276742],[-2746146.327940389,5161138.320318016],[-2796108.5532174297,5111618.23328322],[-2845515.7074577236,5061298.642694842],[-2894494.256891047,5010397.9596189195],[-2948654.5846526236,4968763.931542901],[-3002268.274504167,4926588.280112007],[-3055343.048503664,4883875.945863979],[-3107886.341175472,4840631.754883018],[-3159905.2864339133,4796860.412575241],[-3211406.7057236833,4752566.498027264],[-3262397.0972634265,4707754.45888292],[-3312882.626284841,4662428.606676445],[-3362869.116165658,4616593.112563404],[-3412362.0403606305,4570252.003393939],[-3461366.5150403436,4523409.158075792],[-3509887.2923531635,4476068.304177638],[-3557928.754230851,4428233.014726019],[-3605494.906663463,4379906.705151972],[-3652589.3743739203,4331092.630346029],[-3699215.3958271947,4281793.881782791],[-3745375.818513378,4232013.3846786255],[-3791073.0944479834,4181753.8951483467],[-3836309.275836673,4131017.99732879],[-3881086.0108552226,4079808.100439308],[-3925404.539499011,4028126.4357510894],[-3969265.689459484,3975975.053438983],[-4012669.871988182,3923355.8192913723],[-4055617.077711794,3870270.4112551194],[-4098106.872364485,3816720.315794343],[-4140138.3924064427,3762706.824043252],[-4181710.340500158,3708231.0277347444],[-4222820.980818513,3653293.814887966],[-4263468.134161243,3597895.86523949],[-4303649.172858865,3542037.645404196],[-4343361.015445713,3485719.40375345],[-4382600.121086355,3428941.164999671],[-4421362.483742394,3371702.7244780227],[-4459643.626069542,3314003.642117564],[-4497438.593037979,3255843.2360960664],[-4534741.9452723,3197220.576174547],[-4571547.752111071,3138134.4767097714],[-4607849.584389933,3078583.4893451636],[-4647126.430404042,3018593.7978190565],[-4687264.160276663,2958261.9002553113],[-4726300.78964172,2897599.795333332],[-4764239.871651833,2836611.105313647],[-4801085.355578784,2775298.9360223417],[-4836841.561813118,2713665.912513594],[-4871513.156164848,2651714.2152967835],[-4905105.12370576,2589445.6169674806],[-4937622.742376613,2526861.519093516],[-4969071.556564783,2463962.9892190797],[-4999457.350839557,2400750.7978611854],[-5028786.124014239,2337225.455383901],[-5057064.06368607,2273387.24864609],[-5084297.5213875165,2209236.2773281937],[-5110492.988465464,2144772.4898527],[-5135657.072788799,2079995.7188211482],[-5159796.476369519,2014905.715898122],[-5182917.973968191,1949502.186079307],[-5205028.392741371,1883784.8212866897],[-5226134.5929762125,1817753.333239056],[-5246243.4499463765,1751407.4855503931],[-5265361.8369131135,1684747.1250125235],[-5283496.609286259,1617772.2120213225],[-5300654.589951579,1550482.850108406],[-5316842.555763773,1482879.3145421336],[-5332067.225197821,1414962.079963288],[-5346335.247145912,1346731.8470219374],[-5359653.190842198,1278189.5679828988],[-5372027.536893469,1209336.4712677768],[-5383464.669390203,1140174.0849021454],[-5393970.869069461,1070704.2588368303],[-5403552.307498396,1000929.1861127218],[-5412215.042245112,930851.4228390867],[-5419965.013001684,860473.9069561025],[-5426808.038622668,789799.9757531619],[-5432749.815041138,718833.3821158262],[-5437795.914023164,647578.3094757453],[-5441951.782720658,576039.3854398653],[-5445222.743981675,504221.6940775223],[-5447613.997376307,432130.7868468999],[-5449130.620895594,359772.69214550673],[-5449777.5732799005,287153.92347320967],[-5449559.696932278,214281.48620045258],[-5448481.721371359,141162.8829391927],[-5446548.267177091,67806.11751915478],[-5443763.850381349,-5780.302422303357],[-5440132.887254018,-79587.3642223413],[-5435659.699433411,-153605.5503261483],[-5430348.5193480905,-227824.83974431438],[-5424203.495875109,-302234.7107997672],[-5417228.700177291,-376824.14512273605],[-5409428.131659829,-451581.6328451379],[-5400805.723983542,-526495.178938486],[-5391365.351069343,-601552.3106323082],[-5381110.833025141,-676740.0858431144],[-5370045.941923018,-752045.1025372024],[-5358174.407350942,-827453.5089441257],[-5345499.921659327,-902951.0145318236],[-5332026.144818856,-978522.9016486232],[-5317756.70880167,-1054154.037732635],[-5302695.221393744,-1129828.887984439],[-5286845.269341778,-1205531.5283953887],[-5270210.420733273,-1281245.6590207068],[-5252794.226503883,-1356954.6173842254],[-5234600.220961261,-1432641.391899954],[-5215631.921209938,-1508288.6351946096],[-5195892.825356881,-1583878.6772150553],[-5175386.40937267,-1659393.5380047439],[-5154116.1224783845,-1734814.9400341876],[-5132085.3809236465,-1810124.3199718227],[-5109297.560016604,-1885302.8397833097],[-5085755.984262064,-1960331.3970493816],[-5061463.915459475,-2035190.634394571],[-5036424.538608159,-2109860.947921387],[-5010640.945462717,-2184322.494546774],[-4984116.115577336,-2258555.198139692],[-4956852.894673504,-2332538.7543603047],[-4928853.970161216,-2406252.6341026006],[-4890227.753430042,-2462588.5943830768],[-4849072.596821242,-2515647.868465504],[-4806771.204425963,-2567836.2031173245],[-4763324.322600683,-2619164.1749351956],[-4718733.028328446,-2669642.1388054015],[-4672998.77446091,-2719280.1525809667],[-4626123.435048148,-2768087.906152594],[-4578109.350548029,-2816074.6549383067],[-4528959.372688952,-2863249.15781341],[-4478676.908742715,-2909619.6195021956],[-4427265.964948137,-2955193.637455876],[-4374731.188811707,-2999978.1532459767],[-4321077.909999025,-3043979.4085090514],[-4256648.753609232,-3087205.179980716],[-4187393.8975842437,-3129661.398677848],[-4117937.523412769,-3171341.090983878],[-4048289.816601617,-3212236.808371726],[-3978460.6678149705,-3252341.32279289],[-3908459.655047248,-3291647.622555842],[-3838296.0266329483,-3330148.9082699586],[-3767978.6852150965,-3367838.588831897],[-3697516.172784024,-3404710.277430466],[-3626916.6568878153,-3440757.787546214],[-3556187.918105369,-3475975.1289227786],[-3485337.3388620657,-3510356.5034886384],[-3414371.893657389,-3543896.3012099653],[-3343298.140762896,-3576589.095858027],[-3272122.2154383906,-3608429.640677429],[-3200849.8247036417,-3639412.8639448746],[-3129486.243692923,-3669533.8644115753],[-3058036.3136099083,-3698787.906625983],[-2986504.441291203,-3727170.4161371994],[-2914894.6003781236,-3754676.974582913],[-2843210.3340881234,-3781303.3146692356],[-2771454.7595697944,-3807045.31505306],[-2699630.57381844,-3831898.9951406238],[-2627740.0611229986,-3855860.509818846],[-2555785.102009445,-3878926.144138411],[-2483767.183640926,-3901092.307969894],[-2411687.4116304684,-3922355.5306559294],[-2339546.5232183626,-3942712.455684062],[-2267344.90176318,-3962159.835405922],[-2195082.5924926135,-3980694.5258291573],[-2122759.3194581782,-3998313.481509003],[-2050374.5036359136,-4015013.7505662036],[-1977927.2821137805,-4030792.4698578804],[-1905416.528305224,-4045646.860327038],[-1832840.8731274023,-4059574.222555492],[-1760198.7270817165,-4072571.932543643],[-1687488.303173543,-4084637.4377387953],[-1614707.6406074022,-4095768.2533318964],[-1541854.6291929497,-4105961.9588402812],[-1468927.0343964724,-4115216.194991624],[-1395922.5229714965,-4123528.6609217017],[-1322838.6891010809,-4130897.1116955536],[-1249673.0809829163,-4137319.3561588605],[-1176423.2277867917,-4142793.255122968],[-1103086.6669121468,-4147316.719883893],[-1029660.971471119,-4150887.7110722284],[-956143.7779202289,-4153504.237827417],[-882532.8137608629,-4155164.357286556],[-808825.9252258064,-4155866.1743744086]]]},"properties":{"type":"parallel","value":45}},
{"type":"Feature","geometry":{"type":"MultiLineString","coordinates":[[[-762230.8798596046,-2696762.494548748],[-707929.3126405875,-2695900.753560208],[-653707.3027433772,-2694323.696851713],[-599584.3004776879,-2692030.5379494485],[-545579.698507323,-2689020.572983797],[-491712.8174477592,-2685293.1744135227],[-438002.89154044725,-2680847.7841010224],[-384469.05443124706,-2675683.9057860887],[-331130.3250820285,-2669801.0970112695],[-278005.59384613775,-2663198.9605572466],[-225113.60873984982,-2655877.135451639],[-172472.9619437365,-2647835.287619312],[-120102.0765688892,-2639073.100246498],[-68019.19372442369,-2629590.2639350137],[-16242.359923493845,-2619386.466726318],[35210.58513418273,-2608461.384078185],[86322.02036479788,-2596814.6688794824],[137074.55464931595,-2584445.9415906793],[187451.03769038347,-2571354.7805995545],[237434.57033930096,-2557540.712882904],[287008.51435619756,-2543003.2050659154],[336156.50156750495,-2527741.654971471],[384862.4423867699,-2511755.3837516713],[433110.53366650624,-2495043.6286936444],[480885.26585120754,-2477605.5367909283],[528171.4294043289,-2459440.1591708497],[574954.1204847051,-2440546.4464667197],[621218.7458513171,-2420923.245222148],[666951.0269784651,-2400569.2954125716],[712137.0033671565,-2379483.2291668016],[756763.0350421685,-2357663.5707686585],[800815.8042281653,-2335108.7380158193],[844282.31620212,-2311817.045009643],[887149.8993233837,-2287786.7064460837],[929406.2042465534,-2263015.843473915],[971039.2023264996,-2237502.4911820684],[1012037.1832284303,-2211244.6077731815],[1052388.751760013,-2184240.085475404],[1092082.8239459407,-2156486.7632388575],[1131108.6223688782,-2127982.4412570423],[1169455.67080411,-2098724.8973469716],[1205372.253166087,-2065695.2626530507],[1234908.9017622874,-2022064.1710152798],[1263870.1871239922,-1977904.3210743088],[1292253.117213465,-1933232.7566362135],[1320054.5244270333,-1888066.507774162],[1347271.0794097062,-1842422.5868071597],[1373899.304767085,-1796317.984029601],[1399935.588607673,-1749769.6631839739],[1425376.1978546027,-1702794.5566715212],[1450217.2912716349,-1655409.5604984548],[1474454.9321539202,-1607631.5289575865],[1498085.100639606,-1559477.269047783],[1521103.7056038114,-1510963.534635853],[1543506.596101706,-1462107.0203678058],[1565289.5723326057,-1412924.3553384803],[1586448.3961019127,-1363432.0965307923],[1606978.8007625,-1313646.7220377775],[1626876.500621741,-1263584.624082734],[1646137.1998047177,-1213262.1018546042],[1664756.6005683574,-1162695.3541776473],[1682730.4110651838,-1111900.472036317],[1700054.3525590473,-1060893.4309778675],[1716724.166098821,-1009690.0834169457],[1732735.6186591154,-958306.1508679145],[1748084.5087602865,-906757.2161320894],[1762766.671582674,-855058.7154683408],[1776777.9835925316,-803225.9307767655],[1790114.3666995328,-751273.9818260017],[1802771.7919676187,-699217.8185557915],[1814746.2829030165,-647072.2134869253],[1826033.9183445645,-594851.7542713047],[1836630.8349831684,-542570.8364151868],[1846533.2295381455,-490243.6562086893],[1855737.3606192472,-437884.2038947261],[1864239.5503039858,-385506.25711005036],[1872036.185460325,-333123.3746308304],[1879123.7188452508,-280748.89045426104],[1885498.6700100035,-228395.90824699416],[1891157.6260427544,-176077.29618996417],[1896097.2421793763,-123805.6822479227],[1900314.2423128888,-71593.44989058038],[1903805.4194316561,-19452.73429051677],[1906567.6360159714,32604.580978725087],[1908597.8244221713,84566.86672291532],[1909892.9872825944,136422.7503664149],[1910450.1979490316,188161.11763335927],[1910266.6010064296,239771.11365580253],[1909339.4128825942,291242.1434965189],[1907665.9225787406,342563.8720763203],[1905243.492544539,393726.2234985386],[1902069.5597202773,444719.3797656934],[1898141.6367674454,495533.7788859789],[1893457.3135078487,546160.1123698192],[1888014.2585900794,596589.3221192064],[1881810.2214007226,646812.596715203],[1874843.0342363804,696821.3671113135],[1867110.6147510386,746607.3017430542],[1858610.968691863,796162.3010663246],[1849342.1929350167,845478.4915395213],[1839302.478831342,894548.2190666491],[1828490.1158703219,943364.0419207823],[1816903.4956688853,991918.7231693363],[1804541.1162900503,1040205.2226246633],[1791401.586894484,1088216.6883452812],[1777483.6327264274,1135946.4477149933],[1762786.1004334108,1183387.99812881],[1747307.963717465,1230534.99731623],[1731048.3293134628,1277381.2533340123],[1714006.4432884178,1323920.714262029],[1696181.6976534768,1370147.4576371566],[1677573.637278356,1416055.679661467],[1658181.9670960153,1461639.6842221736],[1638006.5595832374,1506893.8717619558],[1617047.4625008292,1551812.7280392696],[1595304.9068750693,1596390.8128192823],[1572779.315200061,1640622.7485368953],[1549471.3098387164,1684503.2089741412],[1525381.7215980438,1728026.907994972],[1500511.5984527664,1771188.5883809563],[1474862.2143892993,1813983.0108121287],[1448435.0783406026,1856404.9430373665],[1421231.943180794,1898449.1492792168],[1393254.8147469875,1940110.3799180712],[1364505.9608546419,1981383.3615007766],[1334987.920271462,2022262.7871185022],[1304703.5116142365,2062743.307198548],[1273655.8421321267,2102819.520754232],[1241848.3163396833,2142485.967136418],[1209284.6444626052,2181737.1183294156],[1175968.850659429,2220567.3718328513],[1141905.2809827805,2258971.044169949],[1107098.6110444823,2296942.365061037],[1071553.853349959,2334475.4722993397],[1035276.3642686933,2371564.4073640946],[998271.8506091487,2408203.1118036304],[960546.3757687389,2444385.424418486],[922106.3654316108,2480105.0792716495],[882958.6127897719,2515355.7045498984],[843110.2832659219,2550130.8222965333],[802568.918719704,2584423.8490321087],[761342.4411223409,2618228.0972755896],[719439.1556883856,2651536.7779739457],[676867.7534570338,2684343.0038435254],[633637.3133193969,2716639.793621627],[589757.3034920002,2748420.077221461],[545237.5824408374,2779676.7017783136],[500088.3992640653,2810402.43856916],[454320.3935453001,2840589.990782184],[407944.5946929787,2870232.002106784],[360972.4207846021,2899321.06610869],[313415.67693754175,2927849.736348838],[265286.5532308266,2955810.537198514],[216597.62220442135,2983195.9752973826],[167361.8359638901,3009998.551595093],[117592.5229197903,3036210.773911283],[75445.61370511616,3057736.324233454]],[[-844980.5268390595,4651937.450758486],[-852113.2581251019,4647746.57620511],[-896216.8510392263,4621360.931261824],[-939947.5333981031,4594378.997738693],[-983299.7700558663,4566801.63192879],[-1026268.0498299754,4538629.590885238],[-1068846.8815484545,4509863.541428246],[-1111030.789961149,4480504.069316532],[-1152814.3115196114,4450551.688580013],[-1194191.9900305567,4420006.851009482],[-1235158.3721880424,4388869.955797853],[-1275708.0029896975,4357141.359326224],[-1315835.4210427303,4324821.385086617],[-1355535.1537656332,4291910.333731861],[-1394801.7124918748,4258408.493241357],[-1433629.5874821953,4224316.149190046],[-1472013.2428525311,4189633.5951059856],[-1509947.1114249623,4154361.142900325],[-1547425.589509624,4118499.1333515695],[-1584443.031625954,4082047.9466241943],[-1620993.745172253,4045008.012799803],[-1657071.9850531982,4007379.8223970924],[-1692671.9482755954,3969163.9368550377],[-1727787.768523416,3930360.998951891],[-1762413.510724113,3890971.7431306974],[-1796543.165619028,3850997.005700408],[-1830170.6443518065,3810437.7348799696],[-1863289.7730898897,3769295.0006513344],[-1895894.2876953555,3727570.004385977],[-1927977.828462769,3685264.0882083606],[-1959533.9349432818,3642378.7440588716],[-1990556.040875718,3598915.622418193],[-2021037.469247311,3554876.540654539],[-2055030.0823108056,3517282.81690678],[-2093762.3639055772,3488192.2212365544],[-2132033.7759181787,3458587.434607267],[-2169842.9376649316,3428473.289501847],[-2207188.4279599483,3397854.5183039517],[-2244068.7761328714,3366735.7535547474],[-2280482.453442239,3335121.5282091484],[-2316427.8648820007,3303016.2759008063],[-2351903.3413784597,3270424.3312244834],[-2386907.1323746494,3237349.930043832],[-2421437.3987990962,3203797.2098321845],[-2455492.2064160313,3169770.2100536316],[-2489069.519554236,3135272.872591342],[-2522167.1952121034,3100309.0422300166],[-2554782.9775369093,3064882.467199289],[-2597044.3129613893,3028991.5811281065],[-2641211.855875322,2992631.772970955],[-2684729.07534333,2955810.9797713584],[-2727588.7234572168,2918537.4276468563],[-2769783.873310014,2880819.2635993767],[-2811307.9165524268,2842664.546658051],[-2852154.56080333,2804081.2399153453],[-2892317.8268823875,2765077.203464255],[-2931792.045836311,2725660.188239552],[-2970571.855733851,2685837.8307615793],[-3008652.1982084666,2645617.648776812],[-3046028.314731501,2605007.0377853606],[-3082695.742602584,2564013.2684419677],[-3118650.310647897,2522643.4848135146],[-3153888.1346206726,2480904.7034729375],[-3188405.6123020477,2438803.8134065727],[-3222199.4183037486,2396347.576709348],[-3255266.498577481,2353542.6300399317],[-3287604.0646388424,2310395.4868059047],[-3319209.587516381,2266912.5400472437],[-3350080.7914389307,2223100.065984916],[-3380215.6472765496,2178964.228200106],[-3409612.3657522895,2134511.0824085614],[-3438269.390443678,2089746.5817937946],[-3466185.390594105,2044676.5828622552],[-3493359.2537553147,1999306.851783218],[-3519790.0782830673,1953643.071175978],[-3545477.1657083775,1907690.8473068469],[-3570420.0130071295,1861455.7176586862],[-3594618.30479082,1814943.158835889],[-3618071.9054409238,1768158.5947682152],[-3640780.8512090533,1721107.40517738],[-3662745.34230445,1673794.9342709153],[-3683965.734989558,1626226.4996285734],[-3704442.533703599,1578407.4012473181],[-3724176.3832329754,1530342.9307118263],[-3743168.0609462303,1482038.380458354],[-3761418.4691100405,1433499.0531007838],[-3778928.627301443,1384730.270788703],[-3795699.6649300964,1335737.3845683653],[-3811732.813882999,1286525.7837185643],[-3827029.4013026305,1237100.9050344336],[-3841590.842508007,1187468.2420333526],[-3855418.6340667303,1137633.3540583535],[-3868514.3470245395,1087601.8752553598],[-3880879.6202975227,1037379.5234020324],[-3892516.154230608,986972.1085668672],[-3903425.704324624,936385.5415785939],[-3913610.0751327425,885625.8422869698],[-3923071.1143258438,834699.1475973024],[-3931810.706924955,783611.7192622464],[-3939830.769697719,732369.9514155547],[-3947133.24571454,680980.3778337815],[-3953720.099058951,629449.6789130636],[-3959593.3096855516,577784.6883494171],[-3964754.868417844,525992.3995121535],[-3969206.7720772154,474079.9715013966],[-3972951.018733365,422054.7348818055],[-3975989.6030655648,369924.197086023],[-3978324.51182323,317696.0474825654],[-3979957.719373509,265378.1621042273],[-3980891.1833228003,212978.6080343772],[-3981126.840198425,160505.6474497966],[-3980666.601176018,107967.74132008338],[-3979512.3478376167,55373.55276492774],[-3977665.9279448697,2731.9500718863974],[-3975129.151211353,-49947.9906213837],[-3971903.7850574916,-102656.98297524167],[-3967991.550331319,-155385.52841998747],[-3963394.1169779566,-208123.91444385826],[-3958113.099640464,-260862.21318812022],[-3952150.053174648,-313590.28033907746],[-3945506.468060229,-366297.7543057291],[-3938183.765690858,-418974.05567064567],[-3930183.293525527,-471608.38690069073],[-3921506.3200841146,-524189.7323031721],[-3912154.029770061,-576706.8582121539],[-3902127.5175035717,-629148.3133889071],[-3889947.462097997,-678910.0771232571],[-3876573.284719049,-727581.8063230999],[-3862359.613815855,-775762.2259595022],[-3847309.310379914,-823442.8440001749],[-3831425.3429892086,-870615.6444207474],[-3814710.790311908,-917273.0738380087],[-3797168.844222407,-963408.0270094551],[-3778802.8135023993,-1009013.8313033849],[-3759616.128098351,-1054084.2302462987],[-3739612.343905548,-1098613.3662560056],[-3718795.1480476772,-1142595.7626696404],[-3697168.3646197855,-1186026.3051755545],[-3674735.960861341,-1228900.2227574347],[-3651502.05372503,-1271213.0682573167],[-3627470.9168059314,-1312960.6986622305],[-3602646.987594705,-1354139.2552164593],[-3577034.875017451,-1394745.143458441],[-3550639.367224036,-1434775.0132777952],[-3523465.4395858394,-1474225.7390841956],[-3495518.262863091,-1513094.4001757395],[-3466803.2115012486,-1551378.2613902031],[-3437325.872015305,-1589074.754118097],[-3407092.0514203575,-1626181.4577518718],[-3376107.785666387,-1662696.0816409774],[-3344379.3480349146,-1698616.4476176936],[-3311913.257455075,-1733940.473153954],[-3278716.286696596,-1768666.1552045436],[-3244795.4703974435,-1802791.5547873322],[-3210158.1128841173,-1836314.782346372],[-3174811.795743192,-1869233.983938996],[-3138764.3851033947,-1901547.3282832892],[-3102024.0385883814,-1933252.9946976653],[-3064599.21190158,-1964349.1619595503],[-3026498.6650057617,-1994833.9981055632],[-2987731.4678615145,-2024705.6511909973],[-2948307.0056906533,-2053962.2410217675],[-2908234.9837324647,-2082601.8518674567],[-2867525.431462906,-2110622.5261595016],[-2826188.7062492566,-2138022.2591740894],[-2784235.496415196,-2164798.9946947726],[-2741676.8236940335,-2190950.621645372],[-2698524.045050633,-2216474.971679242],[-2654788.8538555475,-2241369.8177065956],[-2610483.2803979577,-2265632.873337212],[-2565619.691727063,-2289261.7932115225],[-2520210.790814856,-2312254.1741888877],[-2474269.6150363088,-2334607.557357685],[-2427809.5339661827,-2356319.430827856],[-2380844.2464948134,-2377387.2332626195],[-2333387.7772681676,-2397808.358102412],[-2285454.4724605097,-2417580.158430459],[-2237058.994890605,-2436699.9524260904],[-2188216.3184951423,-2455165.029348883],[-2138941.722175314,-2472972.6559937308],[-2089250.7830347593,-2490120.0835545016],[-2039159.3690289005,-2506604.554831672],[-1988683.6310474512,-2522423.3117174455],[-1937839.9944532274,-2537573.6028903374],[-1886645.150101517,-2552052.691650087],[-1835116.0448651367,-2565857.86382303],[-1783269.8716908465,-2578986.435667783],[-1731124.0592131733,-2591435.7617112636],[-1678696.260951692,-2603203.242445621],[-1626004.3441177423,-2614286.331817838],[-1573066.3780561667,-2624682.5444451463],[-1519900.6223471211,-2634389.462491624],[-1466525.5145924247,-2643404.742143561],[-1412959.6579100345,-2651726.1196243786],[-1359221.808159515,-2659351.416693081],[-1305330.860920419,-2666278.5455740555],[-1251305.8382446547,-2672505.5132703916],[-1197165.875203159,-2678030.4252172695],[-1142930.2062463406,-2682851.488237131],[-1088618.1513972424,-2686967.012763558],[-1034249.1022958125,-2690375.414306293],[-979842.5081123941,-2693075.214135845],[-925417.8613483842,-2695065.0391720296],[-870994.6835421252,-2696343.6210671025],[-816592.5108982794,-2696909.794480516],[-762230.8798596046,-2696762.494548748]]]},"properties":{"type":"parallel","value":60}},
{"type":"Feature","geometry":{"type":"LineString","coordinates":[[-895123.2243306631,-1227906.338603235],[-869066.5529890052,-1226922.322494347],[-843053.388903605,-1225524.4318861754],[-817092.1984773384,-1223712.3311805455],[-791191.4347201932,-1221485.744418748],[-765359.5337221647,-1218844.4557946539],[-739604.911151663,-1215788.3102075728],[-713935.9587833938,-1212317.213856941],[-688361.0410598071,-1208431.1348811225],[-662888.4916898817,-1204130.1040425785],[-637526.6102890568,-1199414.215461891],[-612283.6590638874,-1194283.6274030409],[-587167.8595449255,-1188738.5631124964],[-562187.389371147,-1182779.3117146145],[-537350.3791290787,-1176406.2291659093],[-512664.9092496048,-1169619.7392706638],[-488139.00696528365,-1162420.3347603288],[-463780.64333075,-1154808.5784390762],[-439597.7303086023,-1146785.1043977803],[-415598.1179230077,-1138350.61929851],[-391789.5914829324,-1129505.9037315163],[-368179.86887682026,-1120251.813646488],[-344776.5979401016,-1110589.2818596028],[-321587.35389697994,-1100519.319637672],[-298619.63687730796,-1090043.0183604485],[-275880.86950949894,-1079161.5512617545],[-253378.3945898695,-1067876.1752498783],[-231119.47282877058,-1056188.2328072162],[-209111.28067338717,-1044099.153968878],[-187360.90820708562,-1031610.4583794326],[-165875.35712463956,-1018723.7574266713],[-144661.53878270026,-1005440.756450662],[-123726.27232435993,-991763.2570261072],[-103076.28287655894,-977693.1593152577],[-82718.1998188283,-963232.4644883947],[-62658.55512150295,-948383.2772081691],[-42903.78175144923,-933147.8081736602],[-23460.212143000077,-917528.376719452],[-4334.076731613623,-901527.4134644456],[14468.497452421467,-885147.4630046197],[32941.48813318668,-868391.1866433539],[51078.97908431789,-851261.36515242],[68875.16137350556,-833760.9015561895],[86324.33455972528,-815892.8239310195],[103420.90784687691,-797660.2882113854],[120159.40119758644,-779066.5809936866],[136534.4464110709,-760115.1223282423],[152540.78816907326,-740809.4684895828],[168173.285054026,-721153.3147145949],[183426.91054358377,-701150.4978977902],[198296.75398582313,-680804.9992326134],[212778.02155939455,-660120.9467872933],[226866.0372229608,-639102.6180036052],[240556.24365822974,-617754.4421065887],[253844.2032109407,-596081.002413195],[266725.59883401886,-574087.0385275974],[279196.23503718793,-551777.4484110504],[291252.03884706995,-529157.2903139677],[302516.8816573773,-505590.27449904336],[312889.71519506443,-480938.5443741125],[322876.76533059165,-456095.75969138264],[332476.07719322335,-431069.6813856872],[341685.741653429,-405868.05700999004],[350503.8959131978,-380498.61822632415],[358928.7241560307,-354969.07835895265],[366958.4582530136,-329287.13001107716],[374591.3785215362,-303460.4427464722],[381825.8145333933,-277496.66083743586],[388660.1459692465,-251403.4010804236],[395092.80351651745,-225188.250680723],[401122.2698080387,-198858.76520753425],[406747.08039887936,-172422.46662077366],[411965.82477905334,-145886.84137087132],[416777.1474198081,-119259.3385728133],[421179.74885155086,-92547.36825560525],[425172.386771447,-65758.29968823068],[428753.8771789827,-38899.459783204744],[431923.0955378503,-11978.13157857723],[434678.97796268214,14998.447200683322],[437020.5224292608,42023.08550124451],[438946.79000693467,69088.64021925541],[440456.9061120969,96188.01739695687],[441550.06178160076,123314.17333772687],[442225.5149651526,150460.11563928466],[442482.5918357304,177618.9041449972],[442320.68811714445,204783.65181329334],[441739.2704278819,231947.52550549188],[440737.87764049595,259103.7466922855],[439316.12225566385,286245.59207956184],[437473.6917902352,313366.3941541779],[435210.35017844377,340459.54165057983],[432525.93918555905,367518.47993935406],[429420.3798331346,394536.7113389176],[425893.6738350945,421507.79535173497],[421945.9050437532,448425.34882664826],[417577.2409049263,475283.04604909377],[412787.93392115325,502074.6187610709],[407578.3231220369,528793.8561129973],[401948.8355406189,555434.6045496855],[395899.9876946922,581990.7676328494],[389432.3870717797,608456.3058027211],[382546.7336164703,634825.2360814689],[375243.8212188008,661091.6317213111],[367524.5392021001,687249.6218003033],[359389.8738087809,713293.3907688989],[350840.90968238196,739217.1779505595],[341878.83134410146,765015.2769997505],[332504.9246619048,790682.0353207695],[322720.5783102959,816211.8534509138],[312527.2852186116,841599.1844116716],[301926.64400569757,866838.5330315448],[290920.3603986885,891924.4552442603],[279510.2486334919,916851.5573661721],[267698.2328345651,941614.4953566107],[255486.34837137858,966207.9740650075],[242876.74318894502,990626.7464686396],[229871.67910973195,1014865.6129047555],[216473.5331040961,1038919.4203008882],[202684.79852644747,1062783.061407068],[188508.08631419518,1086451.4740336416],[173946.1261464621,1109919.6402982872],[159001.76755963455,1133182.5858857187],[143677.9810166037,1156235.379323602],[127977.85892664175,1179073.131277876],[111904.61661282352,1201690.9938707436],[95461.59322383135,1224084.1600243766],[78652.25258705579,1246247.8628331814],[61480.18399984514,1268177.3749674037],[43949.10295584226,1289868.0081105859],[26062.85180329534,1311315.1124332724],[7825.400332329235,1332514.0761050999],[-10759.153711784127,1353460.3248472135],[-29686.584192362898,1374149.32152678],[-48952.53622481459,1394576.5657950593],[-68552.5259028149,1414737.593770318],[-88481.94010973656,1434627.9777666084],[-108736.036418063,1454243.3260691948],[-129309.94307917154,1473579.2827571451],[-150198.65910601596,1492631.5275733392],[-171397.05445084628,1511395.7758419826],[-192899.87028022684,1529867.7784332626],[-214701.71934931344,1548043.3217747835],[-236797.0864772679,1565918.2279089235],[-259180.3291255802,1583488.3545951955],[-281845.67808083486,1600749.5954563187],[-304787.238243349,1617697.880166554],[-327998.98952300224,1634329.1746806107],[-351474.78784326627,1650639.4815011916],[-375208.36625445454,1666624.839983063],[-399193.33615686576,1682281.326671368],[-423423.18863450375,1697605.0556716558],[-447891.295899688,1712592.1790490423],[-472590.9128488571,1727238.8872537003],[-497515.1787295888,1741541.4095697855],[-522657.1189187217,1755496.014584816],[-548009.6468112955,1769099.0106764685],[-573565.5658197355,1782346.7465136133],[-599317.5714827959,1795235.6115685473],[-625258.2536832101,1807762.0366372147],[-651380.0989731576,1819922.4943643329],[-677675.493006332,1831713.4997704322],[-704136.7230751452,1843131.610777776],[-730755.9807516218,1854173.428732379],[-757525.3646301252,1864835.5989194075],[-784436.8831700777,1875114.8110694734],[-811482.4576365666,1885007.799853495],[-838653.9251365057,1894511.3453640742],[-865943.0417479279,1903622.2735815768],[-893341.4857398819,1912337.456823473],[-920840.8608798829,1920653.81417569],[-948432.6998262089,1928568.3119052348],[-976108.4676016968,1936077.963853642],[-1003859.5651457772,1943179.8318112025],[-1031677.3329412364,1949871.025872434],[-1059553.0547119854,1956148.7047736496],[-1087477.9611880558,1962010.0762139817],[-1115443.2339337075,1967452.397161723],[-1142834.680044098,1971424.544492399],[-1167515.7479459934,1970239.5844736255],[-1192138.0717951108,1968502.6537019424],[-1216695.61781574,1966215.0439812508],[-1241182.3966815658,1963378.2591256157],[-1265592.4609633018,1959994.013510356],[-1289919.9025763995,1956064.230547516],[-1314158.850246961,1951591.0410877324],[-1338303.4670133765,1946576.781750444],[-1362347.947780668,1941023.9931841027],[-1386286.5169438329,1934935.4182579084],[-1410113.4260957665,1928314.0001864152],[-1433822.9518344996,1921162.8805880717],[-1457409.393683725,1913485.3974787511],[-1480867.0721395726,1905285.0832009802],[-1504190.3268557573,1896565.6622895182],[-1527373.5149781462,1887331.0492737407],[-1550411.0096388315,1877585.3464171735],[-1573297.1986187221,1867332.8413943544],[-1596026.4831865907,1856578.0049051146],[-1618593.2771214764,1845325.4882262498],[-1640992.005924157,1833580.1207004976],[-1663217.1062224107,1821346.9071626046],[-1685263.0253736018,1808631.0253022863],[-1707124.221267089,1795437.822963794],[-1728795.1623278526,1781772.8153817332],[-1750270.3277216372,1767641.6823529305],[-1771544.2077609866,1753050.2653438863],[-1792611.3045103487,1738004.5645336478],[-1813466.132587646,1722510.7357917358],[-1834103.220158605,1706575.0875909457],[-1854517.1101193337,1690204.0778548068],[-1874702.361461723,1673404.3107396094],[-1894653.5508154838,1656182.5333509266],[-1914365.2741598357,1638545.6323946915],[-1933832.1486971728,1620500.6307629268],[-1953048.814880415,1602054.6840543668],[-1972009.938585133,1583215.077030302],[-1990710.213417044,1563989.2200060699],[-2009144.3631449812,1544384.6451787497],[-2027307.1442491175,1524409.0028917575],[-2045193.348573815,1504070.0578371335],[-2062797.8060742696,1483375.685196461],[-2080115.3876459196,1462333.8667214934],[-2097141.008025433,1440952.686755727],[-2113869.6287520556,1419240.3281982376],[-2130296.261178106,1397205.0684113526],[-2146415.9695174205,1374855.275073772],[-2162223.8739207406,1352199.4019809915],[-2177715.1535671633,1329245.9847949846],[-2192885.0497610504,1306003.6367453255],[-2207728.8690240323,1282481.0442840173],[-2222241.9861721396,1258686.9626965516],[-2236419.8473684057,1234630.211671827],[-2250257.973141791,1210319.6708337958],[-2263751.9613636388,1185764.2752377943],[-2276897.490173459,1160973.0108348234],[-2289690.320846292,1135954.9099071114],[-2302126.300594492,1110719.046478533],[-2314201.3652972938,1085274.531703664],[-2325911.542152184,1059630.5092393986],[-2337252.952242586,1033796.1506032196],[-2348221.813017072,1007780.6505225239],[-2358814.4406758733,981593.2222793952],[-2369027.252461053,955243.0930555823],[-2378856.7688473454,928739.4992824713],[-2388299.6156312563,902091.6820011048],[-2397352.5259165554,875308.8822374202],[-2406012.341994899,848400.3363979732],[-2414276.017120918,821375.2716917112],[-2422140.6171815144,794242.9015832786],[-2429603.322259743,767012.4212836525],[-2436661.4280940546,739693.0032838152],[-2443312.3474341934,712293.7929374037],[-2449553.6112954165,684823.9040982656],[-2455382.8701131344,657292.4148188798],[-2460797.8948004367,629708.3631156452],[-2465796.577711271,602080.742807048],[-2470376.9335123952,574418.4994306507],[-2474537.099967435,546730.5262448662],[-2478275.338636667,519025.6603212757],[-2481590.035496292,491312.67873332085],[-2484479.7014811886,463600.2948468935],[-2486942.972955233,435897.154718339],[-2488978.6121133817,408211.833605097],[-2490585.5073197926,380552.8325940623],[-2491762.6733863074,352928.5753524903],[-2492509.2517956034,325347.40500601236],[-2492824.510873328,297817.58114801935],[-2492707.8459134987,270347.2769844507],[-2492158.7792613436,242944.5766175599],[-2491176.9603576967,215617.47247202968],[-2489762.1657489343,188373.8628663],[-2487914.2990663163,161221.54973172426],[-2485633.3909784188,134168.2364816427],[-2482919.599120184,107221.52603215624],[-2479773.2080019405,80388.91897588935],[-2476194.6289015124,53677.81190963673],[-2472184.3997423253,27095.49591633934],[-2467743.1849602438,649.1552014155155],[-2462871.775361542,-25654.134117016067],[-2457571.087974255,-51807.405064869825],[-2451842.165894848,-77803.80071708464],[-2445686.1781319333,-103636.57495262651],[-2439104.4194484414,-129299.09306166065],[-2432098.3102034903,-154784.83220743405],[-2424669.396194783,-180087.38174587203],[-2416819.3485023156,-205200.4434061858],[-2408549.9633336696,-230117.83133628417],[-2399863.1618711543,-254833.4720169652],[-2390760.990120583,-279341.4040493318],[-2381245.618761418,-303635.77782011195],[-2371319.3429976474,-327710.85504985857],[-2360984.582408569,-351561.0082292727],[-2350243.8807984428,-375180.71994912485],[-2339099.9060437437,-398564.5821294392],[-2327555.4499365166,-421707.2951538377],[-2315613.4280222096,-444603.6669149793],[-2303276.8794300896,-467248.61177738034],[-2290548.9666942353,-489637.14946369076],[-2277432.9755629166,-511764.40387087065],[-2263932.314794016,-533625.601822593],[-2250050.515934061,-555216.0717642055],[-2235791.2330782125,-576531.2424067014],[-2221158.242608585,-597566.6413259931],[-2206155.4429080468,-618317.8935237562],[-2190786.854046704,-638780.7199561028],[-2175056.617438062,-658950.9360361046],[-2158968.9954619524,-678824.450116185],[-2142528.371051173,-698397.2619561756],[-2125739.247238845,-717665.4611826716],[-2108606.2466634223,-736625.225745162],[-2091134.1110283504,-755272.8203741976],[-2073327.7005133806,-773604.5950466208],[-2055191.9931345666,-791616.9834626397],[-2036732.0840500598,-809306.50153936],[-2017953.184808852,-826669.7459250031],[-1998860.6225397228,-843703.3925378968],[-1979459.8390777272,-860404.1951339775],[-1959756.3900256625,-876768.9839062698],[-1939755.9437481156,-892794.6641195349],[-1919464.2802957117,-908478.2147830399],[-1898887.290257515,-923816.6873639798],[-1878030.9735394435,-938807.2045439337],[-1856901.438066967,-953446.9590203866],[-1835504.898410313,-967733.2123550563],[-1813847.67433077,-981663.2938704772],[-1791936.189246695,-995234.5995961075],[-1769776.968618161,-1008444.5912648146],[-1747376.6382493337,-1021290.7953604452],[-1724741.922507801,-1033770.802216962],[-1701879.6424604428,-1045882.2651692214],[-1678796.7139254704,-1057622.8997555017],[-1655500.1454406206,-1068990.4829714387],[-1631997.0361476368,-1079982.8525749813],[-1608294.5735933844,-1090597.9064417502],[-1584400.0314482294,-1100833.6019700198],[-1560320.767142452,-1110687.9555344146],[-1536064.2194217513,-1120159.041987238],[-1511637.9058230736,-1129244.9942063135],[-1487049.4200722405,-1137944.0026880559],[-1462306.4294050517,-1146254.3151844528],[-1437416.6718137213,-1154174.2363825957],[-1412387.9532207777,-1161702.1276252996],[-1387228.1445826804,-1168836.4066714281],[-1361945.178925643,-1175575.5474944736],[-1336547.0483163265,-1181918.0801179358],[-1311041.8007702492,-1187862.59048623],[-1285437.537100912,-1193407.720369692],[-1259742.4077128407,-1198552.1673025163],[-1233964.6093418535,-1203294.684552444],[-1208112.3817460223,-1207634.0811211595],[-1182194.004350978,-1211569.2217744365],[-1156217.7928532406,-1215099.0271012732],[-1130192.0957854714,-1218222.4736013596],[-1104125.2910475528,-1220938.5938003256],[-1078025.7824076042,-1223246.476392498],[-1051901.9959769894,-1225145.266410983],[-1025762.3766635612,-1226634.1654250736],[-999615.3846074042,-1227712.4317652227],[-973469.4916033038,-1228379.380775934],[-947333.1775143965,-1228634.3850971886],[-921214.926681227,-1228476.8749751647],[-895123.2243306645,-1227906.338603235]]},"properties":{"type":"parallel","value":75}},
{"type":"Feature","geometry":{"type":"LineString","coordinates":[[-1045726.7427516846,313193.1506716085],[-1045726.742751686,313193.1506716099],[-1045726.7427516846,313193.1506716085]]},"properties":{"type":"parallel","value":90}}
]}