{"type":"FeatureCollection", "features": [
{"type":"Feature","geometry":{"type":"LineString","coordinates":[[-14192430.316916062,-8984818.144855315],[-14192430.316916062,-8983437.408627838],[-14192430.316916062,-8979295.65453051],[-14192430.316916062,-8972394.246084873],[-14192430.316916062,-8962735.455048032],[-14192430.316916062,-8950322.460245615],[-14192430.316916062,-8935159.34594037],[-14192430.316916062,-8917251.09973887],[-14192430.316916062,-8896603.6100393],[-14192430.316916062,-8873223.663024236],[-14192430.316916062,-8847118.939202784],[-14192430.316916062,-8818298.009507198],[-14192430.316916062,-8786770.330949672],[-14192430.316916062,-8752546.241845708],[-14192430.316916062,-8715636.956610948],[-14192430.316916062,-8676054.56013897],[-14192430.316916062,-8633812.001768263],[-14192430.316916062,-8588923.08884686],[-14192430.316916062,-8541402.479903854],[-14192430.316916062,-8491265.677437361],[-14192430.316916062,-8438529.020329097],[-14192430.316916062,-8383209.675896025],[-14192430.316916062,-8325325.631590038],[-14192430.316916062,-8264895.686356959],[-14192430.316916062,-8201939.441666556],[-14192430.316916062,-8136477.292225475],[-14192430.316916062,-8068530.416385416],[-14192430.316916062,-7998120.7662590025],[-14192430.316916062,-7925271.05755608],[-14192430.316916062,-7850004.759153425],[-14192430.316916062,-7772346.082410755],[-14192430.316916062,-7692319.970246458],[-14192430.316916062,-7609952.085986107],[-14192430.316916062,-7525268.801997199],[-14192430.316916062,-7438297.188123452],[-14192430.316916062,-7349064.999931978],[-14192430.316916062,-7257600.666786577],[-14192430.316916062,-7163933.27976055],[-14192430.316916062,-7068092.579401885],[-14192430.316916062,-6970108.9433640335],[-14192430.316916062,-6870013.373914981],[-14192430.316916062,-6767837.4853372285],[-14192430.316916062,-6663613.491231112],[-14192430.316916062,-6557374.191733645],[-14192430.316916062,-6449152.960664774],[-14192430.316916062,-6338983.732612475],[-14192430.316916062,-6226900.989968254],[-14192430.316916062,-6112939.749923693],[-14192430.316916062,-5997135.551438787],[-14192430.316916062,-5879524.4421921605],[-14192430.316916062,-5760142.965522984],[-14192430.316916062,-5639028.147373991],[-14192430.316916062,-5516217.4832444],[-14192430.316916062,-5391748.925161433],[-14192430.316916062,-5265660.868678237],[-14192430.316916062,-5137992.139905967],[-14192430.316916062,-5008781.982586948],[-14192430.316916062,-4878070.04521565],[-14192430.316916062,-4745896.368213517],[-14192430.316916062,-4612301.3711631745],[-14192430.316916062,-4477325.840107322],[-14192430.316916062,-4341010.914916655],[-14192430.316916062,-4203398.076731157],[-14192430.316916062,-4064529.135478162],[-14192430.316916062,-3924446.2174703265],[-14192430.316916062,-3783191.753086196],[-14192430.316916062,-3640808.464535282],[-14192430.316916062,-3497339.3537093885],[-14192430.316916062,-3352827.6901212633],[-14192430.316916062,-3207316.998931182],[-14192430.316916062,-3060851.0490617333],[-14192430.316916062,-2913473.8414004412],[-14192430.316916062,-2765229.597089508],[-14192430.316916062,-2616162.745901699],[-14192430.316916062,-2466317.914700531],[-14192430.316916062,-2315739.9159830622],[-14192430.316916062,-2164473.7365028],[-14192430.316916062,-2012564.525970009],[-14192430.316916062,-1860057.5858264181],[-14192430.316916062,-1706998.3580909092],[-14192430.316916062,-1553432.4142724124],[-14192430.316916062,-1399405.444346084],[-14192430.316916062,-1244963.245788441],[-14192430.316916062,-1090151.7126668915],[-14192430.316916062,-935016.8247789491],[-14192430.316916062,-779604.6368361104],[-14192430.316916062,-623961.2676872858],[-14192430.316916062,-468132.8895762734],[-14192430.316916062,-312165.71742811956],[-14192430.316916062,-156105.99815838714],[-14192430.316916062,0],[-14192430.316916062,156105.99815838764],[-14192430.316916062,312165.71742811706],[-14192430.316916062,468132.88957627426],[-14192430.316916062,623961.2676872868],[-14192430.316916062,779604.6368361108],[-14192430.316916062,935016.8247789458],[-14192430.316916062,1090151.712666888],[-14192430.316916062,1244963.2457884399],[-14192430.316916062,1399405.4443460873],[-14192430.316916062,1553432.414272417],[-14192430.316916062,1706998.358090908],[-14192430.316916062,1860057.5858264174],[-14192430.316916062,2012564.525970011],[-14192430.316916062,2164473.7365028],[-14192430.316916062,2315739.915983064],[-14192430.316916062,2466317.91470053],[-14192430.316916062,2616162.745901699],[-14192430.316916062,2765229.59708951],[-14192430.316916062,2913473.8414004412],[-14192430.316916062,3060851.049061737],[-14192430.316916062,3207316.998931182],[-14192430.316916062,3352827.69012126],[-14192430.316916062,3497339.353709388],[-14192430.316916062,3640808.4645352834],[-14192430.316916062,3783191.753086197],[-14192430.316916062,3924446.217470327],[-14192430.316916062,4064529.1354781603],[-14192430.316916062,4203398.076731158],[-14192430.316916062,4341010.914916655],[-14192430.316916062,4477325.840107319],[-14192430.316916062,4612301.371163175],[-14192430.316916062,4745896.368213514],[-14192430.316916062,4878070.04521565],[-14192430.316916062,5008781.982586946],[-14192430.316916062,5137992.139905969],[-14192430.316916062,5265660.868678238],[-14192430.316916062,5391748.9251614325],[-14192430.316916062,5516217.483244402],[-14192430.316916062,5639028.14737399],[-14192430.316916062,5760142.965522983],[-14192430.316916062,5879524.4421921605],[-14192430.316916062,5997135.551438791],[-14192430.316916062,6112939.749923695],[-14192430.316916062,6226900.989968257],[-14192430.316916062,6338983.732612475],[-14192430.316916062,6449152.960664772],[-14192430.316916062,6557374.191733645],[-14192430.316916062,6663613.491231109],[-14192430.316916062,6767837.4853372285],[-14192430.316916062,6870013.373914984],[-14192430.316916062,6970108.943364033],[-14192430.316916062,7068092.579401883],[-14192430.316916062,7163933.279760547],[-14192430.316916062,7257600.666786577],[-14192430.316916062,7349064.999931978],[-14192430.316916062,7438297.188123454],[-14192430.316916062,7525268.801997198],[-14192430.316916062,7609952.085986107],[-14192430.316916062,7692319.9702464575],[-14192430.316916062,7772346.08241075],[-14192430.316916062,7850004.759153425],[-14192430.316916062,7925271.0575560825],[-14192430.316916062,7998120.766259],[-14192430.316916062,8068530.416385416],[-14192430.316916062,8136477.292225478],[-14192430.316916062,8201939.441666555],[-14192430.316916062,8264895.686356961],[-14192430.316916062,8325325.631590038],[-14192430.316916062,8383209.675896026],[-14192430.316916062,8438529.020329095],[-14192430.316916062,8491265.677437361],[-14192430.316916062,8541402.479903856],[-14192430.316916062,8588923.088846862],[-14192430.316916062,8633812.001768261],[-14192430.316916062,8676054.56013897],[-14192430.316916062,8715636.956610948],[-14192430.316916062,8752546.24184571],[-14192430.316916062,8786770.330949673],[-14192430.316916062,8818298.009507198],[-14192430.316916062,8847118.939202785],[-14192430.316916062,8873223.663024234],[-14192430.316916062,8896603.610039297],[-14192430.316916062,8917251.09973887],[-14192430.316916062,8935159.345940368],[-14192430.316916062,8950322.460245615],[-14192430.316916062,8962735.455048028],[-14192430.316916062,8972394.246084873],[-14192430.316916062,8979295.654530507],[-14192430.316916062,8983437.408627842],[-14192430.316916062,8984818.14485532]]},"properties":{"type":"meridian","value":-180}},
{"type":"Feature","geometry":{"type":"LineString","coordinates":[[-13009727.79050639,-8984818.144855315],[-13009727.79050639,-8983437.408627838],[-13009727.79050639,-8979295.65453051],[-13009727.79050639,-8972394.246084873],[-13009727.79050639,-8962735.455048032],[-13009727.79050639,-8950322.460245615],[-13009727.79050639,-8935159.34594037],[-13009727.79050639,-8917251.09973887],[-13009727.79050639,-8896603.6100393],[-13009727.79050639,-8873223.663024236],[-13009727.79050639,-8847118.939202784],[-13009727.79050639,-8818298.009507198],[-13009727.79050639,-8786770.330949672],[-13009727.79050639,-8752546.241845708],[-13009727.79050639,-8715636.956610948],[-13009727.79050639,-8676054.56013897],[-13009727.79050639,-8633812.001768263],[-13009727.79050639,-8588923.08884686],[-13009727.79050639,-8541402.479903854],[-13009727.79050639,-8491265.677437361],[-13009727.79050639,-8438529.020329097],[-13009727.79050639,-8383209.675896025],[-13009727.79050639,-8325325.631590038],[-13009727.79050639,-8264895.686356959],[-13009727.79050639,-8201939.441666556],[-13009727.79050639,-8136477.292225475],[-13009727.79050639,-8068530.416385416],[-13009727.79050639,-7998120.7662590025],[-13009727.79050639,-7925271.05755608],[-13009727.79050639,-7850004.759153425],[-13009727.79050639,-7772346.082410755],[-13009727.79050639,-7692319.970246458],[-13009727.79050639,-7609952.085986107],[-13009727.79050639,-7525268.801997199],[-13009727.79050639,-7438297.188123452],[-13009727.79050639,-7349064.999931978],[-13009727.79050639,-7257600.666786577],[-13009727.79050639,-7163933.27976055],[-13009727.79050639,-7068092.579401885],[-13009727.79050639,-6970108.9433640335],[-13009727.79050639,-6870013.373914981],[-13009727.79050639,-6767837.4853372285],[-13009727.79050639,-6663613.491231112],[-13009727.79050639,-6557374.191733645],[-13009727.79050639,-6449152.960664774],[-13009727.79050639,-6338983.732612475],[-13009727.79050639,-6226900.989968254],[-13009727.79050639,-6112939.749923693],[-13009727.79050639,-5997135.551438787],[-13009727.79050639,-5879524.4421921605],[-13009727.79050639,-5760142.965522984],[-13009727.79050639,-5639028.147373991],[-13009727.79050639,-5516217.4832444],[-13009727.79050639,-5391748.925161433],[-13009727.79050639,-5265660.868678237],[-13009727.79050639,-5137992.139905967],[-13009727.79050639,-5008781.982586948],[-13009727.79050639,-4878070.04521565],[-13009727.79050639,-4745896.368213517],[-13009727.79050639,-4612301.3711631745],[-13009727.79050639,-4477325.840107322],[-13009727.79050639,-4341010.914916655],[-13009727.79050639,-4203398.076731157],[-13009727.79050639,-4064529.135478162],[-13009727.79050639,-3924446.2174703265],[-13009727.79050639,-3783191.753086196],[-13009727.79050639,-3640808.464535282],[-13009727.79050639,-3497339.3537093885],[-13009727.79050639,-3352827.6901212633],[-13009727.79050639,-3207316.998931182],[-13009727.79050639,-3060851.0490617333],[-13009727.79050639,-2913473.8414004412],[-13009727.79050639,-2765229.597089508],[-13009727.79050639,-2616162.745901699],[-13009727.79050639,-2466317.914700531],[-13009727.79050639,-2315739.9159830622],[-13009727.79050639,-2164473.7365028],[-13009727.79050639,-2012564.525970009],[-13009727.79050639,-1860057.5858264181],[-13009727.79050639,-1706998.3580909092],[-13009727.79050639,-1553432.4142724124],[-13009727.79050639,-1399405.444346084],[-13009727.79050639,-1244963.245788441],[-13009727.79050639,-1090151.7126668915],[-13009727.79050639,-935016.8247789491],[-13009727.79050639,-779604.6368361104],[-13009727.79050639,-623961.2676872858],[-13009727.79050639,-468132.8895762734],[-13009727.79050639,-312165.71742811956],[-13009727.79050639,-156105.99815838714],[-13009727.79050639,0],[-13009727.79050639,156105.99815838764],[-13009727.79050639,312165.71742811706],[-13009727.79050639,468132.88957627426],[-13009727.79050639,623961.2676872868],[-13009727.79050639,779604.6368361108],[-13009727.79050639,935016.8247789458],[-13009727.79050639,1090151.712666888],[-13009727.79050639,1244963.2457884399],[-13009727.79050639,1399405.4443460873],[-13009727.79050639,1553432.414272417],[-13009727.79050639,1706998.358090908],[-13009727.79050639,1860057.5858264174],[-13009727.79050639,2012564.525970011],[-13009727.79050639,2164473.7365028],[-13009727.79050639,2315739.915983064],[-13009727.79050639,2466317.91470053],[-13009727.79050639,2616162.745901699],[-13009727.79050639,2765229.59708951],[-13009727.79050639,2913473.8414004412],[-13009727.79050639,3060851.049061737],[-13009727.79050639,3207316.998931182],[-13009727.79050639,3352827.69012126],[-13009727.79050639,3497339.353709388],[-13009727.79050639,3640808.4645352834],[-13009727.79050639,3783191.753086197],[-13009727.79050639,3924446.217470327],[-13009727.79050639,4064529.1354781603],[-13009727.79050639,4203398.076731158],[-13009727.79050639,4341010.914916655],[-13009727.79050639,4477325.840107319],[-13009727.79050639,4612301.371163175],[-13009727.79050639,4745896.368213514],[-13009727.79050639,4878070.04521565],[-13009727.79050639,5008781.982586946],[-13009727.79050639,5137992.139905969],[-13009727.79050639,5265660.868678238],[-13009727.79050639,5391748.9251614325],[-13009727.79050639,5516217.483244402],[-13009727.79050639,5639028.14737399],[-13009727.79050639,5760142.965522983],[-13009727.79050639,5879524.4421921605],[-13009727.79050639,5997135.551438791],[-13009727.79050639,6112939.749923695],[-13009727.79050639,6226900.989968257],[-13009727.79050639,6338983.732612475],[-13009727.79050639,6449152.960664772],[-13009727.79050639,6557374.191733645],[-13009727.79050639,6663613.491231109],[-13009727.79050639,6767837.4853372285],[-13009727.79050639,6870013.373914984],[-13009727.79050639,6970108.943364033],[-13009727.79050639,7068092.579401883],[-13009727.79050639,7163933.279760547],[-13009727.79050639,7257600.666786577],[-13009727.79050639,7349064.999931978],[-13009727.79050639,7438297.188123454],[-13009727.79050639,7525268.801997198],[-13009727.79050639,7609952.085986107],[-13009727.79050639,7692319.9702464575],[-13009727.79050639,7772346.08241075],[-13009727.79050639,7850004.759153425],[-13009727.79050639,7925271.0575560825],[-13009727.79050639,7998120.766259],[-13009727.79050639,8068530.416385416],[-13009727.79050639,8136477.292225478],[-13009727.79050639,8201939.441666555],[-13009727.79050639,8264895.686356961],[-13009727.79050639,8325325.631590038],[-13009727.79050639,8383209.675896026],[-13009727.79050639,8438529.020329095],[-13009727.79050639,8491265.677437361],[-13009727.79050639,8541402.479903856],[-13009727.79050639,8588923.088846862],[-13009727.79050639,8633812.001768261],[-13009727.79050639,8676054.56013897],[-13009727.79050639,8715636.956610948],[-13009727.79050639,8752546.24184571],[-13009727.79050639,8786770.330949673],[-13009727.79050639,8818298.009507198],[-13009727.79050639,8847118.939202785],[-13009727.79050639,8873223.663024234],[-13009727.79050639,8896603.610039297],[-13009727.79050639,8917251.09973887],[-13009727.79050639,8935159.345940368],[-13009727.79050639,8950322.460245615],[-13009727.79050639,8962735.455048028],[-13009727.79050639,8972394.246084873],[-13009727.79050639,8979295.654530507],[-13009727.79050639,8983437.408627842],[-13009727.79050639,8984818.14485532]]},"properties":{"type":"meridian","value":-165}},
{"type":"Feature","geometry":{"type":"LineString","coordinates":[[-11827025.264096718,-8984818.144855315],[-11827025.264096718,-8983437.408627838],[-11827025.264096718,-8979295.65453051],[-11827025.264096718,-8972394.246084873],[-11827025.264096718,-8962735.455048032],[-11827025.264096718,-8950322.460245615],[-11827025.264096718,-8935159.34594037],[-11827025.264096718,-8917251.09973887],[-11827025.264096718,-8896603.6100393],[-11827025.264096718,-8873223.663024236],[-11827025.264096718,-8847118.939202784],[-11827025.264096718,-8818298.009507198],[-11827025.264096718,-8786770.330949672],[-11827025.264096718,-8752546.241845708],[-11827025.264096718,-8715636.956610948],[-11827025.264096718,-8676054.56013897],[-11827025.264096718,-8633812.001768263],[-11827025.264096718,-8588923.08884686],[-11827025.264096718,-8541402.479903854],[-11827025.264096718,-8491265.677437361],[-11827025.264096718,-8438529.020329097],[-11827025.264096718,-8383209.675896025],[-11827025.264096718,-8325325.631590038],[-11827025.264096718,-8264895.686356959],[-11827025.264096718,-8201939.441666556],[-11827025.264096718,-8136477.292225475],[-11827025.264096718,-8068530.416385416],[-11827025.264096718,-7998120.7662590025],[-11827025.264096718,-7925271.05755608],[-11827025.264096718,-7850004.759153425],[-11827025.264096718,-7772346.082410755],[-11827025.264096718,-7692319.970246458],[-11827025.264096718,-7609952.085986107],[-11827025.264096718,-7525268.801997199],[-11827025.264096718,-7438297.188123452],[-11827025.264096718,-7349064.999931978],[-11827025.264096718,-7257600.666786577],[-11827025.264096718,-7163933.27976055],[-11827025.264096718,-7068092.579401885],[-11827025.264096718,-6970108.9433640335],[-11827025.264096718,-6870013.373914981],[-11827025.264096718,-6767837.4853372285],[-11827025.264096718,-6663613.491231112],[-11827025.264096718,-6557374.191733645],[-11827025.264096718,-6449152.960664774],[-11827025.264096718,-6338983.732612475],[-11827025.264096718,-6226900.989968254],[-11827025.264096718,-6112939.749923693],[-11827025.264096718,-5997135.551438787],[-11827025.264096718,-5879524.4421921605],[-11827025.264096718,-5760142.965522984],[-11827025.264096718,-5639028.147373991],[-11827025.264096718,-5516217.4832444],[-11827025.264096718,-5391748.925161433],[-11827025.264096718,-5265660.868678237],[-11827025.264096718,-5137992.139905967],[-11827025.264096718,-5008781.982586948],[-11827025.264096718,-4878070.04521565],[-11827025.264096718,-4745896.368213517],[-11827025.264096718,-4612301.3711631745],[-11827025.264096718,-4477325.840107322],[-11827025.264096718,-4341010.914916655],[-11827025.264096718,-4203398.076731157],[-11827025.264096718,-4064529.135478162],[-11827025.264096718,-3924446.2174703265],[-11827025.264096718,-3783191.753086196],[-11827025.264096718,-3640808.464535282],[-11827025.264096718,-3497339.3537093885],[-11827025.264096718,-3352827.6901212633],[-11827025.264096718,-3207316.998931182],[-11827025.264096718,-3060851.0490617333],[-11827025.264096718,-2913473.8414004412],[-11827025.264096718,-2765229.597089508],[-11827025.264096718,-2616162.745901699],[-11827025.264096718,-2466317.914700531],[-11827025.264096718,-2315739.9159830622],[-11827025.264096718,-2164473.7365028],[-11827025.264096718,-2012564.525970009],[-11827025.264096718,-1860057.5858264181],[-11827025.264096718,-1706998.3580909092],[-11827025.264096718,-1553432.4142724124],[-11827025.264096718,-1399405.444346084],[-11827025.264096718,-1244963.245788441],[-11827025.264096718,-1090151.7126668915],[-11827025.264096718,-935016.8247789491],[-11827025.264096718,-779604.6368361104],[-11827025.264096718,-623961.2676872858],[-11827025.264096718,-468132.8895762734],[-11827025.264096718,-312165.71742811956],[-11827025.264096718,-156105.99815838714],[-11827025.264096718,0],[-11827025.264096718,156105.99815838764],[-11827025.264096718,312165.71742811706],[-11827025.264096718,468132.88957627426],[-11827025.264096718,623961.2676872868],[-11827025.264096718,779604.6368361108],[-11827025.264096718,935016.8247789458],[-11827025.264096718,1090151.712666888],[-11827025.264096718,1244963.2457884399],[-11827025.264096718,1399405.4443460873],[-11827025.264096718,1553432.414272417],[-11827025.264096718,1706998.358090908],[-11827025.264096718,1860057.5858264174],[-11827025.264096718,2012564.525970011],[-11827025.264096718,2164473.7365028],[-11827025.264096718,2315739.915983064],[-11827025.264096718,2466317.91470053],[-11827025.264096718,2616162.745901699],[-11827025.264096718,2765229.59708951],[-11827025.264096718,2913473.8414004412],[-11827025.264096718,3060851.049061737],[-11827025.264096718,3207316.998931182],[-11827025.264096718,3352827.69012126],[-11827025.264096718,3497339.353709388],[-11827025.264096718,3640808.4645352834],[-11827025.264096718,3783191.753086197],[-11827025.264096718,3924446.217470327],[-11827025.264096718,4064529.1354781603],[-11827025.264096718,4203398.076731158],[-11827025.264096718,4341010.914916655],[-11827025.264096718,4477325.840107319],[-11827025.264096718,4612301.371163175],[-11827025.264096718,4745896.368213514],[-11827025.264096718,4878070.04521565],[-11827025.264096718,5008781.982586946],[-11827025.264096718,5137992.139905969],[-11827025.264096718,5265660.868678238],[-11827025.264096718,5391748.9251614325],[-11827025.264096718,5516217.483244402],[-11827025.264096718,5639028.14737399],[-11827025.264096718,5760142.965522983],[-11827025.264096718,5879524.4421921605],[-11827025.264096718,5997135.551438791],[-11827025.264096718,6112939.749923695],[-11827025.264096718,6226900.989968257],[-11827025.264096718,6338983.732612475],[-11827025.264096718,6449152.960664772],[-11827025.264096718,6557374.191733645],[-11827025.264096718,6663613.491231109],[-11827025.264096718,6767837.4853372285],[-11827025.264096718,6870013.373914984],[-11827025.264096718,6970108.943364033],[-11827025.264096718,7068092.579401883],[-11827025.264096718,7163933.279760547],[-11827025.264096718,7257600.666786577],[-11827025.264096718,7349064.999931978],[-11827025.264096718,7438297.188123454],[-11827025.264096718,7525268.801997198],[-11827025.264096718,7609952.085986107],[-11827025.264096718,7692319.9702464575],[-11827025.264096718,7772346.08241075],[-11827025.264096718,7850004.759153425],[-11827025.264096718,7925271.0575560825],[-11827025.264096718,7998120.766259],[-11827025.264096718,8068530.416385416],[-11827025.264096718,8136477.292225478],[-11827025.264096718,8201939.441666555],[-11827025.264096718,8264895.686356961],[-11827025.264096718,8325325.631590038],[-11827025.264096718,8383209.675896026],[-11827025.264096718,8438529.020329095],[-11827025.264096718,8491265.677437361],[-11827025.264096718,8541402.479903856],[-11827025.264096718,8588923.088846862],[-11827025.264096718,8633812.001768261],[-11827025.264096718,8676054.56013897],[-11827025.264096718,8715636.956610948],[-11827025.264096718,8752546.24184571],[-11827025.264096718,8786770.330949673],[-11827025.264096718,8818298.009507198],[-11827025.264096718,8847118.939202785],[-11827025.264096718,8873223.663024234],[-11827025.264096718,8896603.610039297],[-11827025.264096718,8917251.09973887],[-11827025.264096718,8935159.345940368],[-11827025.264096718,8950322.460245615],[-11827025.264096718,8962735.455048028],[-11827025.264096718,8972394.246084873],[-11827025.264096718,8979295.654530507],[-11827025.264096718,8983437.408627842],[-11827025.264096718,8984818.14485532]]},"properties":{"type":"meridian","value":-150}},
{"type":"Feature","geometry":{"type":"LineString","coordinates":[[-10644322.737687046,-8984818.144855315],[-10644322.737687046,-8983437.408627838],[-10644322.737687046,-8979295.65453051],[-10644322.737687046,-8972394.246084873],[-10644322.737687046,-8962735.455048032],[-10644322.737687046,-8950322.460245615],[-10644322.737687046,-8935159.34594037],[-10644322.737687046,-8917251.09973887],[-10644322.737687046,-8896603.6100393],[-10644322.737687046,-8873223.663024236],[-10644322.737687046,-8847118.939202784],[-10644322.737687046,-8818298.009507198],[-10644322.737687046,-8786770.330949672],[-10644322.737687046,-8752546.241845708],[-10644322.737687046,-8715636.956610948],[-10644322.737687046,-8676054.56013897],[-10644322.737687046,-8633812.001768263],[-10644322.737687046,-8588923.08884686],[-10644322.737687046,-8541402.479903854],[-10644322.737687046,-8491265.677437361],[-10644322.737687046,-8438529.020329097],[-10644322.737687046,-8383209.675896025],[-10644322.737687046,-8325325.631590038],[-10644322.737687046,-8264895.686356959],[-10644322.737687046,-8201939.441666556],[-10644322.737687046,-8136477.292225475],[-10644322.737687046,-8068530.416385416],[-10644322.737687046,-7998120.7662590025],[-10644322.737687046,-7925271.05755608],[-10644322.737687046,-7850004.759153425],[-10644322.737687046,-7772346.082410755],[-10644322.737687046,-7692319.970246458],[-10644322.737687046,-7609952.085986107],[-10644322.737687046,-7525268.801997199],[-10644322.737687046,-7438297.188123452],[-10644322.737687046,-7349064.999931978],[-10644322.737687046,-7257600.666786577],[-10644322.737687046,-7163933.27976055],[-10644322.737687046,-7068092.579401885],[-10644322.737687046,-6970108.9433640335],[-10644322.737687046,-6870013.373914981],[-10644322.737687046,-6767837.4853372285],[-10644322.737687046,-6663613.491231112],[-10644322.737687046,-6557374.191733645],[-10644322.737687046,-6449152.960664774],[-10644322.737687046,-6338983.732612475],[-10644322.737687046,-6226900.989968254],[-10644322.737687046,-6112939.749923693],[-10644322.737687046,-5997135.551438787],[-10644322.737687046,-5879524.4421921605],[-10644322.737687046,-5760142.965522984],[-10644322.737687046,-5639028.147373991],[-10644322.737687046,-5516217.4832444],[-10644322.737687046,-5391748.925161433],[-10644322.737687046,-5265660.868678237],[-10644322.737687046,-5137992.139905967],[-10644322.737687046,-5008781.982586948],[-10644322.737687046,-4878070.04521565],[-10644322.737687046,-4745896.368213517],[-10644322.737687046,-4612301.3711631745],[-10644322.737687046,-4477325.840107322],[-10644322.737687046,-4341010.914916655],[-10644322.737687046,-4203398.076731157],[-10644322.737687046,-4064529.135478162],[-10644322.737687046,-3924446.2174703265],[-10644322.737687046,-3783191.753086196],[-10644322.737687046,-3640808.464535282],[-10644322.737687046,-3497339.3537093885],[-10644322.737687046,-3352827.6901212633],[-10644322.737687046,-3207316.998931182],[-10644322.737687046,-3060851.0490617333],[-10644322.737687046,-2913473.8414004412],[-10644322.737687046,-2765229.597089508],[-10644322.737687046,-2616162.745901699],[-10644322.737687046,-2466317.914700531],[-10644322.737687046,-2315739.9159830622],[-10644322.737687046,-2164473.7365028],[-10644322.737687046,-2012564.525970009],[-10644322.737687046,-1860057.5858264181],[-10644322.737687046,-1706998.3580909092],[-10644322.737687046,-1553432.4142724124],[-10644322.737687046,-1399405.444346084],[-10644322.737687046,-1244963.245788441],[-10644322.737687046,-1090151.7126668915],[-10644322.737687046,-935016.8247789491],[-10644322.737687046,-779604.6368361104],[-10644322.737687046,-623961.2676872858],[-10644322.737687046,-468132.8895762734],[-10644322.737687046,-312165.71742811956],[-10644322.737687046,-156105.99815838714],[-10644322.737687046,0],[-10644322.737687046,156105.99815838764],[-10644322.737687046,312165.71742811706],[-10644322.737687046,468132.88957627426],[-10644322.737687046,623961.2676872868],[-10644322.737687046,779604.6368361108],[-10644322.737687046,935016.8247789458],[-10644322.737687046,1090151.712666888],[-10644322.737687046,1244963.2457884399],[-10644322.737687046,1399405.4443460873],[-10644322.737687046,1553432.414272417],[-10644322.737687046,1706998.358090908],[-10644322.737687046,1860057.5858264174],[-10644322.737687046,2012564.525970011],[-10644322.737687046,2164473.7365028],[-10644322.737687046,2315739.915983064],[-10644322.737687046,2466317.91470053],[-10644322.737687046,2616162.745901699],[-10644322.737687046,2765229.59708951],[-10644322.737687046,2913473.8414004412],[-10644322.737687046,3060851.049061737],[-10644322.737687046,3207316.998931182],[-10644322.737687046,3352827.69012126],[-10644322.737687046,3497339.353709388],[-10644322.737687046,3640808.4645352834],[-10644322.737687046,3783191.753086197],[-10644322.737687046,3924446.217470327],[-10644322.737687046,4064529.1354781603],[-10644322.737687046,4203398.076731158],[-10644322.737687046,4341010.914916655],[-10644322.737687046,4477325.840107319],[-10644322.737687046,4612301.371163175],[-10644322.737687046,4745896.368213514],[-10644322.737687046,4878070.04521565],[-10644322.737687046,5008781.982586946],[-10644322.737687046,5137992.139905969],[-10644322.737687046,5265660.868678238],[-10644322.737687046,5391748.9251614325],[-10644322.737687046,5516217.483244402],[-10644322.737687046,5639028.14737399],[-10644322.737687046,5760142.965522983],[-10644322.737687046,5879524.4421921605],[-10644322.737687046,5997135.551438791],[-10644322.737687046,6112939.749923695],[-10644322.737687046,6226900.989968257],[-10644322.737687046,6338983.732612475],[-10644322.737687046,6449152.960664772],[-10644322.737687046,6557374.191733645],[-10644322.737687046,6663613.491231109],[-10644322.737687046,6767837.4853372285],[-10644322.737687046,6870013.373914984],[-10644322.737687046,6970108.943364033],[-10644322.737687046,7068092.579401883],[-10644322.737687046,7163933.279760547],[-10644322.737687046,7257600.666786577],[-10644322.737687046,7349064.999931978],[-10644322.737687046,7438297.188123454],[-10644322.737687046,7525268.801997198],[-10644322.737687046,7609952.085986107],[-10644322.737687046,7692319.9702464575],[-10644322.737687046,7772346.08241075],[-10644322.737687046,7850004.759153425],[-10644322.737687046,7925271.0575560825],[-10644322.737687046,7998120.766259],[-10644322.737687046,8068530.416385416],[-10644322.737687046,8136477.292225478],[-10644322.737687046,8201939.441666555],[-10644322.737687046,8264895.686356961],[-10644322.737687046,8325325.631590038],[-10644322.737687046,8383209.675896026],[-10644322.737687046,8438529.020329095],[-10644322.737687046,8491265.677437361],[-10644322.737687046,8541402.479903856],[-10644322.737687046,8588923.088846862],[-10644322.737687046,8633812.001768261],[-10644322.737687046,8676054.56013897],[-10644322.737687046,8715636.956610948],[-10644322.737687046,8752546.24184571],[-10644322.737687046,8786770.330949673],[-10644322.737687046,8818298.009507198],[-10644322.737687046,8847118.939202785],[-10644322.737687046,8873223.663024234],[-10644322.737687046,8896603.610039297],[-10644322.737687046,8917251.09973887],[-10644322.737687046,8935159.345940368],[-10644322.737687046,8950322.460245615],[-10644322.737687046,8962735.455048028],[-10644322.737687046,8972394.246084873],[-10644322.737687046,8979295.654530507],[-10644322.737687046,8983437.408627842],[-10644322.737687046,8984818.14485532]]},"properties":{"type":"meridian","value":-135}},
{"type":"Feature","geometry":{"type":"LineString","coordinates":[[-9461620.211277373,-8984818.144855315],[-9461620.211277373,-8983437.408627838],[-9461620.211277373,-8979295.65453051],[-9461620.211277373,-8972394.246084873],[-9461620.211277373,-8962735.455048032],[-9461620.211277373,-8950322.460245615],[-9461620.211277373,-8935159.34594037],[-9461620.211277373,-8917251.09973887],[-9461620.211277373,-8896603.6100393],[-9461620.211277373,-8873223.663024236],[-9461620.211277373,-8847118.939202784],[-9461620.211277373,-8818298.009507198],[-9461620.211277373,-8786770.330949672],[-9461620.211277373,-8752546.241845708],[-9461620.211277373,-8715636.956610948],[-9461620.211277373,-8676054.56013897],[-9461620.211277373,-8633812.001768263],[-9461620.211277373,-8588923.08884686],[-9461620.211277373,-8541402.479903854],[-9461620.211277373,-8491265.677437361],[-9461620.211277373,-8438529.020329097],[-9461620.211277373,-8383209.675896025],[-9461620.211277373,-8325325.631590038],[-9461620.211277373,-8264895.686356959],[-9461620.211277373,-8201939.441666556],[-9461620.211277373,-8136477.292225475],[-9461620.211277373,-8068530.416385416],[-9461620.211277373,-7998120.7662590025],[-9461620.211277373,-7925271.05755608],[-9461620.211277373,-7850004.759153425],[-9461620.211277373,-7772346.082410755],[-9461620.211277373,-7692319.970246458],[-9461620.211277373,-7609952.085986107],[-9461620.211277373,-7525268.801997199],[-9461620.211277373,-7438297.188123452],[-9461620.211277373,-7349064.999931978],[-9461620.211277373,-7257600.666786577],[-9461620.211277373,-7163933.27976055],[-9461620.211277373,-7068092.579401885],[-9461620.211277373,-6970108.9433640335],[-9461620.211277373,-6870013.373914981],[-9461620.211277373,-6767837.4853372285],[-9461620.211277373,-6663613.491231112],[-9461620.211277373,-6557374.191733645],[-9461620.211277373,-6449152.960664774],[-9461620.211277373,-6338983.732612475],[-9461620.211277373,-6226900.989968254],[-9461620.211277373,-6112939.749923693],[-9461620.211277373,-5997135.551438787],[-9461620.211277373,-5879524.4421921605],[-9461620.211277373,-5760142.965522984],[-9461620.211277373,-5639028.147373991],[-9461620.211277373,-5516217.4832444],[-9461620.211277373,-5391748.925161433],[-9461620.211277373,-5265660.868678237],[-9461620.211277373,-5137992.139905967],[-9461620.211277373,-5008781.982586948],[-9461620.211277373,-4878070.04521565],[-9461620.211277373,-4745896.368213517],[-9461620.211277373,-4612301.3711631745],[-9461620.211277373,-4477325.840107322],[-9461620.211277373,-4341010.914916655],[-9461620.211277373,-4203398.076731157],[-9461620.211277373,-4064529.135478162],[-9461620.211277373,-3924446.2174703265],[-9461620.211277373,-3783191.753086196],[-9461620.211277373,-3640808.464535282],[-9461620.211277373,-3497339.3537093885],[-9461620.211277373,-3352827.6901212633],[-9461620.211277373,-3207316.998931182],[-9461620.211277373,-3060851.0490617333],[-9461620.211277373,-2913473.8414004412],[-9461620.211277373,-2765229.597089508],[-9461620.211277373,-2616162.745901699],[-9461620.211277373,-2466317.914700531],[-9461620.211277373,-2315739.9159830622],[-9461620.211277373,-2164473.7365028],[-9461620.211277373,-2012564.525970009],[-9461620.211277373,-1860057.5858264181],[-9461620.211277373,-1706998.3580909092],[-9461620.211277373,-1553432.4142724124],[-9461620.211277373,-1399405.444346084],[-9461620.211277373,-1244963.245788441],[-9461620.211277373,-1090151.7126668915],[-9461620.211277373,-935016.8247789491],[-9461620.211277373,-779604.6368361104],[-9461620.211277373,-623961.2676872858],[-9461620.211277373,-468132.8895762734],[-9461620.211277373,-312165.71742811956],[-9461620.211277373,-156105.99815838714],[-9461620.211277373,0],[-9461620.211277373,156105.99815838764],[-9461620.211277373,312165.71742811706],[-9461620.211277373,468132.88957627426],[-9461620.211277373,623961.2676872868],[-9461620.211277373,779604.6368361108],[-9461620.211277373,935016.8247789458],[-9461620.211277373,1090151.712666888],[-9461620.211277373,1244963.2457884399],[-9461620.211277373,1399405.4443460873],[-9461620.211277373,1553432.414272417],[-9461620.211277373,1706998.358090908],[-9461620.211277373,1860057.5858264174],[-9461620.211277373,2012564.525970011],[-9461620.211277373,2164473.7365028],[-9461620.211277373,2315739.915983064],[-9461620.211277373,2466317.91470053],[-9461620.211277373,2616162.745901699],[-9461620.211277373,2765229.59708951],[-9461620.211277373,2913473.8414004412],[-9461620.211277373,3060851.049061737],[-9461620.211277373,3207316.998931182],[-9461620.211277373,3352827.69012126],[-9461620.211277373,3497339.353709388],[-9461620.211277373,3640808.4645352834],[-9461620.211277373,3783191.753086197],[-9461620.211277373,3924446.217470327],[-9461620.211277373,4064529.1354781603],[-9461620.211277373,4203398.076731158],[-9461620.211277373,4341010.914916655],[-9461620.211277373,4477325.840107319],[-9461620.211277373,4612301.371163175],[-9461620.211277373,4745896.368213514],[-9461620.211277373,4878070.04521565],[-9461620.211277373,5008781.982586946],[-9461620.211277373,5137992.139905969],[-9461620.211277373,5265660.868678238],[-9461620.211277373,5391748.9251614325],[-9461620.211277373,5516217.483244402],[-9461620.211277373,5639028.14737399],[-9461620.211277373,5760142.965522983],[-9461620.211277373,5879524.4421921605],[-9461620.211277373,5997135.551438791],[-9461620.211277373,6112939.749923695],[-9461620.211277373,6226900.989968257],[-9461620.211277373,6338983.732612475],[-9461620.211277373,6449152.960664772],[-9461620.211277373,6557374.191733645],[-9461620.211277373,6663613.491231109],[-9461620.211277373,6767837.4853372285],[-9461620.211277373,6870013.373914984],[-9461620.211277373,6970108.943364033],[-9461620.211277373,7068092.579401883],[-9461620.211277373,7163933.279760547],[-9461620.211277373,7257600.666786577],[-9461620.211277373,7349064.999931978],[-9461620.211277373,7438297.188123454],[-9461620.211277373,7525268.801997198],[-9461620.211277373,7609952.085986107],[-9461620.211277373,7692319.9702464575],[-9461620.211277373,7772346.08241075],[-9461620.211277373,7850004.759153425],[-9461620.211277373,7925271.0575560825],[-9461620.211277373,7998120.766259],[-9461620.211277373,8068530.416385416],[-9461620.211277373,8136477.292225478],[-9461620.211277373,8201939.441666555],[-9461620.211277373,8264895.686356961],[-9461620.211277373,8325325.631590038],[-9461620.211277373,8383209.675896026],[-9461620.211277373,8438529.020329095],[-9461620.211277373,8491265.677437361],[-9461620.211277373,8541402.479903856],[-9461620.211277373,8588923.088846862],[-9461620.211277373,8633812.001768261],[-9461620.211277373,8676054.56013897],[-9461620.211277373,8715636.956610948],[-9461620.211277373,8752546.24184571],[-9461620.211277373,8786770.330949673],[-9461620.211277373,8818298.009507198],[-9461620.211277373,8847118.939202785],[-9461620.211277373,8873223.663024234],[-9461620.211277373,8896603.610039297],[-9461620.211277373,8917251.09973887],[-9461620.211277373,8935159.345940368],[-9461620.211277373,8950322.460245615],[-9461620.211277373,8962735.455048028],[-9461620.211277373,8972394.246084873],[-9461620.211277373,8979295.654530507],[-9461620.211277373,8983437.408627842],[-9461620.211277373,8984818.14485532]]},"properties":{"type":"meridian","value":-120}},
{"type":"Feature","geometry":{"type":"LineString","coordinates":[[-8278917.684867703,-8984818.144855315],[-8278917.684867703,-8983437.408627838],[-8278917.684867703,-8979295.65453051],[-8278917.684867703,-8972394.246084873],[-8278917.684867703,-8962735.455048032],[-8278917.684867703,-8950322.460245615],[-8278917.684867703,-8935159.34594037],[-8278917.684867703,-8917251.09973887],[-8278917.684867703,-8896603.6100393],[-8278917.684867703,-8873223.663024236],[-8278917.684867703,-8847118.939202784],[-8278917.684867703,-8818298.009507198],[-8278917.684867703,-8786770.330949672],[-8278917.684867703,-8752546.241845708],[-8278917.684867703,-8715636.956610948],[-8278917.684867703,-8676054.56013897],[-8278917.684867703,-8633812.001768263],[-8278917.684867703,-8588923.08884686],[-8278917.684867703,-8541402.479903854],[-8278917.684867703,-8491265.677437361],[-8278917.684867703,-8438529.020329097],[-8278917.684867703,-8383209.675896025],[-8278917.684867703,-8325325.631590038],[-8278917.684867703,-8264895.686356959],[-8278917.684867703,-8201939.441666556],[-8278917.684867703,-8136477.292225475],[-8278917.684867703,-8068530.416385416],[-8278917.684867703,-7998120.7662590025],[-8278917.684867703,-7925271.05755608],[-8278917.684867703,-7850004.759153425],[-8278917.684867703,-7772346.082410755],[-8278917.684867703,-7692319.970246458],[-8278917.684867703,-7609952.085986107],[-8278917.684867703,-7525268.801997199],[-8278917.684867703,-7438297.188123452],[-8278917.684867703,-7349064.999931978],[-8278917.684867703,-7257600.666786577],[-8278917.684867703,-7163933.27976055],[-8278917.684867703,-7068092.579401885],[-8278917.684867703,-6970108.9433640335],[-8278917.684867703,-6870013.373914981],[-8278917.684867703,-6767837.4853372285],[-8278917.684867703,-6663613.491231112],[-8278917.684867703,-6557374.191733645],[-8278917.684867703,-6449152.960664774],[-8278917.684867703,-6338983.732612475],[-8278917.684867703,-6226900.989968254],[-8278917.684867703,-6112939.749923693],[-8278917.684867703,-5997135.551438787],[-8278917.684867703,-5879524.4421921605],[-8278917.684867703,-5760142.965522984],[-8278917.684867703,-5639028.147373991],[-8278917.684867703,-5516217.4832444],[-8278917.684867703,-5391748.925161433],[-8278917.684867703,-5265660.868678237],[-8278917.684867703,-5137992.139905967],[-8278917.684867703,-5008781.982586948],[-8278917.684867703,-4878070.04521565],[-8278917.684867703,-4745896.368213517],[-8278917.684867703,-4612301.3711631745],[-8278917.684867703,-4477325.840107322],[-8278917.684867703,-4341010.914916655],[-8278917.684867703,-4203398.076731157],[-8278917.684867703,-4064529.135478162],[-8278917.684867703,-3924446.2174703265],[-8278917.684867703,-3783191.753086196],[-8278917.684867703,-3640808.464535282],[-8278917.684867703,-3497339.3537093885],[-8278917.684867703,-3352827.6901212633],[-8278917.684867703,-3207316.998931182],[-8278917.684867703,-3060851.0490617333],[-8278917.684867703,-2913473.8414004412],[-8278917.684867703,-2765229.597089508],[-8278917.684867703,-2616162.745901699],[-8278917.684867703,-2466317.914700531],[-8278917.684867703,-2315739.9159830622],[-8278917.684867703,-2164473.7365028],[-8278917.684867703,-2012564.525970009],[-8278917.684867703,-1860057.5858264181],[-8278917.684867703,-1706998.3580909092],[-8278917.684867703,-1553432.4142724124],[-8278917.684867703,-1399405.444346084],[-8278917.684867703,-1244963.245788441],[-8278917.684867703,-1090151.7126668915],[-8278917.684867703,-935016.8247789491],[-8278917.684867703,-779604.6368361104],[-8278917.684867703,-623961.2676872858],[-8278917.684867703,-468132.8895762734],[-8278917.684867703,-312165.71742811956],[-8278917.684867703,-156105.99815838714],[-8278917.684867703,0],[-8278917.684867703,156105.99815838764],[-8278917.684867703,312165.71742811706],[-8278917.684867703,468132.88957627426],[-8278917.684867703,623961.2676872868],[-8278917.684867703,779604.6368361108],[-8278917.684867703,935016.8247789458],[-8278917.684867703,1090151.712666888],[-8278917.684867703,1244963.2457884399],[-8278917.684867703,1399405.4443460873],[-8278917.684867703,1553432.414272417],[-8278917.684867703,1706998.358090908],[-8278917.684867703,1860057.5858264174],[-8278917.684867703,2012564.525970011],[-8278917.684867703,2164473.7365028],[-8278917.684867703,2315739.915983064],[-8278917.684867703,2466317.91470053],[-8278917.684867703,2616162.745901699],[-8278917.684867703,2765229.59708951],[-8278917.684867703,2913473.8414004412],[-8278917.684867703,3060851.049061737],[-8278917.684867703,3207316.998931182],[-8278917.684867703,3352827.69012126],[-8278917.684867703,3497339.353709388],[-8278917.684867703,3640808.4645352834],[-8278917.684867703,3783191.753086197],[-8278917.684867703,3924446.217470327],[-8278917.684867703,4064529.1354781603],[-8278917.684867703,4203398.076731158],[-8278917.684867703,4341010.914916655],[-8278917.684867703,4477325.840107319],[-8278917.684867703,4612301.371163175],[-8278917.684867703,4745896.368213514],[-8278917.684867703,4878070.04521565],[-8278917.684867703,5008781.982586946],[-8278917.684867703,5137992.139905969],[-8278917.684867703,5265660.868678238],[-8278917.684867703,5391748.9251614325],[-8278917.684867703,5516217.483244402],[-8278917.684867703,5639028.14737399],[-8278917.684867703,5760142.965522983],[-8278917.684867703,5879524.4421921605],[-8278917.684867703,5997135.551438791],[-8278917.684867703,6112939.749923695],[-8278917.684867703,6226900.989968257],[-8278917.684867703,6338983.732612475],[-8278917.684867703,6449152.960664772],[-8278917.684867703,6557374.191733645],[-8278917.684867703,6663613.491231109],[-8278917.684867703,6767837.4853372285],[-8278917.684867703,6870013.373914984],[-8278917.684867703,6970108.943364033],[-8278917.684867703,7068092.579401883],[-8278917.684867703,7163933.279760547],[-8278917.684867703,7257600.666786577],[-8278917.684867703,7349064.999931978],[-8278917.684867703,7438297.188123454],[-8278917.684867703,7525268.801997198],[-8278917.684867703,7609952.085986107],[-8278917.684867703,7692319.9702464575],[-8278917.684867703,7772346.08241075],[-8278917.684867703,7850004.759153425],[-8278917.684867703,7925271.0575560825],[-8278917.684867703,7998120.766259],[-8278917.684867703,8068530.416385416],[-8278917.684867703,8136477.292225478],[-8278917.684867703,8201939.441666555],[-8278917.684867703,8264895.686356961],[-8278917.684867703,8325325.631590038],[-8278917.684867703,8383209.675896026],[-8278917.684867703,8438529.020329095],[-8278917.684867703,8491265.677437361],[-8278917.684867703,8541402.479903856],[-8278917.684867703,8588923.088846862],[-8278917.684867703,8633812.001768261],[-8278917.684867703,8676054.56013897],[-8278917.684867703,8715636.956610948],[-8278917.684867703,8752546.24184571],[-8278917.684867703,8786770.330949673],[-8278917.684867703,8818298.009507198],[-8278917.684867703,8847118.939202785],[-8278917.684867703,8873223.663024234],[-8278917.684867703,8896603.610039297],[-8278917.684867703,8917251.09973887],[-8278917.684867703,8935159.345940368],[-8278917.684867703,8950322.460245615],[-8278917.684867703,8962735.455048028],[-8278917.684867703,8972394.246084873],[-8278917.684867703,8979295.654530507],[-8278917.684867703,8983437.408627842],[-8278917.684867703,8984818.14485532]]},"properties":{"type":"meridian","value":-105}},
{"type":"Feature","geometry":{"type":"LineString","coordinates":[[-7096215.158458031,-8984818.144855315],[-7096215.158458031,-8983437.408627838],[-7096215.158458031,-8979295.65453051],[-7096215.158458031,-8972394.246084873],[-7096215.158458031,-8962735.455048032],[-7096215.158458031,-8950322.460245615],[-7096215.158458031,-8935159.34594037],[-7096215.158458031,-8917251.09973887],[-7096215.158458031,-8896603.6100393],[-7096215.158458031,-8873223.663024236],[-7096215.158458031,-8847118.939202784],[-7096215.158458031,-8818298.009507198],[-7096215.158458031,-8786770.330949672],[-7096215.158458031,-8752546.241845708],[-7096215.158458031,-8715636.956610948],[-7096215.158458031,-8676054.56013897],[-7096215.158458031,-8633812.001768263],[-7096215.158458031,-8588923.08884686],[-7096215.158458031,-8541402.479903854],[-7096215.158458031,-8491265.677437361],[-7096215.158458031,-8438529.020329097],[-7096215.158458031,-8383209.675896025],[-7096215.158458031,-8325325.631590038],[-7096215.158458031,-8264895.686356959],[-7096215.158458031,-8201939.441666556],[-7096215.158458031,-8136477.292225475],[-7096215.158458031,-8068530.416385416],[-7096215.158458031,-7998120.7662590025],[-7096215.158458031,-7925271.05755608],[-7096215.158458031,-7850004.759153425],[-7096215.158458031,-7772346.082410755],[-7096215.158458031,-7692319.970246458],[-7096215.158458031,-7609952.085986107],[-7096215.158458031,-7525268.801997199],[-7096215.158458031,-7438297.188123452],[-7096215.158458031,-7349064.999931978],[-7096215.158458031,-7257600.666786577],[-7096215.158458031,-7163933.27976055],[-7096215.158458031,-7068092.579401885],[-7096215.158458031,-6970108.9433640335],[-7096215.158458031,-6870013.373914981],[-7096215.158458031,-6767837.4853372285],[-7096215.158458031,-6663613.491231112],[-7096215.158458031,-6557374.191733645],[-7096215.158458031,-6449152.960664774],[-7096215.158458031,-6338983.732612475],[-7096215.158458031,-6226900.989968254],[-7096215.158458031,-6112939.749923693],[-7096215.158458031,-5997135.551438787],[-7096215.158458031,-5879524.4421921605],[-7096215.158458031,-5760142.965522984],[-7096215.158458031,-5639028.147373991],[-7096215.158458031,-5516217.4832444],[-7096215.158458031,-5391748.925161433],[-7096215.158458031,-5265660.868678237],[-7096215.158458031,-5137992.139905967],[-7096215.158458031,-5008781.982586948],[-7096215.158458031,-4878070.04521565],[-7096215.158458031,-4745896.368213517],[-7096215.158458031,-4612301.3711631745],[-7096215.158458031,-4477325.840107322],[-7096215.158458031,-4341010.914916655],[-7096215.158458031,-4203398.076731157],[-7096215.158458031,-4064529.135478162],[-7096215.158458031,-3924446.2174703265],[-7096215.158458031,-3783191.753086196],[-7096215.158458031,-3640808.464535282],[-7096215.158458031,-3497339.3537093885],[-7096215.158458031,-3352827.6901212633],[-7096215.158458031,-3207316.998931182],[-7096215.158458031,-3060851.0490617333],[-7096215.158458031,-2913473.8414004412],[-7096215.158458031,-2765229.597089508],[-7096215.158458031,-2616162.745901699],[-7096215.158458031,-2466317.914700531],[-7096215.158458031,-2315739.9159830622],[-7096215.158458031,-2164473.7365028],[-7096215.158458031,-2012564.525970009],[-7096215.158458031,-1860057.5858264181],[-7096215.158458031,-1706998.3580909092],[-7096215.158458031,-1553432.4142724124],[-7096215.158458031,-1399405.444346084],[-7096215.158458031,-1244963.245788441],[-7096215.158458031,-1090151.7126668915],[-7096215.158458031,-935016.8247789491],[-7096215.158458031,-779604.6368361104],[-7096215.158458031,-623961.2676872858],[-7096215.158458031,-468132.8895762734],[-7096215.158458031,-312165.71742811956],[-7096215.158458031,-156105.99815838714],[-7096215.158458031,0],[-7096215.158458031,156105.99815838764],[-7096215.158458031,312165.71742811706],[-7096215.158458031,468132.88957627426],[-7096215.158458031,623961.2676872868],[-7096215.158458031,779604.6368361108],[-7096215.158458031,935016.8247789458],[-7096215.158458031,1090151.712666888],[-7096215.158458031,1244963.2457884399],[-7096215.158458031,1399405.4443460873],[-7096215.158458031,1553432.414272417],[-7096215.158458031,1706998.358090908],[-7096215.158458031,1860057.5858264174],[-7096215.158458031,2012564.525970011],[-7096215.158458031,2164473.7365028],[-7096215.158458031,2315739.915983064],[-7096215.158458031,2466317.91470053],[-7096215.158458031,2616162.745901699],[-7096215.158458031,2765229.59708951],[-7096215.158458031,2913473.8414004412],[-7096215.158458031,3060851.049061737],[-7096215.158458031,3207316.998931182],[-7096215.158458031,3352827.69012126],[-7096215.158458031,3497339.353709388],[-7096215.158458031,3640808.4645352834],[-7096215.158458031,3783191.753086197],[-7096215.158458031,3924446.217470327],[-7096215.158458031,4064529.1354781603],[-7096215.158458031,4203398.076731158],[-7096215.158458031,4341010.914916655],[-7096215.158458031,4477325.840107319],[-7096215.158458031,4612301.371163175],[-7096215.158458031,4745896.368213514],[-7096215.158458031,4878070.04521565],[-7096215.158458031,5008781.982586946],[-7096215.158458031,5137992.139905969],[-7096215.158458031,5265660.868678238],[-7096215.158458031,5391748.9251614325],[-7096215.158458031,5516217.483244402],[-7096215.158458031,5639028.14737399],[-7096215.158458031,5760142.965522983],[-7096215.158458031,5879524.4421921605],[-7096215.158458031,5997135.551438791],[-7096215.158458031,6112939.749923695],[-7096215.158458031,6226900.989968257],[-7096215.158458031,6338983.732612475],[-7096215.158458031,6449152.960664772],[-7096215.158458031,6557374.191733645],[-7096215.158458031,6663613.491231109],[-7096215.158458031,6767837.4853372285],[-7096215.158458031,6870013.373914984],[-7096215.158458031,6970108.943364033],[-7096215.158458031,7068092.579401883],[-7096215.158458031,7163933.279760547],[-7096215.158458031,7257600.666786577],[-7096215.158458031,7349064.999931978],[-7096215.158458031,7438297.188123454],[-7096215.158458031,7525268.801997198],[-7096215.158458031,7609952.085986107],[-7096215.158458031,7692319.9702464575],[-7096215.158458031,7772346.08241075],[-7096215.158458031,7850004.759153425],[-7096215.158458031,7925271.0575560825],[-7096215.158458031,7998120.766259],[-7096215.158458031,8068530.416385416],[-7096215.158458031,8136477.292225478],[-7096215.158458031,8201939.441666555],[-7096215.158458031,8264895.686356961],[-7096215.158458031,8325325.631590038],[-7096215.158458031,8383209.675896026],[-7096215.158458031,8438529.020329095],[-7096215.158458031,8491265.677437361],[-7096215.158458031,8541402.479903856],[-7096215.158458031,8588923.088846862],[-7096215.158458031,8633812.001768261],[-7096215.158458031,8676054.56013897],[-7096215.158458031,8715636.956610948],[-7096215.158458031,8752546.24184571],[-7096215.158458031,8786770.330949673],[-7096215.158458031,8818298.009507198],[-7096215.158458031,8847118.939202785],[-7096215.158458031,8873223.663024234],[-7096215.158458031,8896603.610039297],[-7096215.158458031,8917251.09973887],[-7096215.158458031,8935159.345940368],[-7096215.158458031,8950322.460245615],[-7096215.158458031,8962735.455048028],[-7096215.158458031,8972394.246084873],[-7096215.158458031,8979295.654530507],[-7096215.158458031,8983437.408627842],[-7096215.158458031,8984818.14485532]]},"properties":{"type":"meridian","value":-90}},
{"type":"Feature","geometry":{"type":"LineString","coordinates":[[-5913512.632048359,-8984818.144855315],[-5913512.632048359,-8983437.408627838],[-5913512.632048359,-8979295.65453051],[-5913512.632048359,-8972394.246084873],[-5913512.632048359,-8962735.455048032],[-5913512.632048359,-8950322.460245615],[-5913512.632048359,-8935159.34594037],[-5913512.632048359,-8917251.09973887],[-5913512.632048359,-8896603.6100393],[-5913512.632048359,-8873223.663024236],[-5913512.632048359,-8847118.939202784],[-5913512.632048359,-8818298.009507198],[-5913512.632048359,-8786770.330949672],[-5913512.632048359,-8752546.241845708],[-5913512.632048359,-8715636.956610948],[-5913512.632048359,-8676054.56013897],[-5913512.632048359,-8633812.001768263],[-5913512.632048359,-8588923.08884686],[-5913512.632048359,-8541402.479903854],[-5913512.632048359,-8491265.677437361],[-5913512.632048359,-8438529.020329097],[-5913512.632048359,-8383209.675896025],[-5913512.632048359,-8325325.631590038],[-5913512.632048359,-8264895.686356959],[-5913512.632048359,-8201939.441666556],[-5913512.632048359,-8136477.292225475],[-5913512.632048359,-8068530.416385416],[-5913512.632048359,-7998120.7662590025],[-5913512.632048359,-7925271.05755608],[-5913512.632048359,-7850004.759153425],[-5913512.632048359,-7772346.082410755],[-5913512.632048359,-7692319.970246458],[-5913512.632048359,-7609952.085986107],[-5913512.632048359,-7525268.801997199],[-5913512.632048359,-7438297.188123452],[-5913512.632048359,-7349064.999931978],[-5913512.632048359,-7257600.666786577],[-5913512.632048359,-7163933.27976055],[-5913512.632048359,-7068092.579401885],[-5913512.632048359,-6970108.9433640335],[-5913512.632048359,-6870013.373914981],[-5913512.632048359,-6767837.4853372285],[-5913512.632048359,-6663613.491231112],[-5913512.632048359,-6557374.191733645],[-5913512.632048359,-6449152.960664774],[-5913512.632048359,-6338983.732612475],[-5913512.632048359,-6226900.989968254],[-5913512.632048359,-6112939.749923693],[-5913512.632048359,-5997135.551438787],[-5913512.632048359,-5879524.4421921605],[-5913512.632048359,-5760142.965522984],[-5913512.632048359,-5639028.147373991],[-5913512.632048359,-5516217.4832444],[-5913512.632048359,-5391748.925161433],[-5913512.632048359,-5265660.868678237],[-5913512.632048359,-5137992.139905967],[-5913512.632048359,-5008781.982586948],[-5913512.632048359,-4878070.04521565],[-5913512.632048359,-4745896.368213517],[-5913512.632048359,-4612301.3711631745],[-5913512.632048359,-4477325.840107322],[-5913512.632048359,-4341010.914916655],[-5913512.632048359,-4203398.076731157],[-5913512.632048359,-4064529.135478162],[-5913512.632048359,-3924446.2174703265],[-5913512.632048359,-3783191.753086196],[-5913512.632048359,-3640808.464535282],[-5913512.632048359,-3497339.3537093885],[-5913512.632048359,-3352827.6901212633],[-5913512.632048359,-3207316.998931182],[-5913512.632048359,-3060851.0490617333],[-5913512.632048359,-2913473.8414004412],[-5913512.632048359,-2765229.597089508],[-5913512.632048359,-2616162.745901699],[-5913512.632048359,-2466317.914700531],[-5913512.632048359,-2315739.9159830622],[-5913512.632048359,-2164473.7365028],[-5913512.632048359,-2012564.525970009],[-5913512.632048359,-1860057.5858264181],[-5913512.632048359,-1706998.3580909092],[-5913512.632048359,-1553432.4142724124],[-5913512.632048359,-1399405.444346084],[-5913512.632048359,-1244963.245788441],[-5913512.632048359,-1090151.7126668915],[-5913512.632048359,-935016.8247789491],[-5913512.632048359,-779604.6368361104],[-5913512.632048359,-623961.2676872858],[-5913512.632048359,-468132.8895762734],[-5913512.632048359,-312165.71742811956],[-5913512.632048359,-156105.99815838714],[-5913512.632048359,0],[-5913512.632048359,156105.99815838764],[-5913512.632048359,312165.71742811706],[-5913512.632048359,468132.88957627426],[-5913512.632048359,623961.2676872868],[-5913512.632048359,779604.6368361108],[-5913512.632048359,935016.8247789458],[-5913512.632048359,1090151.712666888],[-5913512.632048359,1244963.2457884399],[-5913512.632048359,1399405.4443460873],[-5913512.632048359,1553432.414272417],[-5913512.632048359,1706998.358090908],[-5913512.632048359,1860057.5858264174],[-5913512.632048359,2012564.525970011],[-5913512.632048359,2164473.7365028],[-5913512.632048359,2315739.915983064],[-5913512.632048359,2466317.91470053],[-5913512.632048359,2616162.745901699],[-5913512.632048359,2765229.59708951],[-5913512.632048359,2913473.8414004412],[-5913512.632048359,3060851.049061737],[-5913512.632048359,3207316.998931182],[-5913512.632048359,3352827.69012126],[-5913512.632048359,3497339.353709388],[-5913512.632048359,3640808.4645352834],[-5913512.632048359,3783191.753086197],[-5913512.632048359,3924446.217470327],[-5913512.632048359,4064529.1354781603],[-5913512.632048359,4203398.076731158],[-5913512.632048359,4341010.914916655],[-5913512.632048359,4477325.840107319],[-5913512.632048359,4612301.371163175],[-5913512.632048359,4745896.368213514],[-5913512.632048359,4878070.04521565],[-5913512.632048359,5008781.982586946],[-5913512.632048359,5137992.139905969],[-5913512.632048359,5265660.868678238],[-5913512.632048359,5391748.9251614325],[-5913512.632048359,5516217.483244402],[-5913512.632048359,5639028.14737399],[-5913512.632048359,5760142.965522983],[-5913512.632048359,5879524.4421921605],[-5913512.632048359,5997135.551438791],[-5913512.632048359,6112939.749923695],[-5913512.632048359,6226900.989968257],[-5913512.632048359,6338983.732612475],[-5913512.632048359,6449152.960664772],[-5913512.632048359,6557374.191733645],[-5913512.632048359,6663613.491231109],[-5913512.632048359,6767837.4853372285],[-5913512.632048359,6870013.373914984],[-5913512.632048359,6970108.943364033],[-5913512.632048359,7068092.579401883],[-5913512.632048359,7163933.279760547],[-5913512.632048359,7257600.666786577],[-5913512.632048359,7349064.999931978],[-5913512.632048359,7438297.188123454],[-5913512.632048359,7525268.801997198],[-5913512.632048359,7609952.085986107],[-5913512.632048359,7692319.9702464575],[-5913512.632048359,7772346.08241075],[-5913512.632048359,7850004.759153425],[-5913512.632048359,7925271.0575560825],[-5913512.632048359,7998120.766259],[-5913512.632048359,8068530.416385416],[-5913512.632048359,8136477.292225478],[-5913512.632048359,8201939.441666555],[-5913512.632048359,8264895.686356961],[-5913512.632048359,8325325.631590038],[-5913512.632048359,8383209.675896026],[-5913512.632048359,8438529.020329095],[-5913512.632048359,8491265.677437361],[-5913512.632048359,8541402.479903856],[-5913512.632048359,8588923.088846862],[-5913512.632048359,8633812.001768261],[-5913512.632048359,8676054.56013897],[-5913512.632048359,8715636.956610948],[-5913512.632048359,8752546.24184571],[-5913512.632048359,8786770.330949673],[-5913512.632048359,8818298.009507198],[-5913512.632048359,8847118.939202785],[-5913512.632048359,8873223.663024234],[-5913512.632048359,8896603.610039297],[-5913512.632048359,8917251.09973887],[-5913512.632048359,8935159.345940368],[-5913512.632048359,8950322.460245615],[-5913512.632048359,8962735.455048028],[-5913512.632048359,8972394.246084873],[-5913512.632048359,8979295.654530507],[-5913512.632048359,8983437.408627842],[-5913512.632048359,8984818.14485532]]},"properties":{"type":"meridian","value":-75}},
{"type":"Feature","geometry":{"type":"LineString","coordinates":[[-4730810.105638687,-8984818.144855315],[-4730810.105638687,-8983437.408627838],[-4730810.105638687,-8979295.65453051],[-4730810.105638687,-8972394.246084873],[-4730810.105638687,-8962735.455048032],[-4730810.105638687,-8950322.460245615],[-4730810.105638687,-8935159.34594037],[-4730810.105638687,-8917251.09973887],[-4730810.105638687,-8896603.6100393],[-4730810.105638687,-8873223.663024236],[-4730810.105638687,-8847118.939202784],[-4730810.105638687,-8818298.009507198],[-4730810.105638687,-8786770.330949672],[-4730810.105638687,-8752546.241845708],[-4730810.105638687,-8715636.956610948],[-4730810.105638687,-8676054.56013897],[-4730810.105638687,-8633812.001768263],[-4730810.105638687,-8588923.08884686],[-4730810.105638687,-8541402.479903854],[-4730810.105638687,-8491265.677437361],[-4730810.105638687,-8438529.020329097],[-4730810.105638687,-8383209.675896025],[-4730810.105638687,-8325325.631590038],[-4730810.105638687,-8264895.686356959],[-4730810.105638687,-8201939.441666556],[-4730810.105638687,-8136477.292225475],[-4730810.105638687,-8068530.416385416],[-4730810.105638687,-7998120.7662590025],[-4730810.105638687,-7925271.05755608],[-4730810.105638687,-7850004.759153425],[-4730810.105638687,-7772346.082410755],[-4730810.105638687,-7692319.970246458],[-4730810.105638687,-7609952.085986107],[-4730810.105638687,-7525268.801997199],[-4730810.105638687,-7438297.188123452],[-4730810.105638687,-7349064.999931978],[-4730810.105638687,-7257600.666786577],[-4730810.105638687,-7163933.27976055],[-4730810.105638687,-7068092.579401885],[-4730810.105638687,-6970108.9433640335],[-4730810.105638687,-6870013.373914981],[-4730810.105638687,-6767837.4853372285],[-4730810.105638687,-6663613.491231112],[-4730810.105638687,-6557374.191733645],[-4730810.105638687,-6449152.960664774],[-4730810.105638687,-6338983.732612475],[-4730810.105638687,-6226900.989968254],[-4730810.105638687,-6112939.749923693],[-4730810.105638687,-5997135.551438787],[-4730810.105638687,-5879524.4421921605],[-4730810.105638687,-5760142.965522984],[-4730810.105638687,-5639028.147373991],[-4730810.105638687,-5516217.4832444],[-4730810.105638687,-5391748.925161433],[-4730810.105638687,-5265660.868678237],[-4730810.105638687,-5137992.139905967],[-4730810.105638687,-5008781.982586948],[-4730810.105638687,-4878070.04521565],[-4730810.105638687,-4745896.368213517],[-4730810.105638687,-4612301.3711631745],[-4730810.105638687,-4477325.840107322],[-4730810.105638687,-4341010.914916655],[-4730810.105638687,-4203398.076731157],[-4730810.105638687,-4064529.135478162],[-4730810.105638687,-3924446.2174703265],[-4730810.105638687,-3783191.753086196],[-4730810.105638687,-3640808.464535282],[-4730810.105638687,-3497339.3537093885],[-4730810.105638687,-3352827.6901212633],[-4730810.105638687,-3207316.998931182],[-4730810.105638687,-3060851.0490617333],[-4730810.105638687,-2913473.8414004412],[-4730810.105638687,-2765229.597089508],[-4730810.105638687,-2616162.745901699],[-4730810.105638687,-2466317.914700531],[-4730810.105638687,-2315739.9159830622],[-4730810.105638687,-2164473.7365028],[-4730810.105638687,-2012564.525970009],[-4730810.105638687,-1860057.5858264181],[-4730810.105638687,-1706998.3580909092],[-4730810.105638687,-1553432.4142724124],[-4730810.105638687,-1399405.444346084],[-4730810.105638687,-1244963.245788441],[-4730810.105638687,-1090151.7126668915],[-4730810.105638687,-935016.8247789491],[-4730810.105638687,-779604.6368361104],[-4730810.105638687,-623961.2676872858],[-4730810.105638687,-468132.8895762734],[-4730810.105638687,-312165.71742811956],[-4730810.105638687,-156105.99815838714],[-4730810.105638687,0],[-4730810.105638687,156105.99815838764],[-4730810.105638687,312165.71742811706],[-4730810.105638687,468132.88957627426],[-4730810.105638687,623961.2676872868],[-4730810.105638687,779604.6368361108],[-4730810.105638687,935016.8247789458],[-4730810.105638687,1090151.712666888],[-4730810.105638687,1244963.2457884399],[-4730810.105638687,1399405.4443460873],[-4730810.105638687,1553432.414272417],[-4730810.105638687,1706998.358090908],[-4730810.105638687,1860057.5858264174],[-4730810.105638687,2012564.525970011],[-4730810.105638687,2164473.7365028],[-4730810.105638687,2315739.915983064],[-4730810.105638687,2466317.91470053],[-4730810.105638687,2616162.745901699],[-4730810.105638687,2765229.59708951],[-4730810.105638687,2913473.8414004412],[-4730810.105638687,3060851.049061737],[-4730810.105638687,3207316.998931182],[-4730810.105638687,3352827.69012126],[-4730810.105638687,3497339.353709388],[-4730810.105638687,3640808.4645352834],[-4730810.105638687,3783191.753086197],[-4730810.105638687,3924446.217470327],[-4730810.105638687,4064529.1354781603],[-4730810.105638687,4203398.076731158],[-4730810.105638687,4341010.914916655],[-4730810.105638687,4477325.840107319],[-4730810.105638687,4612301.371163175],[-4730810.105638687,4745896.368213514],[-4730810.105638687,4878070.04521565],[-4730810.105638687,5008781.982586946],[-4730810.105638687,5137992.139905969],[-4730810.105638687,5265660.868678238],[-4730810.105638687,5391748.9251614325],[-4730810.105638687,5516217.483244402],[-4730810.105638687,5639028.14737399],[-4730810.105638687,5760142.965522983],[-4730810.105638687,5879524.4421921605],[-4730810.105638687,5997135.551438791],[-4730810.105638687,6112939.749923695],[-4730810.105638687,6226900.989968257],[-4730810.105638687,6338983.732612475],[-4730810.105638687,6449152.960664772],[-4730810.105638687,6557374.191733645],[-4730810.105638687,6663613.491231109],[-4730810.105638687,6767837.4853372285],[-4730810.105638687,6870013.373914984],[-4730810.105638687,6970108.943364033],[-4730810.105638687,7068092.579401883],[-4730810.105638687,7163933.279760547],[-4730810.105638687,7257600.666786577],[-4730810.105638687,7349064.999931978],[-4730810.105638687,7438297.188123454],[-4730810.105638687,7525268.801997198],[-4730810.105638687,7609952.085986107],[-4730810.105638687,7692319.9702464575],[-4730810.105638687,7772346.08241075],[-4730810.105638687,7850004.759153425],[-4730810.105638687,7925271.0575560825],[-4730810.105638687,7998120.766259],[-4730810.105638687,8068530.416385416],[-4730810.105638687,8136477.292225478],[-4730810.105638687,8201939.441666555],[-4730810.105638687,8264895.686356961],[-4730810.105638687,8325325.631590038],[-4730810.105638687,8383209.675896026],[-4730810.105638687,8438529.020329095],[-4730810.105638687,8491265.677437361],[-4730810.105638687,8541402.479903856],[-4730810.105638687,8588923.088846862],[-4730810.105638687,8633812.001768261],[-4730810.105638687,8676054.56013897],[-4730810.105638687,8715636.956610948],[-4730810.105638687,8752546.24184571],[-4730810.105638687,8786770.330949673],[-4730810.105638687,8818298.009507198],[-4730810.105638687,8847118.939202785],[-4730810.105638687,8873223.663024234],[-4730810.105638687,8896603.610039297],[-4730810.105638687,8917251.09973887],[-4730810.105638687,8935159.345940368],[-4730810.105638687,8950322.460245615],[-4730810.105638687,8962735.455048028],[-4730810.105638687,8972394.246084873],[-4730810.105638687,8979295.654530507],[-4730810.105638687,8983437.408627842],[-4730810.105638687,8984818.14485532]]},"properties":{"type":"meridian","value":-60}},
{"type":"Feature","geometry":{"type":"LineString","coordinates":[[-3548107.5792290154,-8984818.144855315],[-3548107.5792290154,-8983437.408627838],[-3548107.5792290154,-8979295.65453051],[-3548107.5792290154,-8972394.246084873],[-3548107.5792290154,-8962735.455048032],[-3548107.5792290154,-8950322.460245615],[-3548107.5792290154,-8935159.34594037],[-3548107.5792290154,-8917251.09973887],[-3548107.5792290154,-8896603.6100393],[-3548107.5792290154,-8873223.663024236],[-3548107.5792290154,-8847118.939202784],[-3548107.5792290154,-8818298.009507198],[-3548107.5792290154,-8786770.330949672],[-3548107.5792290154,-8752546.241845708],[-3548107.5792290154,-8715636.956610948],[-3548107.5792290154,-8676054.56013897],[-3548107.5792290154,-8633812.001768263],[-3548107.5792290154,-8588923.08884686],[-3548107.5792290154,-8541402.479903854],[-3548107.5792290154,-8491265.677437361],[-3548107.5792290154,-8438529.020329097],[-3548107.5792290154,-8383209.675896025],[-3548107.5792290154,-8325325.631590038],[-3548107.5792290154,-8264895.686356959],[-3548107.5792290154,-8201939.441666556],[-3548107.5792290154,-8136477.292225475],[-3548107.5792290154,-8068530.416385416],[-3548107.5792290154,-7998120.7662590025],[-3548107.5792290154,-7925271.05755608],[-3548107.5792290154,-7850004.759153425],[-3548107.5792290154,-7772346.082410755],[-3548107.5792290154,-7692319.970246458],[-3548107.5792290154,-7609952.085986107],[-3548107.5792290154,-7525268.801997199],[-3548107.5792290154,-7438297.188123452],[-3548107.5792290154,-7349064.999931978],[-3548107.5792290154,-7257600.666786577],[-3548107.5792290154,-7163933.27976055],[-3548107.5792290154,-7068092.579401885],[-3548107.5792290154,-6970108.9433640335],[-3548107.5792290154,-6870013.373914981],[-3548107.5792290154,-6767837.4853372285],[-3548107.5792290154,-6663613.491231112],[-3548107.5792290154,-6557374.191733645],[-3548107.5792290154,-6449152.960664774],[-3548107.5792290154,-6338983.732612475],[-3548107.5792290154,-6226900.989968254],[-3548107.5792290154,-6112939.749923693],[-3548107.5792290154,-5997135.551438787],[-3548107.5792290154,-5879524.4421921605],[-3548107.5792290154,-5760142.965522984],[-3548107.5792290154,-5639028.147373991],[-3548107.5792290154,-5516217.4832444],[-3548107.5792290154,-5391748.925161433],[-3548107.5792290154,-5265660.868678237],[-3548107.5792290154,-5137992.139905967],[-3548107.5792290154,-5008781.982586948],[-3548107.5792290154,-4878070.04521565],[-3548107.5792290154,-4745896.368213517],[-3548107.5792290154,-4612301.3711631745],[-3548107.5792290154,-4477325.840107322],[-3548107.5792290154,-4341010.914916655],[-3548107.5792290154,-4203398.076731157],[-3548107.5792290154,-4064529.135478162],[-3548107.5792290154,-3924446.2174703265],[-3548107.5792290154,-3783191.753086196],[-3548107.5792290154,-3640808.464535282],[-3548107.5792290154,-3497339.3537093885],[-3548107.5792290154,-3352827.6901212633],[-3548107.5792290154,-3207316.998931182],[-3548107.5792290154,-3060851.0490617333],[-3548107.5792290154,-2913473.8414004412],[-3548107.5792290154,-2765229.597089508],[-3548107.5792290154,-2616162.745901699],[-3548107.5792290154,-2466317.914700531],[-3548107.5792290154,-2315739.9159830622],[-3548107.5792290154,-2164473.7365028],[-3548107.5792290154,-2012564.525970009],[-3548107.5792290154,-1860057.5858264181],[-3548107.5792290154,-1706998.3580909092],[-3548107.5792290154,-1553432.4142724124],[-3548107.5792290154,-1399405.444346084],[-3548107.5792290154,-1244963.245788441],[-3548107.5792290154,-1090151.7126668915],[-3548107.5792290154,-935016.8247789491],[-3548107.5792290154,-779604.6368361104],[-3548107.5792290154,-623961.2676872858],[-3548107.5792290154,-468132.8895762734],[-3548107.5792290154,-312165.71742811956],[-3548107.5792290154,-156105.99815838714],[-3548107.5792290154,0],[-3548107.5792290154,156105.99815838764],[-3548107.5792290154,312165.71742811706],[-3548107.5792290154,468132.88957627426],[-3548107.5792290154,623961.2676872868],[-3548107.5792290154,779604.6368361108],[-3548107.5792290154,935016.8247789458],[-3548107.5792290154,1090151.712666888],[-3548107.5792290154,1244963.2457884399],[-3548107.5792290154,1399405.4443460873],[-3548107.5792290154,1553432.414272417],[-3548107.5792290154,1706998.358090908],[-3548107.5792290154,1860057.5858264174],[-3548107.5792290154,2012564.525970011],[-3548107.5792290154,2164473.7365028],[-3548107.5792290154,2315739.915983064],[-3548107.5792290154,2466317.91470053],[-3548107.5792290154,2616162.745901699],[-3548107.5792290154,2765229.59708951],[-3548107.5792290154,2913473.8414004412],[-3548107.5792290154,3060851.049061737],[-3548107.5792290154,3207316.998931182],[-3548107.5792290154,3352827.69012126],[-3548107.5792290154,3497339.353709388],[-3548107.5792290154,3640808.4645352834],[-3548107.5792290154,3783191.753086197],[-3548107.5792290154,3924446.217470327],[-3548107.5792290154,4064529.1354781603],[-3548107.5792290154,4203398.076731158],[-3548107.5792290154,4341010.914916655],[-3548107.5792290154,4477325.840107319],[-3548107.5792290154,4612301.371163175],[-3548107.5792290154,4745896.368213514],[-3548107.5792290154,4878070.04521565],[-3548107.5792290154,5008781.982586946],[-3548107.5792290154,5137992.139905969],[-3548107.5792290154,5265660.868678238],[-3548107.5792290154,5391748.9251614325],[-3548107.5792290154,5516217.483244402],[-3548107.5792290154,5639028.14737399],[-3548107.5792290154,5760142.965522983],[-3548107.5792290154,5879524.4421921605],[-3548107.5792290154,5997135.551438791],[-3548107.5792290154,6112939.749923695],[-3548107.5792290154,6226900.989968257],[-3548107.5792290154,6338983.732612475],[-3548107.5792290154,6449152.960664772],[-3548107.5792290154,6557374.191733645],[-3548107.5792290154,6663613.491231109],[-3548107.5792290154,6767837.4853372285],[-3548107.5792290154,6870013.373914984],[-3548107.5792290154,6970108.943364033],[-3548107.5792290154,7068092.579401883],[-3548107.5792290154,7163933.279760547],[-3548107.5792290154,7257600.666786577],[-3548107.5792290154,7349064.999931978],[-3548107.5792290154,7438297.188123454],[-3548107.5792290154,7525268.801997198],[-3548107.5792290154,7609952.085986107],[-3548107.5792290154,7692319.9702464575],[-3548107.5792290154,7772346.08241075],[-3548107.5792290154,7850004.759153425],[-3548107.5792290154,7925271.0575560825],[-3548107.5792290154,7998120.766259],[-3548107.5792290154,8068530.416385416],[-3548107.5792290154,8136477.292225478],[-3548107.5792290154,8201939.441666555],[-3548107.5792290154,8264895.686356961],[-3548107.5792290154,8325325.631590038],[-3548107.5792290154,8383209.675896026],[-3548107.5792290154,8438529.020329095],[-3548107.5792290154,8491265.677437361],[-3548107.5792290154,8541402.479903856],[-3548107.5792290154,8588923.088846862],[-3548107.5792290154,8633812.001768261],[-3548107.5792290154,8676054.56013897],[-3548107.5792290154,8715636.956610948],[-3548107.5792290154,8752546.24184571],[-3548107.5792290154,8786770.330949673],[-3548107.5792290154,8818298.009507198],[-3548107.5792290154,8847118.939202785],[-3548107.5792290154,8873223.663024234],[-3548107.5792290154,8896603.610039297],[-3548107.5792290154,8917251.09973887],[-3548107.5792290154,8935159.345940368],[-3548107.5792290154,8950322.460245615],[-3548107.5792290154,8962735.455048028],[-3548107.5792290154,8972394.246084873],[-3548107.5792290154,8979295.654530507],[-3548107.5792290154,8983437.408627842],[-3548107.5792290154,8984818.14485532]]},"properties":{"type":"meridian","value":-45}},
{"type":"Feature","geometry":{"type":"LineString","coordinates":[[-2365405.0528193433,-8984818.144855315],[-2365405.0528193433,-8983437.408627838],[-2365405.0528193433,-8979295.65453051],[-2365405.0528193433,-8972394.246084873],[-2365405.0528193433,-8962735.455048032],[-2365405.0528193433,-8950322.460245615],[-2365405.0528193433,-8935159.34594037],[-2365405.0528193433,-8917251.09973887],[-2365405.0528193433,-8896603.6100393],[-2365405.0528193433,-8873223.663024236],[-2365405.0528193433,-8847118.939202784],[-2365405.0528193433,-8818298.009507198],[-2365405.0528193433,-8786770.330949672],[-2365405.0528193433,-8752546.241845708],[-2365405.0528193433,-8715636.956610948],[-2365405.0528193433,-8676054.56013897],[-2365405.0528193433,-8633812.001768263],[-2365405.0528193433,-8588923.08884686],[-2365405.0528193433,-8541402.479903854],[-2365405.0528193433,-8491265.677437361],[-2365405.0528193433,-8438529.020329097],[-2365405.0528193433,-8383209.675896025],[-2365405.0528193433,-8325325.631590038],[-2365405.0528193433,-8264895.686356959],[-2365405.0528193433,-8201939.441666556],[-2365405.0528193433,-8136477.292225475],[-2365405.0528193433,-8068530.416385416],[-2365405.0528193433,-7998120.7662590025],[-2365405.0528193433,-7925271.05755608],[-2365405.0528193433,-7850004.759153425],[-2365405.0528193433,-7772346.082410755],[-2365405.0528193433,-7692319.970246458],[-2365405.0528193433,-7609952.085986107],[-2365405.0528193433,-7525268.801997199],[-2365405.0528193433,-7438297.188123452],[-2365405.0528193433,-7349064.999931978],[-2365405.0528193433,-7257600.666786577],[-2365405.0528193433,-7163933.27976055],[-2365405.0528193433,-7068092.579401885],[-2365405.0528193433,-6970108.9433640335],[-2365405.0528193433,-6870013.373914981],[-2365405.0528193433,-6767837.4853372285],[-2365405.0528193433,-6663613.491231112],[-2365405.0528193433,-6557374.191733645],[-2365405.0528193433,-6449152.960664774],[-2365405.0528193433,-6338983.732612475],[-2365405.0528193433,-6226900.989968254],[-2365405.0528193433,-6112939.749923693],[-2365405.0528193433,-5997135.551438787],[-2365405.0528193433,-5879524.4421921605],[-2365405.0528193433,-5760142.965522984],[-2365405.0528193433,-5639028.147373991],[-2365405.0528193433,-5516217.4832444],[-2365405.0528193433,-5391748.925161433],[-2365405.0528193433,-5265660.868678237],[-2365405.0528193433,-5137992.139905967],[-2365405.0528193433,-5008781.982586948],[-2365405.0528193433,-4878070.04521565],[-2365405.0528193433,-4745896.368213517],[-2365405.0528193433,-4612301.3711631745],[-2365405.0528193433,-4477325.840107322],[-2365405.0528193433,-4341010.914916655],[-2365405.0528193433,-4203398.076731157],[-2365405.0528193433,-4064529.135478162],[-2365405.0528193433,-3924446.2174703265],[-2365405.0528193433,-3783191.753086196],[-2365405.0528193433,-3640808.464535282],[-2365405.0528193433,-3497339.3537093885],[-2365405.0528193433,-3352827.6901212633],[-2365405.0528193433,-3207316.998931182],[-2365405.0528193433,-3060851.0490617333],[-2365405.0528193433,-2913473.8414004412],[-2365405.0528193433,-2765229.597089508],[-2365405.0528193433,-2616162.745901699],[-2365405.0528193433,-2466317.914700531],[-2365405.0528193433,-2315739.9159830622],[-2365405.0528193433,-2164473.7365028],[-2365405.0528193433,-2012564.525970009],[-2365405.0528193433,-1860057.5858264181],[-2365405.0528193433,-1706998.3580909092],[-2365405.0528193433,-1553432.4142724124],[-2365405.0528193433,-1399405.444346084],[-2365405.0528193433,-1244963.245788441],[-2365405.0528193433,-1090151.7126668915],[-2365405.0528193433,-935016.8247789491],[-2365405.0528193433,-779604.6368361104],[-2365405.0528193433,-623961.2676872858],[-2365405.0528193433,-468132.8895762734],[-2365405.0528193433,-312165.71742811956],[-2365405.0528193433,-156105.99815838714],[-2365405.0528193433,0],[-2365405.0528193433,156105.99815838764],[-2365405.0528193433,312165.71742811706],[-2365405.0528193433,468132.88957627426],[-2365405.0528193433,623961.2676872868],[-2365405.0528193433,779604.6368361108],[-2365405.0528193433,935016.8247789458],[-2365405.0528193433,1090151.712666888],[-2365405.0528193433,1244963.2457884399],[-2365405.0528193433,1399405.4443460873],[-2365405.0528193433,1553432.414272417],[-2365405.0528193433,1706998.358090908],[-2365405.0528193433,1860057.5858264174],[-2365405.0528193433,2012564.525970011],[-2365405.0528193433,2164473.7365028],[-2365405.0528193433,2315739.915983064],[-2365405.0528193433,2466317.91470053],[-2365405.0528193433,2616162.745901699],[-2365405.0528193433,2765229.59708951],[-2365405.0528193433,2913473.8414004412],[-2365405.0528193433,3060851.049061737],[-2365405.0528193433,3207316.998931182],[-2365405.0528193433,3352827.69012126],[-2365405.0528193433,3497339.353709388],[-2365405.0528193433,3640808.4645352834],[-2365405.0528193433,3783191.753086197],[-2365405.0528193433,3924446.217470327],[-2365405.0528193433,4064529.1354781603],[-2365405.0528193433,4203398.076731158],[-2365405.0528193433,4341010.914916655],[-2365405.0528193433,4477325.840107319],[-2365405.0528193433,4612301.371163175],[-2365405.0528193433,4745896.368213514],[-2365405.0528193433,4878070.04521565],[-2365405.0528193433,5008781.982586946],[-2365405.0528193433,5137992.139905969],[-2365405.0528193433,5265660.868678238],[-2365405.0528193433,5391748.9251614325],[-2365405.0528193433,5516217.483244402],[-2365405.0528193433,5639028.14737399],[-2365405.0528193433,5760142.965522983],[-2365405.0528193433,5879524.4421921605],[-2365405.0528193433,5997135.551438791],[-2365405.0528193433,6112939.749923695],[-2365405.0528193433,6226900.989968257],[-2365405.0528193433,6338983.732612475],[-2365405.0528193433,6449152.960664772],[-2365405.0528193433,6557374.191733645],[-2365405.0528193433,6663613.491231109],[-2365405.0528193433,6767837.4853372285],[-2365405.0528193433,6870013.373914984],[-2365405.0528193433,6970108.943364033],[-2365405.0528193433,7068092.579401883],[-2365405.0528193433,7163933.279760547],[-2365405.0528193433,7257600.666786577],[-2365405.0528193433,7349064.999931978],[-2365405.0528193433,7438297.188123454],[-2365405.0528193433,7525268.801997198],[-2365405.0528193433,7609952.085986107],[-2365405.0528193433,7692319.9702464575],[-2365405.0528193433,7772346.08241075],[-2365405.0528193433,7850004.759153425],[-2365405.0528193433,7925271.0575560825],[-2365405.0528193433,7998120.766259],[-2365405.0528193433,8068530.416385416],[-2365405.0528193433,8136477.292225478],[-2365405.0528193433,8201939.441666555],[-2365405.0528193433,8264895.686356961],[-2365405.0528193433,8325325.631590038],[-2365405.0528193433,8383209.675896026],[-2365405.0528193433,8438529.020329095],[-2365405.0528193433,8491265.677437361],[-2365405.0528193433,8541402.479903856],[-2365405.0528193433,8588923.088846862],[-2365405.0528193433,8633812.001768261],[-2365405.0528193433,8676054.56013897],[-2365405.0528193433,8715636.956610948],[-2365405.0528193433,8752546.24184571],[-2365405.0528193433,8786770.330949673],[-2365405.0528193433,8818298.009507198],[-2365405.0528193433,8847118.939202785],[-2365405.0528193433,8873223.663024234],[-2365405.0528193433,8896603.610039297],[-2365405.0528193433,8917251.09973887],[-2365405.0528193433,8935159.345940368],[-2365405.0528193433,8950322.460245615],[-2365405.0528193433,8962735.455048028],[-2365405.0528193433,8972394.246084873],[-2365405.0528193433,8979295.654530507],[-2365405.0528193433,8983437.408627842],[-2365405.0528193433,8984818.14485532]]},"properties":{"type":"meridian","value":-30}},
{"type":"Feature","geometry":{"type":"LineString","coordinates":[[-1182702.5264096716,-8984818.144855315],[-1182702.5264096716,-8983437.408627838],[-1182702.5264096716,-8979295.65453051],[-1182702.5264096716,-8972394.246084873],[-1182702.5264096716,-8962735.455048032],[-1182702.5264096716,-8950322.460245615],[-1182702.5264096716,-8935159.34594037],[-1182702.5264096716,-8917251.09973887],[-1182702.5264096716,-8896603.6100393],[-1182702.5264096716,-8873223.663024236],[-1182702.5264096716,-8847118.939202784],[-1182702.5264096716,-8818298.009507198],[-1182702.5264096716,-8786770.330949672],[-1182702.5264096716,-8752546.241845708],[-1182702.5264096716,-8715636.956610948],[-1182702.5264096716,-8676054.56013897],[-1182702.5264096716,-8633812.001768263],[-1182702.5264096716,-8588923.08884686],[-1182702.5264096716,-8541402.479903854],[-1182702.5264096716,-8491265.677437361],[-1182702.5264096716,-8438529.020329097],[-1182702.5264096716,-8383209.675896025],[-1182702.5264096716,-8325325.631590038],[-1182702.5264096716,-8264895.686356959],[-1182702.5264096716,-8201939.441666556],[-1182702.5264096716,-8136477.292225475],[-1182702.5264096716,-8068530.416385416],[-1182702.5264096716,-7998120.7662590025],[-1182702.5264096716,-7925271.05755608],[-1182702.5264096716,-7850004.759153425],[-1182702.5264096716,-7772346.082410755],[-1182702.5264096716,-7692319.970246458],[-1182702.5264096716,-7609952.085986107],[-1182702.5264096716,-7525268.801997199],[-1182702.5264096716,-7438297.188123452],[-1182702.5264096716,-7349064.999931978],[-1182702.5264096716,-7257600.666786577],[-1182702.5264096716,-7163933.27976055],[-1182702.5264096716,-7068092.579401885],[-1182702.5264096716,-6970108.9433640335],[-1182702.5264096716,-6870013.373914981],[-1182702.5264096716,-6767837.4853372285],[-1182702.5264096716,-6663613.491231112],[-1182702.5264096716,-6557374.191733645],[-1182702.5264096716,-6449152.960664774],[-1182702.5264096716,-6338983.732612475],[-1182702.5264096716,-6226900.989968254],[-1182702.5264096716,-6112939.749923693],[-1182702.5264096716,-5997135.551438787],[-1182702.5264096716,-5879524.4421921605],[-1182702.5264096716,-5760142.965522984],[-1182702.5264096716,-5639028.147373991],[-1182702.5264096716,-5516217.4832444],[-1182702.5264096716,-5391748.925161433],[-1182702.5264096716,-5265660.868678237],[-1182702.5264096716,-5137992.139905967],[-1182702.5264096716,-5008781.982586948],[-1182702.5264096716,-4878070.04521565],[-1182702.5264096716,-4745896.368213517],[-1182702.5264096716,-4612301.3711631745],[-1182702.5264096716,-4477325.840107322],[-1182702.5264096716,-4341010.914916655],[-1182702.5264096716,-4203398.076731157],[-1182702.5264096716,-4064529.135478162],[-1182702.5264096716,-3924446.2174703265],[-1182702.5264096716,-3783191.753086196],[-1182702.5264096716,-3640808.464535282],[-1182702.5264096716,-3497339.3537093885],[-1182702.5264096716,-3352827.6901212633],[-1182702.5264096716,-3207316.998931182],[-1182702.5264096716,-3060851.0490617333],[-1182702.5264096716,-2913473.8414004412],[-1182702.5264096716,-2765229.597089508],[-1182702.5264096716,-2616162.745901699],[-1182702.5264096716,-2466317.914700531],[-1182702.5264096716,-2315739.9159830622],[-1182702.5264096716,-2164473.7365028],[-1182702.5264096716,-2012564.525970009],[-1182702.5264096716,-1860057.5858264181],[-1182702.5264096716,-1706998.3580909092],[-1182702.5264096716,-1553432.4142724124],[-1182702.5264096716,-1399405.444346084],[-1182702.5264096716,-1244963.245788441],[-1182702.5264096716,-1090151.7126668915],[-1182702.5264096716,-935016.8247789491],[-1182702.5264096716,-779604.6368361104],[-1182702.5264096716,-623961.2676872858],[-1182702.5264096716,-468132.8895762734],[-1182702.5264096716,-312165.71742811956],[-1182702.5264096716,-156105.99815838714],[-1182702.5264096716,0],[-1182702.5264096716,156105.99815838764],[-1182702.5264096716,312165.71742811706],[-1182702.5264096716,468132.88957627426],[-1182702.5264096716,623961.2676872868],[-1182702.5264096716,779604.6368361108],[-1182702.5264096716,935016.8247789458],[-1182702.5264096716,1090151.712666888],[-1182702.5264096716,1244963.2457884399],[-1182702.5264096716,1399405.4443460873],[-1182702.5264096716,1553432.414272417],[-1182702.5264096716,1706998.358090908],[-1182702.5264096716,1860057.5858264174],[-1182702.5264096716,2012564.525970011],[-1182702.5264096716,2164473.7365028],[-1182702.5264096716,2315739.915983064],[-1182702.5264096716,2466317.91470053],[-1182702.5264096716,2616162.745901699],[-1182702.5264096716,2765229.59708951],[-1182702.5264096716,2913473.8414004412],[-1182702.5264096716,3060851.049061737],[-1182702.5264096716,3207316.998931182],[-1182702.5264096716,3352827.69012126],[-1182702.5264096716,3497339.353709388],[-1182702.5264096716,3640808.4645352834],[-1182702.5264096716,3783191.753086197],[-1182702.5264096716,3924446.217470327],[-1182702.5264096716,4064529.1354781603],[-1182702.5264096716,4203398.076731158],[-1182702.5264096716,4341010.914916655],[-1182702.5264096716,4477325.840107319],[-1182702.5264096716,4612301.371163175],[-1182702.5264096716,4745896.368213514],[-1182702.5264096716,4878070.04521565],[-1182702.5264096716,5008781.982586946],[-1182702.5264096716,5137992.139905969],[-1182702.5264096716,5265660.868678238],[-1182702.5264096716,5391748.9251614325],[-1182702.5264096716,5516217.483244402],[-1182702.5264096716,5639028.14737399],[-1182702.5264096716,5760142.965522983],[-1182702.5264096716,5879524.4421921605],[-1182702.5264096716,5997135.551438791],[-1182702.5264096716,6112939.749923695],[-1182702.5264096716,6226900.989968257],[-1182702.5264096716,6338983.732612475],[-1182702.5264096716,6449152.960664772],[-1182702.5264096716,6557374.191733645],[-1182702.5264096716,6663613.491231109],[-1182702.5264096716,6767837.4853372285],[-1182702.5264096716,6870013.373914984],[-1182702.5264096716,6970108.943364033],[-1182702.5264096716,7068092.579401883],[-1182702.5264096716,7163933.279760547],[-1182702.5264096716,7257600.666786577],[-1182702.5264096716,7349064.999931978],[-1182702.5264096716,7438297.188123454],[-1182702.5264096716,7525268.801997198],[-1182702.5264096716,7609952.085986107],[-1182702.5264096716,7692319.9702464575],[-1182702.5264096716,7772346.08241075],[-1182702.5264096716,7850004.759153425],[-1182702.5264096716,7925271.0575560825],[-1182702.5264096716,7998120.766259],[-1182702.5264096716,8068530.416385416],[-1182702.5264096716,8136477.292225478],[-1182702.5264096716,8201939.441666555],[-1182702.5264096716,8264895.686356961],[-1182702.5264096716,8325325.631590038],[-1182702.5264096716,8383209.675896026],[-1182702.5264096716,8438529.020329095],[-1182702.5264096716,8491265.677437361],[-1182702.5264096716,8541402.479903856],[-1182702.5264096716,8588923.088846862],[-1182702.5264096716,8633812.001768261],[-1182702.5264096716,8676054.56013897],[-1182702.5264096716,8715636.956610948],[-1182702.5264096716,8752546.24184571],[-1182702.5264096716,8786770.330949673],[-1182702.5264096716,8818298.009507198],[-1182702.5264096716,8847118.939202785],[-1182702.5264096716,8873223.663024234],[-1182702.5264096716,8896603.610039297],[-1182702.5264096716,8917251.09973887],[-1182702.5264096716,8935159.345940368],[-1182702.5264096716,8950322.460245615],[-1182702.5264096716,8962735.455048028],[-1182702.5264096716,8972394.246084873],[-1182702.5264096716,8979295.654530507],[-1182702.5264096716,8983437.408627842],[-1182702.5264096716,8984818.14485532]]},"properties":{"type":"meridian","value":-15}},
{"type":"Feature","geometry":{"type":"LineString","coordinates":[[0,-8984818.144855315],[0,-8983437.408627838],[0,-8979295.65453051],[0,-8972394.246084873],[0,-8962735.455048032],[0,-8950322.460245615],[0,-8935159.34594037],[0,-8917251.09973887],[0,-8896603.6100393],[0,-8873223.663024236],[0,-8847118.939202784],[0,-8818298.009507198],[0,-8786770.330949672],[0,-8752546.241845708],[0,-8715636.956610948],[0,-8676054.56013897],[0,-8633812.001768263],[0,-8588923.08884686],[0,-8541402.479903854],[0,-8491265.677437361],[0,-8438529.020329097],[0,-8383209.675896025],[0,-8325325.631590038],[0,-8264895.686356959],[0,-8201939.441666556],[0,-8136477.292225475],[0,-8068530.416385416],[0,-7998120.7662590025],[0,-7925271.05755608],[0,-7850004.759153425],[0,-7772346.082410755],[0,-7692319.970246458],[0,-7609952.085986107],[0,-7525268.801997199],[0,-7438297.188123452],[0,-7349064.999931978],[0,-7257600.666786577],[0,-7163933.27976055],[0,-7068092.579401885],[0,-6970108.9433640335],[0,-6870013.373914981],[0,-6767837.4853372285],[0,-6663613.491231112],[0,-6557374.191733645],[0,-6449152.960664774],[0,-6338983.732612475],[0,-6226900.989968254],[0,-6112939.749923693],[0,-5997135.551438787],[0,-5879524.4421921605],[0,-5760142.965522984],[0,-5639028.147373991],[0,-5516217.4832444],[0,-5391748.925161433],[0,-5265660.868678237],[0,-5137992.139905967],[0,-5008781.982586948],[0,-4878070.04521565],[0,-4745896.368213517],[0,-4612301.3711631745],[0,-4477325.840107322],[0,-4341010.914916655],[0,-4203398.076731157],[0,-4064529.135478162],[0,-3924446.2174703265],[0,-3783191.753086196],[0,-3640808.464535282],[0,-3497339.3537093885],[0,-3352827.6901212633],[0,-3207316.998931182],[0,-3060851.0490617333],[0,-2913473.8414004412],[0,-2765229.597089508],[0,-2616162.745901699],[0,-2466317.914700531],[0,-2315739.9159830622],[0,-2164473.7365028],[0,-2012564.525970009],[0,-1860057.5858264181],[0,-1706998.3580909092],[0,-1553432.4142724124],[0,-1399405.444346084],[0,-1244963.245788441],[0,-1090151.7126668915],[0,-935016.8247789491],[0,-779604.6368361104],[0,-623961.2676872858],[0,-468132.8895762734],[0,-312165.71742811956],[0,-156105.99815838714],[0,0],[0,156105.99815838764],[0,312165.71742811706],[0,468132.88957627426],[0,623961.2676872868],[0,779604.6368361108],[0,935016.8247789458],[0,1090151.712666888],[0,1244963.2457884399],[0,1399405.4443460873],[0,1553432.414272417],[0,1706998.358090908],[0,1860057.5858264174],[0,2012564.525970011],[0,2164473.7365028],[0,2315739.915983064],[0,2466317.91470053],[0,2616162.745901699],[0,2765229.59708951],[0,2913473.8414004412],[0,3060851.049061737],[0,3207316.998931182],[0,3352827.69012126],[0,3497339.353709388],[0,3640808.4645352834],[0,3783191.753086197],[0,3924446.217470327],[0,4064529.1354781603],[0,4203398.076731158],[0,4341010.914916655],[0,4477325.840107319],[0,4612301.371163175],[0,4745896.368213514],[0,4878070.04521565],[0,5008781.982586946],[0,5137992.139905969],[0,5265660.868678238],[0,5391748.9251614325],[0,5516217.483244402],[0,5639028.14737399],[0,5760142.965522983],[0,5879524.4421921605],[0,5997135.551438791],[0,6112939.749923695],[0,6226900.989968257],[0,6338983.732612475],[0,6449152.960664772],[0,6557374.191733645],[0,6663613.491231109],[0,6767837.4853372285],[0,6870013.373914984],[0,6970108.943364033],[0,7068092.579401883],[0,7163933.279760547],[0,7257600.666786577],[0,7349064.999931978],[0,7438297.188123454],[0,7525268.801997198],[0,7609952.085986107],[0,7692319.9702464575],[0,7772346.08241075],[0,7850004.759153425],[0,7925271.0575560825],[0,7998120.766259],[0,8068530.416385416],[0,8136477.292225478],[0,8201939.441666555],[0,8264895.686356961],[0,8325325.631590038],[0,8383209.675896026],[0,8438529.020329095],[0,8491265.677437361],[0,8541402.479903856],[0,8588923.088846862],[0,8633812.001768261],[0,8676054.56013897],[0,8715636.956610948],[0,8752546.24184571],[0,8786770.330949673],[0,8818298.009507198],[0,8847118.939202785],[0,8873223.663024234],[0,8896603.610039297],[0,8917251.09973887],[0,8935159.345940368],[0,8950322.460245615],[0,8962735.455048028],[0,8972394.246084873],[0,8979295.654530507],[0,8983437.408627842],[0,8984818.14485532]]},"properties":{"type":"meridian","value":0}},
{"type":"Feature","geometry":{"type":"LineString","coordinates":[[1182702.5264096716,-8984818.144855315],[1182702.5264096716,-8983437.408627838],[1182702.5264096716,-8979295.65453051],[1182702.5264096716,-8972394.246084873],[1182702.5264096716,-8962735.455048032],[1182702.5264096716,-8950322.460245615],[1182702.5264096716,-8935159.34594037],[1182702.5264096716,-8917251.09973887],[1182702.5264096716,-8896603.6100393],[1182702.5264096716,-8873223.663024236],[1182702.5264096716,-8847118.939202784],[1182702.5264096716,-8818298.009507198],[1182702.5264096716,-8786770.330949672],[1182702.5264096716,-8752546.241845708],[1182702.5264096716,-8715636.956610948],[1182702.5264096716,-8676054.56013897],[1182702.5264096716,-8633812.001768263],[1182702.5264096716,-8588923.08884686],[1182702.5264096716,-8541402.479903854],[1182702.5264096716,-8491265.677437361],[1182702.5264096716,-8438529.020329097],[1182702.5264096716,-8383209.675896025],[1182702.5264096716,-8325325.631590038],[1182702.5264096716,-8264895.686356959],[1182702.5264096716,-8201939.441666556],[1182702.5264096716,-8136477.292225475],[1182702.5264096716,-8068530.416385416],[1182702.5264096716,-7998120.7662590025],[1182702.5264096716,-7925271.05755608],[1182702.5264096716,-7850004.759153425],[1182702.5264096716,-7772346.082410755],[1182702.5264096716,-7692319.970246458],[1182702.5264096716,-7609952.085986107],[1182702.5264096716,-7525268.801997199],[1182702.5264096716,-7438297.188123452],[1182702.5264096716,-7349064.999931978],[1182702.5264096716,-7257600.666786577],[1182702.5264096716,-7163933.27976055],[1182702.5264096716,-7068092.579401885],[1182702.5264096716,-6970108.9433640335],[1182702.5264096716,-6870013.373914981],[1182702.5264096716,-6767837.4853372285],[1182702.5264096716,-6663613.491231112],[1182702.5264096716,-6557374.191733645],[1182702.5264096716,-6449152.960664774],[1182702.5264096716,-6338983.732612475],[1182702.5264096716,-6226900.989968254],[1182702.5264096716,-6112939.749923693],[1182702.5264096716,-5997135.551438787],[1182702.5264096716,-5879524.4421921605],[1182702.5264096716,-5760142.965522984],[1182702.5264096716,-5639028.147373991],[1182702.5264096716,-5516217.4832444],[1182702.5264096716,-5391748.925161433],[1182702.5264096716,-5265660.868678237],[1182702.5264096716,-5137992.139905967],[1182702.5264096716,-5008781.982586948],[1182702.5264096716,-4878070.04521565],[1182702.5264096716,-4745896.368213517],[1182702.5264096716,-4612301.3711631745],[1182702.5264096716,-4477325.840107322],[1182702.5264096716,-4341010.914916655],[1182702.5264096716,-4203398.076731157],[1182702.5264096716,-4064529.135478162],[1182702.5264096716,-3924446.2174703265],[1182702.5264096716,-3783191.753086196],[1182702.5264096716,-3640808.464535282],[1182702.5264096716,-3497339.3537093885],[1182702.5264096716,-3352827.6901212633],[1182702.5264096716,-3207316.998931182],[1182702.5264096716,-3060851.0490617333],[1182702.5264096716,-2913473.8414004412],[1182702.5264096716,-2765229.597089508],[1182702.5264096716,-2616162.745901699],[1182702.5264096716,-2466317.914700531],[1182702.5264096716,-2315739.9159830622],[1182702.5264096716,-2164473.7365028],[1182702.5264096716,-2012564.525970009],[1182702.5264096716,-1860057.5858264181],[1182702.5264096716,-1706998.3580909092],[1182702.5264096716,-1553432.4142724124],[1182702.5264096716,-1399405.444346084],[1182702.5264096716,-1244963.245788441],[1182702.5264096716,-1090151.7126668915],[1182702.5264096716,-935016.8247789491],[1182702.5264096716,-779604.6368361104],[1182702.5264096716,-623961.2676872858],[1182702.5264096716,-468132.8895762734],[1182702.5264096716,-312165.71742811956],[1182702.5264096716,-156105.99815838714],[1182702.5264096716,0],[1182702.5264096716,156105.99815838764],[1182702.5264096716,312165.71742811706],[1182702.5264096716,468132.88957627426],[1182702.5264096716,623961.2676872868],[1182702.5264096716,779604.6368361108],[1182702.5264096716,935016.8247789458],[1182702.5264096716,1090151.712666888],[1182702.5264096716,1244963.2457884399],[1182702.5264096716,1399405.4443460873],[1182702.5264096716,1553432.414272417],[1182702.5264096716,1706998.358090908],[1182702.5264096716,1860057.5858264174],[1182702.5264096716,2012564.525970011],[1182702.5264096716,2164473.7365028],[1182702.5264096716,2315739.915983064],[1182702.5264096716,2466317.91470053],[1182702.5264096716,2616162.745901699],[1182702.5264096716,2765229.59708951],[1182702.5264096716,2913473.8414004412],[1182702.5264096716,3060851.049061737],[1182702.5264096716,3207316.998931182],[1182702.5264096716,3352827.69012126],[1182702.5264096716,3497339.353709388],[1182702.5264096716,3640808.4645352834],[1182702.5264096716,3783191.753086197],[1182702.5264096716,3924446.217470327],[1182702.5264096716,4064529.1354781603],[1182702.5264096716,4203398.076731158],[1182702.5264096716,4341010.914916655],[1182702.5264096716,4477325.840107319],[1182702.5264096716,4612301.371163175],[1182702.5264096716,4745896.368213514],[1182702.5264096716,4878070.04521565],[1182702.5264096716,5008781.982586946],[1182702.5264096716,5137992.139905969],[1182702.5264096716,5265660.868678238],[1182702.5264096716,5391748.9251614325],[1182702.5264096716,5516217.483244402],[1182702.5264096716,5639028.14737399],[1182702.5264096716,5760142.965522983],[1182702.5264096716,5879524.4421921605],[1182702.5264096716,5997135.551438791],[1182702.5264096716,6112939.749923695],[1182702.5264096716,6226900.989968257],[1182702.5264096716,6338983.732612475],[1182702.5264096716,6449152.960664772],[1182702.5264096716,6557374.191733645],[1182702.5264096716,6663613.491231109],[1182702.5264096716,6767837.4853372285],[1182702.5264096716,6870013.373914984],[1182702.5264096716,6970108.943364033],[1182702.5264096716,7068092.579401883],[1182702.5264096716,7163933.279760547],[1182702.5264096716,7257600.666786577],[1182702.5264096716,7349064.999931978],[1182702.5264096716,7438297.188123454],[1182702.5264096716,7525268.801997198],[1182702.5264096716,7609952.085986107],[1182702.5264096716,7692319.9702464575],[1182702.5264096716,7772346.08241075],[1182702.5264096716,7850004.759153425],[1182702.5264096716,7925271.0575560825],[1182702.5264096716,7998120.766259],[1182702.5264096716,8068530.416385416],[1182702.5264096716,8136477.292225478],[1182702.5264096716,8201939.441666555],[1182702.5264096716,8264895.686356961],[1182702.5264096716,8325325.631590038],[1182702.5264096716,8383209.675896026],[1182702.5264096716,8438529.020329095],[1182702.5264096716,8491265.677437361],[1182702.5264096716,8541402.479903856],[1182702.5264096716,8588923.088846862],[1182702.5264096716,8633812.001768261],[1182702.5264096716,8676054.56013897],[1182702.5264096716,8715636.956610948],[1182702.5264096716,8752546.24184571],[1182702.5264096716,8786770.330949673],[1182702.5264096716,8818298.009507198],[1182702.5264096716,8847118.939202785],[1182702.5264096716,8873223.663024234],[1182702.5264096716,8896603.610039297],[1182702.5264096716,8917251.09973887],[1182702.5264096716,8935159.345940368],[1182702.5264096716,8950322.460245615],[1182702.5264096716,8962735.455048028],[1182702.5264096716,8972394.246084873],[1182702.5264096716,8979295.654530507],[1182702.5264096716,8983437.408627842],[1182702.5264096716,8984818.14485532]]},"properties":{"type":"meridian","value":15}},
{"type":"Feature","geometry":{"type":"LineString","coordinates":[[2365405.0528193433,-8984818.144855315],[2365405.0528193433,-8983437.408627838],[2365405.0528193433,-8979295.65453051],[2365405.0528193433,-8972394.246084873],[2365405.0528193433,-8962735.455048032],[2365405.0528193433,-8950322.460245615],[2365405.0528193433,-8935159.34594037],[2365405.0528193433,-8917251.09973887],[2365405.0528193433,-8896603.6100393],[2365405.0528193433,-8873223.663024236],[2365405.0528193433,-8847118.939202784],[2365405.0528193433,-8818298.009507198],[2365405.0528193433,-8786770.330949672],[2365405.0528193433,-8752546.241845708],[2365405.0528193433,-8715636.956610948],[2365405.0528193433,-8676054.56013897],[2365405.0528193433,-8633812.001768263],[2365405.0528193433,-8588923.08884686],[2365405.0528193433,-8541402.479903854],[2365405.0528193433,-8491265.677437361],[2365405.0528193433,-8438529.020329097],[2365405.0528193433,-8383209.675896025],[2365405.0528193433,-8325325.631590038],[2365405.0528193433,-8264895.686356959],[2365405.0528193433,-8201939.441666556],[2365405.0528193433,-8136477.292225475],[2365405.0528193433,-8068530.416385416],[2365405.0528193433,-7998120.7662590025],[2365405.0528193433,-7925271.05755608],[2365405.0528193433,-7850004.759153425],[2365405.0528193433,-7772346.082410755],[2365405.0528193433,-7692319.970246458],[2365405.0528193433,-7609952.085986107],[2365405.0528193433,-7525268.801997199],[2365405.0528193433,-7438297.188123452],[2365405.0528193433,-7349064.999931978],[2365405.0528193433,-7257600.666786577],[2365405.0528193433,-7163933.27976055],[2365405.0528193433,-7068092.579401885],[2365405.0528193433,-6970108.9433640335],[2365405.0528193433,-6870013.373914981],[2365405.0528193433,-6767837.4853372285],[2365405.0528193433,-6663613.491231112],[2365405.0528193433,-6557374.191733645],[2365405.0528193433,-6449152.960664774],[2365405.0528193433,-6338983.732612475],[2365405.0528193433,-6226900.989968254],[2365405.0528193433,-6112939.749923693],[2365405.0528193433,-5997135.551438787],[2365405.0528193433,-5879524.4421921605],[2365405.0528193433,-5760142.965522984],[2365405.0528193433,-5639028.147373991],[2365405.0528193433,-5516217.4832444],[2365405.0528193433,-5391748.925161433],[2365405.0528193433,-5265660.868678237],[2365405.0528193433,-5137992.139905967],[2365405.0528193433,-5008781.982586948],[2365405.0528193433,-4878070.04521565],[2365405.0528193433,-4745896.368213517],[2365405.0528193433,-4612301.3711631745],[2365405.0528193433,-4477325.840107322],[2365405.0528193433,-4341010.914916655],[2365405.0528193433,-4203398.076731157],[2365405.0528193433,-4064529.135478162],[2365405.0528193433,-3924446.2174703265],[2365405.0528193433,-3783191.753086196],[2365405.0528193433,-3640808.464535282],[2365405.0528193433,-3497339.3537093885],[2365405.0528193433,-3352827.6901212633],[2365405.0528193433,-3207316.998931182],[2365405.0528193433,-3060851.0490617333],[2365405.0528193433,-2913473.8414004412],[2365405.0528193433,-2765229.597089508],[2365405.0528193433,-2616162.745901699],[2365405.0528193433,-2466317.914700531],[2365405.0528193433,-2315739.9159830622],[2365405.0528193433,-2164473.7365028],[2365405.0528193433,-2012564.525970009],[2365405.0528193433,-1860057.5858264181],[2365405.0528193433,-1706998.3580909092],[2365405.0528193433,-1553432.4142724124],[2365405.0528193433,-1399405.444346084],[2365405.0528193433,-1244963.245788441],[2365405.0528193433,-1090151.7126668915],[2365405.0528193433,-935016.8247789491],[2365405.0528193433,-779604.6368361104],[2365405.0528193433,-623961.2676872858],[2365405.0528193433,-468132.8895762734],[2365405.0528193433,-312165.71742811956],[2365405.0528193433,-156105.99815838714],[2365405.0528193433,0],[2365405.0528193433,156105.99815838764],[2365405.0528193433,312165.71742811706],[2365405.0528193433,468132.88957627426],[2365405.0528193433,623961.2676872868],[2365405.0528193433,779604.6368361108],[2365405.0528193433,935016.8247789458],[2365405.0528193433,1090151.712666888],[2365405.0528193433,1244963.2457884399],[2365405.0528193433,1399405.4443460873],[2365405.0528193433,1553432.414272417],[2365405.0528193433,1706998.358090908],[2365405.0528193433,1860057.5858264174],[2365405.0528193433,2012564.525970011],[2365405.0528193433,2164473.7365028],[2365405.0528193433,2315739.915983064],[2365405.0528193433,2466317.91470053],[2365405.0528193433,2616162.745901699],[2365405.0528193433,2765229.59708951],[2365405.0528193433,2913473.8414004412],[2365405.0528193433,3060851.049061737],[2365405.0528193433,3207316.998931182],[2365405.0528193433,3352827.69012126],[2365405.0528193433,3497339.353709388],[2365405.0528193433,3640808.4645352834],[2365405.0528193433,3783191.753086197],[2365405.0528193433,3924446.217470327],[2365405.0528193433,4064529.1354781603],[2365405.0528193433,4203398.076731158],[2365405.0528193433,4341010.914916655],[2365405.0528193433,4477325.840107319],[2365405.0528193433,4612301.371163175],[2365405.0528193433,4745896.368213514],[2365405.0528193433,4878070.04521565],[2365405.0528193433,5008781.982586946],[2365405.0528193433,5137992.139905969],[2365405.0528193433,5265660.868678238],[2365405.0528193433,5391748.9251614325],[2365405.0528193433,5516217.483244402],[2365405.0528193433,5639028.14737399],[2365405.0528193433,5760142.965522983],[2365405.0528193433,5879524.4421921605],[2365405.0528193433,5997135.551438791],[2365405.0528193433,6112939.749923695],[2365405.0528193433,6226900.989968257],[2365405.0528193433,6338983.732612475],[2365405.0528193433,6449152.960664772],[2365405.0528193433,6557374.191733645],[2365405.0528193433,6663613.491231109],[2365405.0528193433,6767837.4853372285],[2365405.0528193433,6870013.373914984],[2365405.0528193433,6970108.943364033],[2365405.0528193433,7068092.579401883],[2365405.0528193433,7163933.279760547],[2365405.0528193433,7257600.666786577],[2365405.0528193433,7349064.999931978],[2365405.0528193433,7438297.188123454],[2365405.0528193433,7525268.801997198],[2365405.0528193433,7609952.085986107],[2365405.0528193433,7692319.9702464575],[2365405.0528193433,7772346.08241075],[2365405.0528193433,7850004.759153425],[2365405.0528193433,7925271.0575560825],[2365405.0528193433,7998120.766259],[2365405.0528193433,8068530.416385416],[2365405.0528193433,8136477.292225478],[2365405.0528193433,8201939.441666555],[2365405.0528193433,8264895.686356961],[2365405.0528193433,8325325.631590038],[2365405.0528193433,8383209.675896026],[2365405.0528193433,8438529.020329095],[2365405.0528193433,8491265.677437361],[2365405.0528193433,8541402.479903856],[2365405.0528193433,8588923.088846862],[2365405.0528193433,8633812.001768261],[2365405.0528193433,8676054.56013897],[2365405.0528193433,8715636.956610948],[2365405.0528193433,8752546.24184571],[2365405.0528193433,8786770.330949673],[2365405.0528193433,8818298.009507198],[2365405.0528193433,8847118.939202785],[2365405.0528193433,8873223.663024234],[2365405.0528193433,8896603.610039297],[2365405.0528193433,8917251.09973887],[2365405.0528193433,8935159.345940368],[2365405.0528193433,8950322.460245615],[2365405.0528193433,8962735.455048028],[2365405.0528193433,8972394.246084873],[2365405.0528193433,8979295.654530507],[2365405.0528193433,8983437.408627842],[2365405.0528193433,8984818.14485532]]},"properties":{"type":"meridian","value":30}},
{"type":"Feature","geometry":{"type":"LineString","coordinates":[[3548107.5792290154,-8984818.144855315],[3548107.5792290154,-8983437.408627838],[3548107.5792290154,-8979295.65453051],[3548107.5792290154,-8972394.246084873],[3548107.5792290154,-8962735.455048032],[3548107.5792290154,-8950322.460245615],[3548107.5792290154,-8935159.34594037],[3548107.5792290154,-8917251.09973887],[3548107.5792290154,-8896603.6100393],[3548107.5792290154,-8873223.663024236],[3548107.5792290154,-8847118.939202784],[3548107.5792290154,-8818298.009507198],[3548107.5792290154,-8786770.330949672],[3548107.5792290154,-8752546.241845708],[3548107.5792290154,-8715636.956610948],[3548107.5792290154,-8676054.56013897],[3548107.5792290154,-8633812.001768263],[3548107.5792290154,-8588923.08884686],[3548107.5792290154,-8541402.479903854],[3548107.5792290154,-8491265.677437361],[3548107.5792290154,-8438529.020329097],[3548107.5792290154,-8383209.675896025],[3548107.5792290154,-8325325.631590038],[3548107.5792290154,-8264895.686356959],[3548107.5792290154,-8201939.441666556],[3548107.5792290154,-8136477.292225475],[3548107.5792290154,-8068530.416385416],[3548107.5792290154,-7998120.7662590025],[3548107.5792290154,-7925271.05755608],[3548107.5792290154,-7850004.759153425],[3548107.5792290154,-7772346.082410755],[3548107.5792290154,-7692319.970246458],[3548107.5792290154,-7609952.085986107],[3548107.5792290154,-7525268.801997199],[3548107.5792290154,-7438297.188123452],[3548107.5792290154,-7349064.999931978],[3548107.5792290154,-7257600.666786577],[3548107.5792290154,-7163933.27976055],[3548107.5792290154,-7068092.579401885],[3548107.5792290154,-6970108.9433640335],[3548107.5792290154,-6870013.373914981],[3548107.5792290154,-6767837.4853372285],[3548107.5792290154,-6663613.491231112],[3548107.5792290154,-6557374.191733645],[3548107.5792290154,-6449152.960664774],[3548107.5792290154,-6338983.732612475],[3548107.5792290154,-6226900.989968254],[3548107.5792290154,-6112939.749923693],[3548107.5792290154,-5997135.551438787],[3548107.5792290154,-5879524.4421921605],[3548107.5792290154,-5760142.965522984],[3548107.5792290154,-5639028.147373991],[3548107.5792290154,-5516217.4832444],[3548107.5792290154,-5391748.925161433],[3548107.5792290154,-5265660.868678237],[3548107.5792290154,-5137992.139905967],[3548107.5792290154,-5008781.982586948],[3548107.5792290154,-4878070.04521565],[3548107.5792290154,-4745896.368213517],[3548107.5792290154,-4612301.3711631745],[3548107.5792290154,-4477325.840107322],[3548107.5792290154,-4341010.914916655],[3548107.5792290154,-4203398.076731157],[3548107.5792290154,-4064529.135478162],[3548107.5792290154,-3924446.2174703265],[3548107.5792290154,-3783191.753086196],[3548107.5792290154,-3640808.464535282],[3548107.5792290154,-3497339.3537093885],[3548107.5792290154,-3352827.6901212633],[3548107.5792290154,-3207316.998931182],[3548107.5792290154,-3060851.0490617333],[3548107.5792290154,-2913473.8414004412],[3548107.5792290154,-2765229.597089508],[3548107.5792290154,-2616162.745901699],[3548107.5792290154,-2466317.914700531],[3548107.5792290154,-2315739.9159830622],[3548107.5792290154,-2164473.7365028],[3548107.5792290154,-2012564.525970009],[3548107.5792290154,-1860057.5858264181],[3548107.5792290154,-1706998.3580909092],[3548107.5792290154,-1553432.4142724124],[3548107.5792290154,-1399405.444346084],[3548107.5792290154,-1244963.245788441],[3548107.5792290154,-1090151.7126668915],[3548107.5792290154,-935016.8247789491],[3548107.5792290154,-779604.6368361104],[3548107.5792290154,-623961.2676872858],[3548107.5792290154,-468132.8895762734],[3548107.5792290154,-312165.71742811956],[3548107.5792290154,-156105.99815838714],[3548107.5792290154,0],[3548107.5792290154,156105.99815838764],[3548107.5792290154,312165.71742811706],[3548107.5792290154,468132.88957627426],[3548107.5792290154,623961.2676872868],[3548107.5792290154,779604.6368361108],[3548107.5792290154,935016.8247789458],[3548107.5792290154,1090151.712666888],[3548107.5792290154,1244963.2457884399],[3548107.5792290154,1399405.4443460873],[3548107.5792290154,1553432.414272417],[3548107.5792290154,1706998.358090908],[3548107.5792290154,1860057.5858264174],[3548107.5792290154,2012564.525970011],[3548107.5792290154,2164473.7365028],[3548107.5792290154,2315739.915983064],[3548107.5792290154,2466317.91470053],[3548107.5792290154,2616162.745901699],[3548107.5792290154,2765229.59708951],[3548107.5792290154,2913473.8414004412],[3548107.5792290154,3060851.049061737],[3548107.5792290154,3207316.998931182],[3548107.5792290154,3352827.69012126],[3548107.5792290154,3497339.353709388],[3548107.5792290154,3640808.4645352834],[3548107.5792290154,3783191.753086197],[3548107.5792290154,3924446.217470327],[3548107.5792290154,4064529.1354781603],[3548107.5792290154,4203398.076731158],[3548107.5792290154,4341010.914916655],[3548107.5792290154,4477325.840107319],[3548107.5792290154,4612301.371163175],[3548107.5792290154,4745896.368213514],[3548107.5792290154,4878070.04521565],[3548107.5792290154,5008781.982586946],[3548107.5792290154,5137992.139905969],[3548107.5792290154,5265660.868678238],[3548107.5792290154,5391748.9251614325],[3548107.5792290154,5516217.483244402],[3548107.5792290154,5639028.14737399],[3548107.5792290154,5760142.965522983],[3548107.5792290154,5879524.4421921605],[3548107.5792290154,5997135.551438791],[3548107.5792290154,6112939.749923695],[3548107.5792290154,6226900.989968257],[3548107.5792290154,6338983.732612475],[3548107.5792290154,6449152.960664772],[3548107.5792290154,6557374.191733645],[3548107.5792290154,6663613.491231109],[3548107.5792290154,6767837.4853372285],[3548107.5792290154,6870013.373914984],[3548107.5792290154,6970108.943364033],[3548107.5792290154,7068092.579401883],[3548107.5792290154,7163933.279760547],[3548107.5792290154,7257600.666786577],[3548107.5792290154,7349064.999931978],[3548107.5792290154,7438297.188123454],[3548107.5792290154,7525268.801997198],[3548107.5792290154,7609952.085986107],[3548107.5792290154,7692319.9702464575],[3548107.5792290154,7772346.08241075],[3548107.5792290154,7850004.759153425],[3548107.5792290154,7925271.0575560825],[3548107.5792290154,7998120.766259],[3548107.5792290154,8068530.416385416],[3548107.5792290154,8136477.292225478],[3548107.5792290154,8201939.441666555],[3548107.5792290154,8264895.686356961],[3548107.5792290154,8325325.631590038],[3548107.5792290154,8383209.675896026],[3548107.5792290154,8438529.020329095],[3548107.5792290154,8491265.677437361],[3548107.5792290154,8541402.479903856],[3548107.5792290154,8588923.088846862],[3548107.5792290154,8633812.001768261],[3548107.5792290154,8676054.56013897],[3548107.5792290154,8715636.956610948],[3548107.5792290154,8752546.24184571],[3548107.5792290154,8786770.330949673],[3548107.5792290154,8818298.009507198],[3548107.5792290154,8847118.939202785],[3548107.5792290154,8873223.663024234],[3548107.5792290154,8896603.610039297],[3548107.5792290154,8917251.09973887],[3548107.5792290154,8935159.345940368],[3548107.5792290154,8950322.460245615],[3548107.5792290154,8962735.455048028],[3548107.5792290154,8972394.246084873],[3548107.5792290154,8979295.654530507],[3548107.5792290154,8983437.408627842],[3548107.5792290154,8984818.14485532]]},"properties":{"type":"meridian","value":45}},
{"type":"Feature","geometry":{"type":"LineString","coordinates":[[4730810.105638687,-8984818.144855315],[4730810.105638687,-8983437.408627838],[4730810.105638687,-8979295.65453051],[4730810.105638687,-8972394.246084873],[4730810.105638687,-8962735.455048032],[4730810.105638687,-8950322.460245615],[4730810.105638687,-8935159.34594037],[4730810.105638687,-8917251.09973887],[4730810.105638687,-8896603.6100393],[4730810.105638687,-8873223.663024236],[4730810.105638687,-8847118.939202784],[4730810.105638687,-8818298.009507198],[4730810.105638687,-8786770.330949672],[4730810.105638687,-8752546.241845708],[4730810.105638687,-8715636.956610948],[4730810.105638687,-8676054.56013897],[4730810.105638687,-8633812.001768263],[4730810.105638687,-8588923.08884686],[4730810.105638687,-8541402.479903854],[4730810.105638687,-8491265.677437361],[4730810.105638687,-8438529.020329097],[4730810.105638687,-8383209.675896025],[4730810.105638687,-8325325.631590038],[4730810.105638687,-8264895.686356959],[4730810.105638687,-8201939.441666556],[4730810.105638687,-8136477.292225475],[4730810.105638687,-8068530.416385416],[4730810.105638687,-7998120.7662590025],[4730810.105638687,-7925271.05755608],[4730810.105638687,-7850004.759153425],[4730810.105638687,-7772346.082410755],[4730810.105638687,-7692319.970246458],[4730810.105638687,-7609952.085986107],[4730810.105638687,-7525268.801997199],[4730810.105638687,-7438297.188123452],[4730810.105638687,-7349064.999931978],[4730810.105638687,-7257600.666786577],[4730810.105638687,-7163933.27976055],[4730810.105638687,-7068092.579401885],[4730810.105638687,-6970108.9433640335],[4730810.105638687,-6870013.373914981],[4730810.105638687,-6767837.4853372285],[4730810.105638687,-6663613.491231112],[4730810.105638687,-6557374.191733645],[4730810.105638687,-6449152.960664774],[4730810.105638687,-6338983.732612475],[4730810.105638687,-6226900.989968254],[4730810.105638687,-6112939.749923693],[4730810.105638687,-5997135.551438787],[4730810.105638687,-5879524.4421921605],[4730810.105638687,-5760142.965522984],[4730810.105638687,-5639028.147373991],[4730810.105638687,-5516217.4832444],[4730810.105638687,-5391748.925161433],[4730810.105638687,-5265660.868678237],[4730810.105638687,-5137992.139905967],[4730810.105638687,-5008781.982586948],[4730810.105638687,-4878070.04521565],[4730810.105638687,-4745896.368213517],[4730810.105638687,-4612301.3711631745],[4730810.105638687,-4477325.840107322],[4730810.105638687,-4341010.914916655],[4730810.105638687,-4203398.076731157],[4730810.105638687,-4064529.135478162],[4730810.105638687,-3924446.2174703265],[4730810.105638687,-3783191.753086196],[4730810.105638687,-3640808.464535282],[4730810.105638687,-3497339.3537093885],[4730810.105638687,-3352827.6901212633],[4730810.105638687,-3207316.998931182],[4730810.105638687,-3060851.0490617333],[4730810.105638687,-2913473.8414004412],[4730810.105638687,-2765229.597089508],[4730810.105638687,-2616162.745901699],[4730810.105638687,-2466317.914700531],[4730810.105638687,-2315739.9159830622],[4730810.105638687,-2164473.7365028],[4730810.105638687,-2012564.525970009],[4730810.105638687,-1860057.5858264181],[4730810.105638687,-1706998.3580909092],[4730810.105638687,-1553432.4142724124],[4730810.105638687,-1399405.444346084],[4730810.105638687,-1244963.245788441],[4730810.105638687,-1090151.7126668915],[4730810.105638687,-935016.8247789491],[4730810.105638687,-779604.6368361104],[4730810.105638687,-623961.2676872858],[4730810.105638687,-468132.8895762734],[4730810.105638687,-312165.71742811956],[4730810.105638687,-156105.99815838714],[4730810.105638687,0],[4730810.105638687,156105.99815838764],[4730810.105638687,312165.71742811706],[4730810.105638687,468132.88957627426],[4730810.105638687,623961.2676872868],[4730810.105638687,779604.6368361108],[4730810.105638687,935016.8247789458],[4730810.105638687,1090151.712666888],[4730810.105638687,1244963.2457884399],[4730810.105638687,1399405.4443460873],[4730810.105638687,1553432.414272417],[4730810.105638687,1706998.358090908],[4730810.105638687,1860057.5858264174],[4730810.105638687,2012564.525970011],[4730810.105638687,2164473.7365028],[4730810.105638687,2315739.915983064],[4730810.105638687,2466317.91470053],[4730810.105638687,2616162.745901699],[4730810.105638687,2765229.59708951],[4730810.105638687,2913473.8414004412],[4730810.105638687,3060851.049061737],[4730810.105638687,3207316.998931182],[4730810.105638687,3352827.69012126],[4730810.105638687,3497339.353709388],[4730810.105638687,3640808.4645352834],[4730810.105638687,3783191.753086197],[4730810.105638687,3924446.217470327],[4730810.105638687,4064529.1354781603],[4730810.105638687,4203398.076731158],[4730810.105638687,4341010.914916655],[4730810.105638687,4477325.840107319],[4730810.105638687,4612301.371163175],[4730810.105638687,4745896.368213514],[4730810.105638687,4878070.04521565],[4730810.105638687,5008781.982586946],[4730810.105638687,5137992.139905969],[4730810.105638687,5265660.868678238],[4730810.105638687,5391748.9251614325],[4730810.105638687,5516217.483244402],[4730810.105638687,5639028.14737399],[4730810.105638687,5760142.965522983],[4730810.105638687,5879524.4421921605],[4730810.105638687,5997135.551438791],[4730810.105638687,6112939.749923695],[4730810.105638687,6226900.989968257],[4730810.105638687,6338983.732612475],[4730810.105638687,6449152.960664772],[4730810.105638687,6557374.191733645],[4730810.105638687,6663613.491231109],[4730810.105638687,6767837.4853372285],[4730810.105638687,6870013.373914984],[4730810.105638687,6970108.943364033],[4730810.105638687,7068092.579401883],[4730810.105638687,7163933.279760547],[4730810.105638687,7257600.666786577],[4730810.105638687,7349064.999931978],[4730810.105638687,7438297.188123454],[4730810.105638687,7525268.801997198],[4730810.105638687,7609952.085986107],[4730810.105638687,7692319.9702464575],[4730810.105638687,7772346.08241075],[4730810.105638687,7850004.759153425],[4730810.105638687,7925271.0575560825],[4730810.105638687,7998120.766259],[4730810.105638687,8068530.416385416],[4730810.105638687,8136477.292225478],[4730810.105638687,8201939.441666555],[4730810.105638687,8264895.686356961],[4730810.105638687,8325325.631590038],[4730810.105638687,8383209.675896026],[4730810.105638687,8438529.020329095],[4730810.105638687,8491265.677437361],[4730810.105638687,8541402.479903856],[4730810.105638687,8588923.088846862],[4730810.105638687,8633812.001768261],[4730810.105638687,8676054.56013897],[4730810.105638687,8715636.956610948],[4730810.105638687,8752546.24184571],[4730810.105638687,8786770.330949673],[4730810.105638687,8818298.009507198],[4730810.105638687,8847118.939202785],[4730810.105638687,8873223.663024234],[4730810.105638687,8896603.610039297],[4730810.105638687,8917251.09973887],[4730810.105638687,8935159.345940368],[4730810.105638687,8950322.460245615],[4730810.105638687,8962735.455048028],[4730810.105638687,8972394.246084873],[4730810.105638687,8979295.654530507],[4730810.105638687,8983437.408627842],[4730810.105638687,8984818.14485532]]},"properties":{"type":"meridian","value":60}},
{"type":"Feature","geometry":{"type":"LineString","coordinates":[[5913512.632048359,-8984818.144855315],[5913512.632048359,-8983437.408627838],[5913512.632048359,-8979295.65453051],[5913512.632048359,-8972394.246084873],[5913512.632048359,-8962735.455048032],[5913512.632048359,-8950322.460245615],[5913512.632048359,-8935159.34594037],[5913512.632048359,-8917251.09973887],[5913512.632048359,-8896603.6100393],[5913512.632048359,-8873223.663024236],[5913512.632048359,-8847118.939202784],[5913512.632048359,-8818298.009507198],[5913512.632048359,-8786770.330949672],[5913512.632048359,-8752546.241845708],[5913512.632048359,-8715636.956610948],[5913512.632048359,-8676054.56013897],[5913512.632048359,-8633812.001768263],[5913512.632048359,-8588923.08884686],[5913512.632048359,-8541402.479903854],[5913512.632048359,-8491265.677437361],[5913512.632048359,-8438529.020329097],[5913512.632048359,-8383209.675896025],[5913512.632048359,-8325325.631590038],[5913512.632048359,-8264895.686356959],[5913512.632048359,-8201939.441666556],[5913512.632048359,-8136477.292225475],[5913512.632048359,-8068530.416385416],[5913512.632048359,-7998120.7662590025],[5913512.632048359,-7925271.05755608],[5913512.632048359,-7850004.759153425],[5913512.632048359,-7772346.082410755],[5913512.632048359,-7692319.970246458],[5913512.632048359,-7609952.085986107],[5913512.632048359,-7525268.801997199],[5913512.632048359,-7438297.188123452],[5913512.632048359,-7349064.999931978],[5913512.632048359,-7257600.666786577],[5913512.632048359,-7163933.27976055],[5913512.632048359,-7068092.579401885],[5913512.632048359,-6970108.9433640335],[5913512.632048359,-6870013.373914981],[5913512.632048359,-6767837.4853372285],[5913512.632048359,-6663613.491231112],[5913512.632048359,-6557374.191733645],[5913512.632048359,-6449152.960664774],[5913512.632048359,-6338983.732612475],[5913512.632048359,-6226900.989968254],[5913512.632048359,-6112939.749923693],[5913512.632048359,-5997135.551438787],[5913512.632048359,-5879524.4421921605],[5913512.632048359,-5760142.965522984],[5913512.632048359,-5639028.147373991],[5913512.632048359,-5516217.4832444],[5913512.632048359,-5391748.925161433],[5913512.632048359,-5265660.868678237],[5913512.632048359,-5137992.139905967],[5913512.632048359,-5008781.982586948],[5913512.632048359,-4878070.04521565],[5913512.632048359,-4745896.368213517],[5913512.632048359,-4612301.3711631745],[5913512.632048359,-4477325.840107322],[5913512.632048359,-4341010.914916655],[5913512.632048359,-4203398.076731157],[5913512.632048359,-4064529.135478162],[5913512.632048359,-3924446.2174703265],[5913512.632048359,-3783191.753086196],[5913512.632048359,-3640808.464535282],[5913512.632048359,-3497339.3537093885],[5913512.632048359,-3352827.6901212633],[5913512.632048359,-3207316.998931182],[5913512.632048359,-3060851.0490617333],[5913512.632048359,-2913473.8414004412],[5913512.632048359,-2765229.597089508],[5913512.632048359,-2616162.745901699],[5913512.632048359,-2466317.914700531],[5913512.632048359,-2315739.9159830622],[5913512.632048359,-2164473.7365028],[5913512.632048359,-2012564.525970009],[5913512.632048359,-1860057.5858264181],[5913512.632048359,-1706998.3580909092],[5913512.632048359,-1553432.4142724124],[5913512.632048359,-1399405.444346084],[5913512.632048359,-1244963.245788441],[5913512.632048359,-1090151.7126668915],[5913512.632048359,-935016.8247789491],[5913512.632048359,-779604.6368361104],[5913512.632048359,-623961.2676872858],[5913512.632048359,-468132.8895762734],[5913512.632048359,-312165.71742811956],[5913512.632048359,-156105.99815838714],[5913512.632048359,0],[5913512.632048359,156105.99815838764],[5913512.632048359,312165.71742811706],[5913512.632048359,468132.88957627426],[5913512.632048359,623961.2676872868],[5913512.632048359,779604.6368361108],[5913512.632048359,935016.8247789458],[5913512.632048359,1090151.712666888],[5913512.632048359,1244963.2457884399],[5913512.632048359,1399405.4443460873],[5913512.632048359,1553432.414272417],[5913512.632048359,1706998.358090908],[5913512.632048359,1860057.5858264174],[5913512.632048359,2012564.525970011],[5913512.632048359,2164473.7365028],[5913512.632048359,2315739.915983064],[5913512.632048359,2466317.91470053],[5913512.632048359,2616162.745901699],[5913512.632048359,2765229.59708951],[5913512.632048359,2913473.8414004412],[5913512.632048359,3060851.049061737],[5913512.632048359,3207316.998931182],[5913512.632048359,3352827.69012126],[5913512.632048359,3497339.353709388],[5913512.632048359,3640808.4645352834],[5913512.632048359,3783191.753086197],[5913512.632048359,3924446.217470327],[5913512.632048359,4064529.1354781603],[5913512.632048359,4203398.076731158],[5913512.632048359,4341010.914916655],[5913512.632048359,4477325.840107319],[5913512.632048359,4612301.371163175],[5913512.632048359,4745896.368213514],[5913512.632048359,4878070.04521565],[5913512.632048359,5008781.982586946],[5913512.632048359,5137992.139905969],[5913512.632048359,5265660.868678238],[5913512.632048359,5391748.9251614325],[5913512.632048359,5516217.483244402],[5913512.632048359,5639028.14737399],[5913512.632048359,5760142.965522983],[5913512.632048359,5879524.4421921605],[5913512.632048359,5997135.551438791],[5913512.632048359,6112939.749923695],[5913512.632048359,6226900.989968257],[5913512.632048359,6338983.732612475],[5913512.632048359,6449152.960664772],[5913512.632048359,6557374.191733645],[5913512.632048359,6663613.491231109],[5913512.632048359,6767837.4853372285],[5913512.632048359,6870013.373914984],[5913512.632048359,6970108.943364033],[5913512.632048359,7068092.579401883],[5913512.632048359,7163933.279760547],[5913512.632048359,7257600.666786577],[5913512.632048359,7349064.999931978],[5913512.632048359,7438297.188123454],[5913512.632048359,7525268.801997198],[5913512.632048359,7609952.085986107],[5913512.632048359,7692319.9702464575],[5913512.632048359,7772346.08241075],[5913512.632048359,7850004.759153425],[5913512.632048359,7925271.0575560825],[5913512.632048359,7998120.766259],[5913512.632048359,8068530.416385416],[5913512.632048359,8136477.292225478],[5913512.632048359,8201939.441666555],[5913512.632048359,8264895.686356961],[5913512.632048359,8325325.631590038],[5913512.632048359,8383209.675896026],[5913512.632048359,8438529.020329095],[5913512.632048359,8491265.677437361],[5913512.632048359,8541402.479903856],[5913512.632048359,8588923.088846862],[5913512.632048359,8633812.001768261],[5913512.632048359,8676054.56013897],[5913512.632048359,8715636.956610948],[5913512.632048359,8752546.24184571],[5913512.632048359,8786770.330949673],[5913512.632048359,8818298.009507198],[5913512.632048359,8847118.939202785],[5913512.632048359,8873223.663024234],[5913512.632048359,8896603.610039297],[5913512.632048359,8917251.09973887],[5913512.632048359,8935159.345940368],[5913512.632048359,8950322.460245615],[5913512.632048359,8962735.455048028],[5913512.632048359,8972394.246084873],[5913512.632048359,8979295.654530507],[5913512.632048359,8983437.408627842],[5913512.632048359,8984818.14485532]]},"properties":{"type":"meridian","value":75}},
{"type":"Feature","geometry":{"type":"LineString","coordinates":[[7096215.158458031,-8984818.144855315],[7096215.158458031,-8983437.408627838],[7096215.158458031,-8979295.65453051],[7096215.158458031,-8972394.246084873],[7096215.158458031,-8962735.455048032],[7096215.158458031,-8950322.460245615],[7096215.158458031,-8935159.34594037],[7096215.158458031,-8917251.09973887],[7096215.158458031,-8896603.6100393],[7096215.158458031,-8873223.663024236],[7096215.158458031,-8847118.939202784],[7096215.158458031,-8818298.009507198],[7096215.158458031,-8786770.330949672],[7096215.158458031,-8752546.241845708],[7096215.158458031,-8715636.956610948],[7096215.158458031,-8676054.56013897],[7096215.158458031,-8633812.001768263],[7096215.158458031,-8588923.08884686],[7096215.158458031,-8541402.479903854],[7096215.158458031,-8491265.677437361],[7096215.158458031,-8438529.020329097],[7096215.158458031,-8383209.675896025],[7096215.158458031,-8325325.631590038],[7096215.158458031,-8264895.686356959],[7096215.158458031,-8201939.441666556],[7096215.158458031,-8136477.292225475],[7096215.158458031,-8068530.416385416],[7096215.158458031,-7998120.7662590025],[7096215.158458031,-7925271.05755608],[7096215.158458031,-7850004.759153425],[7096215.158458031,-7772346.082410755],[7096215.158458031,-7692319.970246458],[7096215.158458031,-7609952.085986107],[7096215.158458031,-7525268.801997199],[7096215.158458031,-7438297.188123452],[7096215.158458031,-7349064.999931978],[7096215.158458031,-7257600.666786577],[7096215.158458031,-7163933.27976055],[7096215.158458031,-7068092.579401885],[7096215.158458031,-6970108.9433640335],[7096215.158458031,-6870013.373914981],[7096215.158458031,-6767837.4853372285],[7096215.158458031,-6663613.491231112],[7096215.158458031,-6557374.191733645],[7096215.158458031,-6449152.960664774],[7096215.158458031,-6338983.732612475],[7096215.158458031,-6226900.989968254],[7096215.158458031,-6112939.749923693],[7096215.158458031,-5997135.551438787],[7096215.158458031,-5879524.4421921605],[7096215.158458031,-5760142.965522984],[7096215.158458031,-5639028.147373991],[7096215.158458031,-5516217.4832444],[7096215.158458031,-5391748.925161433],[7096215.158458031,-5265660.868678237],[7096215.158458031,-5137992.139905967],[7096215.158458031,-5008781.982586948],[7096215.158458031,-4878070.04521565],[7096215.158458031,-4745896.368213517],[7096215.158458031,-4612301.3711631745],[7096215.158458031,-4477325.840107322],[7096215.158458031,-4341010.914916655],[7096215.158458031,-4203398.076731157],[7096215.158458031,-4064529.135478162],[7096215.158458031,-3924446.2174703265],[7096215.158458031,-3783191.753086196],[7096215.158458031,-3640808.464535282],[7096215.158458031,-3497339.3537093885],[7096215.158458031,-3352827.6901212633],[7096215.158458031,-3207316.998931182],[7096215.158458031,-3060851.0490617333],[7096215.158458031,-2913473.8414004412],[7096215.158458031,-2765229.597089508],[7096215.158458031,-2616162.745901699],[7096215.158458031,-2466317.914700531],[7096215.158458031,-2315739.9159830622],[7096215.158458031,-2164473.7365028],[7096215.158458031,-2012564.525970009],[7096215.158458031,-1860057.5858264181],[7096215.158458031,-1706998.3580909092],[7096215.158458031,-1553432.4142724124],[7096215.158458031,-1399405.444346084],[7096215.158458031,-1244963.245788441],[7096215.158458031,-1090151.7126668915],[7096215.158458031,-935016.8247789491],[7096215.158458031,-779604.6368361104],[7096215.158458031,-623961.2676872858],[7096215.158458031,-468132.8895762734],[7096215.158458031,-312165.71742811956],[7096215.158458031,-156105.99815838714],[7096215.158458031,0],[7096215.158458031,156105.99815838764],[7096215.158458031,312165.71742811706],[7096215.158458031,468132.88957627426],[7096215.158458031,623961.2676872868],[7096215.158458031,779604.6368361108],[7096215.158458031,935016.8247789458],[7096215.158458031,1090151.712666888],[7096215.158458031,1244963.2457884399],[7096215.158458031,1399405.4443460873],[7096215.158458031,1553432.414272417],[7096215.158458031,1706998.358090908],[7096215.158458031,1860057.5858264174],[7096215.158458031,2012564.525970011],[7096215.158458031,2164473.7365028],[7096215.158458031,2315739.915983064],[7096215.158458031,2466317.91470053],[7096215.158458031,2616162.745901699],[7096215.158458031,2765229.59708951],[7096215.158458031,2913473.8414004412],[7096215.158458031,3060851.049061737],[7096215.158458031,3207316.998931182],[7096215.158458031,3352827.69012126],[7096215.158458031,3497339.353709388],[7096215.158458031,3640808.4645352834],[7096215.158458031,3783191.753086197],[7096215.158458031,3924446.217470327],[7096215.158458031,4064529.1354781603],[7096215.158458031,4203398.076731158],[7096215.158458031,4341010.914916655],[7096215.158458031,4477325.840107319],[7096215.158458031,4612301.371163175],[7096215.158458031,4745896.368213514],[7096215.158458031,4878070.04521565],[7096215.158458031,5008781.982586946],[7096215.158458031,5137992.139905969],[7096215.158458031,5265660.868678238],[7096215.158458031,5391748.9251614325],[7096215.158458031,5516217.483244402],[7096215.158458031,5639028.14737399],[7096215.158458031,5760142.965522983],[7096215.158458031,5879524.4421921605],[7096215.158458031,5997135.551438791],[7096215.158458031,6112939.749923695],[7096215.158458031,6226900.989968257],[7096215.158458031,6338983.732612475],[7096215.158458031,6449152.960664772],[7096215.158458031,6557374.191733645],[7096215.158458031,6663613.491231109],[7096215.158458031,6767837.4853372285],[7096215.158458031,6870013.373914984],[7096215.158458031,6970108.943364033],[7096215.158458031,7068092.579401883],[7096215.158458031,7163933.279760547],[7096215.158458031,7257600.666786577],[7096215.158458031,7349064.999931978],[7096215.158458031,7438297.188123454],[7096215.158458031,7525268.801997198],[7096215.158458031,7609952.085986107],[7096215.158458031,7692319.9702464575],[7096215.158458031,7772346.08241075],[7096215.158458031,7850004.759153425],[7096215.158458031,7925271.0575560825],[7096215.158458031,7998120.766259],[7096215.158458031,8068530.416385416],[7096215.158458031,8136477.292225478],[7096215.158458031,8201939.441666555],[7096215.158458031,8264895.686356961],[7096215.158458031,8325325.631590038],[7096215.158458031,8383209.675896026],[7096215.158458031,8438529.020329095],[7096215.158458031,8491265.677437361],[7096215.158458031,8541402.479903856],[7096215.158458031,8588923.088846862],[7096215.158458031,8633812.001768261],[7096215.158458031,8676054.56013897],[7096215.158458031,8715636.956610948],[7096215.158458031,8752546.24184571],[7096215.158458031,8786770.330949673],[7096215.158458031,8818298.009507198],[7096215.158458031,8847118.939202785],[7096215.158458031,8873223.663024234],[7096215.158458031,8896603.610039297],[7096215.158458031,8917251.09973887],[7096215.158458031,8935159.345940368],[7096215.158458031,8950322.460245615],[7096215.158458031,8962735.455048028],[7096215.158458031,8972394.246084873],[7096215.158458031,8979295.654530507],[7096215.158458031,8983437.408627842],[7096215.158458031,8984818.14485532]]},"properties":{"type":"meridian","value":90}},
{"type":"Feature","geometry":{"type":"LineString","coordinates":[[8278917.684867703,-8984818.144855315],[8278917.684867703,-8983437.408627838],[8278917.684867703,-8979295.65453051],[8278917.684867703,-8972394.246084873],[8278917.684867703,-8962735.455048032],[8278917.684867703,-8950322.460245615],[8278917.684867703,-8935159.34594037],[8278917.684867703,-8917251.09973887],[8278917.684867703,-8896603.6100393],[8278917.684867703,-8873223.663024236],[8278917.684867703,-8847118.939202784],[8278917.684867703,-8818298.009507198],[8278917.684867703,-8786770.330949672],[8278917.684867703,-8752546.241845708],[8278917.684867703,-8715636.956610948],[8278917.684867703,-8676054.56013897],[8278917.684867703,-8633812.001768263],[8278917.684867703,-8588923.08884686],[8278917.684867703,-8541402.479903854],[8278917.684867703,-8491265.677437361],[8278917.684867703,-8438529.020329097],[8278917.684867703,-8383209.675896025],[8278917.684867703,-8325325.631590038],[8278917.684867703,-8264895.686356959],[8278917.684867703,-8201939.441666556],[8278917.684867703,-8136477.292225475],[8278917.684867703,-8068530.416385416],[8278917.684867703,-7998120.7662590025],[8278917.684867703,-7925271.05755608],[8278917.684867703,-7850004.759153425],[8278917.684867703,-7772346.082410755],[8278917.684867703,-7692319.970246458],[8278917.684867703,-7609952.085986107],[8278917.684867703,-7525268.801997199],[8278917.684867703,-7438297.188123452],[8278917.684867703,-7349064.999931978],[8278917.684867703,-7257600.666786577],[8278917.684867703,-7163933.27976055],[8278917.684867703,-7068092.579401885],[8278917.684867703,-6970108.9433640335],[8278917.684867703,-6870013.373914981],[8278917.684867703,-6767837.4853372285],[8278917.684867703,-6663613.491231112],[8278917.684867703,-6557374.191733645],[8278917.684867703,-6449152.960664774],[8278917.684867703,-6338983.732612475],[8278917.684867703,-6226900.989968254],[8278917.684867703,-6112939.749923693],[8278917.684867703,-5997135.551438787],[8278917.684867703,-5879524.4421921605],[8278917.684867703,-5760142.965522984],[8278917.684867703,-5639028.147373991],[8278917.684867703,-5516217.4832444],[8278917.684867703,-5391748.925161433],[8278917.684867703,-5265660.868678237],[8278917.684867703,-5137992.139905967],[8278917.684867703,-5008781.982586948],[8278917.684867703,-4878070.04521565],[8278917.684867703,-4745896.368213517],[8278917.684867703,-4612301.3711631745],[8278917.684867703,-4477325.840107322],[8278917.684867703,-4341010.914916655],[8278917.684867703,-4203398.076731157],[8278917.684867703,-4064529.135478162],[8278917.684867703,-3924446.2174703265],[8278917.684867703,-3783191.753086196],[8278917.684867703,-3640808.464535282],[8278917.684867703,-3497339.3537093885],[8278917.684867703,-3352827.6901212633],[8278917.684867703,-3207316.998931182],[8278917.684867703,-3060851.0490617333],[8278917.684867703,-2913473.8414004412],[8278917.684867703,-2765229.597089508],[8278917.684867703,-2616162.745901699],[8278917.684867703,-2466317.914700531],[8278917.684867703,-2315739.9159830622],[8278917.684867703,-2164473.7365028],[8278917.684867703,-2012564.525970009],[8278917.684867703,-1860057.5858264181],[8278917.684867703,-1706998.3580909092],[8278917.684867703,-1553432.4142724124],[8278917.684867703,-1399405.444346084],[8278917.684867703,-1244963.245788441],[8278917.684867703,-1090151.7126668915],[8278917.684867703,-935016.8247789491],[8278917.684867703,-779604.6368361104],[8278917.684867703,-623961.2676872858],[8278917.684867703,-468132.8895762734],[8278917.684867703,-312165.71742811956],[8278917.684867703,-156105.99815838714],[8278917.684867703,0],[8278917.684867703,156105.99815838764],[8278917.684867703,312165.71742811706],[8278917.684867703,468132.88957627426],[8278917.684867703,623961.2676872868],[8278917.684867703,779604.6368361108],[8278917.684867703,935016.8247789458],[8278917.684867703,1090151.712666888],[8278917.684867703,1244963.2457884399],[8278917.684867703,1399405.4443460873],[8278917.684867703,1553432.414272417],[8278917.684867703,1706998.358090908],[8278917.684867703,1860057.5858264174],[8278917.684867703,2012564.525970011],[8278917.684867703,2164473.7365028],[8278917.684867703,2315739.915983064],[8278917.684867703,2466317.91470053],[8278917.684867703,2616162.745901699],[8278917.684867703,2765229.59708951],[8278917.684867703,2913473.8414004412],[8278917.684867703,3060851.049061737],[8278917.684867703,3207316.998931182],[8278917.684867703,3352827.69012126],[8278917.684867703,3497339.353709388],[8278917.684867703,3640808.4645352834],[8278917.684867703,3783191.753086197],[8278917.684867703,3924446.217470327],[8278917.684867703,4064529.1354781603],[8278917.684867703,4203398.076731158],[8278917.684867703,4341010.914916655],[8278917.684867703,4477325.840107319],[8278917.684867703,4612301.371163175],[8278917.684867703,4745896.368213514],[8278917.684867703,4878070.04521565],[8278917.684867703,5008781.982586946],[8278917.684867703,5137992.139905969],[8278917.684867703,5265660.868678238],[8278917.684867703,5391748.9251614325],[8278917.684867703,5516217.483244402],[8278917.684867703,5639028.14737399],[8278917.684867703,5760142.965522983],[8278917.684867703,5879524.4421921605],[8278917.684867703,5997135.551438791],[8278917.684867703,6112939.749923695],[8278917.684867703,6226900.989968257],[8278917.684867703,6338983.732612475],[8278917.684867703,6449152.960664772],[8278917.684867703,6557374.191733645],[8278917.684867703,6663613.491231109],[8278917.684867703,6767837.4853372285],[8278917.684867703,6870013.373914984],[8278917.684867703,6970108.943364033],[8278917.684867703,7068092.579401883],[8278917.684867703,7163933.279760547],[8278917.684867703,7257600.666786577],[8278917.684867703,7349064.999931978],[8278917.684867703,7438297.188123454],[8278917.684867703,7525268.801997198],[8278917.684867703,7609952.085986107],[8278917.684867703,7692319.9702464575],[8278917.684867703,7772346.08241075],[8278917.684867703,7850004.759153425],[8278917.684867703,7925271.0575560825],[8278917.684867703,7998120.766259],[8278917.684867703,8068530.416385416],[8278917.684867703,8136477.292225478],[8278917.684867703,8201939.441666555],[8278917.684867703,8264895.686356961],[8278917.684867703,8325325.631590038],[8278917.684867703,8383209.675896026],[8278917.684867703,8438529.020329095],[8278917.684867703,8491265.677437361],[8278917.684867703,8541402.479903856],[8278917.684867703,8588923.088846862],[8278917.684867703,8633812.001768261],[8278917.684867703,8676054.56013897],[8278917.684867703,8715636.956610948],[8278917.684867703,8752546.24184571],[8278917.684867703,8786770.330949673],[8278917.684867703,8818298.009507198],[8278917.684867703,8847118.939202785],[8278917.684867703,8873223.663024234],[8278917.684867703,8896603.610039297],[8278917.684867703,8917251.09973887],[8278917.684867703,8935159.345940368],[8278917.684867703,8950322.460245615],[8278917.684867703,8962735.455048028],[8278917.684867703,8972394.246084873],[8278917.684867703,8979295.654530507],[8278917.684867703,8983437.408627842],[8278917.684867703,8984818.14485532]]},"properties":{"type":"meridian","value":105}},
{"type":"Feature","geometry":{"type":"LineString","coordinates":[[9461620.211277373,-8984818.144855315],[9461620.211277373,-8983437.408627838],[9461620.211277373,-8979295.65453051],[9461620.211277373,-8972394.246084873],[9461620.211277373,-8962735.455048032],[9461620.211277373,-8950322.460245615],[9461620.211277373,-8935159.34594037],[9461620.211277373,-8917251.09973887],[9461620.211277373,-8896603.6100393],[9461620.211277373,-8873223.663024236],[9461620.211277373,-8847118.939202784],[9461620.211277373,-8818298.009507198],[9461620.211277373,-8786770.330949672],[9461620.211277373,-8752546.241845708],[9461620.211277373,-8715636.956610948],[9461620.211277373,-8676054.56013897],[9461620.211277373,-8633812.001768263],[9461620.211277373,-8588923.08884686],[9461620.211277373,-8541402.479903854],[9461620.211277373,-8491265.677437361],[9461620.211277373,-8438529.020329097],[9461620.211277373,-8383209.675896025],[9461620.211277373,-8325325.631590038],[9461620.211277373,-8264895.686356959],[9461620.211277373,-8201939.441666556],[9461620.211277373,-8136477.292225475],[9461620.211277373,-8068530.416385416],[9461620.211277373,-7998120.7662590025],[9461620.211277373,-7925271.05755608],[9461620.211277373,-7850004.759153425],[9461620.211277373,-7772346.082410755],[9461620.211277373,-7692319.970246458],[9461620.211277373,-7609952.085986107],[9461620.211277373,-7525268.801997199],[9461620.211277373,-7438297.188123452],[9461620.211277373,-7349064.999931978],[9461620.211277373,-7257600.666786577],[9461620.211277373,-7163933.27976055],[9461620.211277373,-7068092.579401885],[9461620.211277373,-6970108.9433640335],[9461620.211277373,-6870013.373914981],[9461620.211277373,-6767837.4853372285],[9461620.211277373,-6663613.491231112],[9461620.211277373,-6557374.191733645],[9461620.211277373,-6449152.960664774],[9461620.211277373,-6338983.732612475],[9461620.211277373,-6226900.989968254],[9461620.211277373,-6112939.749923693],[9461620.211277373,-5997135.551438787],[9461620.211277373,-5879524.4421921605],[9461620.211277373,-5760142.965522984],[9461620.211277373,-5639028.147373991],[9461620.211277373,-5516217.4832444],[9461620.211277373,-5391748.925161433],[9461620.211277373,-5265660.868678237],[9461620.211277373,-5137992.139905967],[9461620.211277373,-5008781.982586948],[9461620.211277373,-4878070.04521565],[9461620.211277373,-4745896.368213517],[9461620.211277373,-4612301.3711631745],[9461620.211277373,-4477325.840107322],[9461620.211277373,-4341010.914916655],[9461620.211277373,-4203398.076731157],[9461620.211277373,-4064529.135478162],[9461620.211277373,-3924446.2174703265],[9461620.211277373,-3783191.753086196],[9461620.211277373,-3640808.464535282],[9461620.211277373,-3497339.3537093885],[9461620.211277373,-3352827.6901212633],[9461620.211277373,-3207316.998931182],[9461620.211277373,-3060851.0490617333],[9461620.211277373,-2913473.8414004412],[9461620.211277373,-2765229.597089508],[9461620.211277373,-2616162.745901699],[9461620.211277373,-2466317.914700531],[9461620.211277373,-2315739.9159830622],[9461620.211277373,-2164473.7365028],[9461620.211277373,-2012564.525970009],[9461620.211277373,-1860057.5858264181],[9461620.211277373,-1706998.3580909092],[9461620.211277373,-1553432.4142724124],[9461620.211277373,-1399405.444346084],[9461620.211277373,-1244963.245788441],[9461620.211277373,-1090151.7126668915],[9461620.211277373,-935016.8247789491],[9461620.211277373,-779604.6368361104],[9461620.211277373,-623961.2676872858],[9461620.211277373,-468132.8895762734],[9461620.211277373,-312165.71742811956],[9461620.211277373,-156105.99815838714],[9461620.211277373,0],[9461620.211277373,156105.99815838764],[9461620.211277373,312165.71742811706],[9461620.211277373,468132.88957627426],[9461620.211277373,623961.2676872868],[9461620.211277373,779604.6368361108],[9461620.211277373,935016.8247789458],[9461620.211277373,1090151.712666888],[9461620.211277373,1244963.2457884399],[9461620.211277373,1399405.4443460873],[9461620.211277373,1553432.414272417],[9461620.211277373,1706998.358090908],[9461620.211277373,1860057.5858264174],[9461620.211277373,2012564.525970011],[9461620.211277373,2164473.7365028],[9461620.211277373,2315739.915983064],[9461620.211277373,2466317.91470053],[9461620.211277373,2616162.745901699],[9461620.211277373,2765229.59708951],[9461620.211277373,2913473.8414004412],[9461620.211277373,3060851.049061737],[9461620.211277373,3207316.998931182],[9461620.211277373,3352827.69012126],[9461620.211277373,3497339.353709388],[9461620.211277373,3640808.4645352834],[9461620.211277373,3783191.753086197],[9461620.211277373,3924446.217470327],[9461620.211277373,4064529.1354781603],[9461620.211277373,4203398.076731158],[9461620.211277373,4341010.914916655],[9461620.211277373,4477325.840107319],[9461620.211277373,4612301.371163175],[9461620.211277373,4745896.368213514],[9461620.211277373,4878070.04521565],[9461620.211277373,5008781.982586946],[9461620.211277373,5137992.139905969],[9461620.211277373,5265660.868678238],[9461620.211277373,5391748.9251614325],[9461620.211277373,5516217.483244402],[9461620.211277373,5639028.14737399],[9461620.211277373,5760142.965522983],[9461620.211277373,5879524.4421921605],[9461620.211277373,5997135.551438791],[9461620.211277373,6112939.749923695],[9461620.211277373,6226900.989968257],[9461620.211277373,6338983.732612475],[9461620.211277373,6449152.960664772],[9461620.211277373,6557374.191733645],[9461620.211277373,6663613.491231109],[9461620.211277373,6767837.4853372285],[9461620.211277373,6870013.373914984],[9461620.211277373,6970108.943364033],[9461620.211277373,7068092.579401883],[9461620.211277373,7163933.279760547],[9461620.211277373,7257600.666786577],[9461620.211277373,7349064.999931978],[9461620.211277373,7438297.188123454],[9461620.211277373,7525268.801997198],[9461620.211277373,7609952.085986107],[9461620.211277373,7692319.9702464575],[9461620.211277373,7772346.08241075],[9461620.211277373,7850004.759153425],[9461620.211277373,7925271.0575560825],[9461620.211277373,7998120.766259],[9461620.211277373,8068530.416385416],[9461620.211277373,8136477.292225478],[9461620.211277373,8201939.441666555],[9461620.211277373,8264895.686356961],[9461620.211277373,8325325.631590038],[9461620.211277373,8383209.675896026],[9461620.211277373,8438529.020329095],[9461620.211277373,8491265.677437361],[9461620.211277373,8541402.479903856],[9461620.211277373,8588923.088846862],[9461620.211277373,8633812.001768261],[9461620.211277373,8676054.56013897],[9461620.211277373,8715636.956610948],[9461620.211277373,8752546.24184571],[9461620.211277373,8786770.330949673],[9461620.211277373,8818298.009507198],[9461620.211277373,8847118.939202785],[9461620.211277373,8873223.663024234],[9461620.211277373,8896603.610039297],[9461620.211277373,8917251.09973887],[9461620.211277373,8935159.345940368],[9461620.211277373,8950322.460245615],[9461620.211277373,8962735.455048028],[9461620.211277373,8972394.246084873],[9461620.211277373,8979295.654530507],[9461620.211277373,8983437.408627842],[9461620.211277373,8984818.14485532]]},"properties":{"type":"meridian","value":120}},
{"type":"Feature","geometry":{"type":"LineString","coordinates":[[10644322.737687046,-8984818.144855315],[10644322.737687046,-8983437.408627838],[10644322.737687046,-8979295.65453051],[10644322.737687046,-8972394.246084873],[10644322.737687046,-8962735.455048032],[10644322.737687046,-8950322.460245615],[10644322.737687046,-8935159.34594037],[10644322.737687046,-8917251.09973887],[10644322.737687046,-8896603.6100393],[10644322.737687046,-8873223.663024236],[10644322.737687046,-8847118.939202784],[10644322.737687046,-8818298.009507198],[10644322.737687046,-8786770.330949672],[10644322.737687046,-8752546.241845708],[10644322.737687046,-8715636.956610948],[10644322.737687046,-8676054.56013897],[10644322.737687046,-8633812.001768263],[10644322.737687046,-8588923.08884686],[10644322.737687046,-8541402.479903854],[10644322.737687046,-8491265.677437361],[10644322.737687046,-8438529.020329097],[10644322.737687046,-8383209.675896025],[10644322.737687046,-8325325.631590038],[10644322.737687046,-8264895.686356959],[10644322.737687046,-8201939.441666556],[10644322.737687046,-8136477.292225475],[10644322.737687046,-8068530.416385416],[10644322.737687046,-7998120.7662590025],[10644322.737687046,-7925271.05755608],[10644322.737687046,-7850004.759153425],[10644322.737687046,-7772346.082410755],[10644322.737687046,-7692319.970246458],[10644322.737687046,-7609952.085986107],[10644322.737687046,-7525268.801997199],[10644322.737687046,-7438297.188123452],[10644322.737687046,-7349064.999931978],[10644322.737687046,-7257600.666786577],[10644322.737687046,-7163933.27976055],[10644322.737687046,-7068092.579401885],[10644322.737687046,-6970108.9433640335],[10644322.737687046,-6870013.373914981],[10644322.737687046,-6767837.4853372285],[10644322.737687046,-6663613.491231112],[10644322.737687046,-6557374.191733645],[10644322.737687046,-6449152.960664774],[10644322.737687046,-6338983.732612475],[10644322.737687046,-6226900.989968254],[10644322.737687046,-6112939.749923693],[10644322.737687046,-5997135.551438787],[10644322.737687046,-5879524.4421921605],[10644322.737687046,-5760142.965522984],[10644322.737687046,-5639028.147373991],[10644322.737687046,-5516217.4832444],[10644322.737687046,-5391748.925161433],[10644322.737687046,-5265660.868678237],[10644322.737687046,-5137992.139905967],[10644322.737687046,-5008781.982586948],[10644322.737687046,-4878070.04521565],[10644322.737687046,-4745896.368213517],[10644322.737687046,-4612301.3711631745],[10644322.737687046,-4477325.840107322],[10644322.737687046,-4341010.914916655],[10644322.737687046,-4203398.076731157],[10644322.737687046,-4064529.135478162],[10644322.737687046,-3924446.2174703265],[10644322.737687046,-3783191.753086196],[10644322.737687046,-3640808.464535282],[10644322.737687046,-3497339.3537093885],[10644322.737687046,-3352827.6901212633],[10644322.737687046,-3207316.998931182],[10644322.737687046,-3060851.0490617333],[10644322.737687046,-2913473.8414004412],[10644322.737687046,-2765229.597089508],[10644322.737687046,-2616162.745901699],[10644322.737687046,-2466317.914700531],[10644322.737687046,-2315739.9159830622],[10644322.737687046,-2164473.7365028],[10644322.737687046,-2012564.525970009],[10644322.737687046,-1860057.5858264181],[10644322.737687046,-1706998.3580909092],[10644322.737687046,-1553432.4142724124],[10644322.737687046,-1399405.444346084],[10644322.737687046,-1244963.245788441],[10644322.737687046,-1090151.7126668915],[10644322.737687046,-935016.8247789491],[10644322.737687046,-779604.6368361104],[10644322.737687046,-623961.2676872858],[10644322.737687046,-468132.8895762734],[10644322.737687046,-312165.71742811956],[10644322.737687046,-156105.99815838714],[10644322.737687046,0],[10644322.737687046,156105.99815838764],[10644322.737687046,312165.71742811706],[10644322.737687046,468132.88957627426],[10644322.737687046,623961.2676872868],[10644322.737687046,779604.6368361108],[10644322.737687046,935016.8247789458],[10644322.737687046,1090151.712666888],[10644322.737687046,1244963.2457884399],[10644322.737687046,1399405.4443460873],[10644322.737687046,1553432.414272417],[10644322.737687046,1706998.358090908],[10644322.737687046,1860057.5858264174],[10644322.737687046,2012564.525970011],[10644322.737687046,2164473.7365028],[10644322.737687046,2315739.915983064],[10644322.737687046,2466317.91470053],[10644322.737687046,2616162.745901699],[10644322.737687046,2765229.59708951],[10644322.737687046,2913473.8414004412],[10644322.737687046,3060851.049061737],[10644322.737687046,3207316.998931182],[10644322.737687046,3352827.69012126],[10644322.737687046,3497339.353709388],[10644322.737687046,3640808.4645352834],[10644322.737687046,3783191.753086197],[10644322.737687046,3924446.217470327],[10644322.737687046,4064529.1354781603],[10644322.737687046,4203398.076731158],[10644322.737687046,4341010.914916655],[10644322.737687046,4477325.840107319],[10644322.737687046,4612301.371163175],[10644322.737687046,4745896.368213514],[10644322.737687046,4878070.04521565],[10644322.737687046,5008781.982586946],[10644322.737687046,5137992.139905969],[10644322.737687046,5265660.868678238],[10644322.737687046,5391748.9251614325],[10644322.737687046,5516217.483244402],[10644322.737687046,5639028.14737399],[10644322.737687046,5760142.965522983],[10644322.737687046,5879524.4421921605],[10644322.737687046,5997135.551438791],[10644322.737687046,6112939.749923695],[10644322.737687046,6226900.989968257],[10644322.737687046,6338983.732612475],[10644322.737687046,6449152.960664772],[10644322.737687046,6557374.191733645],[10644322.737687046,6663613.491231109],[10644322.737687046,6767837.4853372285],[10644322.737687046,6870013.373914984],[10644322.737687046,6970108.943364033],[10644322.737687046,7068092.579401883],[10644322.737687046,7163933.279760547],[10644322.737687046,7257600.666786577],[10644322.737687046,7349064.999931978],[10644322.737687046,7438297.188123454],[10644322.737687046,7525268.801997198],[10644322.737687046,7609952.085986107],[10644322.737687046,7692319.9702464575],[10644322.737687046,7772346.08241075],[10644322.737687046,7850004.759153425],[10644322.737687046,7925271.0575560825],[10644322.737687046,7998120.766259],[10644322.737687046,8068530.416385416],[10644322.737687046,8136477.292225478],[10644322.737687046,8201939.441666555],[10644322.737687046,8264895.686356961],[10644322.737687046,8325325.631590038],[10644322.737687046,8383209.675896026],[10644322.737687046,8438529.020329095],[10644322.737687046,8491265.677437361],[10644322.737687046,8541402.479903856],[10644322.737687046,8588923.088846862],[10644322.737687046,8633812.001768261],[10644322.737687046,8676054.56013897],[10644322.737687046,8715636.956610948],[10644322.737687046,8752546.24184571],[10644322.737687046,8786770.330949673],[10644322.737687046,8818298.009507198],[10644322.737687046,8847118.939202785],[10644322.737687046,8873223.663024234],[10644322.737687046,8896603.610039297],[10644322.737687046,8917251.09973887],[10644322.737687046,8935159.345940368],[10644322.737687046,8950322.460245615],[10644322.737687046,8962735.455048028],[10644322.737687046,8972394.246084873],[10644322.737687046,8979295.654530507],[10644322.737687046,8983437.408627842],[10644322.737687046,8984818.14485532]]},"properties":{"type":"meridian","value":135}},
{"type":"Feature","geometry":{"type":"LineString","coordinates":[[11827025.264096718,-8984818.144855315],[11827025.264096718,-8983437.408627838],[11827025.264096718,-8979295.65453051],[11827025.264096718,-8972394.246084873],[11827025.264096718,-8962735.455048032],[11827025.264096718,-8950322.460245615],[11827025.264096718,-8935159.34594037],[11827025.264096718,-8917251.09973887],[11827025.264096718,-8896603.6100393],[11827025.264096718,-8873223.663024236],[11827025.264096718,-8847118.939202784],[11827025.264096718,-8818298.009507198],[11827025.264096718,-8786770.330949672],[11827025.264096718,-8752546.241845708],[11827025.264096718,-8715636.956610948],[11827025.264096718,-8676054.56013897],[11827025.264096718,-8633812.001768263],[11827025.264096718,-8588923.08884686],[11827025.264096718,-8541402.479903854],[11827025.264096718,-8491265.677437361],[11827025.264096718,-8438529.020329097],[11827025.264096718,-8383209.675896025],[11827025.264096718,-8325325.631590038],[11827025.264096718,-8264895.686356959],[11827025.264096718,-8201939.441666556],[11827025.264096718,-8136477.292225475],[11827025.264096718,-8068530.416385416],[11827025.264096718,-7998120.7662590025],[11827025.264096718,-7925271.05755608],[11827025.264096718,-7850004.759153425],[11827025.264096718,-7772346.082410755],[11827025.264096718,-7692319.970246458],[11827025.264096718,-7609952.085986107],[11827025.264096718,-7525268.801997199],[11827025.264096718,-7438297.188123452],[11827025.264096718,-7349064.999931978],[11827025.264096718,-7257600.666786577],[11827025.264096718,-7163933.27976055],[11827025.264096718,-7068092.579401885],[11827025.264096718,-6970108.9433640335],[11827025.264096718,-6870013.373914981],[11827025.264096718,-6767837.4853372285],[11827025.264096718,-6663613.491231112],[11827025.264096718,-6557374.191733645],[11827025.264096718,-6449152.960664774],[11827025.264096718,-6338983.732612475],[11827025.264096718,-6226900.989968254],[11827025.264096718,-6112939.749923693],[11827025.264096718,-5997135.551438787],[11827025.264096718,-5879524.4421921605],[11827025.264096718,-5760142.965522984],[11827025.264096718,-5639028.147373991],[11827025.264096718,-5516217.4832444],[11827025.264096718,-5391748.925161433],[11827025.264096718,-5265660.868678237],[11827025.264096718,-5137992.139905967],[11827025.264096718,-5008781.982586948],[11827025.264096718,-4878070.04521565],[11827025.264096718,-4745896.368213517],[11827025.264096718,-4612301.3711631745],[11827025.264096718,-4477325.840107322],[11827025.264096718,-4341010.914916655],[11827025.264096718,-4203398.076731157],[11827025.264096718,-4064529.135478162],[11827025.264096718,-3924446.2174703265],[11827025.264096718,-3783191.753086196],[11827025.264096718,-3640808.464535282],[11827025.264096718,-3497339.3537093885],[11827025.264096718,-3352827.6901212633],[11827025.264096718,-3207316.998931182],[11827025.264096718,-3060851.0490617333],[11827025.264096718,-2913473.8414004412],[11827025.264096718,-2765229.597089508],[11827025.264096718,-2616162.745901699],[11827025.264096718,-2466317.914700531],[11827025.264096718,-2315739.9159830622],[11827025.264096718,-2164473.7365028],[11827025.264096718,-2012564.525970009],[11827025.264096718,-1860057.5858264181],[11827025.264096718,-1706998.3580909092],[11827025.264096718,-1553432.4142724124],[11827025.264096718,-1399405.444346084],[11827025.264096718,-1244963.245788441],[11827025.264096718,-1090151.7126668915],[11827025.264096718,-935016.8247789491],[11827025.264096718,-779604.6368361104],[11827025.264096718,-623961.2676872858],[11827025.264096718,-468132.8895762734],[11827025.264096718,-312165.71742811956],[11827025.264096718,-156105.99815838714],[11827025.264096718,0],[11827025.264096718,156105.99815838764],[11827025.264096718,312165.71742811706],[11827025.264096718,468132.88957627426],[11827025.264096718,623961.2676872868],[11827025.264096718,779604.6368361108],[11827025.264096718,935016.8247789458],[11827025.264096718,1090151.712666888],[11827025.264096718,1244963.2457884399],[11827025.264096718,1399405.4443460873],[11827025.264096718,1553432.414272417],[11827025.264096718,1706998.358090908],[11827025.264096718,1860057.5858264174],[11827025.264096718,2012564.525970011],[11827025.264096718,2164473.7365028],[11827025.264096718,2315739.915983064],[11827025.264096718,2466317.91470053],[11827025.264096718,2616162.745901699],[11827025.264096718,2765229.59708951],[11827025.264096718,2913473.8414004412],[11827025.264096718,3060851.049061737],[11827025.264096718,3207316.998931182],[11827025.264096718,3352827.69012126],[11827025.264096718,3497339.353709388],[11827025.264096718,3640808.4645352834],[11827025.264096718,3783191.753086197],[11827025.264096718,3924446.217470327],[11827025.264096718,4064529.1354781603],[11827025.264096718,4203398.076731158],[11827025.264096718,4341010.914916655],[11827025.264096718,4477325.840107319],[11827025.264096718,4612301.371163175],[11827025.264096718,4745896.368213514],[11827025.264096718,4878070.04521565],[11827025.264096718,5008781.982586946],[11827025.264096718,5137992.139905969],[11827025.264096718,5265660.868678238],[11827025.264096718,5391748.9251614325],[11827025.264096718,5516217.483244402],[11827025.264096718,5639028.14737399],[11827025.264096718,5760142.965522983],[11827025.264096718,5879524.4421921605],[11827025.264096718,5997135.551438791],[11827025.264096718,6112939.749923695],[11827025.264096718,6226900.989968257],[11827025.264096718,6338983.732612475],[11827025.264096718,6449152.960664772],[11827025.264096718,6557374.191733645],[11827025.264096718,6663613.491231109],[11827025.264096718,6767837.4853372285],[11827025.264096718,6870013.373914984],[11827025.264096718,6970108.943364033],[11827025.264096718,7068092.579401883],[11827025.264096718,7163933.279760547],[11827025.264096718,7257600.666786577],[11827025.264096718,7349064.999931978],[11827025.264096718,7438297.188123454],[11827025.264096718,7525268.801997198],[11827025.264096718,7609952.085986107],[11827025.264096718,7692319.9702464575],[11827025.264096718,7772346.08241075],[11827025.264096718,7850004.759153425],[11827025.264096718,7925271.0575560825],[11827025.264096718,7998120.766259],[11827025.264096718,8068530.416385416],[11827025.264096718,8136477.292225478],[11827025.264096718,8201939.441666555],[11827025.264096718,8264895.686356961],[11827025.264096718,8325325.631590038],[11827025.264096718,8383209.675896026],[11827025.264096718,8438529.020329095],[11827025.264096718,8491265.677437361],[11827025.264096718,8541402.479903856],[11827025.264096718,8588923.088846862],[11827025.264096718,8633812.001768261],[11827025.264096718,8676054.56013897],[11827025.264096718,8715636.956610948],[11827025.264096718,8752546.24184571],[11827025.264096718,8786770.330949673],[11827025.264096718,8818298.009507198],[11827025.264096718,8847118.939202785],[11827025.264096718,8873223.663024234],[11827025.264096718,8896603.610039297],[11827025.264096718,8917251.09973887],[11827025.264096718,8935159.345940368],[11827025.264096718,8950322.460245615],[11827025.264096718,8962735.455048028],[11827025.264096718,8972394.246084873],[11827025.264096718,8979295.654530507],[11827025.264096718,8983437.408627842],[11827025.264096718,8984818.14485532]]},"properties":{"type":"meridian","value":150}},
{"type":"Feature","geometry":{"type":"LineString","coordinates":[[13009727.79050639,-8984818.144855315],[13009727.79050639,-8983437.408627838],[13009727.79050639,-8979295.65453051],[13009727.79050639,-8972394.246084873],[13009727.79050639,-8962735.455048032],[13009727.79050639,-8950322.460245615],[13009727.79050639,-8935159.34594037],[13009727.79050639,-8917251.09973887],[13009727.79050639,-8896603.6100393],[13009727.79050639,-8873223.663024236],[13009727.79050639,-8847118.939202784],[13009727.79050639,-8818298.009507198],[13009727.79050639,-8786770.330949672],[13009727.79050639,-8752546.241845708],[13009727.79050639,-8715636.956610948],[13009727.79050639,-8676054.56013897],[13009727.79050639,-8633812.001768263],[13009727.79050639,-8588923.08884686],[13009727.79050639,-8541402.479903854],[13009727.79050639,-8491265.677437361],[13009727.79050639,-8438529.020329097],[13009727.79050639,-8383209.675896025],[13009727.79050639,-8325325.631590038],[13009727.79050639,-8264895.686356959],[13009727.79050639,-8201939.441666556],[13009727.79050639,-8136477.292225475],[13009727.79050639,-8068530.416385416],[13009727.79050639,-7998120.7662590025],[13009727.79050639,-7925271.05755608],[13009727.79050639,-7850004.759153425],[13009727.79050639,-7772346.082410755],[13009727.79050639,-7692319.970246458],[13009727.79050639,-7609952.085986107],[13009727.79050639,-7525268.801997199],[13009727.79050639,-7438297.188123452],[13009727.79050639,-7349064.999931978],[13009727.79050639,-7257600.666786577],[13009727.79050639,-7163933.27976055],[13009727.79050639,-7068092.579401885],[13009727.79050639,-6970108.9433640335],[13009727.79050639,-6870013.373914981],[13009727.79050639,-6767837.4853372285],[13009727.79050639,-6663613.491231112],[13009727.79050639,-6557374.191733645],[13009727.79050639,-6449152.960664774],[13009727.79050639,-6338983.732612475],[13009727.79050639,-6226900.989968254],[13009727.79050639,-6112939.749923693],[13009727.79050639,-5997135.551438787],[13009727.79050639,-5879524.4421921605],[13009727.79050639,-5760142.965522984],[13009727.79050639,-5639028.147373991],[13009727.79050639,-5516217.4832444],[13009727.79050639,-5391748.925161433],[13009727.79050639,-5265660.868678237],[13009727.79050639,-5137992.139905967],[13009727.79050639,-5008781.982586948],[13009727.79050639,-4878070.04521565],[13009727.79050639,-4745896.368213517],[13009727.79050639,-4612301.3711631745],[13009727.79050639,-4477325.840107322],[13009727.79050639,-4341010.914916655],[13009727.79050639,-4203398.076731157],[13009727.79050639,-4064529.135478162],[13009727.79050639,-3924446.2174703265],[13009727.79050639,-3783191.753086196],[13009727.79050639,-3640808.464535282],[13009727.79050639,-3497339.3537093885],[13009727.79050639,-3352827.6901212633],[13009727.79050639,-3207316.998931182],[13009727.79050639,-3060851.0490617333],[13009727.79050639,-2913473.8414004412],[13009727.79050639,-2765229.597089508],[13009727.79050639,-2616162.745901699],[13009727.79050639,-2466317.914700531],[13009727.79050639,-2315739.9159830622],[13009727.79050639,-2164473.7365028],[13009727.79050639,-2012564.525970009],[13009727.79050639,-1860057.5858264181],[13009727.79050639,-1706998.3580909092],[13009727.79050639,-1553432.4142724124],[13009727.79050639,-1399405.444346084],[13009727.79050639,-1244963.245788441],[13009727.79050639,-1090151.7126668915],[13009727.79050639,-935016.8247789491],[13009727.79050639,-779604.6368361104],[13009727.79050639,-623961.2676872858],[13009727.79050639,-468132.8895762734],[13009727.79050639,-312165.71742811956],[13009727.79050639,-156105.99815838714],[13009727.79050639,0],[13009727.79050639,156105.99815838764],[13009727.79050639,312165.71742811706],[13009727.79050639,468132.88957627426],[13009727.79050639,623961.2676872868],[13009727.79050639,779604.6368361108],[13009727.79050639,935016.8247789458],[13009727.79050639,1090151.712666888],[13009727.79050639,1244963.2457884399],[13009727.79050639,1399405.4443460873],[13009727.79050639,1553432.414272417],[13009727.79050639,1706998.358090908],[13009727.79050639,1860057.5858264174],[13009727.79050639,2012564.525970011],[13009727.79050639,2164473.7365028],[13009727.79050639,2315739.915983064],[13009727.79050639,2466317.91470053],[13009727.79050639,2616162.745901699],[13009727.79050639,2765229.59708951],[13009727.79050639,2913473.8414004412],[13009727.79050639,3060851.049061737],[13009727.79050639,3207316.998931182],[13009727.79050639,3352827.69012126],[13009727.79050639,3497339.353709388],[13009727.79050639,3640808.4645352834],[13009727.79050639,3783191.753086197],[13009727.79050639,3924446.217470327],[13009727.79050639,4064529.1354781603],[13009727.79050639,4203398.076731158],[13009727.79050639,4341010.914916655],[13009727.79050639,4477325.840107319],[13009727.79050639,4612301.371163175],[13009727.79050639,4745896.368213514],[13009727.79050639,4878070.04521565],[13009727.79050639,5008781.982586946],[13009727.79050639,5137992.139905969],[13009727.79050639,5265660.868678238],[13009727.79050639,5391748.9251614325],[13009727.79050639,5516217.483244402],[13009727.79050639,5639028.14737399],[13009727.79050639,5760142.965522983],[13009727.79050639,5879524.4421921605],[13009727.79050639,5997135.551438791],[13009727.79050639,6112939.749923695],[13009727.79050639,6226900.989968257],[13009727.79050639,6338983.732612475],[13009727.79050639,6449152.960664772],[13009727.79050639,6557374.191733645],[13009727.79050639,6663613.491231109],[13009727.79050639,6767837.4853372285],[13009727.79050639,6870013.373914984],[13009727.79050639,6970108.943364033],[13009727.79050639,7068092.579401883],[13009727.79050639,7163933.279760547],[13009727.79050639,7257600.666786577],[13009727.79050639,7349064.999931978],[13009727.79050639,7438297.188123454],[13009727.79050639,7525268.801997198],[13009727.79050639,7609952.085986107],[13009727.79050639,7692319.9702464575],[13009727.79050639,7772346.08241075],[13009727.79050639,7850004.759153425],[13009727.79050639,7925271.0575560825],[13009727.79050639,7998120.766259],[13009727.79050639,8068530.416385416],[13009727.79050639,8136477.292225478],[13009727.79050639,8201939.441666555],[13009727.79050639,8264895.686356961],[13009727.79050639,8325325.631590038],[13009727.79050639,8383209.675896026],[13009727.79050639,8438529.020329095],[13009727.79050639,8491265.677437361],[13009727.79050639,8541402.479903856],[13009727.79050639,8588923.088846862],[13009727.79050639,8633812.001768261],[13009727.79050639,8676054.56013897],[13009727.79050639,8715636.956610948],[13009727.79050639,8752546.24184571],[13009727.79050639,8786770.330949673],[13009727.79050639,8818298.009507198],[13009727.79050639,8847118.939202785],[13009727.79050639,8873223.663024234],[13009727.79050639,8896603.610039297],[13009727.79050639,8917251.09973887],[13009727.79050639,8935159.345940368],[13009727.79050639,8950322.460245615],[13009727.79050639,8962735.455048028],[13009727.79050639,8972394.246084873],[13009727.79050639,8979295.654530507],[13009727.79050639,8983437.408627842],[13009727.79050639,8984818.14485532]]},"properties":{"type":"meridian","value":165}},
{"type":"Feature","geometry":{"type":"LineString","coordinates":[[14192430.316916062,-8984818.144855315],[14192430.316916062,-8983437.408627838],[14192430.316916062,-8979295.65453051],[14192430.316916062,-8972394.246084873],[14192430.316916062,-8962735.455048032],[14192430.316916062,-8950322.460245615],[14192430.316916062,-8935159.34594037],[14192430.316916062,-8917251.09973887],[14192430.316916062,-8896603.6100393],[14192430.316916062,-8873223.663024236],[14192430.316916062,-8847118.939202784],[14192430.316916062,-8818298.009507198],[14192430.316916062,-8786770.330949672],[14192430.316916062,-8752546.241845708],[14192430.316916062,-8715636.956610948],[14192430.316916062,-8676054.56013897],[14192430.316916062,-8633812.001768263],[14192430.316916062,-8588923.08884686],[14192430.316916062,-8541402.479903854],[14192430.316916062,-8491265.677437361],[14192430.316916062,-8438529.020329097],[14192430.316916062,-8383209.675896025],[14192430.316916062,-8325325.631590038],[14192430.316916062,-8264895.686356959],[14192430.316916062,-8201939.441666556],[14192430.316916062,-8136477.292225475],[14192430.316916062,-8068530.416385416],[14192430.316916062,-7998120.7662590025],[14192430.316916062,-7925271.05755608],[14192430.316916062,-7850004.759153425],[14192430.316916062,-7772346.082410755],[14192430.316916062,-7692319.970246458],[14192430.316916062,-7609952.085986107],[14192430.316916062,-7525268.801997199],[14192430.316916062,-7438297.188123452],[14192430.316916062,-7349064.999931978],[14192430.316916062,-7257600.666786577],[14192430.316916062,-7163933.27976055],[14192430.316916062,-7068092.579401885],[14192430.316916062,-6970108.9433640335],[14192430.316916062,-6870013.373914981],[14192430.316916062,-6767837.4853372285],[14192430.316916062,-6663613.491231112],[14192430.316916062,-6557374.191733645],[14192430.316916062,-6449152.960664774],[14192430.316916062,-6338983.732612475],[14192430.316916062,-6226900.989968254],[14192430.316916062,-6112939.749923693],[14192430.316916062,-5997135.551438787],[14192430.316916062,-5879524.4421921605],[14192430.316916062,-5760142.965522984],[14192430.316916062,-5639028.147373991],[14192430.316916062,-5516217.4832444],[14192430.316916062,-5391748.925161433],[14192430.316916062,-5265660.868678237],[14192430.316916062,-5137992.139905967],[14192430.316916062,-5008781.982586948],[14192430.316916062,-4878070.04521565],[14192430.316916062,-4745896.368213517],[14192430.316916062,-4612301.3711631745],[14192430.316916062,-4477325.840107322],[14192430.316916062,-4341010.914916655],[14192430.316916062,-4203398.076731157],[14192430.316916062,-4064529.135478162],[14192430.316916062,-3924446.2174703265],[14192430.316916062,-3783191.753086196],[14192430.316916062,-3640808.464535282],[14192430.316916062,-3497339.3537093885],[14192430.316916062,-3352827.6901212633],[14192430.316916062,-3207316.998931182],[14192430.316916062,-3060851.0490617333],[14192430.316916062,-2913473.8414004412],[14192430.316916062,-2765229.597089508],[14192430.316916062,-2616162.745901699],[14192430.316916062,-2466317.914700531],[14192430.316916062,-2315739.9159830622],[14192430.316916062,-2164473.7365028],[14192430.316916062,-2012564.525970009],[14192430.316916062,-1860057.5858264181],[14192430.316916062,-1706998.3580909092],[14192430.316916062,-1553432.4142724124],[14192430.316916062,-1399405.444346084],[14192430.316916062,-1244963.245788441],[14192430.316916062,-1090151.7126668915],[14192430.316916062,-935016.8247789491],[14192430.316916062,-779604.6368361104],[14192430.316916062,-623961.2676872858],[14192430.316916062,-468132.8895762734],[14192430.316916062,-312165.71742811956],[14192430.316916062,-156105.99815838714],[14192430.316916062,0],[14192430.316916062,156105.99815838764],[14192430.316916062,312165.71742811706],[14192430.316916062,468132.88957627426],[14192430.316916062,623961.2676872868],[14192430.316916062,779604.6368361108],[14192430.316916062,935016.8247789458],[14192430.316916062,1090151.712666888],[14192430.316916062,1244963.2457884399],[14192430.316916062,1399405.4443460873],[14192430.316916062,1553432.414272417],[14192430.316916062,1706998.358090908],[14192430.316916062,1860057.5858264174],[14192430.316916062,2012564.525970011],[14192430.316916062,2164473.7365028],[14192430.316916062,2315739.915983064],[14192430.316916062,2466317.91470053],[14192430.316916062,2616162.745901699],[14192430.316916062,2765229.59708951],[14192430.316916062,2913473.8414004412],[14192430.316916062,3060851.049061737],[14192430.316916062,3207316.998931182],[14192430.316916062,3352827.69012126],[14192430.316916062,3497339.353709388],[14192430.316916062,3640808.4645352834],[14192430.316916062,3783191.753086197],[14192430.316916062,3924446.217470327],[14192430.316916062,4064529.1354781603],[14192430.316916062,4203398.076731158],[14192430.316916062,4341010.914916655],[14192430.316916062,4477325.840107319],[14192430.316916062,4612301.371163175],[14192430.316916062,4745896.368213514],[14192430.316916062,4878070.04521565],[14192430.316916062,5008781.982586946],[14192430.316916062,5137992.139905969],[14192430.316916062,5265660.868678238],[14192430.316916062,5391748.9251614325],[14192430.316916062,5516217.483244402],[14192430.316916062,5639028.14737399],[14192430.316916062,5760142.965522983],[14192430.316916062,5879524.4421921605],[14192430.316916062,5997135.551438791],[14192430.316916062,6112939.749923695],[14192430.316916062,6226900.989968257],[14192430.316916062,6338983.732612475],[14192430.316916062,6449152.960664772],[14192430.316916062,6557374.191733645],[14192430.316916062,6663613.491231109],[14192430.316916062,6767837.4853372285],[14192430.316916062,6870013.373914984],[14192430.316916062,6970108.943364033],[14192430.316916062,7068092.579401883],[14192430.316916062,7163933.279760547],[14192430.316916062,7257600.666786577],[14192430.316916062,7349064.999931978],[14192430.316916062,7438297.188123454],[14192430.316916062,7525268.801997198],[14192430.316916062,7609952.085986107],[14192430.316916062,7692319.9702464575],[14192430.316916062,7772346.08241075],[14192430.316916062,7850004.759153425],[14192430.316916062,7925271.0575560825],[14192430.316916062,7998120.766259],[14192430.316916062,8068530.416385416],[14192430.316916062,8136477.292225478],[14192430.316916062,8201939.441666555],[14192430.316916062,8264895.686356961],[14192430.316916062,8325325.631590038],[14192430.316916062,8383209.675896026],[14192430.316916062,8438529.020329095],[14192430.316916062,8491265.677437361],[14192430.316916062,8541402.479903856],[14192430.316916062,8588923.088846862],[14192430.316916062,8633812.001768261],[14192430.316916062,8676054.56013897],[14192430.316916062,8715636.956610948],[14192430.316916062,8752546.24184571],[14192430.316916062,8786770.330949673],[14192430.316916062,8818298.009507198],[14192430.316916062,8847118.939202785],[14192430.316916062,8873223.663024234],[14192430.316916062,8896603.610039297],[14192430.316916062,8917251.09973887],[14192430.316916062,8935159.345940368],[14192430.316916062,8950322.460245615],[14192430.316916062,8962735.455048028],[14192430.316916062,8972394.246084873],[14192430.316916062,8979295.654530507],[14192430.316916062,8983437.408627842],[14192430.316916062,8984818.14485532]]},"properties":{"type":"meridian","value":180}},
{"type":"Feature","geometry":{"type":"LineString","coordinates":[[-14192430.316916062,-8984818.144855315],[-14113583.481822083,-8984818.144855315],[-14034736.646728104,-8984818.144855315],[-13955889.811634129,-8984818.144855315],[-13877042.976540148,-8984818.144855315],[-13798196.141446173,-8984818.144855315],[-13719349.30635219,-8984818.144855315],[-13640502.471258214,-8984818.144855315],[-13561655.636164239,-8984818.144855315],[-13482808.80107026,-8984818.144855315],[-13403961.96597628,-8984818.144855315],[-13325115.1308823,-8984818.144855315],[-13246268.295788325,-8984818.144855315],[-13167421.460694347,-8984818.144855315],[-13088574.62560037,-8984818.144855315],[-13009727.79050639,-8984818.144855315],[-12930880.955412412,-8984818.144855315],[-12852034.120318435,-8984818.144855315],[-12773187.285224456,-8984818.144855315],[-12694340.450130478,-8984818.144855315],[-12615493.615036499,-8984818.144855315],[-12536646.779942522,-8984818.144855315],[-12457799.944848543,-8984818.144855315],[-12378953.109754564,-8984818.144855315],[-12300106.274660585,-8984818.144855315],[-12221259.439566609,-8984818.144855315],[-12142412.604472632,-8984818.144855315],[-12063565.769378653,-8984818.144855315],[-11984718.934284676,-8984818.144855315],[-11905872.099190695,-8984818.144855315],[-11827025.264096718,-8984818.144855315],[-11748178.42900274,-8984818.144855315],[-11669331.59390876,-8984818.144855315],[-11590484.758814782,-8984818.144855315],[-11511637.923720807,-8984818.144855315],[-11432791.088626828,-8984818.144855315],[-11353944.25353285,-8984818.144855315],[-11275097.418438872,-8984818.144855315],[-11196250.583344894,-8984818.144855315],[-11117403.748250915,-8984818.144855315],[-11038556.913156936,-8984818.144855315],[-10959710.078062959,-8984818.144855315],[-10880863.24296898,-8984818.144855315],[-10802016.407875003,-8984818.144855315],[-10723169.572781025,-8984818.144855315],[-10644322.737687046,-8984818.144855315],[-10565475.902593069,-8984818.144855315],[-10486629.06749909,-8984818.144855315],[-10407782.232405113,-8984818.144855315],[-10328935.397311132,-8984818.144855315],[-10250088.562217155,-8984818.144855315],[-10171241.727123177,-8984818.144855315],[-10092394.8920292,-8984818.144855315],[-10013548.056935223,-8984818.144855315],[-9934701.221841242,-8984818.144855315],[-9855854.386747265,-8984818.144855315],[-9777007.551653286,-8984818.144855315],[-9698160.71655931,-8984818.144855315],[-9619313.88146533,-8984818.144855315],[-9540467.046371354,-8984818.144855315],[-9461620.211277373,-8984818.144855315],[-9382773.376183396,-8984818.144855315],[-9303926.54108942,-8984818.144855315],[-9225079.70599544,-8984818.144855315],[-9146232.870901464,-8984818.144855315],[-9067386.035807483,-8984818.144855315],[-8988539.200713506,-8984818.144855315],[-8909692.365619527,-8984818.144855315],[-8830845.53052555,-8984818.144855315],[-8751998.695431571,-8984818.144855315],[-8673151.860337593,-8984818.144855315],[-8594305.025243616,-8984818.144855315],[-8515458.190149637,-8984818.144855315],[-8436611.355055658,-8984818.144855315],[-8357764.519961681,-8984818.144855315],[-8278917.684867703,-8984818.144855315],[-8200070.8497737255,-8984818.144855315],[-8121224.014679747,-8984818.144855315],[-8042377.179585769,-8984818.144855315],[-7963530.34449179,-8984818.144855315],[-7884683.509397812,-8984818.144855315],[-7805836.674303834,-8984818.144855315],[-7726989.8392098555,-8984818.144855315],[-7648143.004115878,-8984818.144855315],[-7569296.1690219,-8984818.144855315],[-7490449.333927922,-8984818.144855315],[-7411602.498833943,-8984818.144855315],[-7332755.663739965,-8984818.144855315],[-7253908.8286459865,-8984818.144855315],[-7175061.993552009,-8984818.144855315],[-7096215.158458031,-8984818.144855315],[-7017368.323364052,-8984818.144855315],[-6938521.488270074,-8984818.144855315],[-6859674.653176095,-8984818.144855315],[-6780827.818082119,-8984818.144855315],[-6701980.98298814,-8984818.144855315],[-6623134.147894163,-8984818.144855315],[-6544287.312800185,-8984818.144855315],[-6465440.477706206,-8984818.144855315],[-6386593.642612228,-8984818.144855315],[-6307746.807518249,-8984818.144855315],[-6228899.9724242715,-8984818.144855315],[-6150053.137330293,-8984818.144855315],[-6071206.302236316,-8984818.144855315],[-5992359.467142338,-8984818.144855315],[-5913512.632048359,-8984818.144855315],[-5834665.79695438,-8984818.144855315],[-5755818.961860403,-8984818.144855315],[-5676972.126766425,-8984818.144855315],[-5598125.291672447,-8984818.144855315],[-5519278.456578468,-8984818.144855315],[-5440431.62148449,-8984818.144855315],[-5361584.786390512,-8984818.144855315],[-5282737.951296534,-8984818.144855315],[-5203891.1162025565,-8984818.144855315],[-5125044.281108578,-8984818.144855315],[-5046197.4460146,-8984818.144855315],[-4967350.610920621,-8984818.144855315],[-4888503.775826643,-8984818.144855315],[-4809656.940732665,-8984818.144855315],[-4730810.105638687,-8984818.144855315],[-4651963.27054471,-8984818.144855315],[-4573116.435450732,-8984818.144855315],[-4494269.600356753,-8984818.144855315],[-4415422.765262775,-8984818.144855315],[-4336575.930168796,-8984818.144855315],[-4257729.0950748185,-8984818.144855315],[-4178882.2599808406,-8984818.144855315],[-4100035.4248868627,-8984818.144855315],[-4021188.5897928844,-8984818.144855315],[-3942341.754698906,-8984818.144855315],[-3863494.9196049278,-8984818.144855315],[-3784648.08451095,-8984818.144855315],[-3705801.2494169716,-8984818.144855315],[-3626954.4143229933,-8984818.144855315],[-3548107.5792290154,-8984818.144855315],[-3469260.744135037,-8984818.144855315],[-3390413.9090410597,-8984818.144855315],[-3311567.0739470813,-8984818.144855315],[-3232720.238853103,-8984818.144855315],[-3153873.4037591247,-8984818.144855315],[-3075026.5686651464,-8984818.144855315],[-2996179.733571169,-8984818.144855315],[-2917332.89847719,-8984818.144855315],[-2838486.0633832123,-8984818.144855315],[-2759639.228289234,-8984818.144855315],[-2680792.393195256,-8984818.144855315],[-2601945.5581012783,-8984818.144855315],[-2523098.7230073,-8984818.144855315],[-2444251.8879133216,-8984818.144855315],[-2365405.0528193433,-8984818.144855315],[-2286558.217725366,-8984818.144855315],[-2207711.3826313876,-8984818.144855315],[-2128864.5475374092,-8984818.144855315],[-2050017.7124434314,-8984818.144855315],[-1971170.877349453,-8984818.144855315],[-1892324.042255475,-8984818.144855315],[-1813477.2071614966,-8984818.144855315],[-1734630.3720675185,-8984818.144855315],[-1655783.5369735407,-8984818.144855315],[-1576936.7018795623,-8984818.144855315],[-1498089.8667855845,-8984818.144855315],[-1419243.0316916062,-8984818.144855315],[-1340396.196597628,-8984818.144855315],[-1261549.36150365,-8984818.144855315],[-1182702.5264096716,-8984818.144855315],[-1103855.6913156938,-8984818.144855315],[-1025008.8562217157,-8984818.144855315],[-946162.0211277375,-8984818.144855315],[-867315.1860337593,-8984818.144855315],[-788468.3509397812,-8984818.144855315],[-709621.5158458031,-8984818.144855315],[-630774.680751825,-8984818.144855315],[-551927.8456578469,-8984818.144855315],[-473081.01056386874,-8984818.144855315],[-394234.1754698906,-8984818.144855315],[-315387.3403759125,-8984818.144855315],[-236540.50528193437,-8984818.144855315],[-157693.67018795625,-8984818.144855315],[-78846.83509397812,-8984818.144855315],[0,-8984818.144855315],[78846.83509397812,-8984818.144855315],[157693.67018795625,-8984818.144855315],[236540.50528193437,-8984818.144855315],[315387.3403759125,-8984818.144855315],[394234.1754698906,-8984818.144855315],[473081.01056386874,-8984818.144855315],[551927.8456578469,-8984818.144855315],[630774.680751825,-8984818.144855315],[709621.5158458031,-8984818.144855315],[788468.3509397812,-8984818.144855315],[867315.1860337593,-8984818.144855315],[946162.0211277375,-8984818.144855315],[1025008.8562217157,-8984818.144855315],[1103855.6913156938,-8984818.144855315],[1182702.5264096716,-8984818.144855315],[1261549.36150365,-8984818.144855315],[1340396.196597628,-8984818.144855315],[1419243.0316916062,-8984818.144855315],[1498089.8667855845,-8984818.144855315],[1576936.7018795623,-8984818.144855315],[1655783.5369735407,-8984818.144855315],[1734630.3720675185,-8984818.144855315],[1813477.2071614966,-8984818.144855315],[1892324.042255475,-8984818.144855315],[1971170.877349453,-8984818.144855315],[2050017.7124434314,-8984818.144855315],[2128864.5475374092,-8984818.144855315],[2207711.3826313876,-8984818.144855315],[2286558.217725366,-8984818.144855315],[2365405.0528193433,-8984818.144855315],[2444251.8879133216,-8984818.144855315],[2523098.7230073,-8984818.144855315],[2601945.5581012783,-8984818.144855315],[2680792.393195256,-8984818.144855315],[2759639.228289234,-8984818.144855315],[2838486.0633832123,-8984818.144855315],[2917332.89847719,-8984818.144855315],[2996179.733571169,-8984818.144855315],[3075026.5686651464,-8984818.144855315],[3153873.4037591247,-8984818.144855315],[3232720.238853103,-8984818.144855315],[3311567.0739470813,-8984818.144855315],[3390413.9090410597,-8984818.144855315],[3469260.744135037,-8984818.144855315],[3548107.5792290154,-8984818.144855315],[3626954.4143229933,-8984818.144855315],[3705801.2494169716,-8984818.144855315],[3784648.08451095,-8984818.144855315],[3863494.9196049278,-8984818.144855315],[3942341.754698906,-8984818.144855315],[4021188.5897928844,-8984818.144855315],[4100035.4248868627,-8984818.144855315],[4178882.2599808406,-8984818.144855315],[4257729.0950748185,-8984818.144855315],[4336575.930168796,-8984818.144855315],[4415422.765262775,-8984818.144855315],[4494269.600356753,-8984818.144855315],[4573116.435450732,-8984818.144855315],[4651963.27054471,-8984818.144855315],[4730810.105638687,-8984818.144855315],[4809656.940732665,-8984818.144855315],[4888503.775826643,-8984818.144855315],[4967350.610920621,-8984818.144855315],[5046197.4460146,-8984818.144855315],[5125044.281108578,-8984818.144855315],[5203891.1162025565,-8984818.144855315],[5282737.951296534,-8984818.144855315],[5361584.786390512,-8984818.144855315],[5440431.62148449,-8984818.144855315],[5519278.456578468,-8984818.144855315],[5598125.291672447,-8984818.144855315],[5676972.126766425,-8984818.144855315],[5755818.961860403,-8984818.144855315],[5834665.79695438,-8984818.144855315],[5913512.632048359,-8984818.144855315],[5992359.467142338,-8984818.144855315],[6071206.302236316,-8984818.144855315],[6150053.137330293,-8984818.144855315],[6228899.9724242715,-8984818.144855315],[6307746.807518249,-8984818.144855315],[6386593.642612228,-8984818.144855315],[6465440.477706206,-8984818.144855315],[6544287.312800185,-8984818.144855315],[6623134.147894163,-8984818.144855315],[6701980.98298814,-8984818.144855315],[6780827.818082119,-8984818.144855315],[6859674.653176095,-8984818.144855315],[6938521.488270074,-8984818.144855315],[7017368.323364052,-8984818.144855315],[7096215.158458031,-8984818.144855315],[7175061.993552009,-8984818.144855315],[7253908.8286459865,-8984818.144855315],[7332755.663739965,-8984818.144855315],[7411602.498833943,-8984818.144855315],[7490449.333927922,-8984818.144855315],[7569296.1690219,-8984818.144855315],[7648143.004115878,-8984818.144855315],[7726989.8392098555,-8984818.144855315],[7805836.674303834,-8984818.144855315],[7884683.509397812,-8984818.144855315],[7963530.34449179,-8984818.144855315],[8042377.179585769,-8984818.144855315],[8121224.014679747,-8984818.144855315],[8200070.8497737255,-8984818.144855315],[8278917.684867703,-8984818.144855315],[8357764.519961681,-8984818.144855315],[8436611.355055658,-8984818.144855315],[8515458.190149637,-8984818.144855315],[8594305.025243616,-8984818.144855315],[8673151.860337593,-8984818.144855315],[8751998.695431571,-8984818.144855315],[8830845.53052555,-8984818.144855315],[8909692.365619527,-8984818.144855315],[8988539.200713506,-8984818.144855315],[9067386.035807483,-8984818.144855315],[9146232.870901464,-8984818.144855315],[9225079.70599544,-8984818.144855315],[9303926.54108942,-8984818.144855315],[9382773.376183396,-8984818.144855315],[9461620.211277373,-8984818.144855315],[9540467.046371354,-8984818.144855315],[9619313.88146533,-8984818.144855315],[9698160.71655931,-8984818.144855315],[9777007.551653286,-8984818.144855315],[9855854.386747265,-8984818.144855315],[9934701.221841242,-8984818.144855315],[10013548.056935223,-8984818.144855315],[10092394.8920292,-8984818.144855315],[10171241.727123177,-8984818.144855315],[10250088.562217155,-8984818.144855315],[10328935.397311132,-8984818.144855315],[10407782.232405113,-8984818.144855315],[10486629.06749909,-8984818.144855315],[10565475.902593069,-8984818.144855315],[10644322.737687046,-8984818.144855315],[10723169.572781025,-8984818.144855315],[10802016.407875003,-8984818.144855315],[10880863.24296898,-8984818.144855315],[10959710.078062959,-8984818.144855315],[11038556.913156936,-8984818.144855315],[11117403.748250915,-8984818.144855315],[11196250.583344894,-8984818.144855315],[11275097.418438872,-8984818.144855315],[11353944.25353285,-8984818.144855315],[11432791.088626828,-8984818.144855315],[11511637.923720807,-8984818.144855315],[11590484.758814782,-8984818.144855315],[11669331.59390876,-8984818.144855315],[11748178.42900274,-8984818.144855315],[11827025.264096718,-8984818.144855315],[11905872.099190695,-8984818.144855315],[11984718.934284676,-8984818.144855315],[12063565.769378653,-8984818.144855315],[12142412.604472632,-8984818.144855315],[12221259.439566609,-8984818.144855315],[12300106.274660585,-8984818.144855315],[12378953.109754564,-8984818.144855315],[12457799.944848543,-8984818.144855315],[12536646.779942522,-8984818.144855315],[12615493.615036499,-8984818.144855315],[12694340.450130478,-8984818.144855315],[12773187.285224456,-8984818.144855315],[12852034.120318435,-8984818.144855315],[12930880.955412412,-8984818.144855315],[13009727.79050639,-8984818.144855315],[13088574.62560037,-8984818.144855315],[13167421.460694347,-8984818.144855315],[13246268.295788325,-8984818.144855315],[13325115.1308823,-8984818.144855315],[13403961.96597628,-8984818.144855315],[13482808.80107026,-8984818.144855315],[13561655.636164239,-8984818.144855315],[13640502.471258214,-8984818.144855315],[13719349.30635219,-8984818.144855315],[13798196.141446173,-8984818.144855315],[13877042.976540148,-8984818.144855315],[13955889.811634129,-8984818.144855315],[14034736.646728104,-8984818.144855315],[14113583.481822083,-8984818.144855315],[14192430.316916062,-8984818.144855315]]},"properties":{"type":"parallel","value":-90}},
{"type":"Feature","geometry":{"type":"LineString","coordinates":[[-14192430.316916062,-8676054.56013897],[-14113583.481822083,-8676054.56013897],[-14034736.646728104,-8676054.56013897],[-13955889.811634129,-8676054.56013897],[-13877042.976540148,-8676054.56013897],[-13798196.141446173,-8676054.56013897],[-13719349.30635219,-8676054.56013897],[-13640502.471258214,-8676054.56013897],[-13561655.636164239,-8676054.56013897],[-13482808.80107026,-8676054.56013897],[-13403961.96597628,-8676054.56013897],[-13325115.1308823,-8676054.56013897],[-13246268.295788325,-8676054.56013897],[-13167421.460694347,-8676054.56013897],[-13088574.62560037,-8676054.56013897],[-13009727.79050639,-8676054.56013897],[-12930880.955412412,-8676054.56013897],[-12852034.120318435,-8676054.56013897],[-12773187.285224456,-8676054.56013897],[-12694340.450130478,-8676054.56013897],[-12615493.615036499,-8676054.56013897],[-12536646.779942522,-8676054.56013897],[-12457799.944848543,-8676054.56013897],[-12378953.109754564,-8676054.56013897],[-12300106.274660585,-8676054.56013897],[-12221259.439566609,-8676054.56013897],[-12142412.604472632,-8676054.56013897],[-12063565.769378653,-8676054.56013897],[-11984718.934284676,-8676054.56013897],[-11905872.099190695,-8676054.56013897],[-11827025.264096718,-8676054.56013897],[-11748178.42900274,-8676054.56013897],[-11669331.59390876,-8676054.56013897],[-11590484.758814782,-8676054.56013897],[-11511637.923720807,-8676054.56013897],[-11432791.088626828,-8676054.56013897],[-11353944.25353285,-8676054.56013897],[-11275097.418438872,-8676054.56013897],[-11196250.583344894,-8676054.56013897],[-11117403.748250915,-8676054.56013897],[-11038556.913156936,-8676054.56013897],[-10959710.078062959,-8676054.56013897],[-10880863.24296898,-8676054.56013897],[-10802016.407875003,-8676054.56013897],[-10723169.572781025,-8676054.56013897],[-10644322.737687046,-8676054.56013897],[-10565475.902593069,-8676054.56013897],[-10486629.06749909,-8676054.56013897],[-10407782.232405113,-8676054.56013897],[-10328935.397311132,-8676054.56013897],[-10250088.562217155,-8676054.56013897],[-10171241.727123177,-8676054.56013897],[-10092394.8920292,-8676054.56013897],[-10013548.056935223,-8676054.56013897],[-9934701.221841242,-8676054.56013897],[-9855854.386747265,-8676054.56013897],[-9777007.551653286,-8676054.56013897],[-9698160.71655931,-8676054.56013897],[-9619313.88146533,-8676054.56013897],[-9540467.046371354,-8676054.56013897],[-9461620.211277373,-8676054.56013897],[-9382773.376183396,-8676054.56013897],[-9303926.54108942,-8676054.56013897],[-9225079.70599544,-8676054.56013897],[-9146232.870901464,-8676054.56013897],[-9067386.035807483,-8676054.56013897],[-8988539.200713506,-8676054.56013897],[-8909692.365619527,-8676054.56013897],[-8830845.53052555,-8676054.56013897],[-8751998.695431571,-8676054.56013897],[-8673151.860337593,-8676054.56013897],[-8594305.025243616,-8676054.56013897],[-8515458.190149637,-8676054.56013897],[-8436611.355055658,-8676054.56013897],[-8357764.519961681,-8676054.56013897],[-8278917.684867703,-8676054.56013897],[-8200070.8497737255,-8676054.56013897],[-8121224.014679747,-8676054.56013897],[-8042377.179585769,-8676054.56013897],[-7963530.34449179,-8676054.56013897],[-7884683.509397812,-8676054.56013897],[-7805836.674303834,-8676054.56013897],[-7726989.8392098555,-8676054.56013897],[-7648143.004115878,-8676054.56013897],[-7569296.1690219,-8676054.56013897],[-7490449.333927922,-8676054.56013897],[-7411602.498833943,-8676054.56013897],[-7332755.663739965,-8676054.56013897],[-7253908.8286459865,-8676054.56013897],[-7175061.993552009,-8676054.56013897],[-7096215.158458031,-8676054.56013897],[-7017368.323364052,-8676054.56013897],[-6938521.488270074,-8676054.56013897],[-6859674.653176095,-8676054.56013897],[-6780827.818082119,-8676054.56013897],[-6701980.98298814,-8676054.56013897],[-6623134.147894163,-8676054.56013897],[-6544287.312800185,-8676054.56013897],[-6465440.477706206,-8676054.56013897],[-6386593.642612228,-8676054.56013897],[-6307746.807518249,-8676054.56013897],[-6228899.9724242715,-8676054.56013897],[-6150053.137330293,-8676054.56013897],[-6071206.302236316,-8676054.56013897],[-5992359.467142338,-8676054.56013897],[-5913512.632048359,-8676054.56013897],[-5834665.79695438,-8676054.56013897],[-5755818.961860403,-8676054.56013897],[-5676972.126766425,-8676054.56013897],[-5598125.291672447,-8676054.56013897],[-5519278.456578468,-8676054.56013897],[-5440431.62148449,-8676054.56013897],[-5361584.786390512,-8676054.56013897],[-5282737.951296534,-8676054.56013897],[-5203891.1162025565,-8676054.56013897],[-5125044.281108578,-8676054.56013897],[-5046197.4460146,-8676054.56013897],[-4967350.610920621,-8676054.56013897],[-4888503.775826643,-8676054.56013897],[-4809656.940732665,-8676054.56013897],[-4730810.105638687,-8676054.56013897],[-4651963.27054471,-8676054.56013897],[-4573116.435450732,-8676054.56013897],[-4494269.600356753,-8676054.56013897],[-4415422.765262775,-8676054.56013897],[-4336575.930168796,-8676054.56013897],[-4257729.0950748185,-8676054.56013897],[-4178882.2599808406,-8676054.56013897],[-4100035.4248868627,-8676054.56013897],[-4021188.5897928844,-8676054.56013897],[-3942341.754698906,-8676054.56013897],[-3863494.9196049278,-8676054.56013897],[-3784648.08451095,-8676054.56013897],[-3705801.2494169716,-8676054.56013897],[-3626954.4143229933,-8676054.56013897],[-3548107.5792290154,-8676054.56013897],[-3469260.744135037,-8676054.56013897],[-3390413.9090410597,-8676054.56013897],[-3311567.0739470813,-8676054.56013897],[-3232720.238853103,-8676054.56013897],[-3153873.4037591247,-8676054.56013897],[-3075026.5686651464,-8676054.56013897],[-2996179.733571169,-8676054.56013897],[-2917332.89847719,-8676054.56013897],[-2838486.0633832123,-8676054.56013897],[-2759639.228289234,-8676054.56013897],[-2680792.393195256,-8676054.56013897],[-2601945.5581012783,-8676054.56013897],[-2523098.7230073,-8676054.56013897],[-2444251.8879133216,-8676054.56013897],[-2365405.0528193433,-8676054.56013897],[-2286558.217725366,-8676054.56013897],[-2207711.3826313876,-8676054.56013897],[-2128864.5475374092,-8676054.56013897],[-2050017.7124434314,-8676054.56013897],[-1971170.877349453,-8676054.56013897],[-1892324.042255475,-8676054.56013897],[-1813477.2071614966,-8676054.56013897],[-1734630.3720675185,-8676054.56013897],[-1655783.5369735407,-8676054.56013897],[-1576936.7018795623,-8676054.56013897],[-1498089.8667855845,-8676054.56013897],[-1419243.0316916062,-8676054.56013897],[-1340396.196597628,-8676054.56013897],[-1261549.36150365,-8676054.56013897],[-1182702.5264096716,-8676054.56013897],[-1103855.6913156938,-8676054.56013897],[-1025008.8562217157,-8676054.56013897],[-946162.0211277375,-8676054.56013897],[-867315.1860337593,-8676054.56013897],[-788468.3509397812,-8676054.56013897],[-709621.5158458031,-8676054.56013897],[-630774.680751825,-8676054.56013897],[-551927.8456578469,-8676054.56013897],[-473081.01056386874,-8676054.56013897],[-394234.1754698906,-8676054.56013897],[-315387.3403759125,-8676054.56013897],[-236540.50528193437,-8676054.56013897],[-157693.67018795625,-8676054.56013897],[-78846.83509397812,-8676054.56013897],[0,-8676054.56013897],[78846.83509397812,-8676054.56013897],[157693.67018795625,-8676054.56013897],[236540.50528193437,-8676054.56013897],[315387.3403759125,-8676054.56013897],[394234.1754698906,-8676054.56013897],[473081.01056386874,-8676054.56013897],[551927.8456578469,-8676054.56013897],[630774.680751825,-8676054.56013897],[709621.5158458031,-8676054.56013897],[788468.3509397812,-8676054.56013897],[867315.1860337593,-8676054.56013897],[946162.0211277375,-8676054.56013897],[1025008.8562217157,-8676054.56013897],[1103855.6913156938,-8676054.56013897],[1182702.5264096716,-8676054.56013897],[1261549.36150365,-8676054.56013897],[1340396.196597628,-8676054.56013897],[1419243.0316916062,-8676054.56013897],[1498089.8667855845,-8676054.56013897],[1576936.7018795623,-8676054.56013897],[1655783.5369735407,-8676054.56013897],[1734630.3720675185,-8676054.56013897],[1813477.2071614966,-8676054.56013897],[1892324.042255475,-8676054.56013897],[1971170.877349453,-8676054.56013897],[2050017.7124434314,-8676054.56013897],[2128864.5475374092,-8676054.56013897],[2207711.3826313876,-8676054.56013897],[2286558.217725366,-8676054.56013897],[2365405.0528193433,-8676054.56013897],[2444251.8879133216,-8676054.56013897],[2523098.7230073,-8676054.56013897],[2601945.5581012783,-8676054.56013897],[2680792.393195256,-8676054.56013897],[2759639.228289234,-8676054.56013897],[2838486.0633832123,-8676054.56013897],[2917332.89847719,-8676054.56013897],[2996179.733571169,-8676054.56013897],[3075026.5686651464,-8676054.56013897],[3153873.4037591247,-8676054.56013897],[3232720.238853103,-8676054.56013897],[3311567.0739470813,-8676054.56013897],[3390413.9090410597,-8676054.56013897],[3469260.744135037,-8676054.56013897],[3548107.5792290154,-8676054.56013897],[3626954.4143229933,-8676054.56013897],[3705801.2494169716,-8676054.56013897],[3784648.08451095,-8676054.56013897],[3863494.9196049278,-8676054.56013897],[3942341.754698906,-8676054.56013897],[4021188.5897928844,-8676054.56013897],[4100035.4248868627,-8676054.56013897],[4178882.2599808406,-8676054.56013897],[4257729.0950748185,-8676054.56013897],[4336575.930168796,-8676054.56013897],[4415422.765262775,-8676054.56013897],[4494269.600356753,-8676054.56013897],[4573116.435450732,-8676054.56013897],[4651963.27054471,-8676054.56013897],[4730810.105638687,-8676054.56013897],[4809656.940732665,-8676054.56013897],[4888503.775826643,-8676054.56013897],[4967350.610920621,-8676054.56013897],[5046197.4460146,-8676054.56013897],[5125044.281108578,-8676054.56013897],[5203891.1162025565,-8676054.56013897],[5282737.951296534,-8676054.56013897],[5361584.786390512,-8676054.56013897],[5440431.62148449,-8676054.56013897],[5519278.456578468,-8676054.56013897],[5598125.291672447,-8676054.56013897],[5676972.126766425,-8676054.56013897],[5755818.961860403,-8676054.56013897],[5834665.79695438,-8676054.56013897],[5913512.632048359,-8676054.56013897],[5992359.467142338,-8676054.56013897],[6071206.302236316,-8676054.56013897],[6150053.137330293,-8676054.56013897],[6228899.9724242715,-8676054.56013897],[6307746.807518249,-8676054.56013897],[6386593.642612228,-8676054.56013897],[6465440.477706206,-8676054.56013897],[6544287.312800185,-8676054.56013897],[6623134.147894163,-8676054.56013897],[6701980.98298814,-8676054.56013897],[6780827.818082119,-8676054.56013897],[6859674.653176095,-8676054.56013897],[6938521.488270074,-8676054.56013897],[7017368.323364052,-8676054.56013897],[7096215.158458031,-8676054.56013897],[7175061.993552009,-8676054.56013897],[7253908.8286459865,-8676054.56013897],[7332755.663739965,-8676054.56013897],[7411602.498833943,-8676054.56013897],[7490449.333927922,-8676054.56013897],[7569296.1690219,-8676054.56013897],[7648143.004115878,-8676054.56013897],[7726989.8392098555,-8676054.56013897],[7805836.674303834,-8676054.56013897],[7884683.509397812,-8676054.56013897],[7963530.34449179,-8676054.56013897],[8042377.179585769,-8676054.56013897],[8121224.014679747,-8676054.56013897],[8200070.8497737255,-8676054.56013897],[8278917.684867703,-8676054.56013897],[8357764.519961681,-8676054.56013897],[8436611.355055658,-8676054.56013897],[8515458.190149637,-8676054.56013897],[8594305.025243616,-8676054.56013897],[8673151.860337593,-8676054.56013897],[8751998.695431571,-8676054.56013897],[8830845.53052555,-8676054.56013897],[8909692.365619527,-8676054.56013897],[8988539.200713506,-8676054.56013897],[9067386.035807483,-8676054.56013897],[9146232.870901464,-8676054.56013897],[9225079.70599544,-8676054.56013897],[9303926.54108942,-8676054.56013897],[9382773.376183396,-8676054.56013897],[9461620.211277373,-8676054.56013897],[9540467.046371354,-8676054.56013897],[9619313.88146533,-8676054.56013897],[9698160.71655931,-8676054.56013897],[9777007.551653286,-8676054.56013897],[9855854.386747265,-8676054.56013897],[9934701.221841242,-8676054.56013897],[10013548.056935223,-8676054.56013897],[10092394.8920292,-8676054.56013897],[10171241.727123177,-8676054.56013897],[10250088.562217155,-8676054.56013897],[10328935.397311132,-8676054.56013897],[10407782.232405113,-8676054.56013897],[10486629.06749909,-8676054.56013897],[10565475.902593069,-8676054.56013897],[10644322.737687046,-8676054.56013897],[10723169.572781025,-8676054.56013897],[10802016.407875003,-8676054.56013897],[10880863.24296898,-8676054.56013897],[10959710.078062959,-8676054.56013897],[11038556.913156936,-8676054.56013897],[11117403.748250915,-8676054.56013897],[11196250.583344894,-8676054.56013897],[11275097.418438872,-8676054.56013897],[11353944.25353285,-8676054.56013897],[11432791.088626828,-8676054.56013897],[11511637.923720807,-8676054.56013897],[11590484.758814782,-8676054.56013897],[11669331.59390876,-8676054.56013897],[11748178.42900274,-8676054.56013897],[11827025.264096718,-8676054.56013897],[11905872.099190695,-8676054.56013897],[11984718.934284676,-8676054.56013897],[12063565.769378653,-8676054.56013897],[12142412.604472632,-8676054.56013897],[12221259.439566609,-8676054.56013897],[12300106.274660585,-8676054.56013897],[12378953.109754564,-8676054.56013897],[12457799.944848543,-8676054.56013897],[12536646.779942522,-8676054.56013897],[12615493.615036499,-8676054.56013897],[12694340.450130478,-8676054.56013897],[12773187.285224456,-8676054.56013897],[12852034.120318435,-8676054.56013897],[12930880.955412412,-8676054.56013897],[13009727.79050639,-8676054.56013897],[13088574.62560037,-8676054.56013897],[13167421.460694347,-8676054.56013897],[13246268.295788325,-8676054.56013897],[13325115.1308823,-8676054.56013897],[13403961.96597628,-8676054.56013897],[13482808.80107026,-8676054.56013897],[13561655.636164239,-8676054.56013897],[13640502.471258214,-8676054.56013897],[13719349.30635219,-8676054.56013897],[13798196.141446173,-8676054.56013897],[13877042.976540148,-8676054.56013897],[13955889.811634129,-8676054.56013897],[14034736.646728104,-8676054.56013897],[14113583.481822083,-8676054.56013897],[14192430.316916062,-8676054.56013897]]},"properties":{"type":"parallel","value":-75}},
{"type":"Feature","geometry":{"type":"LineString","coordinates":[[-14192430.316916062,-7772346.082410755],[-14113583.481822083,-7772346.082410755],[-14034736.646728104,-7772346.082410755],[-13955889.811634129,-7772346.082410755],[-13877042.976540148,-7772346.082410755],[-13798196.141446173,-7772346.082410755],[-13719349.30635219,-7772346.082410755],[-13640502.471258214,-7772346.082410755],[-13561655.636164239,-7772346.082410755],[-13482808.80107026,-7772346.082410755],[-13403961.96597628,-7772346.082410755],[-13325115.1308823,-7772346.082410755],[-13246268.295788325,-7772346.082410755],[-13167421.460694347,-7772346.082410755],[-13088574.62560037,-7772346.082410755],[-13009727.79050639,-7772346.082410755],[-12930880.955412412,-7772346.082410755],[-12852034.120318435,-7772346.082410755],[-12773187.285224456,-7772346.082410755],[-12694340.450130478,-7772346.082410755],[-12615493.615036499,-7772346.082410755],[-12536646.779942522,-7772346.082410755],[-12457799.944848543,-7772346.082410755],[-12378953.109754564,-7772346.082410755],[-12300106.274660585,-7772346.082410755],[-12221259.439566609,-7772346.082410755],[-12142412.604472632,-7772346.082410755],[-12063565.769378653,-7772346.082410755],[-11984718.934284676,-7772346.082410755],[-11905872.099190695,-7772346.082410755],[-11827025.264096718,-7772346.082410755],[-11748178.42900274,-7772346.082410755],[-11669331.59390876,-7772346.082410755],[-11590484.758814782,-7772346.082410755],[-11511637.923720807,-7772346.082410755],[-11432791.088626828,-7772346.082410755],[-11353944.25353285,-7772346.082410755],[-11275097.418438872,-7772346.082410755],[-11196250.583344894,-7772346.082410755],[-11117403.748250915,-7772346.082410755],[-11038556.913156936,-7772346.082410755],[-10959710.078062959,-7772346.082410755],[-10880863.24296898,-7772346.082410755],[-10802016.407875003,-7772346.082410755],[-10723169.572781025,-7772346.082410755],[-10644322.737687046,-7772346.082410755],[-10565475.902593069,-7772346.082410755],[-10486629.06749909,-7772346.082410755],[-10407782.232405113,-7772346.082410755],[-10328935.397311132,-7772346.082410755],[-10250088.562217155,-7772346.082410755],[-10171241.727123177,-7772346.082410755],[-10092394.8920292,-7772346.082410755],[-10013548.056935223,-7772346.082410755],[-9934701.221841242,-7772346.082410755],[-9855854.386747265,-7772346.082410755],[-9777007.551653286,-7772346.082410755],[-9698160.71655931,-7772346.082410755],[-9619313.88146533,-7772346.082410755],[-9540467.046371354,-7772346.082410755],[-9461620.211277373,-7772346.082410755],[-9382773.376183396,-7772346.082410755],[-9303926.54108942,-7772346.082410755],[-9225079.70599544,-7772346.082410755],[-9146232.870901464,-7772346.082410755],[-9067386.035807483,-7772346.082410755],[-8988539.200713506,-7772346.082410755],[-8909692.365619527,-7772346.082410755],[-8830845.53052555,-7772346.082410755],[-8751998.695431571,-7772346.082410755],[-8673151.860337593,-7772346.082410755],[-8594305.025243616,-7772346.082410755],[-8515458.190149637,-7772346.082410755],[-8436611.355055658,-7772346.082410755],[-8357764.519961681,-7772346.082410755],[-8278917.684867703,-7772346.082410755],[-8200070.8497737255,-7772346.082410755],[-8121224.014679747,-7772346.082410755],[-8042377.179585769,-7772346.082410755],[-7963530.34449179,-7772346.082410755],[-7884683.509397812,-7772346.082410755],[-7805836.674303834,-7772346.082410755],[-7726989.8392098555,-7772346.082410755],[-7648143.004115878,-7772346.082410755],[-7569296.1690219,-7772346.082410755],[-7490449.333927922,-7772346.082410755],[-7411602.498833943,-7772346.082410755],[-7332755.663739965,-7772346.082410755],[-7253908.8286459865,-7772346.082410755],[-7175061.993552009,-7772346.082410755],[-7096215.158458031,-7772346.082410755],[-7017368.323364052,-7772346.082410755],[-6938521.488270074,-7772346.082410755],[-6859674.653176095,-7772346.082410755],[-6780827.818082119,-7772346.082410755],[-6701980.98298814,-7772346.082410755],[-6623134.147894163,-7772346.082410755],[-6544287.312800185,-7772346.082410755],[-6465440.477706206,-7772346.082410755],[-6386593.642612228,-7772346.082410755],[-6307746.807518249,-7772346.082410755],[-6228899.9724242715,-7772346.082410755],[-6150053.137330293,-7772346.082410755],[-6071206.302236316,-7772346.082410755],[-5992359.467142338,-7772346.082410755],[-5913512.632048359,-7772346.082410755],[-5834665.79695438,-7772346.082410755],[-5755818.961860403,-7772346.082410755],[-5676972.126766425,-7772346.082410755],[-5598125.291672447,-7772346.082410755],[-5519278.456578468,-7772346.082410755],[-5440431.62148449,-7772346.082410755],[-5361584.786390512,-7772346.082410755],[-5282737.951296534,-7772346.082410755],[-5203891.1162025565,-7772346.082410755],[-5125044.281108578,-7772346.082410755],[-5046197.4460146,-7772346.082410755],[-4967350.610920621,-7772346.082410755],[-4888503.775826643,-7772346.082410755],[-4809656.940732665,-7772346.082410755],[-4730810.105638687,-7772346.082410755],[-4651963.27054471,-7772346.082410755],[-4573116.435450732,-7772346.082410755],[-4494269.600356753,-7772346.082410755],[-4415422.765262775,-7772346.082410755],[-4336575.930168796,-7772346.082410755],[-4257729.0950748185,-7772346.082410755],[-4178882.2599808406,-7772346.082410755],[-4100035.4248868627,-7772346.082410755],[-4021188.5897928844,-7772346.082410755],[-3942341.754698906,-7772346.082410755],[-3863494.9196049278,-7772346.082410755],[-3784648.08451095,-7772346.082410755],[-3705801.2494169716,-7772346.082410755],[-3626954.4143229933,-7772346.082410755],[-3548107.5792290154,-7772346.082410755],[-3469260.744135037,-7772346.082410755],[-3390413.9090410597,-7772346.082410755],[-3311567.0739470813,-7772346.082410755],[-3232720.238853103,-7772346.082410755],[-3153873.4037591247,-7772346.082410755],[-3075026.5686651464,-7772346.082410755],[-2996179.733571169,-7772346.082410755],[-2917332.89847719,-7772346.082410755],[-2838486.0633832123,-7772346.082410755],[-2759639.228289234,-7772346.082410755],[-2680792.393195256,-7772346.082410755],[-2601945.5581012783,-7772346.082410755],[-2523098.7230073,-7772346.082410755],[-2444251.8879133216,-7772346.082410755],[-2365405.0528193433,-7772346.082410755],[-2286558.217725366,-7772346.082410755],[-2207711.3826313876,-7772346.082410755],[-2128864.5475374092,-7772346.082410755],[-2050017.7124434314,-7772346.082410755],[-1971170.877349453,-7772346.082410755],[-1892324.042255475,-7772346.082410755],[-1813477.2071614966,-7772346.082410755],[-1734630.3720675185,-7772346.082410755],[-1655783.5369735407,-7772346.082410755],[-1576936.7018795623,-7772346.082410755],[-1498089.8667855845,-7772346.082410755],[-1419243.0316916062,-7772346.082410755],[-1340396.196597628,-7772346.082410755],[-1261549.36150365,-7772346.082410755],[-1182702.5264096716,-7772346.082410755],[-1103855.6913156938,-7772346.082410755],[-1025008.8562217157,-7772346.082410755],[-946162.0211277375,-7772346.082410755],[-867315.1860337593,-7772346.082410755],[-788468.3509397812,-7772346.082410755],[-709621.5158458031,-7772346.082410755],[-630774.680751825,-7772346.082410755],[-551927.8456578469,-7772346.082410755],[-473081.01056386874,-7772346.082410755],[-394234.1754698906,-7772346.082410755],[-315387.3403759125,-7772346.082410755],[-236540.50528193437,-7772346.082410755],[-157693.67018795625,-7772346.082410755],[-78846.83509397812,-7772346.082410755],[0,-7772346.082410755],[78846.83509397812,-7772346.082410755],[157693.67018795625,-7772346.082410755],[236540.50528193437,-7772346.082410755],[315387.3403759125,-7772346.082410755],[394234.1754698906,-7772346.082410755],[473081.01056386874,-7772346.082410755],[551927.8456578469,-7772346.082410755],[630774.680751825,-7772346.082410755],[709621.5158458031,-7772346.082410755],[788468.3509397812,-7772346.082410755],[867315.1860337593,-7772346.082410755],[946162.0211277375,-7772346.082410755],[1025008.8562217157,-7772346.082410755],[1103855.6913156938,-7772346.082410755],[1182702.5264096716,-7772346.082410755],[1261549.36150365,-7772346.082410755],[1340396.196597628,-7772346.082410755],[1419243.0316916062,-7772346.082410755],[1498089.8667855845,-7772346.082410755],[1576936.7018795623,-7772346.082410755],[1655783.5369735407,-7772346.082410755],[1734630.3720675185,-7772346.082410755],[1813477.2071614966,-7772346.082410755],[1892324.042255475,-7772346.082410755],[1971170.877349453,-7772346.082410755],[2050017.7124434314,-7772346.082410755],[2128864.5475374092,-7772346.082410755],[2207711.3826313876,-7772346.082410755],[2286558.217725366,-7772346.082410755],[2365405.0528193433,-7772346.082410755],[2444251.8879133216,-7772346.082410755],[2523098.7230073,-7772346.082410755],[2601945.5581012783,-7772346.082410755],[2680792.393195256,-7772346.082410755],[2759639.228289234,-7772346.082410755],[2838486.0633832123,-7772346.082410755],[2917332.89847719,-7772346.082410755],[2996179.733571169,-7772346.082410755],[3075026.5686651464,-7772346.082410755],[3153873.4037591247,-7772346.082410755],[3232720.238853103,-7772346.082410755],[3311567.0739470813,-7772346.082410755],[3390413.9090410597,-7772346.082410755],[3469260.744135037,-7772346.082410755],[3548107.5792290154,-7772346.082410755],[3626954.4143229933,-7772346.082410755],[3705801.2494169716,-7772346.082410755],[3784648.08451095,-7772346.082410755],[3863494.9196049278,-7772346.082410755],[3942341.754698906,-7772346.082410755],[4021188.5897928844,-7772346.082410755],[4100035.4248868627,-7772346.082410755],[4178882.2599808406,-7772346.082410755],[4257729.0950748185,-7772346.082410755],[4336575.930168796,-7772346.082410755],[4415422.765262775,-7772346.082410755],[4494269.600356753,-7772346.082410755],[4573116.435450732,-7772346.082410755],[4651963.27054471,-7772346.082410755],[4730810.105638687,-7772346.082410755],[4809656.940732665,-7772346.082410755],[4888503.775826643,-7772346.082410755],[4967350.610920621,-7772346.082410755],[5046197.4460146,-7772346.082410755],[5125044.281108578,-7772346.082410755],[5203891.1162025565,-7772346.082410755],[5282737.951296534,-7772346.082410755],[5361584.786390512,-7772346.082410755],[5440431.62148449,-7772346.082410755],[5519278.456578468,-7772346.082410755],[5598125.291672447,-7772346.082410755],[5676972.126766425,-7772346.082410755],[5755818.961860403,-7772346.082410755],[5834665.79695438,-7772346.082410755],[5913512.632048359,-7772346.082410755],[5992359.467142338,-7772346.082410755],[6071206.302236316,-7772346.082410755],[6150053.137330293,-7772346.082410755],[6228899.9724242715,-7772346.082410755],[6307746.807518249,-7772346.082410755],[6386593.642612228,-7772346.082410755],[6465440.477706206,-7772346.082410755],[6544287.312800185,-7772346.082410755],[6623134.147894163,-7772346.082410755],[6701980.98298814,-7772346.082410755],[6780827.818082119,-7772346.082410755],[6859674.653176095,-7772346.082410755],[6938521.488270074,-7772346.082410755],[7017368.323364052,-7772346.082410755],[7096215.158458031,-7772346.082410755],[7175061.993552009,-7772346.082410755],[7253908.8286459865,-7772346.082410755],[7332755.663739965,-7772346.082410755],[7411602.498833943,-7772346.082410755],[7490449.333927922,-7772346.082410755],[7569296.1690219,-7772346.082410755],[7648143.004115878,-7772346.082410755],[7726989.8392098555,-7772346.082410755],[7805836.674303834,-7772346.082410755],[7884683.509397812,-7772346.082410755],[7963530.34449179,-7772346.082410755],[8042377.179585769,-7772346.082410755],[8121224.014679747,-7772346.082410755],[8200070.8497737255,-7772346.082410755],[8278917.684867703,-7772346.082410755],[8357764.519961681,-7772346.082410755],[8436611.355055658,-7772346.082410755],[8515458.190149637,-7772346.082410755],[8594305.025243616,-7772346.082410755],[8673151.860337593,-7772346.082410755],[8751998.695431571,-7772346.082410755],[8830845.53052555,-7772346.082410755],[8909692.365619527,-7772346.082410755],[8988539.200713506,-7772346.082410755],[9067386.035807483,-7772346.082410755],[9146232.870901464,-7772346.082410755],[9225079.70599544,-7772346.082410755],[9303926.54108942,-7772346.082410755],[9382773.376183396,-7772346.082410755],[9461620.211277373,-7772346.082410755],[9540467.046371354,-7772346.082410755],[9619313.88146533,-7772346.082410755],[9698160.71655931,-7772346.082410755],[9777007.551653286,-7772346.082410755],[9855854.386747265,-7772346.082410755],[9934701.221841242,-7772346.082410755],[10013548.056935223,-7772346.082410755],[10092394.8920292,-7772346.082410755],[10171241.727123177,-7772346.082410755],[10250088.562217155,-7772346.082410755],[10328935.397311132,-7772346.082410755],[10407782.232405113,-7772346.082410755],[10486629.06749909,-7772346.082410755],[10565475.902593069,-7772346.082410755],[10644322.737687046,-7772346.082410755],[10723169.572781025,-7772346.082410755],[10802016.407875003,-7772346.082410755],[10880863.24296898,-7772346.082410755],[10959710.078062959,-7772346.082410755],[11038556.913156936,-7772346.082410755],[11117403.748250915,-7772346.082410755],[11196250.583344894,-7772346.082410755],[11275097.418438872,-7772346.082410755],[11353944.25353285,-7772346.082410755],[11432791.088626828,-7772346.082410755],[11511637.923720807,-7772346.082410755],[11590484.758814782,-7772346.082410755],[11669331.59390876,-7772346.082410755],[11748178.42900274,-7772346.082410755],[11827025.264096718,-7772346.082410755],[11905872.099190695,-7772346.082410755],[11984718.934284676,-7772346.082410755],[12063565.769378653,-7772346.082410755],[12142412.604472632,-7772346.082410755],[12221259.439566609,-7772346.082410755],[12300106.274660585,-7772346.082410755],[12378953.109754564,-7772346.082410755],[12457799.944848543,-7772346.082410755],[12536646.779942522,-7772346.082410755],[12615493.615036499,-7772346.082410755],[12694340.450130478,-7772346.082410755],[12773187.285224456,-7772346.082410755],[12852034.120318435,-7772346.082410755],[12930880.955412412,-7772346.082410755],[13009727.79050639,-7772346.082410755],[13088574.62560037,-7772346.082410755],[13167421.460694347,-7772346.082410755],[13246268.295788325,-7772346.082410755],[13325115.1308823,-7772346.082410755],[13403961.96597628,-7772346.082410755],[13482808.80107026,-7772346.082410755],[13561655.636164239,-7772346.082410755],[13640502.471258214,-7772346.082410755],[13719349.30635219,-7772346.082410755],[13798196.141446173,-7772346.082410755],[13877042.976540148,-7772346.082410755],[13955889.811634129,-7772346.082410755],[14034736.646728104,-7772346.082410755],[14113583.481822083,-7772346.082410755],[14192430.316916062,-7772346.082410755]]},"properties":{"type":"parallel","value":-60}},
{"type":"Feature","geometry":{"type":"LineString","coordinates":[[-14192430.316916062,-6338983.732612475],[-14113583.481822083,-6338983.732612475],[-14034736.646728104,-6338983.732612475],[-13955889.811634129,-6338983.732612475],[-13877042.976540148,-6338983.732612475],[-13798196.141446173,-6338983.732612475],[-13719349.30635219,-6338983.732612475],[-13640502.471258214,-6338983.732612475],[-13561655.636164239,-6338983.732612475],[-13482808.80107026,-6338983.732612475],[-13403961.96597628,-6338983.732612475],[-13325115.1308823,-6338983.732612475],[-13246268.295788325,-6338983.732612475],[-13167421.460694347,-6338983.732612475],[-13088574.62560037,-6338983.732612475],[-13009727.79050639,-6338983.732612475],[-12930880.955412412,-6338983.732612475],[-12852034.120318435,-6338983.732612475],[-12773187.285224456,-6338983.732612475],[-12694340.450130478,-6338983.732612475],[-12615493.615036499,-6338983.732612475],[-12536646.779942522,-6338983.732612475],[-12457799.944848543,-6338983.732612475],[-12378953.109754564,-6338983.732612475],[-12300106.274660585,-6338983.732612475],[-12221259.439566609,-6338983.732612475],[-12142412.604472632,-6338983.732612475],[-12063565.769378653,-6338983.732612475],[-11984718.934284676,-6338983.732612475],[-11905872.099190695,-6338983.732612475],[-11827025.264096718,-6338983.732612475],[-11748178.42900274,-6338983.732612475],[-11669331.59390876,-6338983.732612475],[-11590484.758814782,-6338983.732612475],[-11511637.923720807,-6338983.732612475],[-11432791.088626828,-6338983.732612475],[-11353944.25353285,-6338983.732612475],[-11275097.418438872,-6338983.732612475],[-11196250.583344894,-6338983.732612475],[-11117403.748250915,-6338983.732612475],[-11038556.913156936,-6338983.732612475],[-10959710.078062959,-6338983.732612475],[-10880863.24296898,-6338983.732612475],[-10802016.407875003,-6338983.732612475],[-10723169.572781025,-6338983.732612475],[-10644322.737687046,-6338983.732612475],[-10565475.902593069,-6338983.732612475],[-10486629.06749909,-6338983.732612475],[-10407782.232405113,-6338983.732612475],[-10328935.397311132,-6338983.732612475],[-10250088.562217155,-6338983.732612475],[-10171241.727123177,-6338983.732612475],[-10092394.8920292,-6338983.732612475],[-10013548.056935223,-6338983.732612475],[-9934701.221841242,-6338983.732612475],[-9855854.386747265,-6338983.732612475],[-9777007.551653286,-6338983.732612475],[-9698160.71655931,-6338983.732612475],[-9619313.88146533,-6338983.732612475],[-9540467.046371354,-6338983.732612475],[-9461620.211277373,-6338983.732612475],[-9382773.376183396,-6338983.732612475],[-9303926.54108942,-6338983.732612475],[-9225079.70599544,-6338983.732612475],[-9146232.870901464,-6338983.732612475],[-9067386.035807483,-6338983.732612475],[-8988539.200713506,-6338983.732612475],[-8909692.365619527,-6338983.732612475],[-8830845.53052555,-6338983.732612475],[-8751998.695431571,-6338983.732612475],[-8673151.860337593,-6338983.732612475],[-8594305.025243616,-6338983.732612475],[-8515458.190149637,-6338983.732612475],[-8436611.355055658,-6338983.732612475],[-8357764.519961681,-6338983.732612475],[-8278917.684867703,-6338983.732612475],[-8200070.8497737255,-6338983.732612475],[-8121224.014679747,-6338983.732612475],[-8042377.179585769,-6338983.732612475],[-7963530.34449179,-6338983.732612475],[-7884683.509397812,-6338983.732612475],[-7805836.674303834,-6338983.732612475],[-7726989.8392098555,-6338983.732612475],[-7648143.004115878,-6338983.732612475],[-7569296.1690219,-6338983.732612475],[-7490449.333927922,-6338983.732612475],[-7411602.498833943,-6338983.732612475],[-7332755.663739965,-6338983.732612475],[-7253908.8286459865,-6338983.732612475],[-7175061.993552009,-6338983.732612475],[-7096215.158458031,-6338983.732612475],[-7017368.323364052,-6338983.732612475],[-6938521.488270074,-6338983.732612475],[-6859674.653176095,-6338983.732612475],[-6780827.818082119,-6338983.732612475],[-6701980.98298814,-6338983.732612475],[-6623134.147894163,-6338983.732612475],[-6544287.312800185,-6338983.732612475],[-6465440.477706206,-6338983.732612475],[-6386593.642612228,-6338983.732612475],[-6307746.807518249,-6338983.732612475],[-6228899.9724242715,-6338983.732612475],[-6150053.137330293,-6338983.732612475],[-6071206.302236316,-6338983.732612475],[-5992359.467142338,-6338983.732612475],[-5913512.632048359,-6338983.732612475],[-5834665.79695438,-6338983.732612475],[-5755818.961860403,-6338983.732612475],[-5676972.126766425,-6338983.732612475],[-5598125.291672447,-6338983.732612475],[-5519278.456578468,-6338983.732612475],[-5440431.62148449,-6338983.732612475],[-5361584.786390512,-6338983.732612475],[-5282737.951296534,-6338983.732612475],[-5203891.1162025565,-6338983.732612475],[-5125044.281108578,-6338983.732612475],[-5046197.4460146,-6338983.732612475],[-4967350.610920621,-6338983.732612475],[-4888503.775826643,-6338983.732612475],[-4809656.940732665,-6338983.732612475],[-4730810.105638687,-6338983.732612475],[-4651963.27054471,-6338983.732612475],[-4573116.435450732,-6338983.732612475],[-4494269.600356753,-6338983.732612475],[-4415422.765262775,-6338983.732612475],[-4336575.930168796,-6338983.732612475],[-4257729.0950748185,-6338983.732612475],[-4178882.2599808406,-6338983.732612475],[-4100035.4248868627,-6338983.732612475],[-4021188.5897928844,-6338983.732612475],[-3942341.754698906,-6338983.732612475],[-3863494.9196049278,-6338983.732612475],[-3784648.08451095,-6338983.732612475],[-3705801.2494169716,-6338983.732612475],[-3626954.4143229933,-6338983.732612475],[-3548107.5792290154,-6338983.732612475],[-3469260.744135037,-6338983.732612475],[-3390413.9090410597,-6338983.732612475],[-3311567.0739470813,-6338983.732612475],[-3232720.238853103,-6338983.732612475],[-3153873.4037591247,-6338983.732612475],[-3075026.5686651464,-6338983.732612475],[-2996179.733571169,-6338983.732612475],[-2917332.89847719,-6338983.732612475],[-2838486.0633832123,-6338983.732612475],[-2759639.228289234,-6338983.732612475],[-2680792.393195256,-6338983.732612475],[-2601945.5581012783,-6338983.732612475],[-2523098.7230073,-6338983.732612475],[-2444251.8879133216,-6338983.732612475],[-2365405.0528193433,-6338983.732612475],[-2286558.217725366,-6338983.732612475],[-2207711.3826313876,-6338983.732612475],[-2128864.5475374092,-6338983.732612475],[-2050017.7124434314,-6338983.732612475],[-1971170.877349453,-6338983.732612475],[-1892324.042255475,-6338983.732612475],[-1813477.2071614966,-6338983.732612475],[-1734630.3720675185,-6338983.732612475],[-1655783.5369735407,-6338983.732612475],[-1576936.7018795623,-6338983.732612475],[-1498089.8667855845,-6338983.732612475],[-1419243.0316916062,-6338983.732612475],[-1340396.196597628,-6338983.732612475],[-1261549.36150365,-6338983.732612475],[-1182702.5264096716,-6338983.732612475],[-1103855.6913156938,-6338983.732612475],[-1025008.8562217157,-6338983.732612475],[-946162.0211277375,-6338983.732612475],[-867315.1860337593,-6338983.732612475],[-788468.3509397812,-6338983.732612475],[-709621.5158458031,-6338983.732612475],[-630774.680751825,-6338983.732612475],[-551927.8456578469,-6338983.732612475],[-473081.01056386874,-6338983.732612475],[-394234.1754698906,-6338983.732612475],[-315387.3403759125,-6338983.732612475],[-236540.50528193437,-6338983.732612475],[-157693.67018795625,-6338983.732612475],[-78846.83509397812,-6338983.732612475],[0,-6338983.732612475],[78846.83509397812,-6338983.732612475],[157693.67018795625,-6338983.732612475],[236540.50528193437,-6338983.732612475],[315387.3403759125,-6338983.732612475],[394234.1754698906,-6338983.732612475],[473081.01056386874,-6338983.732612475],[551927.8456578469,-6338983.732612475],[630774.680751825,-6338983.732612475],[709621.5158458031,-6338983.732612475],[788468.3509397812,-6338983.732612475],[867315.1860337593,-6338983.732612475],[946162.0211277375,-6338983.732612475],[1025008.8562217157,-6338983.732612475],[1103855.6913156938,-6338983.732612475],[1182702.5264096716,-6338983.732612475],[1261549.36150365,-6338983.732612475],[1340396.196597628,-6338983.732612475],[1419243.0316916062,-6338983.732612475],[1498089.8667855845,-6338983.732612475],[1576936.7018795623,-6338983.732612475],[1655783.5369735407,-6338983.732612475],[1734630.3720675185,-6338983.732612475],[1813477.2071614966,-6338983.732612475],[1892324.042255475,-6338983.732612475],[1971170.877349453,-6338983.732612475],[2050017.7124434314,-6338983.732612475],[2128864.5475374092,-6338983.732612475],[2207711.3826313876,-6338983.732612475],[2286558.217725366,-6338983.732612475],[2365405.0528193433,-6338983.732612475],[2444251.8879133216,-6338983.732612475],[2523098.7230073,-6338983.732612475],[2601945.5581012783,-6338983.732612475],[2680792.393195256,-6338983.732612475],[2759639.228289234,-6338983.732612475],[2838486.0633832123,-6338983.732612475],[2917332.89847719,-6338983.732612475],[2996179.733571169,-6338983.732612475],[3075026.5686651464,-6338983.732612475],[3153873.4037591247,-6338983.732612475],[3232720.238853103,-6338983.732612475],[3311567.0739470813,-6338983.732612475],[3390413.9090410597,-6338983.732612475],[3469260.744135037,-6338983.732612475],[3548107.5792290154,-6338983.732612475],[3626954.4143229933,-6338983.732612475],[3705801.2494169716,-6338983.732612475],[3784648.08451095,-6338983.732612475],[3863494.9196049278,-6338983.732612475],[3942341.754698906,-6338983.732612475],[4021188.5897928844,-6338983.732612475],[4100035.4248868627,-6338983.732612475],[4178882.2599808406,-6338983.732612475],[4257729.0950748185,-6338983.732612475],[4336575.930168796,-6338983.732612475],[4415422.765262775,-6338983.732612475],[4494269.600356753,-6338983.732612475],[4573116.435450732,-6338983.732612475],[4651963.27054471,-6338983.732612475],[4730810.105638687,-6338983.732612475],[4809656.940732665,-6338983.732612475],[4888503.775826643,-6338983.732612475],[4967350.610920621,-6338983.732612475],[5046197.4460146,-6338983.732612475],[5125044.281108578,-6338983.732612475],[5203891.1162025565,-6338983.732612475],[5282737.951296534,-6338983.732612475],[5361584.786390512,-6338983.732612475],[5440431.62148449,-6338983.732612475],[5519278.456578468,-6338983.732612475],[5598125.291672447,-6338983.732612475],[5676972.126766425,-6338983.732612475],[5755818.961860403,-6338983.732612475],[5834665.79695438,-6338983.732612475],[5913512.632048359,-6338983.732612475],[5992359.467142338,-6338983.732612475],[6071206.302236316,-6338983.732612475],[6150053.137330293,-6338983.732612475],[6228899.9724242715,-6338983.732612475],[6307746.807518249,-6338983.732612475],[6386593.642612228,-6338983.732612475],[6465440.477706206,-6338983.732612475],[6544287.312800185,-6338983.732612475],[6623134.147894163,-6338983.732612475],[6701980.98298814,-6338983.732612475],[6780827.818082119,-6338983.732612475],[6859674.653176095,-6338983.732612475],[6938521.488270074,-6338983.732612475],[7017368.323364052,-6338983.732612475],[7096215.158458031,-6338983.732612475],[7175061.993552009,-6338983.732612475],[7253908.8286459865,-6338983.732612475],[7332755.663739965,-6338983.732612475],[7411602.498833943,-6338983.732612475],[7490449.333927922,-6338983.732612475],[7569296.1690219,-6338983.732612475],[7648143.004115878,-6338983.732612475],[7726989.8392098555,-6338983.732612475],[7805836.674303834,-6338983.732612475],[7884683.509397812,-6338983.732612475],[7963530.34449179,-6338983.732612475],[8042377.179585769,-6338983.732612475],[8121224.014679747,-6338983.732612475],[8200070.8497737255,-6338983.732612475],[8278917.684867703,-6338983.732612475],[8357764.519961681,-6338983.732612475],[8436611.355055658,-6338983.732612475],[8515458.190149637,-6338983.732612475],[8594305.025243616,-6338983.732612475],[8673151.860337593,-6338983.732612475],[8751998.695431571,-6338983.732612475],[8830845.53052555,-6338983.732612475],[8909692.365619527,-6338983.732612475],[8988539.200713506,-6338983.732612475],[9067386.035807483,-6338983.732612475],[9146232.870901464,-6338983.732612475],[9225079.70599544,-6338983.732612475],[9303926.54108942,-6338983.732612475],[9382773.376183396,-6338983.732612475],[9461620.211277373,-6338983.732612475],[9540467.046371354,-6338983.732612475],[9619313.88146533,-6338983.732612475],[9698160.71655931,-6338983.732612475],[9777007.551653286,-6338983.732612475],[9855854.386747265,-6338983.732612475],[9934701.221841242,-6338983.732612475],[10013548.056935223,-6338983.732612475],[10092394.8920292,-6338983.732612475],[10171241.727123177,-6338983.732612475],[10250088.562217155,-6338983.732612475],[10328935.397311132,-6338983.732612475],[10407782.232405113,-6338983.732612475],[10486629.06749909,-6338983.732612475],[10565475.902593069,-6338983.732612475],[10644322.737687046,-6338983.732612475],[10723169.572781025,-6338983.732612475],[10802016.407875003,-6338983.732612475],[10880863.24296898,-6338983.732612475],[10959710.078062959,-6338983.732612475],[11038556.913156936,-6338983.732612475],[11117403.748250915,-6338983.732612475],[11196250.583344894,-6338983.732612475],[11275097.418438872,-6338983.732612475],[11353944.25353285,-6338983.732612475],[11432791.088626828,-6338983.732612475],[11511637.923720807,-6338983.732612475],[11590484.758814782,-6338983.732612475],[11669331.59390876,-6338983.732612475],[11748178.42900274,-6338983.732612475],[11827025.264096718,-6338983.732612475],[11905872.099190695,-6338983.732612475],[11984718.934284676,-6338983.732612475],[12063565.769378653,-6338983.732612475],[12142412.604472632,-6338983.732612475],[12221259.439566609,-6338983.732612475],[12300106.274660585,-6338983.732612475],[12378953.109754564,-6338983.732612475],[12457799.944848543,-6338983.732612475],[12536646.779942522,-6338983.732612475],[12615493.615036499,-6338983.732612475],[12694340.450130478,-6338983.732612475],[12773187.285224456,-6338983.732612475],[12852034.120318435,-6338983.732612475],[12930880.955412412,-6338983.732612475],[13009727.79050639,-6338983.732612475],[13088574.62560037,-6338983.732612475],[13167421.460694347,-6338983.732612475],[13246268.295788325,-6338983.732612475],[13325115.1308823,-6338983.732612475],[13403961.96597628,-6338983.732612475],[13482808.80107026,-6338983.732612475],[13561655.636164239,-6338983.732612475],[13640502.471258214,-6338983.732612475],[13719349.30635219,-6338983.732612475],[13798196.141446173,-6338983.732612475],[13877042.976540148,-6338983.732612475],[13955889.811634129,-6338983.732612475],[14034736.646728104,-6338983.732612475],[14113583.481822083,-6338983.732612475],[14192430.316916062,-6338983.732612475]]},"properties":{"type":"parallel","value":-45}},
{"type":"Feature","geometry":{"type":"LineString","coordinates":[[-14192430.316916062,-4477325.840107322],[-14113583.481822083,-4477325.840107322],[-14034736.646728104,-4477325.840107322],[-13955889.811634129,-4477325.840107322],[-13877042.976540148,-4477325.840107322],[-13798196.141446173,-4477325.840107322],[-13719349.30635219,-4477325.840107322],[-13640502.471258214,-4477325.840107322],[-13561655.636164239,-4477325.840107322],[-13482808.80107026,-4477325.840107322],[-13403961.96597628,-4477325.840107322],[-13325115.1308823,-4477325.840107322],[-13246268.295788325,-4477325.840107322],[-13167421.460694347,-4477325.840107322],[-13088574.62560037,-4477325.840107322],[-13009727.79050639,-4477325.840107322],[-12930880.955412412,-4477325.840107322],[-12852034.120318435,-4477325.840107322],[-12773187.285224456,-4477325.840107322],[-12694340.450130478,-4477325.840107322],[-12615493.615036499,-4477325.840107322],[-12536646.779942522,-4477325.840107322],[-12457799.944848543,-4477325.840107322],[-12378953.109754564,-4477325.840107322],[-12300106.274660585,-4477325.840107322],[-12221259.439566609,-4477325.840107322],[-12142412.604472632,-4477325.840107322],[-12063565.769378653,-4477325.840107322],[-11984718.934284676,-4477325.840107322],[-11905872.099190695,-4477325.840107322],[-11827025.264096718,-4477325.840107322],[-11748178.42900274,-4477325.840107322],[-11669331.59390876,-4477325.840107322],[-11590484.758814782,-4477325.840107322],[-11511637.923720807,-4477325.840107322],[-11432791.088626828,-4477325.840107322],[-11353944.25353285,-4477325.840107322],[-11275097.418438872,-4477325.840107322],[-11196250.583344894,-4477325.840107322],[-11117403.748250915,-4477325.840107322],[-11038556.913156936,-4477325.840107322],[-10959710.078062959,-4477325.840107322],[-10880863.24296898,-4477325.840107322],[-10802016.407875003,-4477325.840107322],[-10723169.572781025,-4477325.840107322],[-10644322.737687046,-4477325.840107322],[-10565475.902593069,-4477325.840107322],[-10486629.06749909,-4477325.840107322],[-10407782.232405113,-4477325.840107322],[-10328935.397311132,-4477325.840107322],[-10250088.562217155,-4477325.840107322],[-10171241.727123177,-4477325.840107322],[-10092394.8920292,-4477325.840107322],[-10013548.056935223,-4477325.840107322],[-9934701.221841242,-4477325.840107322],[-9855854.386747265,-4477325.840107322],[-9777007.551653286,-4477325.840107322],[-9698160.71655931,-4477325.840107322],[-9619313.88146533,-4477325.840107322],[-9540467.046371354,-4477325.840107322],[-9461620.211277373,-4477325.840107322],[-9382773.376183396,-4477325.840107322],[-9303926.54108942,-4477325.840107322],[-9225079.70599544,-4477325.840107322],[-9146232.870901464,-4477325.840107322],[-9067386.035807483,-4477325.840107322],[-8988539.200713506,-4477325.840107322],[-8909692.365619527,-4477325.840107322],[-8830845.53052555,-4477325.840107322],[-8751998.695431571,-4477325.840107322],[-8673151.860337593,-4477325.840107322],[-8594305.025243616,-4477325.840107322],[-8515458.190149637,-4477325.840107322],[-8436611.355055658,-4477325.840107322],[-8357764.519961681,-4477325.840107322],[-8278917.684867703,-4477325.840107322],[-8200070.8497737255,-4477325.840107322],[-8121224.014679747,-4477325.840107322],[-8042377.179585769,-4477325.840107322],[-7963530.34449179,-4477325.840107322],[-7884683.509397812,-4477325.840107322],[-7805836.674303834,-4477325.840107322],[-7726989.8392098555,-4477325.840107322],[-7648143.004115878,-4477325.840107322],[-7569296.1690219,-4477325.840107322],[-7490449.333927922,-4477325.840107322],[-7411602.498833943,-4477325.840107322],[-7332755.663739965,-4477325.840107322],[-7253908.8286459865,-4477325.840107322],[-7175061.993552009,-4477325.840107322],[-7096215.158458031,-4477325.840107322],[-7017368.323364052,-4477325.840107322],[-6938521.488270074,-4477325.840107322],[-6859674.653176095,-4477325.840107322],[-6780827.818082119,-4477325.840107322],[-6701980.98298814,-4477325.840107322],[-6623134.147894163,-4477325.840107322],[-6544287.312800185,-4477325.840107322],[-6465440.477706206,-4477325.840107322],[-6386593.642612228,-4477325.840107322],[-6307746.807518249,-4477325.840107322],[-6228899.9724242715,-4477325.840107322],[-6150053.137330293,-4477325.840107322],[-6071206.302236316,-4477325.840107322],[-5992359.467142338,-4477325.840107322],[-5913512.632048359,-4477325.840107322],[-5834665.79695438,-4477325.840107322],[-5755818.961860403,-4477325.840107322],[-5676972.126766425,-4477325.840107322],[-5598125.291672447,-4477325.840107322],[-5519278.456578468,-4477325.840107322],[-5440431.62148449,-4477325.840107322],[-5361584.786390512,-4477325.840107322],[-5282737.951296534,-4477325.840107322],[-5203891.1162025565,-4477325.840107322],[-5125044.281108578,-4477325.840107322],[-5046197.4460146,-4477325.840107322],[-4967350.610920621,-4477325.840107322],[-4888503.775826643,-4477325.840107322],[-4809656.940732665,-4477325.840107322],[-4730810.105638687,-4477325.840107322],[-4651963.27054471,-4477325.840107322],[-4573116.435450732,-4477325.840107322],[-4494269.600356753,-4477325.840107322],[-4415422.765262775,-4477325.840107322],[-4336575.930168796,-4477325.840107322],[-4257729.0950748185,-4477325.840107322],[-4178882.2599808406,-4477325.840107322],[-4100035.4248868627,-4477325.840107322],[-4021188.5897928844,-4477325.840107322],[-3942341.754698906,-4477325.840107322],[-3863494.9196049278,-4477325.840107322],[-3784648.08451095,-4477325.840107322],[-3705801.2494169716,-4477325.840107322],[-3626954.4143229933,-4477325.840107322],[-3548107.5792290154,-4477325.840107322],[-3469260.744135037,-4477325.840107322],[-3390413.9090410597,-4477325.840107322],[-3311567.0739470813,-4477325.840107322],[-3232720.238853103,-4477325.840107322],[-3153873.4037591247,-4477325.840107322],[-3075026.5686651464,-4477325.840107322],[-2996179.733571169,-4477325.840107322],[-2917332.89847719,-4477325.840107322],[-2838486.0633832123,-4477325.840107322],[-2759639.228289234,-4477325.840107322],[-2680792.393195256,-4477325.840107322],[-2601945.5581012783,-4477325.840107322],[-2523098.7230073,-4477325.840107322],[-2444251.8879133216,-4477325.840107322],[-2365405.0528193433,-4477325.840107322],[-2286558.217725366,-4477325.840107322],[-2207711.3826313876,-4477325.840107322],[-2128864.5475374092,-4477325.840107322],[-2050017.7124434314,-4477325.840107322],[-1971170.877349453,-4477325.840107322],[-1892324.042255475,-4477325.840107322],[-1813477.2071614966,-4477325.840107322],[-1734630.3720675185,-4477325.840107322],[-1655783.5369735407,-4477325.840107322],[-1576936.7018795623,-4477325.840107322],[-1498089.8667855845,-4477325.840107322],[-1419243.0316916062,-4477325.840107322],[-1340396.196597628,-4477325.840107322],[-1261549.36150365,-4477325.840107322],[-1182702.5264096716,-4477325.840107322],[-1103855.6913156938,-4477325.840107322],[-1025008.8562217157,-4477325.840107322],[-946162.0211277375,-4477325.840107322],[-867315.1860337593,-4477325.840107322],[-788468.3509397812,-4477325.840107322],[-709621.5158458031,-4477325.840107322],[-630774.680751825,-4477325.840107322],[-551927.8456578469,-4477325.840107322],[-473081.01056386874,-4477325.840107322],[-394234.1754698906,-4477325.840107322],[-315387.3403759125,-4477325.840107322],[-236540.50528193437,-4477325.840107322],[-157693.67018795625,-4477325.840107322],[-78846.83509397812,-4477325.840107322],[0,-4477325.840107322],[78846.83509397812,-4477325.840107322],[157693.67018795625,-4477325.840107322],[236540.50528193437,-4477325.840107322],[315387.3403759125,-4477325.840107322],[394234.1754698906,-4477325.840107322],[473081.01056386874,-4477325.840107322],[551927.8456578469,-4477325.840107322],[630774.680751825,-4477325.840107322],[709621.5158458031,-4477325.840107322],[788468.3509397812,-4477325.840107322],[867315.1860337593,-4477325.840107322],[946162.0211277375,-4477325.840107322],[1025008.8562217157,-4477325.840107322],[1103855.6913156938,-4477325.840107322],[1182702.5264096716,-4477325.840107322],[1261549.36150365,-4477325.840107322],[1340396.196597628,-4477325.840107322],[1419243.0316916062,-4477325.840107322],[1498089.8667855845,-4477325.840107322],[1576936.7018795623,-4477325.840107322],[1655783.5369735407,-4477325.840107322],[1734630.3720675185,-4477325.840107322],[1813477.2071614966,-4477325.840107322],[1892324.042255475,-4477325.840107322],[1971170.877349453,-4477325.840107322],[2050017.7124434314,-4477325.840107322],[2128864.5475374092,-4477325.840107322],[2207711.3826313876,-4477325.840107322],[2286558.217725366,-4477325.840107322],[2365405.0528193433,-4477325.840107322],[2444251.8879133216,-4477325.840107322],[2523098.7230073,-4477325.840107322],[2601945.5581012783,-4477325.840107322],[2680792.393195256,-4477325.840107322],[2759639.228289234,-4477325.840107322],[2838486.0633832123,-4477325.840107322],[2917332.89847719,-4477325.840107322],[2996179.733571169,-4477325.840107322],[3075026.5686651464,-4477325.840107322],[3153873.4037591247,-4477325.840107322],[3232720.238853103,-4477325.840107322],[3311567.0739470813,-4477325.840107322],[3390413.9090410597,-4477325.840107322],[3469260.744135037,-4477325.840107322],[3548107.5792290154,-4477325.840107322],[3626954.4143229933,-4477325.840107322],[3705801.2494169716,-4477325.840107322],[3784648.08451095,-4477325.840107322],[3863494.9196049278,-4477325.840107322],[3942341.754698906,-4477325.840107322],[4021188.5897928844,-4477325.840107322],[4100035.4248868627,-4477325.840107322],[4178882.2599808406,-4477325.840107322],[4257729.0950748185,-4477325.840107322],[4336575.930168796,-4477325.840107322],[4415422.765262775,-4477325.840107322],[4494269.600356753,-4477325.840107322],[4573116.435450732,-4477325.840107322],[4651963.27054471,-4477325.840107322],[4730810.105638687,-4477325.840107322],[4809656.940732665,-4477325.840107322],[4888503.775826643,-4477325.840107322],[4967350.610920621,-4477325.840107322],[5046197.4460146,-4477325.840107322],[5125044.281108578,-4477325.840107322],[5203891.1162025565,-4477325.840107322],[5282737.951296534,-4477325.840107322],[5361584.786390512,-4477325.840107322],[5440431.62148449,-4477325.840107322],[5519278.456578468,-4477325.840107322],[5598125.291672447,-4477325.840107322],[5676972.126766425,-4477325.840107322],[5755818.961860403,-4477325.840107322],[5834665.79695438,-4477325.840107322],[5913512.632048359,-4477325.840107322],[5992359.467142338,-4477325.840107322],[6071206.302236316,-4477325.840107322],[6150053.137330293,-4477325.840107322],[6228899.9724242715,-4477325.840107322],[6307746.807518249,-4477325.840107322],[6386593.642612228,-4477325.840107322],[6465440.477706206,-4477325.840107322],[6544287.312800185,-4477325.840107322],[6623134.147894163,-4477325.840107322],[6701980.98298814,-4477325.840107322],[6780827.818082119,-4477325.840107322],[6859674.653176095,-4477325.840107322],[6938521.488270074,-4477325.840107322],[7017368.323364052,-4477325.840107322],[7096215.158458031,-4477325.840107322],[7175061.993552009,-4477325.840107322],[7253908.8286459865,-4477325.840107322],[7332755.663739965,-4477325.840107322],[7411602.498833943,-4477325.840107322],[7490449.333927922,-4477325.840107322],[7569296.1690219,-4477325.840107322],[7648143.004115878,-4477325.840107322],[7726989.8392098555,-4477325.840107322],[7805836.674303834,-4477325.840107322],[7884683.509397812,-4477325.840107322],[7963530.34449179,-4477325.840107322],[8042377.179585769,-4477325.840107322],[8121224.014679747,-4477325.840107322],[8200070.8497737255,-4477325.840107322],[8278917.684867703,-4477325.840107322],[8357764.519961681,-4477325.840107322],[8436611.355055658,-4477325.840107322],[8515458.190149637,-4477325.840107322],[8594305.025243616,-4477325.840107322],[8673151.860337593,-4477325.840107322],[8751998.695431571,-4477325.840107322],[8830845.53052555,-4477325.840107322],[8909692.365619527,-4477325.840107322],[8988539.200713506,-4477325.840107322],[9067386.035807483,-4477325.840107322],[9146232.870901464,-4477325.840107322],[9225079.70599544,-4477325.840107322],[9303926.54108942,-4477325.840107322],[9382773.376183396,-4477325.840107322],[9461620.211277373,-4477325.840107322],[9540467.046371354,-4477325.840107322],[9619313.88146533,-4477325.840107322],[9698160.71655931,-4477325.840107322],[9777007.551653286,-4477325.840107322],[9855854.386747265,-4477325.840107322],[9934701.221841242,-4477325.840107322],[10013548.056935223,-4477325.840107322],[10092394.8920292,-4477325.840107322],[10171241.727123177,-4477325.840107322],[10250088.562217155,-4477325.840107322],[10328935.397311132,-4477325.840107322],[10407782.232405113,-4477325.840107322],[10486629.06749909,-4477325.840107322],[10565475.902593069,-4477325.840107322],[10644322.737687046,-4477325.840107322],[10723169.572781025,-4477325.840107322],[10802016.407875003,-4477325.840107322],[10880863.24296898,-4477325.840107322],[10959710.078062959,-4477325.840107322],[11038556.913156936,-4477325.840107322],[11117403.748250915,-4477325.840107322],[11196250.583344894,-4477325.840107322],[11275097.418438872,-4477325.840107322],[11353944.25353285,-4477325.840107322],[11432791.088626828,-4477325.840107322],[11511637.923720807,-4477325.840107322],[11590484.758814782,-4477325.840107322],[11669331.59390876,-4477325.840107322],[11748178.42900274,-4477325.840107322],[11827025.264096718,-4477325.840107322],[11905872.099190695,-4477325.840107322],[11984718.934284676,-4477325.840107322],[12063565.769378653,-4477325.840107322],[12142412.604472632,-4477325.840107322],[12221259.439566609,-4477325.840107322],[12300106.274660585,-4477325.840107322],[12378953.109754564,-4477325.840107322],[12457799.944848543,-4477325.840107322],[12536646.779942522,-4477325.840107322],[12615493.615036499,-4477325.840107322],[12694340.450130478,-4477325.840107322],[12773187.285224456,-4477325.840107322],[12852034.120318435,-4477325.840107322],[12930880.955412412,-4477325.840107322],[13009727.79050639,-4477325.840107322],[13088574.62560037,-4477325.840107322],[13167421.460694347,-4477325.840107322],[13246268.295788325,-4477325.840107322],[13325115.1308823,-4477325.840107322],[13403961.96597628,-4477325.840107322],[13482808.80107026,-4477325.840107322],[13561655.636164239,-4477325.840107322],[13640502.471258214,-4477325.840107322],[13719349.30635219,-4477325.840107322],[13798196.141446173,-4477325.840107322],[13877042.976540148,-4477325.840107322],[13955889.811634129,-4477325.840107322],[14034736.646728104,-4477325.840107322],[14113583.481822083,-4477325.840107322],[14192430.316916062,-4477325.840107322]]},"properties":{"type":"parallel","value":-30}},
{"type":"Feature","geometry":{"type":"LineString","coordinates":[[-14192430.316916062,-2315739.9159830622],[-14113583.481822083,-2315739.9159830622],[-14034736.646728104,-2315739.9159830622],[-13955889.811634129,-2315739.9159830622],[-13877042.976540148,-2315739.9159830622],[-13798196.141446173,-2315739.9159830622],[-13719349.30635219,-2315739.9159830622],[-13640502.471258214,-2315739.9159830622],[-13561655.636164239,-2315739.9159830622],[-13482808.80107026,-2315739.9159830622],[-13403961.96597628,-2315739.9159830622],[-13325115.1308823,-2315739.9159830622],[-13246268.295788325,-2315739.9159830622],[-13167421.460694347,-2315739.9159830622],[-13088574.62560037,-2315739.9159830622],[-13009727.79050639,-2315739.9159830622],[-12930880.955412412,-2315739.9159830622],[-12852034.120318435,-2315739.9159830622],[-12773187.285224456,-2315739.9159830622],[-12694340.450130478,-2315739.9159830622],[-12615493.615036499,-2315739.9159830622],[-12536646.779942522,-2315739.9159830622],[-12457799.944848543,-2315739.9159830622],[-12378953.109754564,-2315739.9159830622],[-12300106.274660585,-2315739.9159830622],[-12221259.439566609,-2315739.9159830622],[-12142412.604472632,-2315739.9159830622],[-12063565.769378653,-2315739.9159830622],[-11984718.934284676,-2315739.9159830622],[-11905872.099190695,-2315739.9159830622],[-11827025.264096718,-2315739.9159830622],[-11748178.42900274,-2315739.9159830622],[-11669331.59390876,-2315739.9159830622],[-11590484.758814782,-2315739.9159830622],[-11511637.923720807,-2315739.9159830622],[-11432791.088626828,-2315739.9159830622],[-11353944.25353285,-2315739.9159830622],[-11275097.418438872,-2315739.9159830622],[-11196250.583344894,-2315739.9159830622],[-11117403.748250915,-2315739.9159830622],[-11038556.913156936,-2315739.9159830622],[-10959710.078062959,-2315739.9159830622],[-10880863.24296898,-2315739.9159830622],[-10802016.407875003,-2315739.9159830622],[-10723169.572781025,-2315739.9159830622],[-10644322.737687046,-2315739.9159830622],[-10565475.902593069,-2315739.9159830622],[-10486629.06749909,-2315739.9159830622],[-10407782.232405113,-2315739.9159830622],[-10328935.397311132,-2315739.9159830622],[-10250088.562217155,-2315739.9159830622],[-10171241.727123177,-2315739.9159830622],[-10092394.8920292,-2315739.9159830622],[-10013548.056935223,-2315739.9159830622],[-9934701.221841242,-2315739.9159830622],[-9855854.386747265,-2315739.9159830622],[-9777007.551653286,-2315739.9159830622],[-9698160.71655931,-2315739.9159830622],[-9619313.88146533,-2315739.9159830622],[-9540467.046371354,-2315739.9159830622],[-9461620.211277373,-2315739.9159830622],[-9382773.376183396,-2315739.9159830622],[-9303926.54108942,-2315739.9159830622],[-9225079.70599544,-2315739.9159830622],[-9146232.870901464,-2315739.9159830622],[-9067386.035807483,-2315739.9159830622],[-8988539.200713506,-2315739.9159830622],[-8909692.365619527,-2315739.9159830622],[-8830845.53052555,-2315739.9159830622],[-8751998.695431571,-2315739.9159830622],[-8673151.860337593,-2315739.9159830622],[-8594305.025243616,-2315739.9159830622],[-8515458.190149637,-2315739.9159830622],[-8436611.355055658,-2315739.9159830622],[-8357764.519961681,-2315739.9159830622],[-8278917.684867703,-2315739.9159830622],[-8200070.8497737255,-2315739.9159830622],[-8121224.014679747,-2315739.9159830622],[-8042377.179585769,-2315739.9159830622],[-7963530.34449179,-2315739.9159830622],[-7884683.509397812,-2315739.9159830622],[-7805836.674303834,-2315739.9159830622],[-7726989.8392098555,-2315739.9159830622],[-7648143.004115878,-2315739.9159830622],[-7569296.1690219,-2315739.9159830622],[-7490449.333927922,-2315739.9159830622],[-7411602.498833943,-2315739.9159830622],[-7332755.663739965,-2315739.9159830622],[-7253908.8286459865,-2315739.9159830622],[-7175061.993552009,-2315739.9159830622],[-7096215.158458031,-2315739.9159830622],[-7017368.323364052,-2315739.9159830622],[-6938521.488270074,-2315739.9159830622],[-6859674.653176095,-2315739.9159830622],[-6780827.818082119,-2315739.9159830622],[-6701980.98298814,-2315739.9159830622],[-6623134.147894163,-2315739.9159830622],[-6544287.312800185,-2315739.9159830622],[-6465440.477706206,-2315739.9159830622],[-6386593.642612228,-2315739.9159830622],[-6307746.807518249,-2315739.9159830622],[-6228899.9724242715,-2315739.9159830622],[-6150053.137330293,-2315739.9159830622],[-6071206.302236316,-2315739.9159830622],[-5992359.467142338,-2315739.9159830622],[-5913512.632048359,-2315739.9159830622],[-5834665.79695438,-2315739.9159830622],[-5755818.961860403,-2315739.9159830622],[-5676972.126766425,-2315739.9159830622],[-5598125.291672447,-2315739.9159830622],[-5519278.456578468,-2315739.9159830622],[-5440431.62148449,-2315739.9159830622],[-5361584.786390512,-2315739.9159830622],[-5282737.951296534,-2315739.9159830622],[-5203891.1162025565,-2315739.9159830622],[-5125044.281108578,-2315739.9159830622],[-5046197.4460146,-2315739.9159830622],[-4967350.610920621,-2315739.9159830622],[-4888503.775826643,-2315739.9159830622],[-4809656.940732665,-2315739.9159830622],[-4730810.105638687,-2315739.9159830622],[-4651963.27054471,-2315739.9159830622],[-4573116.435450732,-2315739.9159830622],[-4494269.600356753,-2315739.9159830622],[-4415422.765262775,-2315739.9159830622],[-4336575.930168796,-2315739.9159830622],[-4257729.0950748185,-2315739.9159830622],[-4178882.2599808406,-2315739.9159830622],[-4100035.4248868627,-2315739.9159830622],[-4021188.5897928844,-2315739.9159830622],[-3942341.754698906,-2315739.9159830622],[-3863494.9196049278,-2315739.9159830622],[-3784648.08451095,-2315739.9159830622],[-3705801.2494169716,-2315739.9159830622],[-3626954.4143229933,-2315739.9159830622],[-3548107.5792290154,-2315739.9159830622],[-3469260.744135037,-2315739.9159830622],[-3390413.9090410597,-2315739.9159830622],[-3311567.0739470813,-2315739.9159830622],[-3232720.238853103,-2315739.9159830622],[-3153873.4037591247,-2315739.9159830622],[-3075026.5686651464,-2315739.9159830622],[-2996179.733571169,-2315739.9159830622],[-2917332.89847719,-2315739.9159830622],[-2838486.0633832123,-2315739.9159830622],[-2759639.228289234,-2315739.9159830622],[-2680792.393195256,-2315739.9159830622],[-2601945.5581012783,-2315739.9159830622],[-2523098.7230073,-2315739.9159830622],[-2444251.8879133216,-2315739.9159830622],[-2365405.0528193433,-2315739.9159830622],[-2286558.217725366,-2315739.9159830622],[-2207711.3826313876,-2315739.9159830622],[-2128864.5475374092,-2315739.9159830622],[-2050017.7124434314,-2315739.9159830622],[-1971170.877349453,-2315739.9159830622],[-1892324.042255475,-2315739.9159830622],[-1813477.2071614966,-2315739.9159830622],[-1734630.3720675185,-2315739.9159830622],[-1655783.5369735407,-2315739.9159830622],[-1576936.7018795623,-2315739.9159830622],[-1498089.8667855845,-2315739.9159830622],[-1419243.0316916062,-2315739.9159830622],[-1340396.196597628,-2315739.9159830622],[-1261549.36150365,-2315739.9159830622],[-1182702.5264096716,-2315739.9159830622],[-1103855.6913156938,-2315739.9159830622],[-1025008.8562217157,-2315739.9159830622],[-946162.0211277375,-2315739.9159830622],[-867315.1860337593,-2315739.9159830622],[-788468.3509397812,-2315739.9159830622],[-709621.5158458031,-2315739.9159830622],[-630774.680751825,-2315739.9159830622],[-551927.8456578469,-2315739.9159830622],[-473081.01056386874,-2315739.9159830622],[-394234.1754698906,-2315739.9159830622],[-315387.3403759125,-2315739.9159830622],[-236540.50528193437,-2315739.9159830622],[-157693.67018795625,-2315739.9159830622],[-78846.83509397812,-2315739.9159830622],[0,-2315739.9159830622],[78846.83509397812,-2315739.9159830622],[157693.67018795625,-2315739.9159830622],[236540.50528193437,-2315739.9159830622],[315387.3403759125,-2315739.9159830622],[394234.1754698906,-2315739.9159830622],[473081.01056386874,-2315739.9159830622],[551927.8456578469,-2315739.9159830622],[630774.680751825,-2315739.9159830622],[709621.5158458031,-2315739.9159830622],[788468.3509397812,-2315739.9159830622],[867315.1860337593,-2315739.9159830622],[946162.0211277375,-2315739.9159830622],[1025008.8562217157,-2315739.9159830622],[1103855.6913156938,-2315739.9159830622],[1182702.5264096716,-2315739.9159830622],[1261549.36150365,-2315739.9159830622],[1340396.196597628,-2315739.9159830622],[1419243.0316916062,-2315739.9159830622],[1498089.8667855845,-2315739.9159830622],[1576936.7018795623,-2315739.9159830622],[1655783.5369735407,-2315739.9159830622],[1734630.3720675185,-2315739.9159830622],[1813477.2071614966,-2315739.9159830622],[1892324.042255475,-2315739.9159830622],[1971170.877349453,-2315739.9159830622],[2050017.7124434314,-2315739.9159830622],[2128864.5475374092,-2315739.9159830622],[2207711.3826313876,-2315739.9159830622],[2286558.217725366,-2315739.9159830622],[2365405.0528193433,-2315739.9159830622],[2444251.8879133216,-2315739.9159830622],[2523098.7230073,-2315739.9159830622],[2601945.5581012783,-2315739.9159830622],[2680792.393195256,-2315739.9159830622],[2759639.228289234,-2315739.9159830622],[2838486.0633832123,-2315739.9159830622],[2917332.89847719,-2315739.9159830622],[2996179.733571169,-2315739.9159830622],[3075026.5686651464,-2315739.9159830622],[3153873.4037591247,-2315739.9159830622],[3232720.238853103,-2315739.9159830622],[3311567.0739470813,-2315739.9159830622],[3390413.9090410597,-2315739.9159830622],[3469260.744135037,-2315739.9159830622],[3548107.5792290154,-2315739.9159830622],[3626954.4143229933,-2315739.9159830622],[3705801.2494169716,-2315739.9159830622],[3784648.08451095,-2315739.9159830622],[3863494.9196049278,-2315739.9159830622],[3942341.754698906,-2315739.9159830622],[4021188.5897928844,-2315739.9159830622],[4100035.4248868627,-2315739.9159830622],[4178882.2599808406,-2315739.9159830622],[4257729.0950748185,-2315739.9159830622],[4336575.930168796,-2315739.9159830622],[4415422.765262775,-2315739.9159830622],[4494269.600356753,-2315739.9159830622],[4573116.435450732,-2315739.9159830622],[4651963.27054471,-2315739.9159830622],[4730810.105638687,-2315739.9159830622],[4809656.940732665,-2315739.9159830622],[4888503.775826643,-2315739.9159830622],[4967350.610920621,-2315739.9159830622],[5046197.4460146,-2315739.9159830622],[5125044.281108578,-2315739.9159830622],[5203891.1162025565,-2315739.9159830622],[5282737.951296534,-2315739.9159830622],[5361584.786390512,-2315739.9159830622],[5440431.62148449,-2315739.9159830622],[5519278.456578468,-2315739.9159830622],[5598125.291672447,-2315739.9159830622],[5676972.126766425,-2315739.9159830622],[5755818.961860403,-2315739.9159830622],[5834665.79695438,-2315739.9159830622],[5913512.632048359,-2315739.9159830622],[5992359.467142338,-2315739.9159830622],[6071206.302236316,-2315739.9159830622],[6150053.137330293,-2315739.9159830622],[6228899.9724242715,-2315739.9159830622],[6307746.807518249,-2315739.9159830622],[6386593.642612228,-2315739.9159830622],[6465440.477706206,-2315739.9159830622],[6544287.312800185,-2315739.9159830622],[6623134.147894163,-2315739.9159830622],[6701980.98298814,-2315739.9159830622],[6780827.818082119,-2315739.9159830622],[6859674.653176095,-2315739.9159830622],[6938521.488270074,-2315739.9159830622],[7017368.323364052,-2315739.9159830622],[7096215.158458031,-2315739.9159830622],[7175061.993552009,-2315739.9159830622],[7253908.8286459865,-2315739.9159830622],[7332755.663739965,-2315739.9159830622],[7411602.498833943,-2315739.9159830622],[7490449.333927922,-2315739.9159830622],[7569296.1690219,-2315739.9159830622],[7648143.004115878,-2315739.9159830622],[7726989.8392098555,-2315739.9159830622],[7805836.674303834,-2315739.9159830622],[7884683.509397812,-2315739.9159830622],[7963530.34449179,-2315739.9159830622],[8042377.179585769,-2315739.9159830622],[8121224.014679747,-2315739.9159830622],[8200070.8497737255,-2315739.9159830622],[8278917.684867703,-2315739.9159830622],[8357764.519961681,-2315739.9159830622],[8436611.355055658,-2315739.9159830622],[8515458.190149637,-2315739.9159830622],[8594305.025243616,-2315739.9159830622],[8673151.860337593,-2315739.9159830622],[8751998.695431571,-2315739.9159830622],[8830845.53052555,-2315739.9159830622],[8909692.365619527,-2315739.9159830622],[8988539.200713506,-2315739.9159830622],[9067386.035807483,-2315739.9159830622],[9146232.870901464,-2315739.9159830622],[9225079.70599544,-2315739.9159830622],[9303926.54108942,-2315739.9159830622],[9382773.376183396,-2315739.9159830622],[9461620.211277373,-2315739.9159830622],[9540467.046371354,-2315739.9159830622],[9619313.88146533,-2315739.9159830622],[9698160.71655931,-2315739.9159830622],[9777007.551653286,-2315739.9159830622],[9855854.386747265,-2315739.9159830622],[9934701.221841242,-2315739.9159830622],[10013548.056935223,-2315739.9159830622],[10092394.8920292,-2315739.9159830622],[10171241.727123177,-2315739.9159830622],[10250088.562217155,-2315739.9159830622],[10328935.397311132,-2315739.9159830622],[10407782.232405113,-2315739.9159830622],[10486629.06749909,-2315739.9159830622],[10565475.902593069,-2315739.9159830622],[10644322.737687046,-2315739.9159830622],[10723169.572781025,-2315739.9159830622],[10802016.407875003,-2315739.9159830622],[10880863.24296898,-2315739.9159830622],[10959710.078062959,-2315739.9159830622],[11038556.913156936,-2315739.9159830622],[11117403.748250915,-2315739.9159830622],[11196250.583344894,-2315739.9159830622],[11275097.418438872,-2315739.9159830622],[11353944.25353285,-2315739.9159830622],[11432791.088626828,-2315739.9159830622],[11511637.923720807,-2315739.9159830622],[11590484.758814782,-2315739.9159830622],[11669331.59390876,-2315739.9159830622],[11748178.42900274,-2315739.9159830622],[11827025.264096718,-2315739.9159830622],[11905872.099190695,-2315739.9159830622],[11984718.934284676,-2315739.9159830622],[12063565.769378653,-2315739.9159830622],[12142412.604472632,-2315739.9159830622],[12221259.439566609,-2315739.9159830622],[12300106.274660585,-2315739.9159830622],[12378953.109754564,-2315739.9159830622],[12457799.944848543,-2315739.9159830622],[12536646.779942522,-2315739.9159830622],[12615493.615036499,-2315739.9159830622],[12694340.450130478,-2315739.9159830622],[12773187.285224456,-2315739.9159830622],[12852034.120318435,-2315739.9159830622],[12930880.955412412,-2315739.9159830622],[13009727.79050639,-2315739.9159830622],[13088574.62560037,-2315739.9159830622],[13167421.460694347,-2315739.9159830622],[13246268.295788325,-2315739.9159830622],[13325115.1308823,-2315739.9159830622],[13403961.96597628,-2315739.9159830622],[13482808.80107026,-2315739.9159830622],[13561655.636164239,-2315739.9159830622],[13640502.471258214,-2315739.9159830622],[13719349.30635219,-2315739.9159830622],[13798196.141446173,-2315739.9159830622],[13877042.976540148,-2315739.9159830622],[13955889.811634129,-2315739.9159830622],[14034736.646728104,-2315739.9159830622],[14113583.481822083,-2315739.9159830622],[14192430.316916062,-2315739.9159830622]]},"properties":{"type":"parallel","value":-15}},
{"type":"Feature","geometry":{"type":"LineString","coordinates":[[-14192430.316916062,0],[-14113583.481822083,0],[-14034736.646728104,0],[-13955889.811634129,0],[-13877042.976540148,0],[-13798196.141446173,0],[-13719349.30635219,0],[-13640502.471258214,0],[-13561655.636164239,0],[-13482808.80107026,0],[-13403961.96597628,0],[-13325115.1308823,0],[-13246268.295788325,0],[-13167421.460694347,0],[-13088574.62560037,0],[-13009727.79050639,0],[-12930880.955412412,0],[-12852034.120318435,0],[-12773187.285224456,0],[-12694340.450130478,0],[-12615493.615036499,0],[-12536646.779942522,0],[-12457799.944848543,0],[-12378953.109754564,0],[-12300106.274660585,0],[-12221259.439566609,0],[-12142412.604472632,0],[-12063565.769378653,0],[-11984718.934284676,0],[-11905872.099190695,0],[-11827025.264096718,0],[-11748178.42900274,0],[-11669331.59390876,0],[-11590484.758814782,0],[-11511637.923720807,0],[-11432791.088626828,0],[-11353944.25353285,0],[-11275097.418438872,0],[-11196250.583344894,0],[-11117403.748250915,0],[-11038556.913156936,0],[-10959710.078062959,0],[-10880863.24296898,0],[-10802016.407875003,0],[-10723169.572781025,0],[-10644322.737687046,0],[-10565475.902593069,0],[-10486629.06749909,0],[-10407782.232405113,0],[-10328935.397311132,0],[-10250088.562217155,0],[-10171241.727123177,0],[-10092394.8920292,0],[-10013548.056935223,0],[-9934701.221841242,0],[-9855854.386747265,0],[-9777007.551653286,0],[-9698160.71655931,0],[-9619313.88146533,0],[-9540467.046371354,0],[-9461620.211277373,0],[-9382773.376183396,0],[-9303926.54108942,0],[-9225079.70599544,0],[-9146232.870901464,0],[-9067386.035807483,0],[-8988539.200713506,0],[-8909692.365619527,0],[-8830845.53052555,0],[-8751998.695431571,0],[-8673151.860337593,0],[-8594305.025243616,0],[-8515458.190149637,0],[-8436611.355055658,0],[-8357764.519961681,0],[-8278917.684867703,0],[-8200070.8497737255,0],[-8121224.014679747,0],[-8042377.179585769,0],[-7963530.34449179,0],[-7884683.509397812,0],[-7805836.674303834,0],[-7726989.8392098555,0],[-7648143.004115878,0],[-7569296.1690219,0],[-7490449.333927922,0],[-7411602.498833943,0],[-7332755.663739965,0],[-7253908.8286459865,0],[-7175061.993552009,0],[-7096215.158458031,0],[-7017368.323364052,0],[-6938521.488270074,0],[-6859674.653176095,0],[-6780827.818082119,0],[-6701980.98298814,0],[-6623134.147894163,0],[-6544287.312800185,0],[-6465440.477706206,0],[-6386593.642612228,0],[-6307746.807518249,0],[-6228899.9724242715,0],[-6150053.137330293,0],[-6071206.302236316,0],[-5992359.467142338,0],[-5913512.632048359,0],[-5834665.79695438,0],[-5755818.961860403,0],[-5676972.126766425,0],[-5598125.291672447,0],[-5519278.456578468,0],[-5440431.62148449,0],[-5361584.786390512,0],[-5282737.951296534,0],[-5203891.1162025565,0],[-5125044.281108578,0],[-5046197.4460146,0],[-4967350.610920621,0],[-4888503.775826643,0],[-4809656.940732665,0],[-4730810.105638687,0],[-4651963.27054471,0],[-4573116.435450732,0],[-4494269.600356753,0],[-4415422.765262775,0],[-4336575.930168796,0],[-4257729.0950748185,0],[-4178882.2599808406,0],[-4100035.4248868627,0],[-4021188.5897928844,0],[-3942341.754698906,0],[-3863494.9196049278,0],[-3784648.08451095,0],[-3705801.2494169716,0],[-3626954.4143229933,0],[-3548107.5792290154,0],[-3469260.744135037,0],[-3390413.9090410597,0],[-3311567.0739470813,0],[-3232720.238853103,0],[-3153873.4037591247,0],[-3075026.5686651464,0],[-2996179.733571169,0],[-2917332.89847719,0],[-2838486.0633832123,0],[-2759639.228289234,0],[-2680792.393195256,0],[-2601945.5581012783,0],[-2523098.7230073,0],[-2444251.8879133216,0],[-2365405.0528193433,0],[-2286558.217725366,0],[-2207711.3826313876,0],[-2128864.5475374092,0],[-2050017.7124434314,0],[-1971170.877349453,0],[-1892324.042255475,0],[-1813477.2071614966,0],[-1734630.3720675185,0],[-1655783.5369735407,0],[-1576936.7018795623,0],[-1498089.8667855845,0],[-1419243.0316916062,0],[-1340396.196597628,0],[-1261549.36150365,0],[-1182702.5264096716,0],[-1103855.6913156938,0],[-1025008.8562217157,0],[-946162.0211277375,0],[-867315.1860337593,0],[-788468.3509397812,0],[-709621.5158458031,0],[-630774.680751825,0],[-551927.8456578469,0],[-473081.01056386874,0],[-394234.1754698906,0],[-315387.3403759125,0],[-236540.50528193437,0],[-157693.67018795625,0],[-78846.83509397812,0],[0,0],[78846.83509397812,0],[157693.67018795625,0],[236540.50528193437,0],[315387.3403759125,0],[394234.1754698906,0],[473081.01056386874,0],[551927.8456578469,0],[630774.680751825,0],[709621.5158458031,0],[788468.3509397812,0],[867315.1860337593,0],[946162.0211277375,0],[1025008.8562217157,0],[1103855.6913156938,0],[1182702.5264096716,0],[1261549.36150365,0],[1340396.196597628,0],[1419243.0316916062,0],[1498089.8667855845,0],[1576936.7018795623,0],[1655783.5369735407,0],[1734630.3720675185,0],[1813477.2071614966,0],[1892324.042255475,0],[1971170.877349453,0],[2050017.7124434314,0],[2128864.5475374092,0],[2207711.3826313876,0],[2286558.217725366,0],[2365405.0528193433,0],[2444251.8879133216,0],[2523098.7230073,0],[2601945.5581012783,0],[2680792.393195256,0],[2759639.228289234,0],[2838486.0633832123,0],[2917332.89847719,0],[2996179.733571169,0],[3075026.5686651464,0],[3153873.4037591247,0],[3232720.238853103,0],[3311567.0739470813,0],[3390413.9090410597,0],[3469260.744135037,0],[3548107.5792290154,0],[3626954.4143229933,0],[3705801.2494169716,0],[3784648.08451095,0],[3863494.9196049278,0],[3942341.754698906,0],[4021188.5897928844,0],[4100035.4248868627,0],[4178882.2599808406,0],[4257729.0950748185,0],[4336575.930168796,0],[4415422.765262775,0],[4494269.600356753,0],[4573116.435450732,0],[4651963.27054471,0],[4730810.105638687,0],[4809656.940732665,0],[4888503.775826643,0],[4967350.610920621,0],[5046197.4460146,0],[5125044.281108578,0],[5203891.1162025565,0],[5282737.951296534,0],[5361584.786390512,0],[5440431.62148449,0],[5519278.456578468,0],[5598125.291672447,0],[5676972.126766425,0],[5755818.961860403,0],[5834665.79695438,0],[5913512.632048359,0],[5992359.467142338,0],[6071206.302236316,0],[6150053.137330293,0],[6228899.9724242715,0],[6307746.807518249,0],[6386593.642612228,0],[6465440.477706206,0],[6544287.312800185,0],[6623134.147894163,0],[6701980.98298814,0],[6780827.818082119,0],[6859674.653176095,0],[6938521.488270074,0],[7017368.323364052,0],[7096215.158458031,0],[7175061.993552009,0],[7253908.8286459865,0],[7332755.663739965,0],[7411602.498833943,0],[7490449.333927922,0],[7569296.1690219,0],[7648143.004115878,0],[7726989.8392098555,0],[7805836.674303834,0],[7884683.509397812,0],[7963530.34449179,0],[8042377.179585769,0],[8121224.014679747,0],[8200070.8497737255,0],[8278917.684867703,0],[8357764.519961681,0],[8436611.355055658,0],[8515458.190149637,0],[8594305.025243616,0],[8673151.860337593,0],[8751998.695431571,0],[8830845.53052555,0],[8909692.365619527,0],[8988539.200713506,0],[9067386.035807483,0],[9146232.870901464,0],[9225079.70599544,0],[9303926.54108942,0],[9382773.376183396,0],[9461620.211277373,0],[9540467.046371354,0],[9619313.88146533,0],[9698160.71655931,0],[9777007.551653286,0],[9855854.386747265,0],[9934701.221841242,0],[10013548.056935223,0],[10092394.8920292,0],[10171241.727123177,0],[10250088.562217155,0],[10328935.397311132,0],[10407782.232405113,0],[10486629.06749909,0],[10565475.902593069,0],[10644322.737687046,0],[10723169.572781025,0],[10802016.407875003,0],[10880863.24296898,0],[10959710.078062959,0],[11038556.913156936,0],[11117403.748250915,0],[11196250.583344894,0],[11275097.418438872,0],[11353944.25353285,0],[11432791.088626828,0],[11511637.923720807,0],[11590484.758814782,0],[11669331.59390876,0],[11748178.42900274,0],[11827025.264096718,0],[11905872.099190695,0],[11984718.934284676,0],[12063565.769378653,0],[12142412.604472632,0],[12221259.439566609,0],[12300106.274660585,0],[12378953.109754564,0],[12457799.944848543,0],[12536646.779942522,0],[12615493.615036499,0],[12694340.450130478,0],[12773187.285224456,0],[12852034.120318435,0],[12930880.955412412,0],[13009727.79050639,0],[13088574.62560037,0],[13167421.460694347,0],[13246268.295788325,0],[13325115.1308823,0],[13403961.96597628,0],[13482808.80107026,0],[13561655.636164239,0],[13640502.471258214,0],[13719349.30635219,0],[13798196.141446173,0],[13877042.976540148,0],[13955889.811634129,0],[14034736.646728104,0],[14113583.481822083,0],[14192430.316916062,0]]},"properties":{"type":"parallel","value":0}},
{"type":"Feature","geometry":{"type":"LineString","coordinates":[[-14192430.316916062,2315739.915983064],[-14113583.481822083,2315739.915983064],[-14034736.646728104,2315739.915983064],[-13955889.811634129,2315739.915983064],[-13877042.976540148,2315739.915983064],[-13798196.141446173,2315739.915983064],[-13719349.30635219,2315739.915983064],[-13640502.471258214,2315739.915983064],[-13561655.636164239,2315739.915983064],[-13482808.80107026,2315739.915983064],[-13403961.96597628,2315739.915983064],[-13325115.1308823,2315739.915983064],[-13246268.295788325,2315739.915983064],[-13167421.460694347,2315739.915983064],[-13088574.62560037,2315739.915983064],[-13009727.79050639,2315739.915983064],[-12930880.955412412,2315739.915983064],[-12852034.120318435,2315739.915983064],[-12773187.285224456,2315739.915983064],[-12694340.450130478,2315739.915983064],[-12615493.615036499,2315739.915983064],[-12536646.779942522,2315739.915983064],[-12457799.944848543,2315739.915983064],[-12378953.109754564,2315739.915983064],[-12300106.274660585,2315739.915983064],[-12221259.439566609,2315739.915983064],[-12142412.604472632,2315739.915983064],[-12063565.769378653,2315739.915983064],[-11984718.934284676,2315739.915983064],[-11905872.099190695,2315739.915983064],[-11827025.264096718,2315739.915983064],[-11748178.42900274,2315739.915983064],[-11669331.59390876,2315739.915983064],[-11590484.758814782,2315739.915983064],[-11511637.923720807,2315739.915983064],[-11432791.088626828,2315739.915983064],[-11353944.25353285,2315739.915983064],[-11275097.418438872,2315739.915983064],[-11196250.583344894,2315739.915983064],[-11117403.748250915,2315739.915983064],[-11038556.913156936,2315739.915983064],[-10959710.078062959,2315739.915983064],[-10880863.24296898,2315739.915983064],[-10802016.407875003,2315739.915983064],[-10723169.572781025,2315739.915983064],[-10644322.737687046,2315739.915983064],[-10565475.902593069,2315739.915983064],[-10486629.06749909,2315739.915983064],[-10407782.232405113,2315739.915983064],[-10328935.397311132,2315739.915983064],[-10250088.562217155,2315739.915983064],[-10171241.727123177,2315739.915983064],[-10092394.8920292,2315739.915983064],[-10013548.056935223,2315739.915983064],[-9934701.221841242,2315739.915983064],[-9855854.386747265,2315739.915983064],[-9777007.551653286,2315739.915983064],[-9698160.71655931,2315739.915983064],[-9619313.88146533,2315739.915983064],[-9540467.046371354,2315739.915983064],[-9461620.211277373,2315739.915983064],[-9382773.376183396,2315739.915983064],[-9303926.54108942,2315739.915983064],[-9225079.70599544,2315739.915983064],[-9146232.870901464,2315739.915983064],[-9067386.035807483,2315739.915983064],[-8988539.200713506,2315739.915983064],[-8909692.365619527,2315739.915983064],[-8830845.53052555,2315739.915983064],[-8751998.695431571,2315739.915983064],[-8673151.860337593,2315739.915983064],[-8594305.025243616,2315739.915983064],[-8515458.190149637,2315739.915983064],[-8436611.355055658,2315739.915983064],[-8357764.519961681,2315739.915983064],[-8278917.684867703,2315739.915983064],[-8200070.8497737255,2315739.915983064],[-8121224.014679747,2315739.915983064],[-8042377.179585769,2315739.915983064],[-7963530.34449179,2315739.915983064],[-7884683.509397812,2315739.915983064],[-7805836.674303834,2315739.915983064],[-7726989.8392098555,2315739.915983064],[-7648143.004115878,2315739.915983064],[-7569296.1690219,2315739.915983064],[-7490449.333927922,2315739.915983064],[-7411602.498833943,2315739.915983064],[-7332755.663739965,2315739.915983064],[-7253908.8286459865,2315739.915983064],[-7175061.993552009,2315739.915983064],[-7096215.158458031,2315739.915983064],[-7017368.323364052,2315739.915983064],[-6938521.488270074,2315739.915983064],[-6859674.653176095,2315739.915983064],[-6780827.818082119,2315739.915983064],[-6701980.98298814,2315739.915983064],[-6623134.147894163,2315739.915983064],[-6544287.312800185,2315739.915983064],[-6465440.477706206,2315739.915983064],[-6386593.642612228,2315739.915983064],[-6307746.807518249,2315739.915983064],[-6228899.9724242715,2315739.915983064],[-6150053.137330293,2315739.915983064],[-6071206.302236316,2315739.915983064],[-5992359.467142338,2315739.915983064],[-5913512.632048359,2315739.915983064],[-5834665.79695438,2315739.915983064],[-5755818.961860403,2315739.915983064],[-5676972.126766425,2315739.915983064],[-5598125.291672447,2315739.915983064],[-5519278.456578468,2315739.915983064],[-5440431.62148449,2315739.915983064],[-5361584.786390512,2315739.915983064],[-5282737.951296534,2315739.915983064],[-5203891.1162025565,2315739.915983064],[-5125044.281108578,2315739.915983064],[-5046197.4460146,2315739.915983064],[-4967350.610920621,2315739.915983064],[-4888503.775826643,2315739.915983064],[-4809656.940732665,2315739.915983064],[-4730810.105638687,2315739.915983064],[-4651963.27054471,2315739.915983064],[-4573116.435450732,2315739.915983064],[-4494269.600356753,2315739.915983064],[-4415422.765262775,2315739.915983064],[-4336575.930168796,2315739.915983064],[-4257729.0950748185,2315739.915983064],[-4178882.2599808406,2315739.915983064],[-4100035.4248868627,2315739.915983064],[-4021188.5897928844,2315739.915983064],[-3942341.754698906,2315739.915983064],[-3863494.9196049278,2315739.915983064],[-3784648.08451095,2315739.915983064],[-3705801.2494169716,2315739.915983064],[-3626954.4143229933,2315739.915983064],[-3548107.5792290154,2315739.915983064],[-3469260.744135037,2315739.915983064],[-3390413.9090410597,2315739.915983064],[-3311567.0739470813,2315739.915983064],[-3232720.238853103,2315739.915983064],[-3153873.4037591247,2315739.915983064],[-3075026.5686651464,2315739.915983064],[-2996179.733571169,2315739.915983064],[-2917332.89847719,2315739.915983064],[-2838486.0633832123,2315739.915983064],[-2759639.228289234,2315739.915983064],[-2680792.393195256,2315739.915983064],[-2601945.5581012783,2315739.915983064],[-2523098.7230073,2315739.915983064],[-2444251.8879133216,2315739.915983064],[-2365405.0528193433,2315739.915983064],[-2286558.217725366,2315739.915983064],[-2207711.3826313876,2315739.915983064],[-2128864.5475374092,2315739.915983064],[-2050017.7124434314,2315739.915983064],[-1971170.877349453,2315739.915983064],[-1892324.042255475,2315739.915983064],[-1813477.2071614966,2315739.915983064],[-1734630.3720675185,2315739.915983064],[-1655783.5369735407,2315739.915983064],[-1576936.7018795623,2315739.915983064],[-1498089.8667855845,2315739.915983064],[-1419243.0316916062,2315739.915983064],[-1340396.196597628,2315739.915983064],[-1261549.36150365,2315739.915983064],[-1182702.5264096716,2315739.915983064],[-1103855.6913156938,2315739.915983064],[-1025008.8562217157,2315739.915983064],[-946162.0211277375,2315739.915983064],[-867315.1860337593,2315739.915983064],[-788468.3509397812,2315739.915983064],[-709621.5158458031,2315739.915983064],[-630774.680751825,2315739.915983064],[-551927.8456578469,2315739.915983064],[-473081.01056386874,2315739.915983064],[-394234.1754698906,2315739.915983064],[-315387.3403759125,2315739.915983064],[-236540.50528193437,2315739.915983064],[-157693.67018795625,2315739.915983064],[-78846.83509397812,2315739.915983064],[0,2315739.915983064],[78846.83509397812,2315739.915983064],[157693.67018795625,2315739.915983064],[236540.50528193437,2315739.915983064],[315387.3403759125,2315739.915983064],[394234.1754698906,2315739.915983064],[473081.01056386874,2315739.915983064],[551927.8456578469,2315739.915983064],[630774.680751825,2315739.915983064],[709621.5158458031,2315739.915983064],[788468.3509397812,2315739.915983064],[867315.1860337593,2315739.915983064],[946162.0211277375,2315739.915983064],[1025008.8562217157,2315739.915983064],[1103855.6913156938,2315739.915983064],[1182702.5264096716,2315739.915983064],[1261549.36150365,2315739.915983064],[1340396.196597628,2315739.915983064],[1419243.0316916062,2315739.915983064],[1498089.8667855845,2315739.915983064],[1576936.7018795623,2315739.915983064],[1655783.5369735407,2315739.915983064],[1734630.3720675185,2315739.915983064],[1813477.2071614966,2315739.915983064],[1892324.042255475,2315739.915983064],[1971170.877349453,2315739.915983064],[2050017.7124434314,2315739.915983064],[2128864.5475374092,2315739.915983064],[2207711.3826313876,2315739.915983064],[2286558.217725366,2315739.915983064],[2365405.0528193433,2315739.915983064],[2444251.8879133216,2315739.915983064],[2523098.7230073,2315739.915983064],[2601945.5581012783,2315739.915983064],[2680792.393195256,2315739.915983064],[2759639.228289234,2315739.915983064],[2838486.0633832123,2315739.915983064],[2917332.89847719,2315739.915983064],[2996179.733571169,2315739.915983064],[3075026.5686651464,2315739.915983064],[3153873.4037591247,2315739.915983064],[3232720.238853103,2315739.915983064],[3311567.0739470813,2315739.915983064],[3390413.9090410597,2315739.915983064],[3469260.744135037,2315739.915983064],[3548107.5792290154,2315739.915983064],[3626954.4143229933,2315739.915983064],[3705801.2494169716,2315739.915983064],[3784648.08451095,2315739.915983064],[3863494.9196049278,2315739.915983064],[3942341.754698906,2315739.915983064],[4021188.5897928844,2315739.915983064],[4100035.4248868627,2315739.915983064],[4178882.2599808406,2315739.915983064],[4257729.0950748185,2315739.915983064],[4336575.930168796,2315739.915983064],[4415422.765262775,2315739.915983064],[4494269.600356753,2315739.915983064],[4573116.435450732,2315739.915983064],[4651963.27054471,2315739.915983064],[4730810.105638687,2315739.915983064],[4809656.940732665,2315739.915983064],[4888503.775826643,2315739.915983064],[4967350.610920621,2315739.915983064],[5046197.4460146,2315739.915983064],[5125044.281108578,2315739.915983064],[5203891.1162025565,2315739.915983064],[5282737.951296534,2315739.915983064],[5361584.786390512,2315739.915983064],[5440431.62148449,2315739.915983064],[5519278.456578468,2315739.915983064],[5598125.291672447,2315739.915983064],[5676972.126766425,2315739.915983064],[5755818.961860403,2315739.915983064],[5834665.79695438,2315739.915983064],[5913512.632048359,2315739.915983064],[5992359.467142338,2315739.915983064],[6071206.302236316,2315739.915983064],[6150053.137330293,2315739.915983064],[6228899.9724242715,2315739.915983064],[6307746.807518249,2315739.915983064],[6386593.642612228,2315739.915983064],[6465440.477706206,2315739.915983064],[6544287.312800185,2315739.915983064],[6623134.147894163,2315739.915983064],[6701980.98298814,2315739.915983064],[6780827.818082119,2315739.915983064],[6859674.653176095,2315739.915983064],[6938521.488270074,2315739.915983064],[7017368.323364052,2315739.915983064],[7096215.158458031,2315739.915983064],[7175061.993552009,2315739.915983064],[7253908.8286459865,2315739.915983064],[7332755.663739965,2315739.915983064],[7411602.498833943,2315739.915983064],[7490449.333927922,2315739.915983064],[7569296.1690219,2315739.915983064],[7648143.004115878,2315739.915983064],[7726989.8392098555,2315739.915983064],[7805836.674303834,2315739.915983064],[7884683.509397812,2315739.915983064],[7963530.34449179,2315739.915983064],[8042377.179585769,2315739.915983064],[8121224.014679747,2315739.915983064],[8200070.8497737255,2315739.915983064],[8278917.684867703,2315739.915983064],[8357764.519961681,2315739.915983064],[8436611.355055658,2315739.915983064],[8515458.190149637,2315739.915983064],[8594305.025243616,2315739.915983064],[8673151.860337593,2315739.915983064],[8751998.695431571,2315739.915983064],[8830845.53052555,2315739.915983064],[8909692.365619527,2315739.915983064],[8988539.200713506,2315739.915983064],[9067386.035807483,2315739.915983064],[9146232.870901464,2315739.915983064],[9225079.70599544,2315739.915983064],[9303926.54108942,2315739.915983064],[9382773.376183396,2315739.915983064],[9461620.211277373,2315739.915983064],[9540467.046371354,2315739.915983064],[9619313.88146533,2315739.915983064],[9698160.71655931,2315739.915983064],[9777007.551653286,2315739.915983064],[9855854.386747265,2315739.915983064],[9934701.221841242,2315739.915983064],[10013548.056935223,2315739.915983064],[10092394.8920292,2315739.915983064],[10171241.727123177,2315739.915983064],[10250088.562217155,2315739.915983064],[10328935.397311132,2315739.915983064],[10407782.232405113,2315739.915983064],[10486629.06749909,2315739.915983064],[10565475.902593069,2315739.915983064],[10644322.737687046,2315739.915983064],[10723169.572781025,2315739.915983064],[10802016.407875003,2315739.915983064],[10880863.24296898,2315739.915983064],[10959710.078062959,2315739.915983064],[11038556.913156936,2315739.915983064],[11117403.748250915,2315739.915983064],[11196250.583344894,2315739.915983064],[11275097.418438872,2315739.915983064],[11353944.25353285,2315739.915983064],[11432791.088626828,2315739.915983064],[11511637.923720807,2315739.915983064],[11590484.758814782,2315739.915983064],[11669331.59390876,2315739.915983064],[11748178.42900274,2315739.915983064],[11827025.264096718,2315739.915983064],[11905872.099190695,2315739.915983064],[11984718.934284676,2315739.915983064],[12063565.769378653,2315739.915983064],[12142412.604472632,2315739.915983064],[12221259.439566609,2315739.915983064],[12300106.274660585,2315739.915983064],[12378953.109754564,2315739.915983064],[12457799.944848543,2315739.915983064],[12536646.779942522,2315739.915983064],[12615493.615036499,2315739.915983064],[12694340.450130478,2315739.915983064],[12773187.285224456,2315739.915983064],[12852034.120318435,2315739.915983064],[12930880.955412412,2315739.915983064],[13009727.79050639,2315739.915983064],[13088574.62560037,2315739.915983064],[13167421.460694347,2315739.915983064],[13246268.295788325,2315739.915983064],[13325115.1308823,2315739.915983064],[13403961.96597628,2315739.915983064],[13482808.80107026,2315739.915983064],[13561655.636164239,2315739.915983064],[13640502.471258214,2315739.915983064],[13719349.30635219,2315739.915983064],[13798196.141446173,2315739.915983064],[13877042.976540148,2315739.915983064],[13955889.811634129,2315739.915983064],[14034736.646728104,2315739.915983064],[14113583.481822083,2315739.915983064],[14192430.316916062,2315739.915983064]]},"properties":{"type":"parallel","value":15}},
{"type":"Feature","geometry":{"type":"LineString","coordinates":[[-14192430.316916062,4477325.840107319],[-14113583.481822083,4477325.840107319],[-14034736.646728104,4477325.840107319],[-13955889.811634129,4477325.840107319],[-13877042.976540148,4477325.840107319],[-13798196.141446173,4477325.840107319],[-13719349.30635219,4477325.840107319],[-13640502.471258214,4477325.840107319],[-13561655.636164239,4477325.840107319],[-13482808.80107026,4477325.840107319],[-13403961.96597628,4477325.840107319],[-13325115.1308823,4477325.840107319],[-13246268.295788325,4477325.840107319],[-13167421.460694347,4477325.840107319],[-13088574.62560037,4477325.840107319],[-13009727.79050639,4477325.840107319],[-12930880.955412412,4477325.840107319],[-12852034.120318435,4477325.840107319],[-12773187.285224456,4477325.840107319],[-12694340.450130478,4477325.840107319],[-12615493.615036499,4477325.840107319],[-12536646.779942522,4477325.840107319],[-12457799.944848543,4477325.840107319],[-12378953.109754564,4477325.840107319],[-12300106.274660585,4477325.840107319],[-12221259.439566609,4477325.840107319],[-12142412.604472632,4477325.840107319],[-12063565.769378653,4477325.840107319],[-11984718.934284676,4477325.840107319],[-11905872.099190695,4477325.840107319],[-11827025.264096718,4477325.840107319],[-11748178.42900274,4477325.840107319],[-11669331.59390876,4477325.840107319],[-11590484.758814782,4477325.840107319],[-11511637.923720807,4477325.840107319],[-11432791.088626828,4477325.840107319],[-11353944.25353285,4477325.840107319],[-11275097.418438872,4477325.840107319],[-11196250.583344894,4477325.840107319],[-11117403.748250915,4477325.840107319],[-11038556.913156936,4477325.840107319],[-10959710.078062959,4477325.840107319],[-10880863.24296898,4477325.840107319],[-10802016.407875003,4477325.840107319],[-10723169.572781025,4477325.840107319],[-10644322.737687046,4477325.840107319],[-10565475.902593069,4477325.840107319],[-10486629.06749909,4477325.840107319],[-10407782.232405113,4477325.840107319],[-10328935.397311132,4477325.840107319],[-10250088.562217155,4477325.840107319],[-10171241.727123177,4477325.840107319],[-10092394.8920292,4477325.840107319],[-10013548.056935223,4477325.840107319],[-9934701.221841242,4477325.840107319],[-9855854.386747265,4477325.840107319],[-9777007.551653286,4477325.840107319],[-9698160.71655931,4477325.840107319],[-9619313.88146533,4477325.840107319],[-9540467.046371354,4477325.840107319],[-9461620.211277373,4477325.840107319],[-9382773.376183396,4477325.840107319],[-9303926.54108942,4477325.840107319],[-9225079.70599544,4477325.840107319],[-9146232.870901464,4477325.840107319],[-9067386.035807483,4477325.840107319],[-8988539.200713506,4477325.840107319],[-8909692.365619527,4477325.840107319],[-8830845.53052555,4477325.840107319],[-8751998.695431571,4477325.840107319],[-8673151.860337593,4477325.840107319],[-8594305.025243616,4477325.840107319],[-8515458.190149637,4477325.840107319],[-8436611.355055658,4477325.840107319],[-8357764.519961681,4477325.840107319],[-8278917.684867703,4477325.840107319],[-8200070.8497737255,4477325.840107319],[-8121224.014679747,4477325.840107319],[-8042377.179585769,4477325.840107319],[-7963530.34449179,4477325.840107319],[-7884683.509397812,4477325.840107319],[-7805836.674303834,4477325.840107319],[-7726989.8392098555,4477325.840107319],[-7648143.004115878,4477325.840107319],[-7569296.1690219,4477325.840107319],[-7490449.333927922,4477325.840107319],[-7411602.498833943,4477325.840107319],[-7332755.663739965,4477325.840107319],[-7253908.8286459865,4477325.840107319],[-7175061.993552009,4477325.840107319],[-7096215.158458031,4477325.840107319],[-7017368.323364052,4477325.840107319],[-6938521.488270074,4477325.840107319],[-6859674.653176095,4477325.840107319],[-6780827.818082119,4477325.840107319],[-6701980.98298814,4477325.840107319],[-6623134.147894163,4477325.840107319],[-6544287.312800185,4477325.840107319],[-6465440.477706206,4477325.840107319],[-6386593.642612228,4477325.840107319],[-6307746.807518249,4477325.840107319],[-6228899.9724242715,4477325.840107319],[-6150053.137330293,4477325.840107319],[-6071206.302236316,4477325.840107319],[-5992359.467142338,4477325.840107319],[-5913512.632048359,4477325.840107319],[-5834665.79695438,4477325.840107319],[-5755818.961860403,4477325.840107319],[-5676972.126766425,4477325.840107319],[-5598125.291672447,4477325.840107319],[-5519278.456578468,4477325.840107319],[-5440431.62148449,4477325.840107319],[-5361584.786390512,4477325.840107319],[-5282737.951296534,4477325.840107319],[-5203891.1162025565,4477325.840107319],[-5125044.281108578,4477325.840107319],[-5046197.4460146,4477325.840107319],[-4967350.610920621,4477325.840107319],[-4888503.775826643,4477325.840107319],[-4809656.940732665,4477325.840107319],[-4730810.105638687,4477325.840107319],[-4651963.27054471,4477325.840107319],[-4573116.435450732,4477325.840107319],[-4494269.600356753,4477325.840107319],[-4415422.765262775,4477325.840107319],[-4336575.930168796,4477325.840107319],[-4257729.0950748185,4477325.840107319],[-4178882.2599808406,4477325.840107319],[-4100035.4248868627,4477325.840107319],[-4021188.5897928844,4477325.840107319],[-3942341.754698906,4477325.840107319],[-3863494.9196049278,4477325.840107319],[-3784648.08451095,4477325.840107319],[-3705801.2494169716,4477325.840107319],[-3626954.4143229933,4477325.840107319],[-3548107.5792290154,4477325.840107319],[-3469260.744135037,4477325.840107319],[-3390413.9090410597,4477325.840107319],[-3311567.0739470813,4477325.840107319],[-3232720.238853103,4477325.840107319],[-3153873.4037591247,4477325.840107319],[-3075026.5686651464,4477325.840107319],[-2996179.733571169,4477325.840107319],[-2917332.89847719,4477325.840107319],[-2838486.0633832123,4477325.840107319],[-2759639.228289234,4477325.840107319],[-2680792.393195256,4477325.840107319],[-2601945.5581012783,4477325.840107319],[-2523098.7230073,4477325.840107319],[-2444251.8879133216,4477325.840107319],[-2365405.0528193433,4477325.840107319],[-2286558.217725366,4477325.840107319],[-2207711.3826313876,4477325.840107319],[-2128864.5475374092,4477325.840107319],[-2050017.7124434314,4477325.840107319],[-1971170.877349453,4477325.840107319],[-1892324.042255475,4477325.840107319],[-1813477.2071614966,4477325.840107319],[-1734630.3720675185,4477325.840107319],[-1655783.5369735407,4477325.840107319],[-1576936.7018795623,4477325.840107319],[-1498089.8667855845,4477325.840107319],[-1419243.0316916062,4477325.840107319],[-1340396.196597628,4477325.840107319],[-1261549.36150365,4477325.840107319],[-1182702.5264096716,4477325.840107319],[-1103855.6913156938,4477325.840107319],[-1025008.8562217157,4477325.840107319],[-946162.0211277375,4477325.840107319],[-867315.1860337593,4477325.840107319],[-788468.3509397812,4477325.840107319],[-709621.5158458031,4477325.840107319],[-630774.680751825,4477325.840107319],[-551927.8456578469,4477325.840107319],[-473081.01056386874,4477325.840107319],[-394234.1754698906,4477325.840107319],[-315387.3403759125,4477325.840107319],[-236540.50528193437,4477325.840107319],[-157693.67018795625,4477325.840107319],[-78846.83509397812,4477325.840107319],[0,4477325.840107319],[78846.83509397812,4477325.840107319],[157693.67018795625,4477325.840107319],[236540.50528193437,4477325.840107319],[315387.3403759125,4477325.840107319],[394234.1754698906,4477325.840107319],[473081.01056386874,4477325.840107319],[551927.8456578469,4477325.840107319],[630774.680751825,4477325.840107319],[709621.5158458031,4477325.840107319],[788468.3509397812,4477325.840107319],[867315.1860337593,4477325.840107319],[946162.0211277375,4477325.840107319],[1025008.8562217157,4477325.840107319],[1103855.6913156938,4477325.840107319],[1182702.5264096716,4477325.840107319],[1261549.36150365,4477325.840107319],[1340396.196597628,4477325.840107319],[1419243.0316916062,4477325.840107319],[1498089.8667855845,4477325.840107319],[1576936.7018795623,4477325.840107319],[1655783.5369735407,4477325.840107319],[1734630.3720675185,4477325.840107319],[1813477.2071614966,4477325.840107319],[1892324.042255475,4477325.840107319],[1971170.877349453,4477325.840107319],[2050017.7124434314,4477325.840107319],[2128864.5475374092,4477325.840107319],[2207711.3826313876,4477325.840107319],[2286558.217725366,4477325.840107319],[2365405.0528193433,4477325.840107319],[2444251.8879133216,4477325.840107319],[2523098.7230073,4477325.840107319],[2601945.5581012783,4477325.840107319],[2680792.393195256,4477325.840107319],[2759639.228289234,4477325.840107319],[2838486.0633832123,4477325.840107319],[2917332.89847719,4477325.840107319],[2996179.733571169,4477325.840107319],[3075026.5686651464,4477325.840107319],[3153873.4037591247,4477325.840107319],[3232720.238853103,4477325.840107319],[3311567.0739470813,4477325.840107319],[3390413.9090410597,4477325.840107319],[3469260.744135037,4477325.840107319],[3548107.5792290154,4477325.840107319],[3626954.4143229933,4477325.840107319],[3705801.2494169716,4477325.840107319],[3784648.08451095,4477325.840107319],[3863494.9196049278,4477325.840107319],[3942341.754698906,4477325.840107319],[4021188.5897928844,4477325.840107319],[4100035.4248868627,4477325.840107319],[4178882.2599808406,4477325.840107319],[4257729.0950748185,4477325.840107319],[4336575.930168796,4477325.840107319],[4415422.765262775,4477325.840107319],[4494269.600356753,4477325.840107319],[4573116.435450732,4477325.840107319],[4651963.27054471,4477325.840107319],[4730810.105638687,4477325.840107319],[4809656.940732665,4477325.840107319],[4888503.775826643,4477325.840107319],[4967350.610920621,4477325.840107319],[5046197.4460146,4477325.840107319],[5125044.281108578,4477325.840107319],[5203891.1162025565,4477325.840107319],[5282737.951296534,4477325.840107319],[5361584.786390512,4477325.840107319],[5440431.62148449,4477325.840107319],[5519278.456578468,4477325.840107319],[5598125.291672447,4477325.840107319],[5676972.126766425,4477325.840107319],[5755818.961860403,4477325.840107319],[5834665.79695438,4477325.840107319],[5913512.632048359,4477325.840107319],[5992359.467142338,4477325.840107319],[6071206.302236316,4477325.840107319],[6150053.137330293,4477325.840107319],[6228899.9724242715,4477325.840107319],[6307746.807518249,4477325.840107319],[6386593.642612228,4477325.840107319],[6465440.477706206,4477325.840107319],[6544287.312800185,4477325.840107319],[6623134.147894163,4477325.840107319],[6701980.98298814,4477325.840107319],[6780827.818082119,4477325.840107319],[6859674.653176095,4477325.840107319],[6938521.488270074,4477325.840107319],[7017368.323364052,4477325.840107319],[7096215.158458031,4477325.840107319],[7175061.993552009,4477325.840107319],[7253908.8286459865,4477325.840107319],[7332755.663739965,4477325.840107319],[7411602.498833943,4477325.840107319],[7490449.333927922,4477325.840107319],[7569296.1690219,4477325.840107319],[7648143.004115878,4477325.840107319],[7726989.8392098555,4477325.840107319],[7805836.674303834,4477325.840107319],[7884683.509397812,4477325.840107319],[7963530.34449179,4477325.840107319],[8042377.179585769,4477325.840107319],[8121224.014679747,4477325.840107319],[8200070.8497737255,4477325.840107319],[8278917.684867703,4477325.840107319],[8357764.519961681,4477325.840107319],[8436611.355055658,4477325.840107319],[8515458.190149637,4477325.840107319],[8594305.025243616,4477325.840107319],[8673151.860337593,4477325.840107319],[8751998.695431571,4477325.840107319],[8830845.53052555,4477325.840107319],[8909692.365619527,4477325.840107319],[8988539.200713506,4477325.840107319],[9067386.035807483,4477325.840107319],[9146232.870901464,4477325.840107319],[9225079.70599544,4477325.840107319],[9303926.54108942,4477325.840107319],[9382773.376183396,4477325.840107319],[9461620.211277373,4477325.840107319],[9540467.046371354,4477325.840107319],[9619313.88146533,4477325.840107319],[9698160.71655931,4477325.840107319],[9777007.551653286,4477325.840107319],[9855854.386747265,4477325.840107319],[9934701.221841242,4477325.840107319],[10013548.056935223,4477325.840107319],[10092394.8920292,4477325.840107319],[10171241.727123177,4477325.840107319],[10250088.562217155,4477325.840107319],[10328935.397311132,4477325.840107319],[10407782.232405113,4477325.840107319],[10486629.06749909,4477325.840107319],[10565475.902593069,4477325.840107319],[10644322.737687046,4477325.840107319],[10723169.572781025,4477325.840107319],[10802016.407875003,4477325.840107319],[10880863.24296898,4477325.840107319],[10959710.078062959,4477325.840107319],[11038556.913156936,4477325.840107319],[11117403.748250915,4477325.840107319],[11196250.583344894,4477325.840107319],[11275097.418438872,4477325.840107319],[11353944.25353285,4477325.840107319],[11432791.088626828,4477325.840107319],[11511637.923720807,4477325.840107319],[11590484.758814782,4477325.840107319],[11669331.59390876,4477325.840107319],[11748178.42900274,4477325.840107319],[11827025.264096718,4477325.840107319],[11905872.099190695,4477325.840107319],[11984718.934284676,4477325.840107319],[12063565.769378653,4477325.840107319],[12142412.604472632,4477325.840107319],[12221259.439566609,4477325.840107319],[12300106.274660585,4477325.840107319],[12378953.109754564,4477325.840107319],[12457799.944848543,4477325.840107319],[12536646.779942522,4477325.840107319],[12615493.615036499,4477325.840107319],[12694340.450130478,4477325.840107319],[12773187.285224456,4477325.840107319],[12852034.120318435,4477325.840107319],[12930880.955412412,4477325.840107319],[13009727.79050639,4477325.840107319],[13088574.62560037,4477325.840107319],[13167421.460694347,4477325.840107319],[13246268.295788325,4477325.840107319],[13325115.1308823,4477325.840107319],[13403961.96597628,4477325.840107319],[13482808.80107026,4477325.840107319],[13561655.636164239,4477325.840107319],[13640502.471258214,4477325.840107319],[13719349.30635219,4477325.840107319],[13798196.141446173,4477325.840107319],[13877042.976540148,4477325.840107319],[13955889.811634129,4477325.840107319],[14034736.646728104,4477325.840107319],[14113583.481822083,4477325.840107319],[14192430.316916062,4477325.840107319]]},"properties":{"type":"parallel","value":30}},
{"type":"Feature","geometry":{"type":"LineString","coordinates":[[-14192430.316916062,6338983.732612475],[-14113583.481822083,6338983.732612475],[-14034736.646728104,6338983.732612475],[-13955889.811634129,6338983.732612475],[-13877042.976540148,6338983.732612475],[-13798196.141446173,6338983.732612475],[-13719349.30635219,6338983.732612475],[-13640502.471258214,6338983.732612475],[-13561655.636164239,6338983.732612475],[-13482808.80107026,6338983.732612475],[-13403961.96597628,6338983.732612475],[-13325115.1308823,6338983.732612475],[-13246268.295788325,6338983.732612475],[-13167421.460694347,6338983.732612475],[-13088574.62560037,6338983.732612475],[-13009727.79050639,6338983.732612475],[-12930880.955412412,6338983.732612475],[-12852034.120318435,6338983.732612475],[-12773187.285224456,6338983.732612475],[-12694340.450130478,6338983.732612475],[-12615493.615036499,6338983.732612475],[-12536646.779942522,6338983.732612475],[-12457799.944848543,6338983.732612475],[-12378953.109754564,6338983.732612475],[-12300106.274660585,6338983.732612475],[-12221259.439566609,6338983.732612475],[-12142412.604472632,6338983.732612475],[-12063565.769378653,6338983.732612475],[-11984718.934284676,6338983.732612475],[-11905872.099190695,6338983.732612475],[-11827025.264096718,6338983.732612475],[-11748178.42900274,6338983.732612475],[-11669331.59390876,6338983.732612475],[-11590484.758814782,6338983.732612475],[-11511637.923720807,6338983.732612475],[-11432791.088626828,6338983.732612475],[-11353944.25353285,6338983.732612475],[-11275097.418438872,6338983.732612475],[-11196250.583344894,6338983.732612475],[-11117403.748250915,6338983.732612475],[-11038556.913156936,6338983.732612475],[-10959710.078062959,6338983.732612475],[-10880863.24296898,6338983.732612475],[-10802016.407875003,6338983.732612475],[-10723169.572781025,6338983.732612475],[-10644322.737687046,6338983.732612475],[-10565475.902593069,6338983.732612475],[-10486629.06749909,6338983.732612475],[-10407782.232405113,6338983.732612475],[-10328935.397311132,6338983.732612475],[-10250088.562217155,6338983.732612475],[-10171241.727123177,6338983.732612475],[-10092394.8920292,6338983.732612475],[-10013548.056935223,6338983.732612475],[-9934701.221841242,6338983.732612475],[-9855854.386747265,6338983.732612475],[-9777007.551653286,6338983.732612475],[-9698160.71655931,6338983.732612475],[-9619313.88146533,6338983.732612475],[-9540467.046371354,6338983.732612475],[-9461620.211277373,6338983.732612475],[-9382773.376183396,6338983.732612475],[-9303926.54108942,6338983.732612475],[-9225079.70599544,6338983.732612475],[-9146232.870901464,6338983.732612475],[-9067386.035807483,6338983.732612475],[-8988539.200713506,6338983.732612475],[-8909692.365619527,6338983.732612475],[-8830845.53052555,6338983.732612475],[-8751998.695431571,6338983.732612475],[-8673151.860337593,6338983.732612475],[-8594305.025243616,6338983.732612475],[-8515458.190149637,6338983.732612475],[-8436611.355055658,6338983.732612475],[-8357764.519961681,6338983.732612475],[-8278917.684867703,6338983.732612475],[-8200070.8497737255,6338983.732612475],[-8121224.014679747,6338983.732612475],[-8042377.179585769,6338983.732612475],[-7963530.34449179,6338983.732612475],[-7884683.509397812,6338983.732612475],[-7805836.674303834,6338983.732612475],[-7726989.8392098555,6338983.732612475],[-7648143.004115878,6338983.732612475],[-7569296.1690219,6338983.732612475],[-7490449.333927922,6338983.732612475],[-7411602.498833943,6338983.732612475],[-7332755.663739965,6338983.732612475],[-7253908.8286459865,6338983.732612475],[-7175061.993552009,6338983.732612475],[-7096215.158458031,6338983.732612475],[-7017368.323364052,6338983.732612475],[-6938521.488270074,6338983.732612475],[-6859674.653176095,6338983.732612475],[-6780827.818082119,6338983.732612475],[-6701980.98298814,6338983.732612475],[-6623134.147894163,6338983.732612475],[-6544287.312800185,6338983.732612475],[-6465440.477706206,6338983.732612475],[-6386593.642612228,6338983.732612475],[-6307746.807518249,6338983.732612475],[-6228899.9724242715,6338983.732612475],[-6150053.137330293,6338983.732612475],[-6071206.302236316,6338983.732612475],[-5992359.467142338,6338983.732612475],[-5913512.632048359,6338983.732612475],[-5834665.79695438,6338983.732612475],[-5755818.961860403,6338983.732612475],[-5676972.126766425,6338983.732612475],[-5598125.291672447,6338983.732612475],[-5519278.456578468,6338983.732612475],[-5440431.62148449,6338983.732612475],[-5361584.786390512,6338983.732612475],[-5282737.951296534,6338983.732612475],[-5203891.1162025565,6338983.732612475],[-5125044.281108578,6338983.732612475],[-5046197.4460146,6338983.732612475],[-4967350.610920621,6338983.732612475],[-4888503.775826643,6338983.732612475],[-4809656.940732665,6338983.732612475],[-4730810.105638687,6338983.732612475],[-4651963.27054471,6338983.732612475],[-4573116.435450732,6338983.732612475],[-4494269.600356753,6338983.732612475],[-4415422.765262775,6338983.732612475],[-4336575.930168796,6338983.732612475],[-4257729.0950748185,6338983.732612475],[-4178882.2599808406,6338983.732612475],[-4100035.4248868627,6338983.732612475],[-4021188.5897928844,6338983.732612475],[-3942341.754698906,6338983.732612475],[-3863494.9196049278,6338983.732612475],[-3784648.08451095,6338983.732612475],[-3705801.2494169716,6338983.732612475],[-3626954.4143229933,6338983.732612475],[-3548107.5792290154,6338983.732612475],[-3469260.744135037,6338983.732612475],[-3390413.9090410597,6338983.732612475],[-3311567.0739470813,6338983.732612475],[-3232720.238853103,6338983.732612475],[-3153873.4037591247,6338983.732612475],[-3075026.5686651464,6338983.732612475],[-2996179.733571169,6338983.732612475],[-2917332.89847719,6338983.732612475],[-2838486.0633832123,6338983.732612475],[-2759639.228289234,6338983.732612475],[-2680792.393195256,6338983.732612475],[-2601945.5581012783,6338983.732612475],[-2523098.7230073,6338983.732612475],[-2444251.8879133216,6338983.732612475],[-2365405.0528193433,6338983.732612475],[-2286558.217725366,6338983.732612475],[-2207711.3826313876,6338983.732612475],[-2128864.5475374092,6338983.732612475],[-2050017.7124434314,6338983.732612475],[-1971170.877349453,6338983.732612475],[-1892324.042255475,6338983.732612475],[-1813477.2071614966,6338983.732612475],[-1734630.3720675185,6338983.732612475],[-1655783.5369735407,6338983.732612475],[-1576936.7018795623,6338983.732612475],[-1498089.8667855845,6338983.732612475],[-1419243.0316916062,6338983.732612475],[-1340396.196597628,6338983.732612475],[-1261549.36150365,6338983.732612475],[-1182702.5264096716,6338983.732612475],[-1103855.6913156938,6338983.732612475],[-1025008.8562217157,6338983.732612475],[-946162.0211277375,6338983.732612475],[-867315.1860337593,6338983.732612475],[-788468.3509397812,6338983.732612475],[-709621.5158458031,6338983.732612475],[-630774.680751825,6338983.732612475],[-551927.8456578469,6338983.732612475],[-473081.01056386874,6338983.732612475],[-394234.1754698906,6338983.732612475],[-315387.3403759125,6338983.732612475],[-236540.50528193437,6338983.732612475],[-157693.67018795625,6338983.732612475],[-78846.83509397812,6338983.732612475],[0,6338983.732612475],[78846.83509397812,6338983.732612475],[157693.67018795625,6338983.732612475],[236540.50528193437,6338983.732612475],[315387.3403759125,6338983.732612475],[394234.1754698906,6338983.732612475],[473081.01056386874,6338983.732612475],[551927.8456578469,6338983.732612475],[630774.680751825,6338983.732612475],[709621.5158458031,6338983.732612475],[788468.3509397812,6338983.732612475],[867315.1860337593,6338983.732612475],[946162.0211277375,6338983.732612475],[1025008.8562217157,6338983.732612475],[1103855.6913156938,6338983.732612475],[1182702.5264096716,6338983.732612475],[1261549.36150365,6338983.732612475],[1340396.196597628,6338983.732612475],[1419243.0316916062,6338983.732612475],[1498089.8667855845,6338983.732612475],[1576936.7018795623,6338983.732612475],[1655783.5369735407,6338983.732612475],[1734630.3720675185,6338983.732612475],[1813477.2071614966,6338983.732612475],[1892324.042255475,6338983.732612475],[1971170.877349453,6338983.732612475],[2050017.7124434314,6338983.732612475],[2128864.5475374092,6338983.732612475],[2207711.3826313876,6338983.732612475],[2286558.217725366,6338983.732612475],[2365405.0528193433,6338983.732612475],[2444251.8879133216,6338983.732612475],[2523098.7230073,6338983.732612475],[2601945.5581012783,6338983.732612475],[2680792.393195256,6338983.732612475],[2759639.228289234,6338983.732612475],[2838486.0633832123,6338983.732612475],[2917332.89847719,6338983.732612475],[2996179.733571169,6338983.732612475],[3075026.5686651464,6338983.732612475],[3153873.4037591247,6338983.732612475],[3232720.238853103,6338983.732612475],[3311567.0739470813,6338983.732612475],[3390413.9090410597,6338983.732612475],[3469260.744135037,6338983.732612475],[3548107.5792290154,6338983.732612475],[3626954.4143229933,6338983.732612475],[3705801.2494169716,6338983.732612475],[3784648.08451095,6338983.732612475],[3863494.9196049278,6338983.732612475],[3942341.754698906,6338983.732612475],[4021188.5897928844,6338983.732612475],[4100035.4248868627,6338983.732612475],[4178882.2599808406,6338983.732612475],[4257729.0950748185,6338983.732612475],[4336575.930168796,6338983.732612475],[4415422.765262775,6338983.732612475],[4494269.600356753,6338983.732612475],[4573116.435450732,6338983.732612475],[4651963.27054471,6338983.732612475],[4730810.105638687,6338983.732612475],[4809656.940732665,6338983.732612475],[4888503.775826643,6338983.732612475],[4967350.610920621,6338983.732612475],[5046197.4460146,6338983.732612475],[5125044.281108578,6338983.732612475],[5203891.1162025565,6338983.732612475],[5282737.951296534,6338983.732612475],[5361584.786390512,6338983.732612475],[5440431.62148449,6338983.732612475],[5519278.456578468,6338983.732612475],[5598125.291672447,6338983.732612475],[5676972.126766425,6338983.732612475],[5755818.961860403,6338983.732612475],[5834665.79695438,6338983.732612475],[5913512.632048359,6338983.732612475],[5992359.467142338,6338983.732612475],[6071206.302236316,6338983.732612475],[6150053.137330293,6338983.732612475],[6228899.9724242715,6338983.732612475],[6307746.807518249,6338983.732612475],[6386593.642612228,6338983.732612475],[6465440.477706206,6338983.732612475],[6544287.312800185,6338983.732612475],[6623134.147894163,6338983.732612475],[6701980.98298814,6338983.732612475],[6780827.818082119,6338983.732612475],[6859674.653176095,6338983.732612475],[6938521.488270074,6338983.732612475],[7017368.323364052,6338983.732612475],[7096215.158458031,6338983.732612475],[7175061.993552009,6338983.732612475],[7253908.8286459865,6338983.732612475],[7332755.663739965,6338983.732612475],[7411602.498833943,6338983.732612475],[7490449.333927922,6338983.732612475],[7569296.1690219,6338983.732612475],[7648143.004115878,6338983.732612475],[7726989.8392098555,6338983.732612475],[7805836.674303834,6338983.732612475],[7884683.509397812,6338983.732612475],[7963530.34449179,6338983.732612475],[8042377.179585769,6338983.732612475],[8121224.014679747,6338983.732612475],[8200070.8497737255,6338983.732612475],[8278917.684867703,6338983.732612475],[8357764.519961681,6338983.732612475],[8436611.355055658,6338983.732612475],[8515458.190149637,6338983.732612475],[8594305.025243616,6338983.732612475],[8673151.860337593,6338983.732612475],[8751998.695431571,6338983.732612475],[8830845.53052555,6338983.732612475],[8909692.365619527,6338983.732612475],[8988539.200713506,6338983.732612475],[9067386.035807483,6338983.732612475],[9146232.870901464,6338983.732612475],[9225079.70599544,6338983.732612475],[9303926.54108942,6338983.732612475],[9382773.376183396,6338983.732612475],[9461620.211277373,6338983.732612475],[9540467.046371354,6338983.732612475],[9619313.88146533,6338983.732612475],[9698160.71655931,6338983.732612475],[9777007.551653286,6338983.732612475],[9855854.386747265,6338983.732612475],[9934701.221841242,6338983.732612475],[10013548.056935223,6338983.732612475],[10092394.8920292,6338983.732612475],[10171241.727123177,6338983.732612475],[10250088.562217155,6338983.732612475],[10328935.397311132,6338983.732612475],[10407782.232405113,6338983.732612475],[10486629.06749909,6338983.732612475],[10565475.902593069,6338983.732612475],[10644322.737687046,6338983.732612475],[10723169.572781025,6338983.732612475],[10802016.407875003,6338983.732612475],[10880863.24296898,6338983.732612475],[10959710.078062959,6338983.732612475],[11038556.913156936,6338983.732612475],[11117403.748250915,6338983.732612475],[11196250.583344894,6338983.732612475],[11275097.418438872,6338983.732612475],[11353944.25353285,6338983.732612475],[11432791.088626828,6338983.732612475],[11511637.923720807,6338983.732612475],[11590484.758814782,6338983.732612475],[11669331.59390876,6338983.732612475],[11748178.42900274,6338983.732612475],[11827025.264096718,6338983.732612475],[11905872.099190695,6338983.732612475],[11984718.934284676,6338983.732612475],[12063565.769378653,6338983.732612475],[12142412.604472632,6338983.732612475],[12221259.439566609,6338983.732612475],[12300106.274660585,6338983.732612475],[12378953.109754564,6338983.732612475],[12457799.944848543,6338983.732612475],[12536646.779942522,6338983.732612475],[12615493.615036499,6338983.732612475],[12694340.450130478,6338983.732612475],[12773187.285224456,6338983.732612475],[12852034.120318435,6338983.732612475],[12930880.955412412,6338983.732612475],[13009727.79050639,6338983.732612475],[13088574.62560037,6338983.732612475],[13167421.460694347,6338983.732612475],[13246268.295788325,6338983.732612475],[13325115.1308823,6338983.732612475],[13403961.96597628,6338983.732612475],[13482808.80107026,6338983.732612475],[13561655.636164239,6338983.732612475],[13640502.471258214,6338983.732612475],[13719349.30635219,6338983.732612475],[13798196.141446173,6338983.732612475],[13877042.976540148,6338983.732612475],[13955889.811634129,6338983.732612475],[14034736.646728104,6338983.732612475],[14113583.481822083,6338983.732612475],[14192430.316916062,6338983.732612475]]},"properties":{"type":"parallel","value":45}},
{"type":"Feature","geometry":{"type":"LineString","coordinates":[[-14192430.316916062,7772346.08241075],[-14113583.481822083,7772346.08241075],[-14034736.646728104,7772346.08241075],[-13955889.811634129,7772346.08241075],[-13877042.976540148,7772346.08241075],[-13798196.141446173,7772346.08241075],[-13719349.30635219,7772346.08241075],[-13640502.471258214,7772346.08241075],[-13561655.636164239,7772346.08241075],[-13482808.80107026,7772346.08241075],[-13403961.96597628,7772346.08241075],[-13325115.1308823,7772346.08241075],[-13246268.295788325,7772346.08241075],[-13167421.460694347,7772346.08241075],[-13088574.62560037,7772346.08241075],[-13009727.79050639,7772346.08241075],[-12930880.955412412,7772346.08241075],[-12852034.120318435,7772346.08241075],[-12773187.285224456,7772346.08241075],[-12694340.450130478,7772346.08241075],[-12615493.615036499,7772346.08241075],[-12536646.779942522,7772346.08241075],[-12457799.944848543,7772346.08241075],[-12378953.109754564,7772346.08241075],[-12300106.274660585,7772346.08241075],[-12221259.439566609,7772346.08241075],[-12142412.604472632,7772346.08241075],[-12063565.769378653,7772346.08241075],[-11984718.934284676,7772346.08241075],[-11905872.099190695,7772346.08241075],[-11827025.264096718,7772346.08241075],[-11748178.42900274,7772346.08241075],[-11669331.59390876,7772346.08241075],[-11590484.758814782,7772346.08241075],[-11511637.923720807,7772346.08241075],[-11432791.088626828,7772346.08241075],[-11353944.25353285,7772346.08241075],[-11275097.418438872,7772346.08241075],[-11196250.583344894,7772346.08241075],[-11117403.748250915,7772346.08241075],[-11038556.913156936,7772346.08241075],[-10959710.078062959,7772346.08241075],[-10880863.24296898,7772346.08241075],[-10802016.407875003,7772346.08241075],[-10723169.572781025,7772346.08241075],[-10644322.737687046,7772346.08241075],[-10565475.902593069,7772346.08241075],[-10486629.06749909,7772346.08241075],[-10407782.232405113,7772346.08241075],[-10328935.397311132,7772346.08241075],[-10250088.562217155,7772346.08241075],[-10171241.727123177,7772346.08241075],[-10092394.8920292,7772346.08241075],[-10013548.056935223,7772346.08241075],[-9934701.221841242,7772346.08241075],[-9855854.386747265,7772346.08241075],[-9777007.551653286,7772346.08241075],[-9698160.71655931,7772346.08241075],[-9619313.88146533,7772346.08241075],[-9540467.046371354,7772346.08241075],[-9461620.211277373,7772346.08241075],[-9382773.376183396,7772346.08241075],[-9303926.54108942,7772346.08241075],[-9225079.70599544,7772346.08241075],[-9146232.870901464,7772346.08241075],[-9067386.035807483,7772346.08241075],[-8988539.200713506,7772346.08241075],[-8909692.365619527,7772346.08241075],[-8830845.53052555,7772346.08241075],[-8751998.695431571,7772346.08241075],[-8673151.860337593,7772346.08241075],[-8594305.025243616,7772346.08241075],[-8515458.190149637,7772346.08241075],[-8436611.355055658,7772346.08241075],[-8357764.519961681,7772346.08241075],[-8278917.684867703,7772346.08241075],[-8200070.8497737255,7772346.08241075],[-8121224.014679747,7772346.08241075],[-8042377.179585769,7772346.08241075],[-7963530.34449179,7772346.08241075],[-7884683.509397812,7772346.08241075],[-7805836.674303834,7772346.08241075],[-7726989.8392098555,7772346.08241075],[-7648143.004115878,7772346.08241075],[-7569296.1690219,7772346.08241075],[-7490449.333927922,7772346.08241075],[-7411602.498833943,7772346.08241075],[-7332755.663739965,7772346.08241075],[-7253908.8286459865,7772346.08241075],[-7175061.993552009,7772346.08241075],[-7096215.158458031,7772346.08241075],[-7017368.323364052,7772346.08241075],[-6938521.488270074,7772346.08241075],[-6859674.653176095,7772346.08241075],[-6780827.818082119,7772346.08241075],[-6701980.98298814,7772346.08241075],[-6623134.147894163,7772346.08241075],[-6544287.312800185,7772346.08241075],[-6465440.477706206,7772346.08241075],[-6386593.642612228,7772346.08241075],[-6307746.807518249,7772346.08241075],[-6228899.9724242715,7772346.08241075],[-6150053.137330293,7772346.08241075],[-6071206.302236316,7772346.08241075],[-5992359.467142338,7772346.08241075],[-5913512.632048359,7772346.08241075],[-5834665.79695438,7772346.08241075],[-5755818.961860403,7772346.08241075],[-5676972.126766425,7772346.08241075],[-5598125.291672447,7772346.08241075],[-5519278.456578468,7772346.08241075],[-5440431.62148449,7772346.08241075],[-5361584.786390512,7772346.08241075],[-5282737.951296534,7772346.08241075],[-5203891.1162025565,7772346.08241075],[-5125044.281108578,7772346.08241075],[-5046197.4460146,7772346.08241075],[-4967350.610920621,7772346.08241075],[-4888503.775826643,7772346.08241075],[-4809656.940732665,7772346.08241075],[-4730810.105638687,7772346.08241075],[-4651963.27054471,7772346.08241075],[-4573116.435450732,7772346.08241075],[-4494269.600356753,7772346.08241075],[-4415422.765262775,7772346.08241075],[-4336575.930168796,7772346.08241075],[-4257729.0950748185,7772346.08241075],[-4178882.2599808406,7772346.08241075],[-4100035.4248868627,7772346.08241075],[-4021188.5897928844,7772346.08241075],[-3942341.754698906,7772346.08241075],[-3863494.9196049278,7772346.08241075],[-3784648.08451095,7772346.08241075],[-3705801.2494169716,7772346.08241075],[-3626954.4143229933,7772346.08241075],[-3548107.5792290154,7772346.08241075],[-3469260.744135037,7772346.08241075],[-3390413.9090410597,7772346.08241075],[-3311567.0739470813,7772346.08241075],[-3232720.238853103,7772346.08241075],[-3153873.4037591247,7772346.08241075],[-3075026.5686651464,7772346.08241075],[-2996179.733571169,7772346.08241075],[-2917332.89847719,7772346.08241075],[-2838486.0633832123,7772346.08241075],[-2759639.228289234,7772346.08241075],[-2680792.393195256,7772346.08241075],[-2601945.5581012783,7772346.08241075],[-2523098.7230073,7772346.08241075],[-2444251.8879133216,7772346.08241075],[-2365405.0528193433,7772346.08241075],[-2286558.217725366,7772346.08241075],[-2207711.3826313876,7772346.08241075],[-2128864.5475374092,7772346.08241075],[-2050017.7124434314,7772346.08241075],[-1971170.877349453,7772346.08241075],[-1892324.042255475,7772346.08241075],[-1813477.2071614966,7772346.08241075],[-1734630.3720675185,7772346.08241075],[-1655783.5369735407,7772346.08241075],[-1576936.7018795623,7772346.08241075],[-1498089.8667855845,7772346.08241075],[-1419243.0316916062,7772346.08241075],[-1340396.196597628,7772346.08241075],[-1261549.36150365,7772346.08241075],[-1182702.5264096716,7772346.08241075],[-1103855.6913156938,7772346.08241075],[-1025008.8562217157,7772346.08241075],[-946162.0211277375,7772346.08241075],[-867315.1860337593,7772346.08241075],[-788468.3509397812,7772346.08241075],[-709621.5158458031,7772346.08241075],[-630774.680751825,7772346.08241075],[-551927.8456578469,7772346.08241075],[-473081.01056386874,7772346.08241075],[-394234.1754698906,7772346.08241075],[-315387.3403759125,7772346.08241075],[-236540.50528193437,7772346.08241075],[-157693.67018795625,7772346.08241075],[-78846.83509397812,7772346.08241075],[0,7772346.08241075],[78846.83509397812,7772346.08241075],[157693.67018795625,7772346.08241075],[236540.50528193437,7772346.08241075],[315387.3403759125,7772346.08241075],[394234.1754698906,7772346.08241075],[473081.01056386874,7772346.08241075],[551927.8456578469,7772346.08241075],[630774.680751825,7772346.08241075],[709621.5158458031,7772346.08241075],[788468.3509397812,7772346.08241075],[867315.1860337593,7772346.08241075],[946162.0211277375,7772346.08241075],[1025008.8562217157,7772346.08241075],[1103855.6913156938,7772346.08241075],[1182702.5264096716,7772346.08241075],[1261549.36150365,7772346.08241075],[1340396.196597628,7772346.08241075],[1419243.0316916062,7772346.08241075],[1498089.8667855845,7772346.08241075],[1576936.7018795623,7772346.08241075],[1655783.5369735407,7772346.08241075],[1734630.3720675185,7772346.08241075],[1813477.2071614966,7772346.08241075],[1892324.042255475,7772346.08241075],[1971170.877349453,7772346.08241075],[2050017.7124434314,7772346.08241075],[2128864.5475374092,7772346.08241075],[2207711.3826313876,7772346.08241075],[2286558.217725366,7772346.08241075],[2365405.0528193433,7772346.08241075],[2444251.8879133216,7772346.08241075],[2523098.7230073,7772346.08241075],[2601945.5581012783,7772346.08241075],[2680792.393195256,7772346.08241075],[2759639.228289234,7772346.08241075],[2838486.0633832123,7772346.08241075],[2917332.89847719,7772346.08241075],[2996179.733571169,7772346.08241075],[3075026.5686651464,7772346.08241075],[3153873.4037591247,7772346.08241075],[3232720.238853103,7772346.08241075],[3311567.0739470813,7772346.08241075],[3390413.9090410597,7772346.08241075],[3469260.744135037,7772346.08241075],[3548107.5792290154,7772346.08241075],[3626954.4143229933,7772346.08241075],[3705801.2494169716,7772346.08241075],[3784648.08451095,7772346.08241075],[3863494.9196049278,7772346.08241075],[3942341.754698906,7772346.08241075],[4021188.5897928844,7772346.08241075],[4100035.4248868627,7772346.08241075],[4178882.2599808406,7772346.08241075],[4257729.0950748185,7772346.08241075],[4336575.930168796,7772346.08241075],[4415422.765262775,7772346.08241075],[4494269.600356753,7772346.08241075],[4573116.435450732,7772346.08241075],[4651963.27054471,7772346.08241075],[4730810.105638687,7772346.08241075],[4809656.940732665,7772346.08241075],[4888503.775826643,7772346.08241075],[4967350.610920621,7772346.08241075],[5046197.4460146,7772346.08241075],[5125044.281108578,7772346.08241075],[5203891.1162025565,7772346.08241075],[5282737.951296534,7772346.08241075],[5361584.786390512,7772346.08241075],[5440431.62148449,7772346.08241075],[5519278.456578468,7772346.08241075],[5598125.291672447,7772346.08241075],[5676972.126766425,7772346.08241075],[5755818.961860403,7772346.08241075],[5834665.79695438,7772346.08241075],[5913512.632048359,7772346.08241075],[5992359.467142338,7772346.08241075],[6071206.302236316,7772346.08241075],[6150053.137330293,7772346.08241075],[6228899.9724242715,7772346.08241075],[6307746.807518249,7772346.08241075],[6386593.642612228,7772346.08241075],[6465440.477706206,7772346.08241075],[6544287.312800185,7772346.08241075],[6623134.147894163,7772346.08241075],[6701980.98298814,7772346.08241075],[6780827.818082119,7772346.08241075],[6859674.653176095,7772346.08241075],[6938521.488270074,7772346.08241075],[7017368.323364052,7772346.08241075],[7096215.158458031,7772346.08241075],[7175061.993552009,7772346.08241075],[7253908.8286459865,7772346.08241075],[7332755.663739965,7772346.08241075],[7411602.498833943,7772346.08241075],[7490449.333927922,7772346.08241075],[7569296.1690219,7772346.08241075],[7648143.004115878,7772346.08241075],[7726989.8392098555,7772346.08241075],[7805836.674303834,7772346.08241075],[7884683.509397812,7772346.08241075],[7963530.34449179,7772346.08241075],[8042377.179585769,7772346.08241075],[8121224.014679747,7772346.08241075],[8200070.8497737255,7772346.08241075],[8278917.684867703,7772346.08241075],[8357764.519961681,7772346.08241075],[8436611.355055658,7772346.08241075],[8515458.190149637,7772346.08241075],[8594305.025243616,7772346.08241075],[8673151.860337593,7772346.08241075],[8751998.695431571,7772346.08241075],[8830845.53052555,7772346.08241075],[8909692.365619527,7772346.08241075],[8988539.200713506,7772346.08241075],[9067386.035807483,7772346.08241075],[9146232.870901464,7772346.08241075],[9225079.70599544,7772346.08241075],[9303926.54108942,7772346.08241075],[9382773.376183396,7772346.08241075],[9461620.211277373,7772346.08241075],[9540467.046371354,7772346.08241075],[9619313.88146533,7772346.08241075],[9698160.71655931,7772346.08241075],[9777007.551653286,7772346.08241075],[9855854.386747265,7772346.08241075],[9934701.221841242,7772346.08241075],[10013548.056935223,7772346.08241075],[10092394.8920292,7772346.08241075],[10171241.727123177,7772346.08241075],[10250088.562217155,7772346.08241075],[10328935.397311132,7772346.08241075],[10407782.232405113,7772346.08241075],[10486629.06749909,7772346.08241075],[10565475.902593069,7772346.08241075],[10644322.737687046,7772346.08241075],[10723169.572781025,7772346.08241075],[10802016.407875003,7772346.08241075],[10880863.24296898,7772346.08241075],[10959710.078062959,7772346.08241075],[11038556.913156936,7772346.08241075],[11117403.748250915,7772346.08241075],[11196250.583344894,7772346.08241075],[11275097.418438872,7772346.08241075],[11353944.25353285,7772346.08241075],[11432791.088626828,7772346.08241075],[11511637.923720807,7772346.08241075],[11590484.758814782,7772346.08241075],[11669331.59390876,7772346.08241075],[11748178.42900274,7772346.08241075],[11827025.264096718,7772346.08241075],[11905872.099190695,7772346.08241075],[11984718.934284676,7772346.08241075],[12063565.769378653,7772346.08241075],[12142412.604472632,7772346.08241075],[12221259.439566609,7772346.08241075],[12300106.274660585,7772346.08241075],[12378953.109754564,7772346.08241075],[12457799.944848543,7772346.08241075],[12536646.779942522,7772346.08241075],[12615493.615036499,7772346.08241075],[12694340.450130478,7772346.08241075],[12773187.285224456,7772346.08241075],[12852034.120318435,7772346.08241075],[12930880.955412412,7772346.08241075],[13009727.79050639,7772346.08241075],[13088574.62560037,7772346.08241075],[13167421.460694347,7772346.08241075],[13246268.295788325,7772346.08241075],[13325115.1308823,7772346.08241075],[13403961.96597628,7772346.08241075],[13482808.80107026,7772346.08241075],[13561655.636164239,7772346.08241075],[13640502.471258214,7772346.08241075],[13719349.30635219,7772346.08241075],[13798196.141446173,7772346.08241075],[13877042.976540148,7772346.08241075],[13955889.811634129,7772346.08241075],[14034736.646728104,7772346.08241075],[14113583.481822083,7772346.08241075],[14192430.316916062,7772346.08241075]]},"properties":{"type":"parallel","value":60}},
{"type":"Feature","geometry":{"type":"LineString","coordinates":[[-14192430.316916062,8676054.56013897],[-14113583.481822083,8676054.56013897],[-14034736.646728104,8676054.56013897],[-13955889.811634129,8676054.56013897],[-13877042.976540148,8676054.56013897],[-13798196.141446173,8676054.56013897],[-13719349.30635219,8676054.56013897],[-13640502.471258214,8676054.56013897],[-13561655.636164239,8676054.56013897],[-13482808.80107026,8676054.56013897],[-13403961.96597628,8676054.56013897],[-13325115.1308823,8676054.56013897],[-13246268.295788325,8676054.56013897],[-13167421.460694347,8676054.56013897],[-13088574.62560037,8676054.56013897],[-13009727.79050639,8676054.56013897],[-12930880.955412412,8676054.56013897],[-12852034.120318435,8676054.56013897],[-12773187.285224456,8676054.56013897],[-12694340.450130478,8676054.56013897],[-12615493.615036499,8676054.56013897],[-12536646.779942522,8676054.56013897],[-12457799.944848543,8676054.56013897],[-12378953.109754564,8676054.56013897],[-12300106.274660585,8676054.56013897],[-12221259.439566609,8676054.56013897],[-12142412.604472632,8676054.56013897],[-12063565.769378653,8676054.56013897],[-11984718.934284676,8676054.56013897],[-11905872.099190695,8676054.56013897],[-11827025.264096718,8676054.56013897],[-11748178.42900274,8676054.56013897],[-11669331.59390876,8676054.56013897],[-11590484.758814782,8676054.56013897],[-11511637.923720807,8676054.56013897],[-11432791.088626828,8676054.56013897],[-11353944.25353285,8676054.56013897],[-11275097.418438872,8676054.56013897],[-11196250.583344894,8676054.56013897],[-11117403.748250915,8676054.56013897],[-11038556.913156936,8676054.56013897],[-10959710.078062959,8676054.56013897],[-10880863.24296898,8676054.56013897],[-10802016.407875003,8676054.56013897],[-10723169.572781025,8676054.56013897],[-10644322.737687046,8676054.56013897],[-10565475.902593069,8676054.56013897],[-10486629.06749909,8676054.56013897],[-10407782.232405113,8676054.56013897],[-10328935.397311132,8676054.56013897],[-10250088.562217155,8676054.56013897],[-10171241.727123177,8676054.56013897],[-10092394.8920292,8676054.56013897],[-10013548.056935223,8676054.56013897],[-9934701.221841242,8676054.56013897],[-9855854.386747265,8676054.56013897],[-9777007.551653286,8676054.56013897],[-9698160.71655931,8676054.56013897],[-9619313.88146533,8676054.56013897],[-9540467.046371354,8676054.56013897],[-9461620.211277373,8676054.56013897],[-9382773.376183396,8676054.56013897],[-9303926.54108942,8676054.56013897],[-9225079.70599544,8676054.56013897],[-9146232.870901464,8676054.56013897],[-9067386.035807483,8676054.56013897],[-8988539.200713506,8676054.56013897],[-8909692.365619527,8676054.56013897],[-8830845.53052555,8676054.56013897],[-8751998.695431571,8676054.56013897],[-8673151.860337593,8676054.56013897],[-8594305.025243616,8676054.56013897],[-8515458.190149637,8676054.56013897],[-8436611.355055658,8676054.56013897],[-8357764.519961681,8676054.56013897],[-8278917.684867703,8676054.56013897],[-8200070.8497737255,8676054.56013897],[-8121224.014679747,8676054.56013897],[-8042377.179585769,8676054.56013897],[-7963530.34449179,8676054.56013897],[-7884683.509397812,8676054.56013897],[-7805836.674303834,8676054.56013897],[-7726989.8392098555,8676054.56013897],[-7648143.004115878,8676054.56013897],[-7569296.1690219,8676054.56013897],[-7490449.333927922,8676054.56013897],[-7411602.498833943,8676054.56013897],[-7332755.663739965,8676054.56013897],[-7253908.8286459865,8676054.56013897],[-7175061.993552009,8676054.56013897],[-7096215.158458031,8676054.56013897],[-7017368.323364052,8676054.56013897],[-6938521.488270074,8676054.56013897],[-6859674.653176095,8676054.56013897],[-6780827.818082119,8676054.56013897],[-6701980.98298814,8676054.56013897],[-6623134.147894163,8676054.56013897],[-6544287.312800185,8676054.56013897],[-6465440.477706206,8676054.56013897],[-6386593.642612228,8676054.56013897],[-6307746.807518249,8676054.56013897],[-6228899.9724242715,8676054.56013897],[-6150053.137330293,8676054.56013897],[-6071206.302236316,8676054.56013897],[-5992359.467142338,8676054.56013897],[-5913512.632048359,8676054.56013897],[-5834665.79695438,8676054.56013897],[-5755818.961860403,8676054.56013897],[-5676972.126766425,8676054.56013897],[-5598125.291672447,8676054.56013897],[-5519278.456578468,8676054.56013897],[-5440431.62148449,8676054.56013897],[-5361584.786390512,8676054.56013897],[-5282737.951296534,8676054.56013897],[-5203891.1162025565,8676054.56013897],[-5125044.281108578,8676054.56013897],[-5046197.4460146,8676054.56013897],[-4967350.610920621,8676054.56013897],[-4888503.775826643,8676054.56013897],[-4809656.940732665,8676054.56013897],[-4730810.105638687,8676054.56013897],[-4651963.27054471,8676054.56013897],[-4573116.435450732,8676054.56013897],[-4494269.600356753,8676054.56013897],[-4415422.765262775,8676054.56013897],[-4336575.930168796,8676054.56013897],[-4257729.0950748185,8676054.56013897],[-4178882.2599808406,8676054.56013897],[-4100035.4248868627,8676054.56013897],[-4021188.5897928844,8676054.56013897],[-3942341.754698906,8676054.56013897],[-3863494.9196049278,8676054.56013897],[-3784648.08451095,8676054.56013897],[-3705801.2494169716,8676054.56013897],[-3626954.4143229933,8676054.56013897],[-3548107.5792290154,8676054.56013897],[-3469260.744135037,8676054.56013897],[-3390413.9090410597,8676054.56013897],[-3311567.0739470813,8676054.56013897],[-3232720.238853103,8676054.56013897],[-3153873.4037591247,8676054.56013897],[-3075026.5686651464,8676054.56013897],[-2996179.733571169,8676054.56013897],[-2917332.89847719,8676054.56013897],[-2838486.0633832123,8676054.56013897],[-2759639.228289234,8676054.56013897],[-2680792.393195256,8676054.56013897],[-2601945.5581012783,8676054.56013897],[-2523098.7230073,8676054.56013897],[-2444251.8879133216,8676054.56013897],[-2365405.0528193433,8676054.56013897],[-2286558.217725366,8676054.56013897],[-2207711.3826313876,8676054.56013897],[-2128864.5475374092,8676054.56013897],[-2050017.7124434314,8676054.56013897],[-1971170.877349453,8676054.56013897],[-1892324.042255475,8676054.56013897],[-1813477.2071614966,8676054.56013897],[-1734630.3720675185,8676054.56013897],[-1655783.5369735407,8676054.56013897],[-1576936.7018795623,8676054.56013897],[-1498089.8667855845,8676054.56013897],[-1419243.0316916062,8676054.56013897],[-1340396.196597628,8676054.56013897],[-1261549.36150365,8676054.56013897],[-1182702.5264096716,8676054.56013897],[-1103855.6913156938,8676054.56013897],[-1025008.8562217157,8676054.56013897],[-946162.0211277375,8676054.56013897],[-867315.1860337593,8676054.56013897],[-788468.3509397812,8676054.56013897],[-709621.5158458031,8676054.56013897],[-630774.680751825,8676054.56013897],[-551927.8456578469,8676054.56013897],[-473081.01056386874,8676054.56013897],[-394234.1754698906,8676054.56013897],[-315387.3403759125,8676054.56013897],[-236540.50528193437,8676054.56013897],[-157693.67018795625,8676054.56013897],[-78846.83509397812,8676054.56013897],[0,8676054.56013897],[78846.83509397812,8676054.56013897],[157693.67018795625,8676054.56013897],[236540.50528193437,8676054.56013897],[315387.3403759125,8676054.56013897],[394234.1754698906,8676054.56013897],[473081.01056386874,8676054.56013897],[551927.8456578469,8676054.56013897],[630774.680751825,8676054.56013897],[709621.5158458031,8676054.56013897],[788468.3509397812,8676054.56013897],[867315.1860337593,8676054.56013897],[946162.0211277375,8676054.56013897],[1025008.8562217157,8676054.56013897],[1103855.6913156938,8676054.56013897],[1182702.5264096716,8676054.56013897],[1261549.36150365,8676054.56013897],[1340396.196597628,8676054.56013897],[1419243.0316916062,8676054.56013897],[1498089.8667855845,8676054.56013897],[1576936.7018795623,8676054.56013897],[1655783.5369735407,8676054.56013897],[1734630.3720675185,8676054.56013897],[1813477.2071614966,8676054.56013897],[1892324.042255475,8676054.56013897],[1971170.877349453,8676054.56013897],[2050017.7124434314,8676054.56013897],[2128864.5475374092,8676054.56013897],[2207711.3826313876,8676054.56013897],[2286558.217725366,8676054.56013897],[2365405.0528193433,8676054.56013897],[2444251.8879133216,8676054.56013897],[2523098.7230073,8676054.56013897],[2601945.5581012783,8676054.56013897],[2680792.393195256,8676054.56013897],[2759639.228289234,8676054.56013897],[2838486.0633832123,8676054.56013897],[2917332.89847719,8676054.56013897],[2996179.733571169,8676054.56013897],[3075026.5686651464,8676054.56013897],[3153873.4037591247,8676054.56013897],[3232720.238853103,8676054.56013897],[3311567.0739470813,8676054.56013897],[3390413.9090410597,8676054.56013897],[3469260.744135037,8676054.56013897],[3548107.5792290154,8676054.56013897],[3626954.4143229933,8676054.56013897],[3705801.2494169716,8676054.56013897],[3784648.08451095,8676054.56013897],[3863494.9196049278,8676054.56013897],[3942341.754698906,8676054.56013897],[4021188.5897928844,8676054.56013897],[4100035.4248868627,8676054.56013897],[4178882.2599808406,8676054.56013897],[4257729.0950748185,8676054.56013897],[4336575.930168796,8676054.56013897],[4415422.765262775,8676054.56013897],[4494269.600356753,8676054.56013897],[4573116.435450732,8676054.56013897],[4651963.27054471,8676054.56013897],[4730810.105638687,8676054.56013897],[4809656.940732665,8676054.56013897],[4888503.775826643,8676054.56013897],[4967350.610920621,8676054.56013897],[5046197.4460146,8676054.56013897],[5125044.281108578,8676054.56013897],[5203891.1162025565,8676054.56013897],[5282737.951296534,8676054.56013897],[5361584.786390512,8676054.56013897],[5440431.62148449,8676054.56013897],[5519278.456578468,8676054.56013897],[5598125.291672447,8676054.56013897],[5676972.126766425,8676054.56013897],[5755818.961860403,8676054.56013897],[5834665.79695438,8676054.56013897],[5913512.632048359,8676054.56013897],[5992359.467142338,8676054.56013897],[6071206.302236316,8676054.56013897],[6150053.137330293,8676054.56013897],[6228899.9724242715,8676054.56013897],[6307746.807518249,8676054.56013897],[6386593.642612228,8676054.56013897],[6465440.477706206,8676054.56013897],[6544287.312800185,8676054.56013897],[6623134.147894163,8676054.56013897],[6701980.98298814,8676054.56013897],[6780827.818082119,8676054.56013897],[6859674.653176095,8676054.56013897],[6938521.488270074,8676054.56013897],[7017368.323364052,8676054.56013897],[7096215.158458031,8676054.56013897],[7175061.993552009,8676054.56013897],[7253908.8286459865,8676054.56013897],[7332755.663739965,8676054.56013897],[7411602.498833943,8676054.56013897],[7490449.333927922,8676054.56013897],[7569296.1690219,8676054.56013897],[7648143.004115878,8676054.56013897],[7726989.8392098555,8676054.56013897],[7805836.674303834,8676054.56013897],[7884683.509397812,8676054.56013897],[7963530.34449179,8676054.56013897],[8042377.179585769,8676054.56013897],[8121224.014679747,8676054.56013897],[8200070.8497737255,8676054.56013897],[8278917.684867703,8676054.56013897],[8357764.519961681,8676054.56013897],[8436611.355055658,8676054.56013897],[8515458.190149637,8676054.56013897],[8594305.025243616,8676054.56013897],[8673151.860337593,8676054.56013897],[8751998.695431571,8676054.56013897],[8830845.53052555,8676054.56013897],[8909692.365619527,8676054.56013897],[8988539.200713506,8676054.56013897],[9067386.035807483,8676054.56013897],[9146232.870901464,8676054.56013897],[9225079.70599544,8676054.56013897],[9303926.54108942,8676054.56013897],[9382773.376183396,8676054.56013897],[9461620.211277373,8676054.56013897],[9540467.046371354,8676054.56013897],[9619313.88146533,8676054.56013897],[9698160.71655931,8676054.56013897],[9777007.551653286,8676054.56013897],[9855854.386747265,8676054.56013897],[9934701.221841242,8676054.56013897],[10013548.056935223,8676054.56013897],[10092394.8920292,8676054.56013897],[10171241.727123177,8676054.56013897],[10250088.562217155,8676054.56013897],[10328935.397311132,8676054.56013897],[10407782.232405113,8676054.56013897],[10486629.06749909,8676054.56013897],[10565475.902593069,8676054.56013897],[10644322.737687046,8676054.56013897],[10723169.572781025,8676054.56013897],[10802016.407875003,8676054.56013897],[10880863.24296898,8676054.56013897],[10959710.078062959,8676054.56013897],[11038556.913156936,8676054.56013897],[11117403.748250915,8676054.56013897],[11196250.583344894,8676054.56013897],[11275097.418438872,8676054.56013897],[11353944.25353285,8676054.56013897],[11432791.088626828,8676054.56013897],[11511637.923720807,8676054.56013897],[11590484.758814782,8676054.56013897],[11669331.59390876,8676054.56013897],[11748178.42900274,8676054.56013897],[11827025.264096718,8676054.56013897],[11905872.099190695,8676054.56013897],[11984718.934284676,8676054.56013897],[12063565.769378653,8676054.56013897],[12142412.604472632,8676054.56013897],[12221259.439566609,8676054.56013897],[12300106.274660585,8676054.56013897],[12378953.109754564,8676054.56013897],[12457799.944848543,8676054.56013897],[12536646.779942522,8676054.56013897],[12615493.615036499,8676054.56013897],[12694340.450130478,8676054.56013897],[12773187.285224456,8676054.56013897],[12852034.120318435,8676054.56013897],[12930880.955412412,8676054.56013897],[13009727.79050639,8676054.56013897],[13088574.62560037,8676054.56013897],[13167421.460694347,8676054.56013897],[13246268.295788325,8676054.56013897],[13325115.1308823,8676054.56013897],[13403961.96597628,8676054.56013897],[13482808.80107026,8676054.56013897],[13561655.636164239,8676054.56013897],[13640502.471258214,8676054.56013897],[13719349.30635219,8676054.56013897],[13798196.141446173,8676054.56013897],[13877042.976540148,8676054.56013897],[13955889.811634129,8676054.56013897],[14034736.646728104,8676054.56013897],[14113583.481822083,8676054.56013897],[14192430.316916062,8676054.56013897]]},"properties":{"type":"parallel","value":75}},
{"type":"Feature","geometry":{"type":"LineString","coordinates":[[-14192430.316916062,8984818.14485532],[-14113583.481822083,8984818.14485532],[-14034736.646728104,8984818.14485532],[-13955889.811634129,8984818.14485532],[-13877042.976540148,8984818.14485532],[-13798196.141446173,8984818.14485532],[-13719349.30635219,8984818.14485532],[-13640502.471258214,8984818.14485532],[-13561655.636164239,8984818.14485532],[-13482808.80107026,8984818.14485532],[-13403961.96597628,8984818.14485532],[-13325115.1308823,8984818.14485532],[-13246268.295788325,8984818.14485532],[-13167421.460694347,8984818.14485532],[-13088574.62560037,8984818.14485532],[-13009727.79050639,8984818.14485532],[-12930880.955412412,8984818.14485532],[-12852034.120318435,8984818.14485532],[-12773187.285224456,8984818.14485532],[-12694340.450130478,8984818.14485532],[-12615493.615036499,8984818.14485532],[-12536646.779942522,8984818.14485532],[-12457799.944848543,8984818.14485532],[-12378953.109754564,8984818.14485532],[-12300106.274660585,8984818.14485532],[-12221259.439566609,8984818.14485532],[-12142412.604472632,8984818.14485532],[-12063565.769378653,8984818.14485532],[-11984718.934284676,8984818.14485532],[-11905872.099190695,8984818.14485532],[-11827025.264096718,8984818.14485532],[-11748178.42900274,8984818.14485532],[-11669331.59390876,8984818.14485532],[-11590484.758814782,8984818.14485532],[-11511637.923720807,8984818.14485532],[-11432791.088626828,8984818.14485532],[-11353944.25353285,8984818.14485532],[-11275097.418438872,8984818.14485532],[-11196250.583344894,8984818.14485532],[-11117403.748250915,8984818.14485532],[-11038556.913156936,8984818.14485532],[-10959710.078062959,8984818.14485532],[-10880863.24296898,8984818.14485532],[-10802016.407875003,8984818.14485532],[-10723169.572781025,8984818.14485532],[-10644322.737687046,8984818.14485532],[-10565475.902593069,8984818.14485532],[-10486629.06749909,8984818.14485532],[-10407782.232405113,8984818.14485532],[-10328935.397311132,8984818.14485532],[-10250088.562217155,8984818.14485532],[-10171241.727123177,8984818.14485532],[-10092394.8920292,8984818.14485532],[-10013548.056935223,8984818.14485532],[-9934701.221841242,8984818.14485532],[-9855854.386747265,8984818.14485532],[-9777007.551653286,8984818.14485532],[-9698160.71655931,8984818.14485532],[-9619313.88146533,8984818.14485532],[-9540467.046371354,8984818.14485532],[-9461620.211277373,8984818.14485532],[-9382773.376183396,8984818.14485532],[-9303926.54108942,8984818.14485532],[-9225079.70599544,8984818.14485532],[-9146232.870901464,8984818.14485532],[-9067386.035807483,8984818.14485532],[-8988539.200713506,8984818.14485532],[-8909692.365619527,8984818.14485532],[-8830845.53052555,8984818.14485532],[-8751998.695431571,8984818.14485532],[-8673151.860337593,8984818.14485532],[-8594305.025243616,8984818.14485532],[-8515458.190149637,8984818.14485532],[-8436611.355055658,8984818.14485532],[-8357764.519961681,8984818.14485532],[-8278917.684867703,8984818.14485532],[-8200070.8497737255,8984818.14485532],[-8121224.014679747,8984818.14485532],[-8042377.179585769,8984818.14485532],[-7963530.34449179,8984818.14485532],[-7884683.509397812,8984818.14485532],[-7805836.674303834,8984818.14485532],[-7726989.8392098555,8984818.14485532],[-7648143.004115878,8984818.14485532],[-7569296.1690219,8984818.14485532],[-7490449.333927922,8984818.14485532],[-7411602.498833943,8984818.14485532],[-7332755.663739965,8984818.14485532],[-7253908.8286459865,8984818.14485532],[-7175061.993552009,8984818.14485532],[-7096215.158458031,8984818.14485532],[-7017368.323364052,8984818.14485532],[-6938521.488270074,8984818.14485532],[-6859674.653176095,8984818.14485532],[-6780827.818082119,8984818.14485532],[-6701980.98298814,8984818.14485532],[-6623134.147894163,8984818.14485532],[-6544287.312800185,8984818.14485532],[-6465440.477706206,8984818.14485532],[-6386593.642612228,8984818.14485532],[-6307746.807518249,8984818.14485532],[-6228899.9724242715,8984818.14485532],[-6150053.137330293,8984818.14485532],[-6071206.302236316,8984818.14485532],[-5992359.467142338,8984818.14485532],[-5913512.632048359,8984818.14485532],[-5834665.79695438,8984818.14485532],[-5755818.961860403,8984818.14485532],[-5676972.126766425,8984818.14485532],[-5598125.291672447,8984818.14485532],[-5519278.456578468,8984818.14485532],[-5440431.62148449,8984818.14485532],[-5361584.786390512,8984818.14485532],[-5282737.951296534,8984818.14485532],[-5203891.1162025565,8984818.14485532],[-5125044.281108578,8984818.14485532],[-5046197.4460146,8984818.14485532],[-4967350.610920621,8984818.14485532],[-4888503.775826643,8984818.14485532],[-4809656.940732665,8984818.14485532],[-4730810.105638687,8984818.14485532],[-4651963.27054471,8984818.14485532],[-4573116.435450732,8984818.14485532],[-4494269.600356753,8984818.14485532],[-4415422.765262775,8984818.14485532],[-4336575.930168796,8984818.14485532],[-4257729.0950748185,8984818.14485532],[-4178882.2599808406,8984818.14485532],[-4100035.4248868627,8984818.14485532],[-4021188.5897928844,8984818.14485532],[-3942341.754698906,8984818.14485532],[-3863494.9196049278,8984818.14485532],[-3784648.08451095,8984818.14485532],[-3705801.2494169716,8984818.14485532],[-3626954.4143229933,8984818.14485532],[-3548107.5792290154,8984818.14485532],[-3469260.744135037,8984818.14485532],[-3390413.9090410597,8984818.14485532],[-3311567.0739470813,8984818.14485532],[-3232720.238853103,8984818.14485532],[-3153873.4037591247,8984818.14485532],[-3075026.5686651464,8984818.14485532],[-2996179.733571169,8984818.14485532],[-2917332.89847719,8984818.14485532],[-2838486.0633832123,8984818.14485532],[-2759639.228289234,8984818.14485532],[-2680792.393195256,8984818.14485532],[-2601945.5581012783,8984818.14485532],[-2523098.7230073,8984818.14485532],[-2444251.8879133216,8984818.14485532],[-2365405.0528193433,8984818.14485532],[-2286558.217725366,8984818.14485532],[-2207711.3826313876,8984818.14485532],[-2128864.5475374092,8984818.14485532],[-2050017.7124434314,8984818.14485532],[-1971170.877349453,8984818.14485532],[-1892324.042255475,8984818.14485532],[-1813477.2071614966,8984818.14485532],[-1734630.3720675185,8984818.14485532],[-1655783.5369735407,8984818.14485532],[-1576936.7018795623,8984818.14485532],[-1498089.8667855845,8984818.14485532],[-1419243.0316916062,8984818.14485532],[-1340396.196597628,8984818.14485532],[-1261549.36150365,8984818.14485532],[-1182702.5264096716,8984818.14485532],[-1103855.6913156938,8984818.14485532],[-1025008.8562217157,8984818.14485532],[-946162.0211277375,8984818.14485532],[-867315.1860337593,8984818.14485532],[-788468.3509397812,8984818.14485532],[-709621.5158458031,8984818.14485532],[-630774.680751825,8984818.14485532],[-551927.8456578469,8984818.14485532],[-473081.01056386874,8984818.14485532],[-394234.1754698906,8984818.14485532],[-315387.3403759125,8984818.14485532],[-236540.50528193437,8984818.14485532],[-157693.67018795625,8984818.14485532],[-78846.83509397812,8984818.14485532],[0,8984818.14485532],[78846.83509397812,8984818.14485532],[157693.67018795625,8984818.14485532],[236540.50528193437,8984818.14485532],[315387.3403759125,8984818.14485532],[394234.1754698906,8984818.14485532],[473081.01056386874,8984818.14485532],[551927.8456578469,8984818.14485532],[630774.680751825,8984818.14485532],[709621.5158458031,8984818.14485532],[788468.3509397812,8984818.14485532],[867315.1860337593,8984818.14485532],[946162.0211277375,8984818.14485532],[1025008.8562217157,8984818.14485532],[1103855.6913156938,8984818.14485532],[1182702.5264096716,8984818.14485532],[1261549.36150365,8984818.14485532],[1340396.196597628,8984818.14485532],[1419243.0316916062,8984818.14485532],[1498089.8667855845,8984818.14485532],[1576936.7018795623,8984818.14485532],[1655783.5369735407,8984818.14485532],[1734630.3720675185,8984818.14485532],[1813477.2071614966,8984818.14485532],[1892324.042255475,8984818.14485532],[1971170.877349453,8984818.14485532],[2050017.7124434314,8984818.14485532],[2128864.5475374092,8984818.14485532],[2207711.3826313876,8984818.14485532],[2286558.217725366,8984818.14485532],[2365405.0528193433,8984818.14485532],[2444251.8879133216,8984818.14485532],[2523098.7230073,8984818.14485532],[2601945.5581012783,8984818.14485532],[2680792.393195256,8984818.14485532],[2759639.228289234,8984818.14485532],[2838486.0633832123,8984818.14485532],[2917332.89847719,8984818.14485532],[2996179.733571169,8984818.14485532],[3075026.5686651464,8984818.14485532],[3153873.4037591247,8984818.14485532],[3232720.238853103,8984818.14485532],[3311567.0739470813,8984818.14485532],[3390413.9090410597,8984818.14485532],[3469260.744135037,8984818.14485532],[3548107.5792290154,8984818.14485532],[3626954.4143229933,8984818.14485532],[3705801.2494169716,8984818.14485532],[3784648.08451095,8984818.14485532],[3863494.9196049278,8984818.14485532],[3942341.754698906,8984818.14485532],[4021188.5897928844,8984818.14485532],[4100035.4248868627,8984818.14485532],[4178882.2599808406,8984818.14485532],[4257729.0950748185,8984818.14485532],[4336575.930168796,8984818.14485532],[4415422.765262775,8984818.14485532],[4494269.600356753,8984818.14485532],[4573116.435450732,8984818.14485532],[4651963.27054471,8984818.14485532],[4730810.105638687,8984818.14485532],[4809656.940732665,8984818.14485532],[4888503.775826643,8984818.14485532],[4967350.610920621,8984818.14485532],[5046197.4460146,8984818.14485532],[5125044.281108578,8984818.14485532],[5203891.1162025565,8984818.14485532],[5282737.951296534,8984818.14485532],[5361584.786390512,8984818.14485532],[5440431.62148449,8984818.14485532],[5519278.456578468,8984818.14485532],[5598125.291672447,8984818.14485532],[5676972.126766425,8984818.14485532],[5755818.961860403,8984818.14485532],[5834665.79695438,8984818.14485532],[5913512.632048359,8984818.14485532],[5992359.467142338,8984818.14485532],[6071206.302236316,8984818.14485532],[6150053.137330293,8984818.14485532],[6228899.9724242715,8984818.14485532],[6307746.807518249,8984818.14485532],[6386593.642612228,8984818.14485532],[6465440.477706206,8984818.14485532],[6544287.312800185,8984818.14485532],[6623134.147894163,8984818.14485532],[6701980.98298814,8984818.14485532],[6780827.818082119,8984818.14485532],[6859674.653176095,8984818.14485532],[6938521.488270074,8984818.14485532],[7017368.323364052,8984818.14485532],[7096215.158458031,8984818.14485532],[7175061.993552009,8984818.14485532],[7253908.8286459865,8984818.14485532],[7332755.663739965,8984818.14485532],[7411602.498833943,8984818.14485532],[7490449.333927922,8984818.14485532],[7569296.1690219,8984818.14485532],[7648143.004115878,8984818.14485532],[7726989.8392098555,8984818.14485532],[7805836.674303834,8984818.14485532],[7884683.509397812,8984818.14485532],[7963530.34449179,8984818.14485532],[8042377.179585769,8984818.14485532],[8121224.014679747,8984818.14485532],[8200070.8497737255,8984818.14485532],[8278917.684867703,8984818.14485532],[8357764.519961681,8984818.14485532],[8436611.355055658,8984818.14485532],[8515458.190149637,8984818.14485532],[8594305.025243616,8984818.14485532],[8673151.860337593,8984818.14485532],[8751998.695431571,8984818.14485532],[8830845.53052555,8984818.14485532],[8909692.365619527,8984818.14485532],[8988539.200713506,8984818.14485532],[9067386.035807483,8984818.14485532],[9146232.870901464,8984818.14485532],[9225079.70599544,8984818.14485532],[9303926.54108942,8984818.14485532],[9382773.376183396,8984818.14485532],[9461620.211277373,8984818.14485532],[9540467.046371354,8984818.14485532],[9619313.88146533,8984818.14485532],[9698160.71655931,8984818.14485532],[9777007.551653286,8984818.14485532],[9855854.386747265,8984818.14485532],[9934701.221841242,8984818.14485532],[10013548.056935223,8984818.14485532],[10092394.8920292,8984818.14485532],[10171241.727123177,8984818.14485532],[10250088.562217155,8984818.14485532],[10328935.397311132,8984818.14485532],[10407782.232405113,8984818.14485532],[10486629.06749909,8984818.14485532],[10565475.902593069,8984818.14485532],[10644322.737687046,8984818.14485532],[10723169.572781025,8984818.14485532],[10802016.407875003,8984818.14485532],[10880863.24296898,8984818.14485532],[10959710.078062959,8984818.14485532],[11038556.913156936,8984818.14485532],[11117403.748250915,8984818.14485532],[11196250.583344894,8984818.14485532],[11275097.418438872,8984818.14485532],[11353944.25353285,8984818.14485532],[11432791.088626828,8984818.14485532],[11511637.923720807,8984818.14485532],[11590484.758814782,8984818.14485532],[11669331.59390876,8984818.14485532],[11748178.42900274,8984818.14485532],[11827025.264096718,8984818.14485532],[11905872.099190695,8984818.14485532],[11984718.934284676,8984818.14485532],[12063565.769378653,8984818.14485532],[12142412.604472632,8984818.14485532],[12221259.439566609,8984818.14485532],[12300106.274660585,8984818.14485532],[12378953.109754564,8984818.14485532],[12457799.944848543,8984818.14485532],[12536646.779942522,8984818.14485532],[12615493.615036499,8984818.14485532],[12694340.450130478,8984818.14485532],[12773187.285224456,8984818.14485532],[12852034.120318435,8984818.14485532],[12930880.955412412,8984818.14485532],[13009727.79050639,8984818.14485532],[13088574.62560037,8984818.14485532],[13167421.460694347,8984818.14485532],[13246268.295788325,8984818.14485532],[13325115.1308823,8984818.14485532],[13403961.96597628,8984818.14485532],[13482808.80107026,8984818.14485532],[13561655.636164239,8984818.14485532],[13640502.471258214,8984818.14485532],[13719349.30635219,8984818.14485532],[13798196.141446173,8984818.14485532],[13877042.976540148,8984818.14485532],[13955889.811634129,8984818.14485532],[14034736.646728104,8984818.14485532],[14113583.481822083,8984818.14485532],[14192430.316916062,8984818.14485532]]},"properties":{"type":"parallel","value":90}}
]}