{"type":"FeatureCollection", "features": [
{"type":"Feature","geometry":{"type":"LineString","coordinates":[[-9050504.13846534,-8625154.6651],[-9170350.616114287,-8594066.417178381],[-9298933.609467091,-8557690.01680531],[-9435616.977634659,-8516243.829905245],[-9579763.970161457,-8469945.758928059],[-9730737.836591942,-8419013.706323618],[-9887899.837226724,-8363665.541128009],[-10050617.683077091,-8304119.275238022],[-10218252.149685854,-8240592.734999793],[-10390166.48659748,-8173303.822863192],[-10565723.943356426,-8102470.441278092],[-10744067.467081718,-8028347.804903194],[-10923458.085639583,-7951340.967502234],[-11101937.449999055,-7871892.193570899],[-11277546.753500005,-7790443.798296254],[-11448327.189482298,-7707438.096865358],[-11612792.383527976,-7623243.658443662],[-11771351.30063054,-7537934.470274311],[-11924883.715319766,-7451510.435430355],[-12074270.220237337,-7363971.626556646],[-12220391.408024939,-7275318.116298032],[-12364020.080521759,-7185558.664590124],[-12505496.010997668,-7094739.08725952],[-12645051.733292975,-7002913.287144262],[-12782919.50558859,-6910135.467649582],[-12919331.586065425,-6816459.832180709],[-13054465.789907953,-6721937.814320828],[-13188280.939215792,-6626602.373596765],[-13320681.781903684,-6530486.358625431],[-13451572.882186262,-6433621.2884127395],[-13580858.80427815,-6336038.681964609],[-13708443.257140694,-6237768.9739548825],[-13834232.575131856,-6138840.719017626],[-13958130.481648259,-6039279.896171955],[-14080041.57814645,-5939113.229856327],[-14199870.466082972,-5838367.444509198],[-14317481.733382158,-5737067.559377016],[-14432575.462190127,-5635244.448397533],[-14544813.080320243,-5532923.315066147],[-14653855.33772229,-5430131.345541669],[-14759362.984346036,-5326895.725982913],[-14861145.306106703,-5223243.610063502],[-14959608.765340187,-5119205.279775709],[-15055307.348824648,-5014810.753148197],[-15148795.547398498,-4910090.16412583],[-15240627.851900145,-4805073.646653474],[-15331184.224308668,-4699790.485941217],[-15420148.373164985,-4594257.926179609],[-15507029.030946068,-4488495.335151117],[-15591335.16137949,-4382520.593991931],[-15672575.728192812,-4276351.583838239],[-15750386.959740289,-4170005.7028967137],[-15824907.54109718,-4063507.9347699624],[-15896405.260694953,-3956878.8655868014],[-15965146.980876148,-3850141.0391377117],[-16031399.563983323,-3743316.9992131763],[-16095356.45175703,-3636429.577938537],[-16156923.748655075,-3529492.5068639084],[-16215932.2264374,-3422524.0581138916],[-16272213.612039935,-3315540.3776675374],[-16325599.632398624,-3208557.6115038935],[-16375950.117446,-3101587.6267289673],[-16423234.605366442,-2994631.926585305],[-16467451.632969351,-2887684.6340768393],[-16508599.288527029,-2780741.4228984383],[-16546675.660311772,-2673797.9667449715],[-16581777.164451296,-2566850.3154324326],[-16614388.916475127,-2459899.5370846638],[-16645095.591382748,-2352946.5059138164],[-16674481.248737574,-2245992.381140681],[-16703129.948103016,-2139038.321986049],[-16731465.405109903,-2032083.7075009833],[-16759273.209339319,-1925131.8871417588],[-16786177.605882492,-1818180.6704533368],[-16811803.340611957,-1711229.746851479],[-16835775.159400243,-1604278.8057519468],[-16857797.119796537,-1497326.658027551],[-16877890.556839276,-1390374.943435271],[-16896156.17943522,-1283423.0669893846],[-16912694.66562342,-1176471.1118039493],[-16927606.693442937,-1069519.1609930245],[-16940998.66842377,-962567.3224975399],[-16953000.795210253,-855615.3432531537],[-16963748.73842535,-748663.4077529311],[-16973378.296448182,-641711.4941247561],[-16982025.267657865,-534759.5804965122],[-16989749.81250389,-427807.6370154205],[-16996310.31244976,-320855.74307204597],[-17001389.305074595,-213903.83600540232],[-17004669.43091941,-106951.92018991266],[-17005833.33052523,-4.488677127715918e-11],[-17004669.43091941,106951.92018991266],[-17001389.305074595,213903.83600540232],[-16996310.31244976,320855.74307204597],[-16989749.81250389,427807.6370154205],[-16982025.267657865,534759.5804965122],[-16973378.296448182,641711.4941247561],[-16963748.73842535,748663.4077529311],[-16953000.795210253,855615.3432531537],[-16940998.66842377,962567.3224975399],[-16927606.693442937,1069519.1609930245],[-16912694.66562342,1176471.1118039493],[-16896156.17943522,1283423.0669893846],[-16877890.556839276,1390374.943435271],[-16857797.119796537,1497326.658027551],[-16835775.159400243,1604278.8057519468],[-16811803.340611957,1711229.746851479],[-16786177.605882492,1818180.6704533368],[-16759273.209339319,1925131.8871417588],[-16731465.405109903,2032083.7075009833],[-16703129.948103016,2139038.321986049],[-16674481.248737574,2245992.381140681],[-16645095.591382748,2352946.5059138164],[-16614388.916475127,2459899.5370846638],[-16581777.164451296,2566850.3154324326],[-16546675.660311772,2673797.9667449715],[-16508599.288527029,2780741.4228984383],[-16467451.632969351,2887684.6340768393],[-16423234.605366442,2994631.926585305],[-16375950.117446,3101587.6267289673],[-16325599.632398624,3208557.6115038935],[-16272213.612039935,3315540.3776675374],[-16215932.2264374,3422524.0581138916],[-16156923.748655075,3529492.5068639084],[-16095356.45175703,3636429.577938537],[-16031399.563983323,3743316.9992131763],[-15965146.980876148,3850141.0391377117],[-15896405.260694953,3956878.8655868014],[-15824907.54109718,4063507.9347699624],[-15750386.959740289,4170005.7028967137],[-15672575.728192812,4276351.583838239],[-15591335.16137949,4382520.593991931],[-15507029.030946068,4488495.335151117],[-15420148.373164985,4594257.926179609],[-15331184.224308668,4699790.485941217],[-15240627.851900145,4805073.646653474],[-15148795.547398498,4910090.16412583],[-15055307.348824648,5014810.753148197],[-14959608.765340187,5119205.279775709],[-14861145.306106703,5223243.610063502],[-14759362.984346036,5326895.725982913],[-14653855.33772229,5430131.345541669],[-14544813.080320243,5532923.315066147],[-14432575.462190127,5635244.448397533],[-14317481.733382158,5737067.559377016],[-14199870.466082972,5838367.444509198],[-14080041.57814645,5939113.229856327],[-13958130.481648259,6039279.896171955],[-13834232.575131856,6138840.719017626],[-13708443.257140694,6237768.9739548825],[-13580858.80427815,6336038.681964609],[-13451572.882186262,6433621.2884127395],[-13320681.781903684,6530486.358625431],[-13188280.939215792,6626602.373596765],[-13054465.789907953,6721937.814320828],[-12919331.586065425,6816459.832180709],[-12782919.50558859,6910135.467649582],[-12645051.733292975,7002913.287144262],[-12505496.010997668,7094739.08725952],[-12364020.080521759,7185558.664590124],[-12220391.408024939,7275318.116298032],[-12074270.220237337,7363971.626556646],[-11924883.715319766,7451510.435430355],[-11771351.30063054,7537934.470274311],[-11612792.383527976,7623243.658443662],[-11448327.189482298,7707438.096865358],[-11277546.753500005,7790443.798296254],[-11101937.449999055,7871892.193570899],[-10923458.085639583,7951340.967502234],[-10744067.467081718,8028347.804903194],[-10565723.943356426,8102470.441278092],[-10390166.48659748,8173303.822863192],[-10218252.149685854,8240592.734999793],[-10050617.683077091,8304119.275238022],[-9887899.837226724,8363665.541128009],[-9730737.836591942,8419013.706323618],[-9579763.970161457,8469945.758928059],[-9435616.977634659,8516243.829905245],[-9298933.609467091,8557690.01680531],[-9170350.616114287,8594066.417178381],[-9050504.13846534,8625154.6651]]},"properties":{"type":"meridian","value":-180}},
{"type":"Feature","geometry":{"type":"LineString","coordinates":[[-8296295.460259895,-8625154.6651],[-8406154.731438095,-8594066.417178381],[-8524022.475344831,-8557690.01680531],[-8649315.56283177,-8516243.829905245],[-8781450.305981334,-8469945.758928059],[-8919843.016875947,-8419013.706323618],[-9063908.184124498,-8363665.541128009],[-9213066.209487332,-8304119.275238022],[-9366731.137212032,-8240592.734999793],[-9524319.279381024,-8173303.822863192],[-9685246.948076725,-8102470.441278092],[-9848728.511491574,-8028347.804903194],[-10013169.911836283,-7951340.967502234],[-10176775.995832466,-7871892.193570899],[-10337751.19070834,-7790443.798296254],[-10494299.923692105,-7707438.096865358],[-10645059.684900643,-7623243.658443662],[-10790405.358911326,-7537934.470274311],[-10931143.405709784,-7451510.435430355],[-11068081.035217557,-7363971.626556646],[-11202025.457356194,-7275318.116298032],[-11333685.073811611,-7185558.664590124],[-11463371.343414526,-7094739.08725952],[-11591297.422185225,-7002913.287144262],[-11717676.213456206,-6910135.467649582],[-11842720.620559972,-6816459.832180709],[-11966593.640748957,-6721937.814320828],[-12089257.527614478,-6626602.373596765],[-12210624.966745043,-6530486.358625431],[-12330608.475337405,-6433621.2884127395],[-12449120.570588302,-6336038.681964609],[-12566072.985712303,-6237768.9739548825],[-12681379.860537535,-6138840.719017626],[-12794952.941510903,-6039279.896171955],[-12906704.779967578,-5939113.229856327],[-13016547.927242722,-5838367.444509198],[-13124358.25560031,-5737067.559377016],[-13229860.840340946,-5635244.448397533],[-13332745.323626889,-5532923.315066147],[-13432700.726245431,-5430131.345541669],[-13529416.068983864,-5326895.725982913],[-13622716.53059781,-5223243.610063502],[-13712974.701561837,-5119205.279775709],[-13800698.403089263,-5014810.753148197],[-13886395.918448623,-4910090.16412583],[-13970575.530908465,-4805073.646653474],[-14053585.538949613,-4699790.485941217],[-14135136.008734567,-4594257.926179609],[-14214776.611700565,-4488495.335151117],[-14292057.231264532,-4382520.593991931],[-14366527.75084341,-4276351.583838239],[-14437854.713095263,-4170005.7028967137],[-14506165.246005747,-4063507.9347699624],[-14571704.822303705,-3956878.8655868014],[-14634718.065803135,-3850141.0391377117],[-14695449.600318046,-3743316.9992131763],[-14754076.747443944,-3636429.577938537],[-14810513.43626715,-3529492.5068639084],[-14864604.540900948,-3422524.0581138916],[-14916195.811036605,-3315540.3776675374],[-14965132.996365406,-3208557.6115038935],[-15011287.607658831,-3101587.6267289673],[-15054631.721585905,-2994631.926585305],[-15095163.99688857,-2887684.6340768393],[-15132882.681149775,-2780741.4228984383],[-15167786.021952456,-2673797.9667449715],[-15199962.40074702,-2566850.3154324326],[-15229856.506768867,-2459899.5370846638],[-15258004.292100852,-2352946.5059138164],[-15284941.144676108,-2245992.381140681],[-15311202.452427765,-2139038.321986049],[-15337176.621350741,-2032083.7075009833],[-15362667.10856104,-1925131.8871417588],[-15387329.47205895,-1818180.6704533368],[-15410819.728894293,-1711229.746851479],[-15432793.896116888,-1604278.8057519468],[-15452980.693146823,-1497326.658027551],[-15471399.67710267,-1390374.943435271],[-15488143.164482284,-1283423.0669893846],[-15503303.443488134,-1176471.1118039493],[-15516972.80232269,-1069519.1609930245],[-15529248.779388456,-962567.3224975399],[-15540250.728942731,-855615.3432531537],[-15550103.01022324,-748663.4077529311],[-15558930.1050775,-641711.4941247561],[-15566856.495353043,-534759.5804965122],[-15573937.328128561,-427807.6370154205],[-15579951.119745616,-320855.74307204597],[-15584606.862985045,-213903.83600540232],[-15587613.645009456,-106951.92018991266],[-15588680.552981459,-4.488677127715918e-11],[-15587613.645009456,106951.92018991266],[-15584606.862985045,213903.83600540232],[-15579951.119745616,320855.74307204597],[-15573937.328128561,427807.6370154205],[-15566856.495353043,534759.5804965122],[-15558930.1050775,641711.4941247561],[-15550103.01022324,748663.4077529311],[-15540250.728942731,855615.3432531537],[-15529248.779388456,962567.3224975399],[-15516972.80232269,1069519.1609930245],[-15503303.443488134,1176471.1118039493],[-15488143.164482284,1283423.0669893846],[-15471399.67710267,1390374.943435271],[-15452980.693146823,1497326.658027551],[-15432793.896116888,1604278.8057519468],[-15410819.728894293,1711229.746851479],[-15387329.47205895,1818180.6704533368],[-15362667.10856104,1925131.8871417588],[-15337176.621350741,2032083.7075009833],[-15311202.452427765,2139038.321986049],[-15284941.144676108,2245992.381140681],[-15258004.292100852,2352946.5059138164],[-15229856.506768867,2459899.5370846638],[-15199962.40074702,2566850.3154324326],[-15167786.021952456,2673797.9667449715],[-15132882.681149775,2780741.4228984383],[-15095163.99688857,2887684.6340768393],[-15054631.721585905,2994631.926585305],[-15011287.607658831,3101587.6267289673],[-14965132.996365406,3208557.6115038935],[-14916195.811036605,3315540.3776675374],[-14864604.540900948,3422524.0581138916],[-14810513.43626715,3529492.5068639084],[-14754076.747443944,3636429.577938537],[-14695449.600318046,3743316.9992131763],[-14634718.065803135,3850141.0391377117],[-14571704.822303705,3956878.8655868014],[-14506165.246005747,4063507.9347699624],[-14437854.713095263,4170005.7028967137],[-14366527.75084341,4276351.583838239],[-14292057.231264532,4382520.593991931],[-14214776.611700565,4488495.335151117],[-14135136.008734567,4594257.926179609],[-14053585.538949613,4699790.485941217],[-13970575.530908465,4805073.646653474],[-13886395.918448623,4910090.16412583],[-13800698.403089263,5014810.753148197],[-13712974.701561837,5119205.279775709],[-13622716.53059781,5223243.610063502],[-13529416.068983864,5326895.725982913],[-13432700.726245431,5430131.345541669],[-13332745.323626889,5532923.315066147],[-13229860.840340946,5635244.448397533],[-13124358.25560031,5737067.559377016],[-13016547.927242722,5838367.444509198],[-12906704.779967578,5939113.229856327],[-12794952.941510903,6039279.896171955],[-12681379.860537535,6138840.719017626],[-12566072.985712303,6237768.9739548825],[-12449120.570588302,6336038.681964609],[-12330608.475337405,6433621.2884127395],[-12210624.966745043,6530486.358625431],[-12089257.527614478,6626602.373596765],[-11966593.640748957,6721937.814320828],[-11842720.620559972,6816459.832180709],[-11717676.213456206,6910135.467649582],[-11591297.422185225,7002913.287144262],[-11463371.343414526,7094739.08725952],[-11333685.073811611,7185558.664590124],[-11202025.457356194,7275318.116298032],[-11068081.035217557,7363971.626556646],[-10931143.405709784,7451510.435430355],[-10790405.358911326,7537934.470274311],[-10645059.684900643,7623243.658443662],[-10494299.923692105,7707438.096865358],[-10337751.19070834,7790443.798296254],[-10176775.995832466,7871892.193570899],[-10013169.911836283,7951340.967502234],[-9848728.511491574,8028347.804903194],[-9685246.948076725,8102470.441278092],[-9524319.279381024,8173303.822863192],[-9366731.137212032,8240592.734999793],[-9213066.209487332,8304119.275238022],[-9063908.184124498,8363665.541128009],[-8919843.016875947,8419013.706323618],[-8781450.305981334,8469945.758928059],[-8649315.56283177,8516243.829905245],[-8524022.475344831,8557690.01680531],[-8406154.731438095,8594066.417178381],[-8296295.460259895,8625154.6651]]},"properties":{"type":"meridian","value":-165}},
{"type":"Feature","geometry":{"type":"LineString","coordinates":[[-7542086.782054451,-8625154.6651],[-7641958.8467619065,-8594066.417178381],[-7749111.341222576,-8557690.01680531],[-7863014.148028883,-8516243.829905245],[-7983136.641801214,-8469945.758928059],[-8108948.1971599525,-8419013.706323618],[-8239916.531022271,-8363665.541128009],[-8375514.735897576,-8304119.275238022],[-8515210.124738213,-8240592.734999793],[-8658472.072164567,-8173303.822863192],[-8804769.952797024,-8102470.441278092],[-8953389.555901432,-8028347.804903194],[-9102881.738032987,-7951340.967502234],[-9251614.54166588,-7871892.193570899],[-9397955.627916673,-7790443.798296254],[-9540272.657901915,-7707438.096865358],[-9677326.986273313,-7623243.658443662],[-9809459.417192116,-7537934.470274311],[-9937403.096099805,-7451510.435430355],[-10061891.85019778,-7363971.626556646],[-10183659.50668745,-7275318.116298032],[-10303350.067101466,-7185558.664590124],[-10421246.67583139,-7094739.08725952],[-10537543.111077478,-7002913.287144262],[-10652432.921323827,-6910135.467649582],[-10766109.65505452,-6816459.832180709],[-10878721.491589962,-6721937.814320828],[-10990234.116013162,-6626602.373596765],[-11100568.151586404,-6530486.358625431],[-11209644.068488551,-6433621.2884127395],[-11317382.336898457,-6336038.681964609],[-11423702.714283913,-6237768.9739548825],[-11528527.145943213,-6138840.719017626],[-11631775.40137355,-6039279.896171955],[-11733367.981788708,-5939113.229856327],[-11833225.388402475,-5838367.444509198],[-11931234.777818466,-5737067.559377016],[-12027146.218491772,-5635244.448397533],[-12120677.566933535,-5532923.315066147],[-12211546.114768574,-5430131.345541669],[-12299469.153621696,-5326895.725982913],[-12384287.75508892,-5223243.610063502],[-12466340.63778349,-5119205.279775709],[-12546089.457353877,-5014810.753148197],[-12623996.28949875,-4910090.16412583],[-12700523.20991679,-4805073.646653474],[-12775986.853590557,-4699790.485941217],[-12850123.644304156,-4594257.926179609],[-12922524.192455057,-4488495.335151117],[-12992779.301149575,-4382520.593991931],[-13060479.77349401,-4276351.583838239],[-13125322.46645024,-4170005.7028967137],[-13187422.950914316,-4063507.9347699624],[-13247004.38391246,-3956878.8655868014],[-13304289.150730126,-3850141.0391377117],[-13359499.63665277,-3743316.9992131763],[-13412797.043130858,-3636429.577938537],[-13464103.123879232,-3529492.5068639084],[-13513276.855364498,-3422524.0581138916],[-13560178.01003328,-3315540.3776675374],[-13604666.360332187,-3208557.6115038935],[-13646625.097871667,-3101587.6267289673],[-13686028.83780537,-2994631.926585305],[-13722876.360807793,-2887684.6340768393],[-13757166.073772524,-2780741.4228984383],[-13788896.383593142,-2673797.9667449715],[-13818147.637042746,-2566850.3154324326],[-13845324.097062606,-2459899.5370846638],[-13870912.992818957,-2352946.5059138164],[-13895401.040614646,-2245992.381140681],[-13919274.956752516,-2139038.321986049],[-13942887.837591585,-2032083.7075009833],[-13966061.007782765,-1925131.8871417588],[-13988481.338235412,-1818180.6704533368],[-14009836.117176631,-1711229.746851479],[-14029812.632833537,-1604278.8057519468],[-14048164.266497115,-1497326.658027551],[-14064908.797366066,-1390374.943435271],[-14080130.149529349,-1283423.0669893846],[-14093912.221352851,-1176471.1118039493],[-14106338.911202447,-1069519.1609930245],[-14117498.890353141,-962567.3224975399],[-14127500.662675215,-855615.3432531537],[-14136457.282021128,-748663.4077529311],[-14144481.913706819,-641711.4941247561],[-14151687.723048223,-534759.5804965122],[-14158124.843753241,-427807.6370154205],[-14163591.927041471,-320855.74307204597],[-14167824.420895495,-213903.83600540232],[-14170557.85909951,-106951.92018991266],[-14171527.775437694,-4.488677127715918e-11],[-14170557.85909951,106951.92018991266],[-14167824.420895495,213903.83600540232],[-14163591.927041471,320855.74307204597],[-14158124.843753241,427807.6370154205],[-14151687.723048223,534759.5804965122],[-14144481.913706819,641711.4941247561],[-14136457.282021128,748663.4077529311],[-14127500.662675215,855615.3432531537],[-14117498.890353141,962567.3224975399],[-14106338.911202447,1069519.1609930245],[-14093912.221352851,1176471.1118039493],[-14080130.149529349,1283423.0669893846],[-14064908.797366066,1390374.943435271],[-14048164.266497115,1497326.658027551],[-14029812.632833537,1604278.8057519468],[-14009836.117176631,1711229.746851479],[-13988481.338235412,1818180.6704533368],[-13966061.007782765,1925131.8871417588],[-13942887.837591585,2032083.7075009833],[-13919274.956752516,2139038.321986049],[-13895401.040614646,2245992.381140681],[-13870912.992818957,2352946.5059138164],[-13845324.097062606,2459899.5370846638],[-13818147.637042746,2566850.3154324326],[-13788896.383593142,2673797.9667449715],[-13757166.073772524,2780741.4228984383],[-13722876.360807793,2887684.6340768393],[-13686028.83780537,2994631.926585305],[-13646625.097871667,3101587.6267289673],[-13604666.360332187,3208557.6115038935],[-13560178.01003328,3315540.3776675374],[-13513276.855364498,3422524.0581138916],[-13464103.123879232,3529492.5068639084],[-13412797.043130858,3636429.577938537],[-13359499.63665277,3743316.9992131763],[-13304289.150730126,3850141.0391377117],[-13247004.38391246,3956878.8655868014],[-13187422.950914316,4063507.9347699624],[-13125322.46645024,4170005.7028967137],[-13060479.77349401,4276351.583838239],[-12992779.301149575,4382520.593991931],[-12922524.192455057,4488495.335151117],[-12850123.644304156,4594257.926179609],[-12775986.853590557,4699790.485941217],[-12700523.20991679,4805073.646653474],[-12623996.28949875,4910090.16412583],[-12546089.457353877,5014810.753148197],[-12466340.63778349,5119205.279775709],[-12384287.75508892,5223243.610063502],[-12299469.153621696,5326895.725982913],[-12211546.114768574,5430131.345541669],[-12120677.566933535,5532923.315066147],[-12027146.218491772,5635244.448397533],[-11931234.777818466,5737067.559377016],[-11833225.388402475,5838367.444509198],[-11733367.981788708,5939113.229856327],[-11631775.40137355,6039279.896171955],[-11528527.145943213,6138840.719017626],[-11423702.714283913,6237768.9739548825],[-11317382.336898457,6336038.681964609],[-11209644.068488551,6433621.2884127395],[-11100568.151586404,6530486.358625431],[-10990234.116013162,6626602.373596765],[-10878721.491589962,6721937.814320828],[-10766109.65505452,6816459.832180709],[-10652432.921323827,6910135.467649582],[-10537543.111077478,7002913.287144262],[-10421246.67583139,7094739.08725952],[-10303350.067101466,7185558.664590124],[-10183659.50668745,7275318.116298032],[-10061891.85019778,7363971.626556646],[-9937403.096099805,7451510.435430355],[-9809459.417192116,7537934.470274311],[-9677326.986273313,7623243.658443662],[-9540272.657901915,7707438.096865358],[-9397955.627916673,7790443.798296254],[-9251614.54166588,7871892.193570899],[-9102881.738032987,7951340.967502234],[-8953389.555901432,8028347.804903194],[-8804769.952797024,8102470.441278092],[-8658472.072164567,8173303.822863192],[-8515210.124738213,8240592.734999793],[-8375514.735897576,8304119.275238022],[-8239916.531022271,8363665.541128009],[-8108948.1971599525,8419013.706323618],[-7983136.641801214,8469945.758928059],[-7863014.148028883,8516243.829905245],[-7749111.341222576,8557690.01680531],[-7641958.8467619065,8594066.417178381],[-7542086.782054451,8625154.6651]]},"properties":{"type":"meridian","value":-150}},
{"type":"Feature","geometry":{"type":"LineString","coordinates":[[-6787878.103849006,-8625154.6651],[-6877762.9620857155,-8594066.417178381],[-6974200.207100318,-8557690.01680531],[-7076712.733225995,-8516243.829905245],[-7184822.9776210915,-8469945.758928059],[-7298053.377443956,-8419013.706323618],[-7415924.877920044,-8363665.541128009],[-7537963.262307818,-8304119.275238022],[-7663689.112264391,-8240592.734999793],[-7792624.864948111,-8173303.822863192],[-7924292.957517321,-8102470.441278092],[-8058050.600311289,-8028347.804903194],[-8192593.564229687,-7951340.967502234],[-8326453.087499291,-7871892.193570899],[-8458160.065125005,-7790443.798296254],[-8586245.392111722,-7707438.096865358],[-8709594.28764598,-7623243.658443662],[-8828513.475472905,-7537934.470274311],[-8943662.786489824,-7451510.435430355],[-9055702.665178003,-7363971.626556646],[-9165293.556018705,-7275318.116298032],[-9273015.06039132,-7185558.664590124],[-9379122.00824825,-7094739.08725952],[-9483788.799969729,-7002913.287144262],[-9587189.629191443,-6910135.467649582],[-9689498.689549068,-6816459.832180709],[-9790849.342430966,-6721937.814320828],[-9891210.704411846,-6626602.373596765],[-9990511.336427763,-6530486.358625431],[-10088679.661639694,-6433621.2884127395],[-10185644.10320861,-6336038.681964609],[-10281332.44285552,-6237768.9739548825],[-10375674.431348892,-6138840.719017626],[-10468597.861236194,-6039279.896171955],[-10560031.183609838,-5939113.229856327],[-10649902.849562228,-5838367.444509198],[-10738111.300036618,-5737067.559377016],[-10824431.596642595,-5635244.448397533],[-10908609.810240183,-5532923.315066147],[-10990391.503291717,-5430131.345541669],[-11069522.238259526,-5326895.725982913],[-11145858.979580026,-5223243.610063502],[-11219706.574005142,-5119205.279775709],[-11291480.511618488,-5014810.753148197],[-11361596.660548873,-4910090.16412583],[-11430470.88892511,-4805073.646653474],[-11498388.168231502,-4699790.485941217],[-11565111.27987374,-4594257.926179609],[-11630271.773209551,-4488495.335151117],[-11693501.371034617,-4382520.593991931],[-11754431.796144608,-4276351.583838239],[-11812790.219805216,-4170005.7028967137],[-11868680.655822884,-4063507.9347699624],[-11922303.945521213,-3956878.8655868014],[-11973860.23565711,-3850141.0391377117],[-12023549.672987493,-3743316.9992131763],[-12071517.338817773,-3636429.577938537],[-12117692.811491307,-3529492.5068639084],[-12161949.16982805,-3422524.0581138916],[-12204160.20902995,-3315540.3776675374],[-12244199.724298969,-3208557.6115038935],[-12281962.5880845,-3101587.6267289673],[-12317425.95402483,-2994631.926585305],[-12350588.724727012,-2887684.6340768393],[-12381449.466395272,-2780741.4228984383],[-12410006.745233828,-2673797.9667449715],[-12436332.87333847,-2566850.3154324326],[-12460791.687356345,-2459899.5370846638],[-12483821.693537062,-2352946.5059138164],[-12505860.93655318,-2245992.381140681],[-12527347.461077264,-2139038.321986049],[-12548599.053832427,-2032083.7075009833],[-12569454.907004489,-1925131.8871417588],[-12589633.204411868,-1818180.6704533368],[-12608852.505458968,-1711229.746851479],[-12626831.369550182,-1604278.8057519468],[-12643347.839847403,-1497326.658027551],[-12658417.917629458,-1390374.943435271],[-12672117.134576414,-1283423.0669893846],[-12684520.999217564,-1176471.1118039493],[-12695705.0200822,-1069519.1609930245],[-12705749.001317829,-962567.3224975399],[-12714750.596407693,-855615.3432531537],[-12722811.553819014,-748663.4077529311],[-12730033.722336136,-641711.4941247561],[-12736518.950743398,-534759.5804965122],[-12742312.359377915,-427807.6370154205],[-12747232.734337322,-320855.74307204597],[-12751041.978805946,-213903.83600540232],[-12753502.073189557,-106951.92018991266],[-12754374.997893924,-4.488677127715918e-11],[-12753502.073189557,106951.92018991266],[-12751041.978805946,213903.83600540232],[-12747232.734337322,320855.74307204597],[-12742312.359377915,427807.6370154205],[-12736518.950743398,534759.5804965122],[-12730033.722336136,641711.4941247561],[-12722811.553819014,748663.4077529311],[-12714750.596407693,855615.3432531537],[-12705749.001317829,962567.3224975399],[-12695705.0200822,1069519.1609930245],[-12684520.999217564,1176471.1118039493],[-12672117.134576414,1283423.0669893846],[-12658417.917629458,1390374.943435271],[-12643347.839847403,1497326.658027551],[-12626831.369550182,1604278.8057519468],[-12608852.505458968,1711229.746851479],[-12589633.204411868,1818180.6704533368],[-12569454.907004489,1925131.8871417588],[-12548599.053832427,2032083.7075009833],[-12527347.461077264,2139038.321986049],[-12505860.93655318,2245992.381140681],[-12483821.693537062,2352946.5059138164],[-12460791.687356345,2459899.5370846638],[-12436332.87333847,2566850.3154324326],[-12410006.745233828,2673797.9667449715],[-12381449.466395272,2780741.4228984383],[-12350588.724727012,2887684.6340768393],[-12317425.95402483,2994631.926585305],[-12281962.5880845,3101587.6267289673],[-12244199.724298969,3208557.6115038935],[-12204160.20902995,3315540.3776675374],[-12161949.16982805,3422524.0581138916],[-12117692.811491307,3529492.5068639084],[-12071517.338817773,3636429.577938537],[-12023549.672987493,3743316.9992131763],[-11973860.23565711,3850141.0391377117],[-11922303.945521213,3956878.8655868014],[-11868680.655822884,4063507.9347699624],[-11812790.219805216,4170005.7028967137],[-11754431.796144608,4276351.583838239],[-11693501.371034617,4382520.593991931],[-11630271.773209551,4488495.335151117],[-11565111.27987374,4594257.926179609],[-11498388.168231502,4699790.485941217],[-11430470.88892511,4805073.646653474],[-11361596.660548873,4910090.16412583],[-11291480.511618488,5014810.753148197],[-11219706.574005142,5119205.279775709],[-11145858.979580026,5223243.610063502],[-11069522.238259526,5326895.725982913],[-10990391.503291717,5430131.345541669],[-10908609.810240183,5532923.315066147],[-10824431.596642595,5635244.448397533],[-10738111.300036618,5737067.559377016],[-10649902.849562228,5838367.444509198],[-10560031.183609838,5939113.229856327],[-10468597.861236194,6039279.896171955],[-10375674.431348892,6138840.719017626],[-10281332.44285552,6237768.9739548825],[-10185644.10320861,6336038.681964609],[-10088679.661639694,6433621.2884127395],[-9990511.336427763,6530486.358625431],[-9891210.704411846,6626602.373596765],[-9790849.342430966,6721937.814320828],[-9689498.689549068,6816459.832180709],[-9587189.629191443,6910135.467649582],[-9483788.799969729,7002913.287144262],[-9379122.00824825,7094739.08725952],[-9273015.06039132,7185558.664590124],[-9165293.556018705,7275318.116298032],[-9055702.665178003,7363971.626556646],[-8943662.786489824,7451510.435430355],[-8828513.475472905,7537934.470274311],[-8709594.28764598,7623243.658443662],[-8586245.392111722,7707438.096865358],[-8458160.065125005,7790443.798296254],[-8326453.087499291,7871892.193570899],[-8192593.564229687,7951340.967502234],[-8058050.600311289,8028347.804903194],[-7924292.957517321,8102470.441278092],[-7792624.864948111,8173303.822863192],[-7663689.112264391,8240592.734999793],[-7537963.262307818,8304119.275238022],[-7415924.877920044,8363665.541128009],[-7298053.377443956,8419013.706323618],[-7184822.9776210915,8469945.758928059],[-7076712.733225995,8516243.829905245],[-6974200.207100318,8557690.01680531],[-6877762.9620857155,8594066.417178381],[-6787878.103849006,8625154.6651]]},"properties":{"type":"meridian","value":-135}},
{"type":"Feature","geometry":{"type":"LineString","coordinates":[[-6033669.42564356,-8625154.6651],[-6113567.0774095245,-8594066.417178381],[-6199289.07297806,-8557690.01680531],[-6290411.318423105,-8516243.829905245],[-6386509.313440971,-8469945.758928059],[-6487158.557727961,-8419013.706323618],[-6591933.224817816,-8363665.541128009],[-6700411.78871806,-8304119.275238022],[-6812168.099790568,-8240592.734999793],[-6926777.657731652,-8173303.822863192],[-7043815.962237618,-8102470.441278092],[-7162711.644721144,-8028347.804903194],[-7282305.390426388,-7951340.967502234],[-7401291.633332703,-7871892.193570899],[-7518364.5023333365,-7790443.798296254],[-7632218.126321531,-7707438.096865358],[-7741861.589018649,-7623243.658443662],[-7847567.533753692,-7537934.470274311],[-7949922.4768798435,-7451510.435430355],[-8049513.480158225,-7363971.626556646],[-8146927.60534996,-7275318.116298032],[-8242680.0536811715,-7185558.664590124],[-8336997.340665111,-7094739.08725952],[-8430034.488861982,-7002913.287144262],[-8521946.337059058,-6910135.467649582],[-8612887.724043617,-6816459.832180709],[-8702977.193271969,-6721937.814320828],[-8792187.29281053,-6626602.373596765],[-8880454.521269122,-6530486.358625431],[-8967715.25479084,-6433621.2884127395],[-9053905.869518766,-6336038.681964609],[-9138962.171427129,-6237768.9739548825],[-9222821.716754569,-6138840.719017626],[-9305420.321098838,-6039279.896171955],[-9386694.385430966,-5939113.229856327],[-9466580.310721979,-5838367.444509198],[-9544987.822254771,-5737067.559377016],[-9621716.974793417,-5635244.448397533],[-9696542.053546827,-5532923.315066147],[-9769236.891814858,-5430131.345541669],[-9839575.322897356,-5326895.725982913],[-9907430.204071134,-5223243.610063502],[-9973072.51022679,-5119205.279775709],[-10036871.565883098,-5014810.753148197],[-10099197.031598998,-4910090.16412583],[-10160418.56793343,-4805073.646653474],[-10220789.482872445,-4699790.485941217],[-10280098.915443324,-4594257.926179609],[-10338019.353964046,-4488495.335151117],[-10394223.440919658,-4382520.593991931],[-10448383.818795208,-4276351.583838239],[-10500257.973160192,-4170005.7028967137],[-10549938.360731453,-4063507.9347699624],[-10597603.507129967,-3956878.8655868014],[-10643431.320584098,-3850141.0391377117],[-10687599.709322216,-3743316.9992131763],[-10730237.634504685,-3636429.577938537],[-10771282.499103382,-3529492.5068639084],[-10810621.4842916,-3422524.0581138916],[-10848142.408026623,-3315540.3776675374],[-10883733.088265749,-3208557.6115038935],[-10917300.078297332,-3101587.6267289673],[-10948823.070244294,-2994631.926585305],[-10978301.088646233,-2887684.6340768393],[-11005732.859018018,-2780741.4228984383],[-11031117.106874513,-2673797.9667449715],[-11054518.109634195,-2566850.3154324326],[-11076259.277650084,-2459899.5370846638],[-11096730.394255165,-2352946.5059138164],[-11116320.832491716,-2245992.381140681],[-11135419.96540201,-2139038.321986049],[-11154310.270073267,-2032083.7075009833],[-11172848.80622621,-1925131.8871417588],[-11190785.070588326,-1818180.6704533368],[-11207868.893741304,-1711229.746851479],[-11223850.106266828,-1604278.8057519468],[-11238531.41319769,-1497326.658027551],[-11251927.037892852,-1390374.943435271],[-11264104.119623479,-1283423.0669893846],[-11275129.77708228,-1176471.1118039493],[-11285071.128961956,-1069519.1609930245],[-11293999.112282513,-962567.3224975399],[-11302000.530140169,-855615.3432531537],[-11309165.825616902,-748663.4077529311],[-11315585.530965453,-641711.4941247561],[-11321350.178438576,-534759.5804965122],[-11326499.87500259,-427807.6370154205],[-11330873.541633174,-320855.74307204597],[-11334259.536716396,-213903.83600540232],[-11336446.287279606,-106951.92018991266],[-11337222.220350152,-4.488677127715918e-11],[-11336446.287279606,106951.92018991266],[-11334259.536716396,213903.83600540232],[-11330873.541633174,320855.74307204597],[-11326499.87500259,427807.6370154205],[-11321350.178438576,534759.5804965122],[-11315585.530965453,641711.4941247561],[-11309165.825616902,748663.4077529311],[-11302000.530140169,855615.3432531537],[-11293999.112282513,962567.3224975399],[-11285071.128961956,1069519.1609930245],[-11275129.77708228,1176471.1118039493],[-11264104.119623479,1283423.0669893846],[-11251927.037892852,1390374.943435271],[-11238531.41319769,1497326.658027551],[-11223850.106266828,1604278.8057519468],[-11207868.893741304,1711229.746851479],[-11190785.070588326,1818180.6704533368],[-11172848.80622621,1925131.8871417588],[-11154310.270073267,2032083.7075009833],[-11135419.96540201,2139038.321986049],[-11116320.832491716,2245992.381140681],[-11096730.394255165,2352946.5059138164],[-11076259.277650084,2459899.5370846638],[-11054518.109634195,2566850.3154324326],[-11031117.106874513,2673797.9667449715],[-11005732.859018018,2780741.4228984383],[-10978301.088646233,2887684.6340768393],[-10948823.070244294,2994631.926585305],[-10917300.078297332,3101587.6267289673],[-10883733.088265749,3208557.6115038935],[-10848142.408026623,3315540.3776675374],[-10810621.4842916,3422524.0581138916],[-10771282.499103382,3529492.5068639084],[-10730237.634504685,3636429.577938537],[-10687599.709322216,3743316.9992131763],[-10643431.320584098,3850141.0391377117],[-10597603.507129967,3956878.8655868014],[-10549938.360731453,4063507.9347699624],[-10500257.973160192,4170005.7028967137],[-10448383.818795208,4276351.583838239],[-10394223.440919658,4382520.593991931],[-10338019.353964046,4488495.335151117],[-10280098.915443324,4594257.926179609],[-10220789.482872445,4699790.485941217],[-10160418.56793343,4805073.646653474],[-10099197.031598998,4910090.16412583],[-10036871.565883098,5014810.753148197],[-9973072.51022679,5119205.279775709],[-9907430.204071134,5223243.610063502],[-9839575.322897356,5326895.725982913],[-9769236.891814858,5430131.345541669],[-9696542.053546827,5532923.315066147],[-9621716.974793417,5635244.448397533],[-9544987.822254771,5737067.559377016],[-9466580.310721979,5838367.444509198],[-9386694.385430966,5939113.229856327],[-9305420.321098838,6039279.896171955],[-9222821.716754569,6138840.719017626],[-9138962.171427129,6237768.9739548825],[-9053905.869518766,6336038.681964609],[-8967715.25479084,6433621.2884127395],[-8880454.521269122,6530486.358625431],[-8792187.29281053,6626602.373596765],[-8702977.193271969,6721937.814320828],[-8612887.724043617,6816459.832180709],[-8521946.337059058,6910135.467649582],[-8430034.488861982,7002913.287144262],[-8336997.340665111,7094739.08725952],[-8242680.0536811715,7185558.664590124],[-8146927.60534996,7275318.116298032],[-8049513.480158225,7363971.626556646],[-7949922.4768798435,7451510.435430355],[-7847567.533753692,7537934.470274311],[-7741861.589018649,7623243.658443662],[-7632218.126321531,7707438.096865358],[-7518364.5023333365,7790443.798296254],[-7401291.633332703,7871892.193570899],[-7282305.390426388,7951340.967502234],[-7162711.644721144,8028347.804903194],[-7043815.962237618,8102470.441278092],[-6926777.657731652,8173303.822863192],[-6812168.099790568,8240592.734999793],[-6700411.78871806,8304119.275238022],[-6591933.224817816,8363665.541128009],[-6487158.557727961,8419013.706323618],[-6386509.313440971,8469945.758928059],[-6290411.318423105,8516243.829905245],[-6199289.07297806,8557690.01680531],[-6113567.0774095245,8594066.417178381],[-6033669.42564356,8625154.6651]]},"properties":{"type":"meridian","value":-120}},
{"type":"Feature","geometry":{"type":"LineString","coordinates":[[-5279460.747438115,-8625154.6651],[-5349371.192733334,-8594066.417178381],[-5424377.938855803,-8557690.01680531],[-5504109.903620218,-8516243.829905245],[-5588195.64926085,-8469945.758928059],[-5676263.738011967,-8419013.706323618],[-5767941.57171559,-8363665.541128009],[-5862860.315128304,-8304119.275238022],[-5960647.087316749,-8240592.734999793],[-6060930.450515198,-8173303.822863192],[-6163338.9669579165,-8102470.441278092],[-6267372.689131003,-8028347.804903194],[-6372017.21662309,-7951340.967502234],[-6476130.179166116,-7871892.193570899],[-6578568.9395416705,-7790443.798296254],[-6678190.86053134,-7707438.096865358],[-6774128.89039132,-7623243.658443662],[-6866621.592034482,-7537934.470274311],[-6956182.167269863,-7451510.435430355],[-7043324.295138447,-7363971.626556646],[-7128561.654681215,-7275318.116298032],[-7212345.046971026,-7185558.664590124],[-7294872.673081973,-7094739.08725952],[-7376280.1777542345,-7002913.287144262],[-7456703.044926678,-6910135.467649582],[-7536276.758538165,-6816459.832180709],[-7615105.044112974,-6721937.814320828],[-7693163.881209213,-6626602.373596765],[-7770397.706110483,-6530486.358625431],[-7846750.847941985,-6433621.2884127395],[-7922167.63582892,-6336038.681964609],[-7996591.899998739,-6237768.9739548825],[-8069969.00216025,-6138840.719017626],[-8142242.780961484,-6039279.896171955],[-8213357.587252095,-5939113.229856327],[-8283257.771881734,-5838367.444509198],[-8351864.344472926,-5737067.559377016],[-8419002.35294424,-5635244.448397533],[-8484474.296853475,-5532923.315066147],[-8548082.280338002,-5430131.345541669],[-8609628.407535188,-5326895.725982913],[-8669001.428562244,-5223243.610063502],[-8726438.446448443,-5119205.279775709],[-8782262.620147713,-5014810.753148197],[-8836797.402649125,-4910090.16412583],[-8890366.246941753,-4805073.646653474],[-8943190.79751339,-4699790.485941217],[-8995086.551012909,-4594257.926179609],[-9045766.934718542,-4488495.335151117],[-9094945.510804702,-4382520.593991931],[-9142335.841445807,-4276351.583838239],[-9187725.726515168,-4170005.7028967137],[-9231196.065640023,-4063507.9347699624],[-9272903.068738723,-3956878.8655868014],[-9313002.405511087,-3850141.0391377117],[-9351649.74565694,-3743316.9992131763],[-9388957.9301916,-3636429.577938537],[-9424872.186715461,-3529492.5068639084],[-9459293.79875515,-3422524.0581138916],[-9492124.607023297,-3315540.3776675374],[-9523266.452232532,-3208557.6115038935],[-9552637.568510167,-3101587.6267289673],[-9580220.186463758,-2994631.926585305],[-9606013.452565456,-2887684.6340768393],[-9630016.251640767,-2780741.4228984383],[-9652227.4685152,-2673797.9667449715],[-9672703.345929923,-2566850.3154324326],[-9691726.867943825,-2459899.5370846638],[-9709639.094973272,-2352946.5059138164],[-9726780.728430253,-2245992.381140681],[-9743492.469726762,-2139038.321986049],[-9760021.48631411,-2032083.7075009833],[-9776242.705447936,-1925131.8871417588],[-9791936.936764788,-1818180.6704533368],[-9806885.282023642,-1711229.746851479],[-9820868.842983475,-1604278.8057519468],[-9833714.98654798,-1497326.658027551],[-9845436.158156246,-1390374.943435271],[-9856091.104670545,-1283423.0669893846],[-9865738.554946996,-1176471.1118039493],[-9874437.237841714,-1069519.1609930245],[-9882249.2232472,-962567.3224975399],[-9889250.46387265,-855615.3432531537],[-9895520.09741479,-748663.4077529311],[-9901137.339594774,-641711.4941247561],[-9906181.406133754,-534759.5804965122],[-9910687.390627267,-427807.6370154205],[-9914514.348929029,-320855.74307204597],[-9917477.094626848,-213903.83600540232],[-9919390.501369657,-106951.92018991266],[-9920069.442806385,-4.488677127715918e-11],[-9919390.501369657,106951.92018991266],[-9917477.094626848,213903.83600540232],[-9914514.348929029,320855.74307204597],[-9910687.390627267,427807.6370154205],[-9906181.406133754,534759.5804965122],[-9901137.339594774,641711.4941247561],[-9895520.09741479,748663.4077529311],[-9889250.46387265,855615.3432531537],[-9882249.2232472,962567.3224975399],[-9874437.237841714,1069519.1609930245],[-9865738.554946996,1176471.1118039493],[-9856091.104670545,1283423.0669893846],[-9845436.158156246,1390374.943435271],[-9833714.98654798,1497326.658027551],[-9820868.842983475,1604278.8057519468],[-9806885.282023642,1711229.746851479],[-9791936.936764788,1818180.6704533368],[-9776242.705447936,1925131.8871417588],[-9760021.48631411,2032083.7075009833],[-9743492.469726762,2139038.321986049],[-9726780.728430253,2245992.381140681],[-9709639.094973272,2352946.5059138164],[-9691726.867943825,2459899.5370846638],[-9672703.345929923,2566850.3154324326],[-9652227.4685152,2673797.9667449715],[-9630016.251640767,2780741.4228984383],[-9606013.452565456,2887684.6340768393],[-9580220.186463758,2994631.926585305],[-9552637.568510167,3101587.6267289673],[-9523266.452232532,3208557.6115038935],[-9492124.607023297,3315540.3776675374],[-9459293.79875515,3422524.0581138916],[-9424872.186715461,3529492.5068639084],[-9388957.9301916,3636429.577938537],[-9351649.74565694,3743316.9992131763],[-9313002.405511087,3850141.0391377117],[-9272903.068738723,3956878.8655868014],[-9231196.065640023,4063507.9347699624],[-9187725.726515168,4170005.7028967137],[-9142335.841445807,4276351.583838239],[-9094945.510804702,4382520.593991931],[-9045766.934718542,4488495.335151117],[-8995086.551012909,4594257.926179609],[-8943190.79751339,4699790.485941217],[-8890366.246941753,4805073.646653474],[-8836797.402649125,4910090.16412583],[-8782262.620147713,5014810.753148197],[-8726438.446448443,5119205.279775709],[-8669001.428562244,5223243.610063502],[-8609628.407535188,5326895.725982913],[-8548082.280338002,5430131.345541669],[-8484474.296853475,5532923.315066147],[-8419002.35294424,5635244.448397533],[-8351864.344472926,5737067.559377016],[-8283257.771881734,5838367.444509198],[-8213357.587252095,5939113.229856327],[-8142242.780961484,6039279.896171955],[-8069969.00216025,6138840.719017626],[-7996591.899998739,6237768.9739548825],[-7922167.63582892,6336038.681964609],[-7846750.847941985,6433621.2884127395],[-7770397.706110483,6530486.358625431],[-7693163.881209213,6626602.373596765],[-7615105.044112974,6721937.814320828],[-7536276.758538165,6816459.832180709],[-7456703.044926678,6910135.467649582],[-7376280.1777542345,7002913.287144262],[-7294872.673081973,7094739.08725952],[-7212345.046971026,7185558.664590124],[-7128561.654681215,7275318.116298032],[-7043324.295138447,7363971.626556646],[-6956182.167269863,7451510.435430355],[-6866621.592034482,7537934.470274311],[-6774128.89039132,7623243.658443662],[-6678190.86053134,7707438.096865358],[-6578568.9395416705,7790443.798296254],[-6476130.179166116,7871892.193570899],[-6372017.21662309,7951340.967502234],[-6267372.689131003,8028347.804903194],[-6163338.9669579165,8102470.441278092],[-6060930.450515198,8173303.822863192],[-5960647.087316749,8240592.734999793],[-5862860.315128304,8304119.275238022],[-5767941.57171559,8363665.541128009],[-5676263.738011967,8419013.706323618],[-5588195.64926085,8469945.758928059],[-5504109.903620218,8516243.829905245],[-5424377.938855803,8557690.01680531],[-5349371.192733334,8594066.417178381],[-5279460.747438115,8625154.6651]]},"properties":{"type":"meridian","value":-105}},
{"type":"Feature","geometry":{"type":"LineString","coordinates":[[-4525252.06923267,-8625154.6651],[-4585175.308057143,-8594066.417178381],[-4649466.8047335455,-8557690.01680531],[-4717808.4888173295,-8516243.829905245],[-4789881.985080728,-8469945.758928059],[-4865368.918295971,-8419013.706323618],[-4943949.918613362,-8363665.541128009],[-5025308.841538546,-8304119.275238022],[-5109126.074842927,-8240592.734999793],[-5195083.24329874,-8173303.822863192],[-5282861.971678213,-8102470.441278092],[-5372033.733540859,-8028347.804903194],[-5461729.0428197915,-7951340.967502234],[-5550968.724999527,-7871892.193570899],[-5638773.376750003,-7790443.798296254],[-5724163.594741149,-7707438.096865358],[-5806396.191763988,-7623243.658443662],[-5885675.65031527,-7537934.470274311],[-5962441.857659883,-7451510.435430355],[-6037135.1101186685,-7363971.626556646],[-6110195.704012469,-7275318.116298032],[-6182010.040260879,-7185558.664590124],[-6252748.005498834,-7094739.08725952],[-6322525.866646487,-7002913.287144262],[-6391459.752794295,-6910135.467649582],[-6459665.793032712,-6816459.832180709],[-6527232.894953976,-6721937.814320828],[-6594140.469607896,-6626602.373596765],[-6660340.890951842,-6530486.358625431],[-6725786.441093131,-6433621.2884127395],[-6790429.402139075,-6336038.681964609],[-6854221.628570347,-6237768.9739548825],[-6917116.287565928,-6138840.719017626],[-6979065.240824129,-6039279.896171955],[-7040020.789073225,-5939113.229856327],[-7099935.233041486,-5838367.444509198],[-7158740.866691079,-5737067.559377016],[-7216287.7310950635,-5635244.448397533],[-7272406.540160121,-5532923.315066147],[-7326927.668861145,-5430131.345541669],[-7379681.492173018,-5326895.725982913],[-7430572.653053352,-5223243.610063502],[-7479804.382670093,-5119205.279775709],[-7527653.674412324,-5014810.753148197],[-7574397.773699249,-4910090.16412583],[-7620313.925950073,-4805073.646653474],[-7665592.112154334,-4699790.485941217],[-7710074.186582493,-4594257.926179609],[-7753514.515473034,-4488495.335151117],[-7795667.580689745,-4382520.593991931],[-7836287.864096406,-4276351.583838239],[-7875193.479870144,-4170005.7028967137],[-7912453.77054859,-4063507.9347699624],[-7948202.630347476,-3956878.8655868014],[-7982573.490438074,-3850141.0391377117],[-8015699.7819916615,-3743316.9992131763],[-8047678.225878515,-3636429.577938537],[-8078461.874327538,-3529492.5068639084],[-8107966.1132187,-3422524.0581138916],[-8136106.806019967,-3315540.3776675374],[-8162799.816199312,-3208557.6115038935],[-8187975.058723,-3101587.6267289673],[-8211617.302683221,-2994631.926585305],[-8233725.816484676,-2887684.6340768393],[-8254299.644263514,-2780741.4228984383],[-8273337.830155886,-2673797.9667449715],[-8290888.582225648,-2566850.3154324326],[-8307194.458237563,-2459899.5370846638],[-8322547.795691374,-2352946.5059138164],[-8337240.624368787,-2245992.381140681],[-8351564.974051508,-2139038.321986049],[-8365732.702554951,-2032083.7075009833],[-8379636.604669659,-1925131.8871417588],[-8393088.802941246,-1818180.6704533368],[-8405901.670305979,-1711229.746851479],[-8417887.579700122,-1604278.8057519468],[-8428898.559898268,-1497326.658027551],[-8438945.278419638,-1390374.943435271],[-8448078.08971761,-1283423.0669893846],[-8456347.33281171,-1176471.1118039493],[-8463803.346721468,-1069519.1609930245],[-8470499.334211886,-962567.3224975399],[-8476500.397605127,-855615.3432531537],[-8481874.369212676,-748663.4077529311],[-8486689.148224091,-641711.4941247561],[-8491012.633828932,-534759.5804965122],[-8494874.906251945,-427807.6370154205],[-8498155.15622488,-320855.74307204597],[-8500694.652537297,-213903.83600540232],[-8502334.715459704,-106951.92018991266],[-8502916.665262615,-4.488677127715918e-11],[-8502334.715459704,106951.92018991266],[-8500694.652537297,213903.83600540232],[-8498155.15622488,320855.74307204597],[-8494874.906251945,427807.6370154205],[-8491012.633828932,534759.5804965122],[-8486689.148224091,641711.4941247561],[-8481874.369212676,748663.4077529311],[-8476500.397605127,855615.3432531537],[-8470499.334211886,962567.3224975399],[-8463803.346721468,1069519.1609930245],[-8456347.33281171,1176471.1118039493],[-8448078.08971761,1283423.0669893846],[-8438945.278419638,1390374.943435271],[-8428898.559898268,1497326.658027551],[-8417887.579700122,1604278.8057519468],[-8405901.670305979,1711229.746851479],[-8393088.802941246,1818180.6704533368],[-8379636.604669659,1925131.8871417588],[-8365732.702554951,2032083.7075009833],[-8351564.974051508,2139038.321986049],[-8337240.624368787,2245992.381140681],[-8322547.795691374,2352946.5059138164],[-8307194.458237563,2459899.5370846638],[-8290888.582225648,2566850.3154324326],[-8273337.830155886,2673797.9667449715],[-8254299.644263514,2780741.4228984383],[-8233725.816484676,2887684.6340768393],[-8211617.302683221,2994631.926585305],[-8187975.058723,3101587.6267289673],[-8162799.816199312,3208557.6115038935],[-8136106.806019967,3315540.3776675374],[-8107966.1132187,3422524.0581138916],[-8078461.874327538,3529492.5068639084],[-8047678.225878515,3636429.577938537],[-8015699.7819916615,3743316.9992131763],[-7982573.490438074,3850141.0391377117],[-7948202.630347476,3956878.8655868014],[-7912453.77054859,4063507.9347699624],[-7875193.479870144,4170005.7028967137],[-7836287.864096406,4276351.583838239],[-7795667.580689745,4382520.593991931],[-7753514.515473034,4488495.335151117],[-7710074.186582493,4594257.926179609],[-7665592.112154334,4699790.485941217],[-7620313.925950073,4805073.646653474],[-7574397.773699249,4910090.16412583],[-7527653.674412324,5014810.753148197],[-7479804.382670093,5119205.279775709],[-7430572.653053352,5223243.610063502],[-7379681.492173018,5326895.725982913],[-7326927.668861145,5430131.345541669],[-7272406.540160121,5532923.315066147],[-7216287.7310950635,5635244.448397533],[-7158740.866691079,5737067.559377016],[-7099935.233041486,5838367.444509198],[-7040020.789073225,5939113.229856327],[-6979065.240824129,6039279.896171955],[-6917116.287565928,6138840.719017626],[-6854221.628570347,6237768.9739548825],[-6790429.402139075,6336038.681964609],[-6725786.441093131,6433621.2884127395],[-6660340.890951842,6530486.358625431],[-6594140.469607896,6626602.373596765],[-6527232.894953976,6721937.814320828],[-6459665.793032712,6816459.832180709],[-6391459.752794295,6910135.467649582],[-6322525.866646487,7002913.287144262],[-6252748.005498834,7094739.08725952],[-6182010.040260879,7185558.664590124],[-6110195.704012469,7275318.116298032],[-6037135.1101186685,7363971.626556646],[-5962441.857659883,7451510.435430355],[-5885675.65031527,7537934.470274311],[-5806396.191763988,7623243.658443662],[-5724163.594741149,7707438.096865358],[-5638773.376750003,7790443.798296254],[-5550968.724999527,7871892.193570899],[-5461729.0428197915,7951340.967502234],[-5372033.733540859,8028347.804903194],[-5282861.971678213,8102470.441278092],[-5195083.24329874,8173303.822863192],[-5109126.074842927,8240592.734999793],[-5025308.841538546,8304119.275238022],[-4943949.918613362,8363665.541128009],[-4865368.918295971,8419013.706323618],[-4789881.985080728,8469945.758928059],[-4717808.4888173295,8516243.829905245],[-4649466.8047335455,8557690.01680531],[-4585175.308057143,8594066.417178381],[-4525252.06923267,8625154.6651]]},"properties":{"type":"meridian","value":-90}},
{"type":"Feature","geometry":{"type":"LineString","coordinates":[[-3771043.3910272256,-8625154.6651],[-3820979.4233809533,-8594066.417178381],[-3874555.670611288,-8557690.01680531],[-3931507.0740144416,-8516243.829905245],[-3991568.320900607,-8469945.758928059],[-4054474.0985799762,-8419013.706323618],[-4119958.2655111356,-8363665.541128009],[-4187757.367948788,-8304119.275238022],[-4257605.062369106,-8240592.734999793],[-4329236.036082284,-8173303.822863192],[-4402384.976398512,-8102470.441278092],[-4476694.777950716,-8028347.804903194],[-4551440.869016494,-7951340.967502234],[-4625807.27083294,-7871892.193570899],[-4698977.813958337,-7790443.798296254],[-4770136.328950957,-7707438.096865358],[-4838663.4931366565,-7623243.658443662],[-4904729.708596058,-7537934.470274311],[-4968701.548049903,-7451510.435430355],[-5030945.92509889,-7363971.626556646],[-5091829.753343725,-7275318.116298032],[-5151675.033550733,-7185558.664590124],[-5210623.337915695,-7094739.08725952],[-5268771.555538739,-7002913.287144262],[-5326216.460661913,-6910135.467649582],[-5383054.82752726,-6816459.832180709],[-5439360.745794981,-6721937.814320828],[-5495117.058006581,-6626602.373596765],[-5550284.075793202,-6530486.358625431],[-5604822.034244276,-6433621.2884127395],[-5658691.168449229,-6336038.681964609],[-5711851.357141957,-6237768.9739548825],[-5764263.572971607,-6138840.719017626],[-5815887.700686775,-6039279.896171955],[-5866683.990894354,-5939113.229856327],[-5916612.6942012375,-5838367.444509198],[-5965617.388909233,-5737067.559377016],[-6013573.109245886,-5635244.448397533],[-6060338.7834667675,-5532923.315066147],[-6105773.057384287,-5430131.345541669],[-6149734.576810848,-5326895.725982913],[-6192143.87754446,-5223243.610063502],[-6233170.318891745,-5119205.279775709],[-6273044.728676938,-5014810.753148197],[-6311998.144749375,-4910090.16412583],[-6350261.604958395,-4805073.646653474],[-6387993.426795279,-4699790.485941217],[-6425061.822152078,-4594257.926179609],[-6461262.0962275285,-4488495.335151117],[-6496389.6505747875,-4382520.593991931],[-6530239.886747005,-4276351.583838239],[-6562661.23322512,-4170005.7028967137],[-6593711.475457158,-4063507.9347699624],[-6623502.19195623,-3956878.8655868014],[-6652144.575365063,-3850141.0391377117],[-6679749.818326385,-3743316.9992131763],[-6706398.521565429,-3636429.577938537],[-6732051.561939616,-3529492.5068639084],[-6756638.427682249,-3422524.0581138916],[-6780089.00501664,-3315540.3776675374],[-6802333.180166094,-3208557.6115038935],[-6823312.548935833,-3101587.6267289673],[-6843014.418902685,-2994631.926585305],[-6861438.180403897,-2887684.6340768393],[-6878583.036886262,-2780741.4228984383],[-6894448.191796571,-2673797.9667449715],[-6909073.818521373,-2566850.3154324326],[-6922662.048531303,-2459899.5370846638],[-6935456.496409479,-2352946.5059138164],[-6947700.520307323,-2245992.381140681],[-6959637.478376258,-2139038.321986049],[-6971443.918795792,-2032083.7075009833],[-6983030.503891382,-1925131.8871417588],[-6994240.669117706,-1818180.6704533368],[-7004918.058588316,-1711229.746851479],[-7014906.316416768,-1604278.8057519468],[-7024082.133248557,-1497326.658027551],[-7032454.398683033,-1390374.943435271],[-7040065.0747646745,-1283423.0669893846],[-7046956.1106764255,-1176471.1118039493],[-7053169.455601224,-1069519.1609930245],[-7058749.445176571,-962567.3224975399],[-7063750.3313376075,-855615.3432531537],[-7068228.641010564,-748663.4077529311],[-7072240.956853409,-641711.4941247561],[-7075843.861524112,-534759.5804965122],[-7079062.4218766205,-427807.6370154205],[-7081795.9635207355,-320855.74307204597],[-7083912.210447747,-213903.83600540232],[-7085278.929549755,-106951.92018991266],[-7085763.887718847,-4.488677127715918e-11],[-7085278.929549755,106951.92018991266],[-7083912.210447747,213903.83600540232],[-7081795.9635207355,320855.74307204597],[-7079062.4218766205,427807.6370154205],[-7075843.861524112,534759.5804965122],[-7072240.956853409,641711.4941247561],[-7068228.641010564,748663.4077529311],[-7063750.3313376075,855615.3432531537],[-7058749.445176571,962567.3224975399],[-7053169.455601224,1069519.1609930245],[-7046956.1106764255,1176471.1118039493],[-7040065.0747646745,1283423.0669893846],[-7032454.398683033,1390374.943435271],[-7024082.133248557,1497326.658027551],[-7014906.316416768,1604278.8057519468],[-7004918.058588316,1711229.746851479],[-6994240.669117706,1818180.6704533368],[-6983030.503891382,1925131.8871417588],[-6971443.918795792,2032083.7075009833],[-6959637.478376258,2139038.321986049],[-6947700.520307323,2245992.381140681],[-6935456.496409479,2352946.5059138164],[-6922662.048531303,2459899.5370846638],[-6909073.818521373,2566850.3154324326],[-6894448.191796571,2673797.9667449715],[-6878583.036886262,2780741.4228984383],[-6861438.180403897,2887684.6340768393],[-6843014.418902685,2994631.926585305],[-6823312.548935833,3101587.6267289673],[-6802333.180166094,3208557.6115038935],[-6780089.00501664,3315540.3776675374],[-6756638.427682249,3422524.0581138916],[-6732051.561939616,3529492.5068639084],[-6706398.521565429,3636429.577938537],[-6679749.818326385,3743316.9992131763],[-6652144.575365063,3850141.0391377117],[-6623502.19195623,3956878.8655868014],[-6593711.475457158,4063507.9347699624],[-6562661.23322512,4170005.7028967137],[-6530239.886747005,4276351.583838239],[-6496389.6505747875,4382520.593991931],[-6461262.0962275285,4488495.335151117],[-6425061.822152078,4594257.926179609],[-6387993.426795279,4699790.485941217],[-6350261.604958395,4805073.646653474],[-6311998.144749375,4910090.16412583],[-6273044.728676938,5014810.753148197],[-6233170.318891745,5119205.279775709],[-6192143.87754446,5223243.610063502],[-6149734.576810848,5326895.725982913],[-6105773.057384287,5430131.345541669],[-6060338.7834667675,5532923.315066147],[-6013573.109245886,5635244.448397533],[-5965617.388909233,5737067.559377016],[-5916612.6942012375,5838367.444509198],[-5866683.990894354,5939113.229856327],[-5815887.700686775,6039279.896171955],[-5764263.572971607,6138840.719017626],[-5711851.357141957,6237768.9739548825],[-5658691.168449229,6336038.681964609],[-5604822.034244276,6433621.2884127395],[-5550284.075793202,6530486.358625431],[-5495117.058006581,6626602.373596765],[-5439360.745794981,6721937.814320828],[-5383054.82752726,6816459.832180709],[-5326216.460661913,6910135.467649582],[-5268771.555538739,7002913.287144262],[-5210623.337915695,7094739.08725952],[-5151675.033550733,7185558.664590124],[-5091829.753343725,7275318.116298032],[-5030945.92509889,7363971.626556646],[-4968701.548049903,7451510.435430355],[-4904729.708596058,7537934.470274311],[-4838663.4931366565,7623243.658443662],[-4770136.328950957,7707438.096865358],[-4698977.813958337,7790443.798296254],[-4625807.27083294,7871892.193570899],[-4551440.869016494,7951340.967502234],[-4476694.777950716,8028347.804903194],[-4402384.976398512,8102470.441278092],[-4329236.036082284,8173303.822863192],[-4257605.062369106,8240592.734999793],[-4187757.367948788,8304119.275238022],[-4119958.2655111356,8363665.541128009],[-4054474.0985799762,8419013.706323618],[-3991568.320900607,8469945.758928059],[-3931507.0740144416,8516243.829905245],[-3874555.670611288,8557690.01680531],[-3820979.4233809533,8594066.417178381],[-3771043.3910272256,8625154.6651]]},"properties":{"type":"meridian","value":-75}},
{"type":"Feature","geometry":{"type":"LineString","coordinates":[[-3016834.71282178,-8625154.6651],[-3056783.5387047622,-8594066.417178381],[-3099644.53648903,-8557690.01680531],[-3145205.6592115527,-8516243.829905245],[-3193254.6567204855,-8469945.758928059],[-3243579.2788639804,-8419013.706323618],[-3295966.612408908,-8363665.541128009],[-3350205.89435903,-8304119.275238022],[-3406084.049895284,-8240592.734999793],[-3463388.828865826,-8173303.822863192],[-3521907.981118809,-8102470.441278092],[-3581355.822360572,-8028347.804903194],[-3641152.695213194,-7951340.967502234],[-3700645.8166663516,-7871892.193570899],[-3759182.2511666683,-7790443.798296254],[-3816109.0631607655,-7707438.096865358],[-3870930.7945093247,-7623243.658443662],[-3923783.766876846,-7537934.470274311],[-3974961.2384399218,-7451510.435430355],[-4024756.7400791124,-7363971.626556646],[-4073463.80267498,-7275318.116298032],[-4121340.0268405857,-7185558.664590124],[-4168498.6703325557,-7094739.08725952],[-4215017.244430991,-7002913.287144262],[-4260973.168529529,-6910135.467649582],[-4306443.8620218085,-6816459.832180709],[-4351488.596635984,-6721937.814320828],[-4396093.646405265,-6626602.373596765],[-4440227.260634561,-6530486.358625431],[-4483857.62739542,-6433621.2884127395],[-4526952.934759383,-6336038.681964609],[-4569481.085713564,-6237768.9739548825],[-4611410.858377284,-6138840.719017626],[-4652710.160549419,-6039279.896171955],[-4693347.192715483,-5939113.229856327],[-4733290.155360989,-5838367.444509198],[-4772493.911127386,-5737067.559377016],[-4810858.487396709,-5635244.448397533],[-4848271.026773414,-5532923.315066147],[-4884618.445907429,-5430131.345541669],[-4919787.661448678,-5326895.725982913],[-4953715.102035567,-5223243.610063502],[-4986536.255113395,-5119205.279775709],[-5018435.782941549,-5014810.753148197],[-5049598.515799499,-4910090.16412583],[-5080209.283966715,-4805073.646653474],[-5110394.741436223,-4699790.485941217],[-5140049.457721662,-4594257.926179609],[-5169009.676982023,-4488495.335151117],[-5197111.720459829,-4382520.593991931],[-5224191.909397604,-4276351.583838239],[-5250128.986580096,-4170005.7028967137],[-5274969.180365726,-4063507.9347699624],[-5298801.753564984,-3956878.8655868014],[-5321715.660292049,-3850141.0391377117],[-5343799.854661108,-3743316.9992131763],[-5365118.817252343,-3636429.577938537],[-5385641.249551691,-3529492.5068639084],[-5405310.7421458,-3422524.0581138916],[-5424071.204013311,-3315540.3776675374],[-5441866.544132874,-3208557.6115038935],[-5458650.039148666,-3101587.6267289673],[-5474411.535122147,-2994631.926585305],[-5489150.544323117,-2887684.6340768393],[-5502866.429509009,-2780741.4228984383],[-5515558.553437256,-2673797.9667449715],[-5527259.054817097,-2566850.3154324326],[-5538129.638825042,-2459899.5370846638],[-5548365.1971275825,-2352946.5059138164],[-5558160.416245858,-2245992.381140681],[-5567709.982701005,-2139038.321986049],[-5577155.135036633,-2032083.7075009833],[-5586424.403113105,-1925131.8871417588],[-5595392.535294163,-1818180.6704533368],[-5603934.446870652,-1711229.746851479],[-5611925.053133414,-1604278.8057519468],[-5619265.706598845,-1497326.658027551],[-5625963.518946426,-1390374.943435271],[-5632052.059811739,-1283423.0669893846],[-5637564.88854114,-1176471.1118039493],[-5642535.564480978,-1069519.1609930245],[-5646999.556141256,-962567.3224975399],[-5651000.2650700845,-855615.3432531537],[-5654582.912808451,-748663.4077529311],[-5657792.7654827265,-641711.4941247561],[-5660675.089219288,-534759.5804965122],[-5663249.937501295,-427807.6370154205],[-5665436.770816587,-320855.74307204597],[-5667129.768358198,-213903.83600540232],[-5668223.143639803,-106951.92018991266],[-5668611.110175076,-4.488677127715918e-11],[-5668223.143639803,106951.92018991266],[-5667129.768358198,213903.83600540232],[-5665436.770816587,320855.74307204597],[-5663249.937501295,427807.6370154205],[-5660675.089219288,534759.5804965122],[-5657792.7654827265,641711.4941247561],[-5654582.912808451,748663.4077529311],[-5651000.2650700845,855615.3432531537],[-5646999.556141256,962567.3224975399],[-5642535.564480978,1069519.1609930245],[-5637564.88854114,1176471.1118039493],[-5632052.059811739,1283423.0669893846],[-5625963.518946426,1390374.943435271],[-5619265.706598845,1497326.658027551],[-5611925.053133414,1604278.8057519468],[-5603934.446870652,1711229.746851479],[-5595392.535294163,1818180.6704533368],[-5586424.403113105,1925131.8871417588],[-5577155.135036633,2032083.7075009833],[-5567709.982701005,2139038.321986049],[-5558160.416245858,2245992.381140681],[-5548365.1971275825,2352946.5059138164],[-5538129.638825042,2459899.5370846638],[-5527259.054817097,2566850.3154324326],[-5515558.553437256,2673797.9667449715],[-5502866.429509009,2780741.4228984383],[-5489150.544323117,2887684.6340768393],[-5474411.535122147,2994631.926585305],[-5458650.039148666,3101587.6267289673],[-5441866.544132874,3208557.6115038935],[-5424071.204013311,3315540.3776675374],[-5405310.7421458,3422524.0581138916],[-5385641.249551691,3529492.5068639084],[-5365118.817252343,3636429.577938537],[-5343799.854661108,3743316.9992131763],[-5321715.660292049,3850141.0391377117],[-5298801.753564984,3956878.8655868014],[-5274969.180365726,4063507.9347699624],[-5250128.986580096,4170005.7028967137],[-5224191.909397604,4276351.583838239],[-5197111.720459829,4382520.593991931],[-5169009.676982023,4488495.335151117],[-5140049.457721662,4594257.926179609],[-5110394.741436223,4699790.485941217],[-5080209.283966715,4805073.646653474],[-5049598.515799499,4910090.16412583],[-5018435.782941549,5014810.753148197],[-4986536.255113395,5119205.279775709],[-4953715.102035567,5223243.610063502],[-4919787.661448678,5326895.725982913],[-4884618.445907429,5430131.345541669],[-4848271.026773414,5532923.315066147],[-4810858.487396709,5635244.448397533],[-4772493.911127386,5737067.559377016],[-4733290.155360989,5838367.444509198],[-4693347.192715483,5939113.229856327],[-4652710.160549419,6039279.896171955],[-4611410.858377284,6138840.719017626],[-4569481.085713564,6237768.9739548825],[-4526952.934759383,6336038.681964609],[-4483857.62739542,6433621.2884127395],[-4440227.260634561,6530486.358625431],[-4396093.646405265,6626602.373596765],[-4351488.596635984,6721937.814320828],[-4306443.8620218085,6816459.832180709],[-4260973.168529529,6910135.467649582],[-4215017.244430991,7002913.287144262],[-4168498.6703325557,7094739.08725952],[-4121340.0268405857,7185558.664590124],[-4073463.80267498,7275318.116298032],[-4024756.7400791124,7363971.626556646],[-3974961.2384399218,7451510.435430355],[-3923783.766876846,7537934.470274311],[-3870930.7945093247,7623243.658443662],[-3816109.0631607655,7707438.096865358],[-3759182.2511666683,7790443.798296254],[-3700645.8166663516,7871892.193570899],[-3641152.695213194,7951340.967502234],[-3581355.822360572,8028347.804903194],[-3521907.981118809,8102470.441278092],[-3463388.828865826,8173303.822863192],[-3406084.049895284,8240592.734999793],[-3350205.89435903,8304119.275238022],[-3295966.612408908,8363665.541128009],[-3243579.2788639804,8419013.706323618],[-3193254.6567204855,8469945.758928059],[-3145205.6592115527,8516243.829905245],[-3099644.53648903,8557690.01680531],[-3056783.5387047622,8594066.417178381],[-3016834.71282178,8625154.6651]]},"properties":{"type":"meridian","value":-60}},
{"type":"Feature","geometry":{"type":"LineString","coordinates":[[-2262626.034616335,-8625154.6651],[-2292587.6540285717,-8594066.417178381],[-2324733.4023667728,-8557690.01680531],[-2358904.2444086648,-8516243.829905245],[-2394940.992540364,-8469945.758928059],[-2432684.4591479856,-8419013.706323618],[-2471974.959306681,-8363665.541128009],[-2512654.420769273,-8304119.275238022],[-2554563.0374214635,-8240592.734999793],[-2597541.62164937,-8173303.822863192],[-2641430.9858391066,-8102470.441278092],[-2686016.8667704295,-8028347.804903194],[-2730864.5214098957,-7951340.967502234],[-2775484.3624997637,-7871892.193570899],[-2819386.6883750013,-7790443.798296254],[-2862081.7973705744,-7707438.096865358],[-2903198.095881994,-7623243.658443662],[-2942837.825157635,-7537934.470274311],[-2981220.9288299414,-7451510.435430355],[-3018567.5550593343,-7363971.626556646],[-3055097.8520062347,-7275318.116298032],[-3091005.0201304397,-7185558.664590124],[-3126374.002749417,-7094739.08725952],[-3161262.9333232436,-7002913.287144262],[-3195729.8763971473,-6910135.467649582],[-3229832.896516356,-6816459.832180709],[-3263616.447476988,-6721937.814320828],[-3297070.234803948,-6626602.373596765],[-3330170.445475921,-6530486.358625431],[-3362893.2205465655,-6433621.2884127395],[-3395214.7010695376,-6336038.681964609],[-3427110.8142851735,-6237768.9739548825],[-3458558.143782964,-6138840.719017626],[-3489532.6204120647,-6039279.896171955],[-3520010.3945366126,-5939113.229856327],[-3549967.616520743,-5838367.444509198],[-3579370.4333455395,-5737067.559377016],[-3608143.8655475318,-5635244.448397533],[-3636203.2700800607,-5532923.315066147],[-3663463.8344305726,-5430131.345541669],[-3689840.746086509,-5326895.725982913],[-3715286.326526676,-5223243.610063502],[-3739902.1913350467,-5119205.279775709],[-3763826.837206162,-5014810.753148197],[-3787198.8868496246,-4910090.16412583],[-3810156.9629750364,-4805073.646653474],[-3832796.056077167,-4699790.485941217],[-3855037.0932912463,-4594257.926179609],[-3876757.257736517,-4488495.335151117],[-3897833.7903448725,-4382520.593991931],[-3918143.932048203,-4276351.583838239],[-3937596.739935072,-4170005.7028967137],[-3956226.885274295,-4063507.9347699624],[-3974101.315173738,-3956878.8655868014],[-3991286.745219037,-3850141.0391377117],[-4007849.8909958308,-3743316.9992131763],[-4023839.1129392576,-3636429.577938537],[-4039230.937163769,-3529492.5068639084],[-4053983.05660935,-3422524.0581138916],[-4068053.4030099837,-3315540.3776675374],[-4081399.908099656,-3208557.6115038935],[-4093987.5293615,-3101587.6267289673],[-4105808.6513416106,-2994631.926585305],[-4116862.908242338,-2887684.6340768393],[-4127149.822131757,-2780741.4228984383],[-4136668.915077943,-2673797.9667449715],[-4145444.291112824,-2566850.3154324326],[-4153597.2291187816,-2459899.5370846638],[-4161273.897845687,-2352946.5059138164],[-4168620.3121843934,-2245992.381140681],[-4175782.487025754,-2139038.321986049],[-4182866.3512774757,-2032083.7075009833],[-4189818.3023348297,-1925131.8871417588],[-4196544.401470623,-1818180.6704533368],[-4202950.835152989,-1711229.746851479],[-4208943.789850061,-1604278.8057519468],[-4214449.279949134,-1497326.658027551],[-4219472.639209819,-1390374.943435271],[-4224039.044858805,-1283423.0669893846],[-4228173.666405855,-1176471.1118039493],[-4231901.673360734,-1069519.1609930245],[-4235249.667105943,-962567.3224975399],[-4238250.198802563,-855615.3432531537],[-4240937.184606338,-748663.4077529311],[-4243344.574112046,-641711.4941247561],[-4245506.316914466,-534759.5804965122],[-4247437.453125972,-427807.6370154205],[-4249077.57811244,-320855.74307204597],[-4250347.326268649,-213903.83600540232],[-4251167.357729852,-106951.92018991266],[-4251458.332631308,-4.488677127715918e-11],[-4251167.357729852,106951.92018991266],[-4250347.326268649,213903.83600540232],[-4249077.57811244,320855.74307204597],[-4247437.453125972,427807.6370154205],[-4245506.316914466,534759.5804965122],[-4243344.574112046,641711.4941247561],[-4240937.184606338,748663.4077529311],[-4238250.198802563,855615.3432531537],[-4235249.667105943,962567.3224975399],[-4231901.673360734,1069519.1609930245],[-4228173.666405855,1176471.1118039493],[-4224039.044858805,1283423.0669893846],[-4219472.639209819,1390374.943435271],[-4214449.279949134,1497326.658027551],[-4208943.789850061,1604278.8057519468],[-4202950.835152989,1711229.746851479],[-4196544.401470623,1818180.6704533368],[-4189818.3023348297,1925131.8871417588],[-4182866.3512774757,2032083.7075009833],[-4175782.487025754,2139038.321986049],[-4168620.3121843934,2245992.381140681],[-4161273.897845687,2352946.5059138164],[-4153597.2291187816,2459899.5370846638],[-4145444.291112824,2566850.3154324326],[-4136668.915077943,2673797.9667449715],[-4127149.822131757,2780741.4228984383],[-4116862.908242338,2887684.6340768393],[-4105808.6513416106,2994631.926585305],[-4093987.5293615,3101587.6267289673],[-4081399.908099656,3208557.6115038935],[-4068053.4030099837,3315540.3776675374],[-4053983.05660935,3422524.0581138916],[-4039230.937163769,3529492.5068639084],[-4023839.1129392576,3636429.577938537],[-4007849.8909958308,3743316.9992131763],[-3991286.745219037,3850141.0391377117],[-3974101.315173738,3956878.8655868014],[-3956226.885274295,4063507.9347699624],[-3937596.739935072,4170005.7028967137],[-3918143.932048203,4276351.583838239],[-3897833.7903448725,4382520.593991931],[-3876757.257736517,4488495.335151117],[-3855037.0932912463,4594257.926179609],[-3832796.056077167,4699790.485941217],[-3810156.9629750364,4805073.646653474],[-3787198.8868496246,4910090.16412583],[-3763826.837206162,5014810.753148197],[-3739902.1913350467,5119205.279775709],[-3715286.326526676,5223243.610063502],[-3689840.746086509,5326895.725982913],[-3663463.8344305726,5430131.345541669],[-3636203.2700800607,5532923.315066147],[-3608143.8655475318,5635244.448397533],[-3579370.4333455395,5737067.559377016],[-3549967.616520743,5838367.444509198],[-3520010.3945366126,5939113.229856327],[-3489532.6204120647,6039279.896171955],[-3458558.143782964,6138840.719017626],[-3427110.8142851735,6237768.9739548825],[-3395214.7010695376,6336038.681964609],[-3362893.2205465655,6433621.2884127395],[-3330170.445475921,6530486.358625431],[-3297070.234803948,6626602.373596765],[-3263616.447476988,6721937.814320828],[-3229832.896516356,6816459.832180709],[-3195729.8763971473,6910135.467649582],[-3161262.9333232436,7002913.287144262],[-3126374.002749417,7094739.08725952],[-3091005.0201304397,7185558.664590124],[-3055097.8520062347,7275318.116298032],[-3018567.5550593343,7363971.626556646],[-2981220.9288299414,7451510.435430355],[-2942837.825157635,7537934.470274311],[-2903198.095881994,7623243.658443662],[-2862081.7973705744,7707438.096865358],[-2819386.6883750013,7790443.798296254],[-2775484.3624997637,7871892.193570899],[-2730864.5214098957,7951340.967502234],[-2686016.8667704295,8028347.804903194],[-2641430.9858391066,8102470.441278092],[-2597541.62164937,8173303.822863192],[-2554563.0374214635,8240592.734999793],[-2512654.420769273,8304119.275238022],[-2471974.959306681,8363665.541128009],[-2432684.4591479856,8419013.706323618],[-2394940.992540364,8469945.758928059],[-2358904.2444086648,8516243.829905245],[-2324733.4023667728,8557690.01680531],[-2292587.6540285717,8594066.417178381],[-2262626.034616335,8625154.6651]]},"properties":{"type":"meridian","value":-45}},
{"type":"Feature","geometry":{"type":"LineString","coordinates":[[-1508417.35641089,-8625154.6651],[-1528391.7693523811,-8594066.417178381],[-1549822.268244515,-8557690.01680531],[-1572602.8296057764,-8516243.829905245],[-1596627.3283602428,-8469945.758928059],[-1621789.6394319902,-8419013.706323618],[-1647983.306204454,-8363665.541128009],[-1675102.947179515,-8304119.275238022],[-1703042.024947642,-8240592.734999793],[-1731694.414432913,-8173303.822863192],[-1760953.9905594045,-8102470.441278092],[-1790677.911180286,-8028347.804903194],[-1820576.347606597,-7951340.967502234],[-1850322.9083331758,-7871892.193570899],[-1879591.1255833341,-7790443.798296254],[-1908054.5315803827,-7707438.096865358],[-1935465.3972546624,-7623243.658443662],[-1961891.883438423,-7537934.470274311],[-1987480.6192199609,-7451510.435430355],[-2012378.3700395562,-7363971.626556646],[-2036731.90133749,-7275318.116298032],[-2060670.0134202929,-7185558.664590124],[-2084249.3351662778,-7094739.08725952],[-2107508.6222154954,-7002913.287144262],[-2130486.5842647646,-6910135.467649582],[-2153221.9310109043,-6816459.832180709],[-2175744.298317992,-6721937.814320828],[-2198046.8232026324,-6626602.373596765],[-2220113.6303172805,-6530486.358625431],[-2241928.81369771,-6433621.2884127395],[-2263476.4673796915,-6336038.681964609],[-2284740.542856782,-6237768.9739548825],[-2305705.429188642,-6138840.719017626],[-2326355.0802747095,-6039279.896171955],[-2346673.5963577414,-5939113.229856327],[-2366645.0776804946,-5838367.444509198],[-2386246.955563693,-5737067.559377016],[-2405429.2436983543,-5635244.448397533],[-2424135.513386707,-5532923.315066147],[-2442309.2229537144,-5430131.345541669],[-2459893.830724339,-5326895.725982913],[-2476857.5510177836,-5223243.610063502],[-2493268.1275566975,-5119205.279775709],[-2509217.8914707745,-5014810.753148197],[-2524799.2578997496,-4910090.16412583],[-2540104.6419833577,-4805073.646653474],[-2555197.3707181113,-4699790.485941217],[-2570024.728860831,-4594257.926179609],[-2584504.8384910114,-4488495.335151117],[-2598555.8602299145,-4382520.593991931],[-2612095.954698802,-4276351.583838239],[-2625064.493290048,-4170005.7028967137],[-2637484.590182863,-4063507.9347699624],[-2649400.876782492,-3956878.8655868014],[-2660857.8301460245,-3850141.0391377117],[-2671899.927330554,-3743316.9992131763],[-2682559.4086261713,-3636429.577938537],[-2692820.6247758456,-3529492.5068639084],[-2702655.3710729,-3422524.0581138916],[-2712035.6020066557,-3315540.3776675374],[-2720933.272066437,-3208557.6115038935],[-2729325.019574333,-3101587.6267289673],[-2737205.7675610734,-2994631.926585305],[-2744575.2721615583,-2887684.6340768393],[-2751433.2147545046,-2780741.4228984383],[-2757779.276718628,-2673797.9667449715],[-2763629.5274085486,-2566850.3154324326],[-2769064.819412521,-2459899.5370846638],[-2774182.5985637913,-2352946.5059138164],[-2779080.208122929,-2245992.381140681],[-2783854.9913505027,-2139038.321986049],[-2788577.5675183167,-2032083.7075009833],[-2793212.2015565527,-1925131.8871417588],[-2797696.2676470815,-1818180.6704533368],[-2801967.223435326,-1711229.746851479],[-2805962.526566707,-1604278.8057519468],[-2809632.8532994227,-1497326.658027551],[-2812981.759473213,-1390374.943435271],[-2816026.0299058696,-1283423.0669893846],[-2818782.44427057,-1176471.1118039493],[-2821267.782240489,-1069519.1609930245],[-2823499.778070628,-962567.3224975399],[-2825500.1325350422,-855615.3432531537],[-2827291.4564042254,-748663.4077529311],[-2828896.3827413633,-641711.4941247561],[-2830337.544609644,-534759.5804965122],[-2831624.9687506473,-427807.6370154205],[-2832718.3854082935,-320855.74307204597],[-2833564.884179099,-213903.83600540232],[-2834111.5718199015,-106951.92018991266],[-2834305.555087538,-4.488677127715918e-11],[-2834111.5718199015,106951.92018991266],[-2833564.884179099,213903.83600540232],[-2832718.3854082935,320855.74307204597],[-2831624.9687506473,427807.6370154205],[-2830337.544609644,534759.5804965122],[-2828896.3827413633,641711.4941247561],[-2827291.4564042254,748663.4077529311],[-2825500.1325350422,855615.3432531537],[-2823499.778070628,962567.3224975399],[-2821267.782240489,1069519.1609930245],[-2818782.44427057,1176471.1118039493],[-2816026.0299058696,1283423.0669893846],[-2812981.759473213,1390374.943435271],[-2809632.8532994227,1497326.658027551],[-2805962.526566707,1604278.8057519468],[-2801967.223435326,1711229.746851479],[-2797696.2676470815,1818180.6704533368],[-2793212.2015565527,1925131.8871417588],[-2788577.5675183167,2032083.7075009833],[-2783854.9913505027,2139038.321986049],[-2779080.208122929,2245992.381140681],[-2774182.5985637913,2352946.5059138164],[-2769064.819412521,2459899.5370846638],[-2763629.5274085486,2566850.3154324326],[-2757779.276718628,2673797.9667449715],[-2751433.2147545046,2780741.4228984383],[-2744575.2721615583,2887684.6340768393],[-2737205.7675610734,2994631.926585305],[-2729325.019574333,3101587.6267289673],[-2720933.272066437,3208557.6115038935],[-2712035.6020066557,3315540.3776675374],[-2702655.3710729,3422524.0581138916],[-2692820.6247758456,3529492.5068639084],[-2682559.4086261713,3636429.577938537],[-2671899.927330554,3743316.9992131763],[-2660857.8301460245,3850141.0391377117],[-2649400.876782492,3956878.8655868014],[-2637484.590182863,4063507.9347699624],[-2625064.493290048,4170005.7028967137],[-2612095.954698802,4276351.583838239],[-2598555.8602299145,4382520.593991931],[-2584504.8384910114,4488495.335151117],[-2570024.728860831,4594257.926179609],[-2555197.3707181113,4699790.485941217],[-2540104.6419833577,4805073.646653474],[-2524799.2578997496,4910090.16412583],[-2509217.8914707745,5014810.753148197],[-2493268.1275566975,5119205.279775709],[-2476857.5510177836,5223243.610063502],[-2459893.830724339,5326895.725982913],[-2442309.2229537144,5430131.345541669],[-2424135.513386707,5532923.315066147],[-2405429.2436983543,5635244.448397533],[-2386246.955563693,5737067.559377016],[-2366645.0776804946,5838367.444509198],[-2346673.5963577414,5939113.229856327],[-2326355.0802747095,6039279.896171955],[-2305705.429188642,6138840.719017626],[-2284740.542856782,6237768.9739548825],[-2263476.4673796915,6336038.681964609],[-2241928.81369771,6433621.2884127395],[-2220113.6303172805,6530486.358625431],[-2198046.8232026324,6626602.373596765],[-2175744.298317992,6721937.814320828],[-2153221.9310109043,6816459.832180709],[-2130486.5842647646,6910135.467649582],[-2107508.6222154954,7002913.287144262],[-2084249.3351662778,7094739.08725952],[-2060670.0134202929,7185558.664590124],[-2036731.90133749,7275318.116298032],[-2012378.3700395562,7363971.626556646],[-1987480.6192199609,7451510.435430355],[-1961891.883438423,7537934.470274311],[-1935465.3972546624,7623243.658443662],[-1908054.5315803827,7707438.096865358],[-1879591.1255833341,7790443.798296254],[-1850322.9083331758,7871892.193570899],[-1820576.347606597,7951340.967502234],[-1790677.911180286,8028347.804903194],[-1760953.9905594045,8102470.441278092],[-1731694.414432913,8173303.822863192],[-1703042.024947642,8240592.734999793],[-1675102.947179515,8304119.275238022],[-1647983.306204454,8363665.541128009],[-1621789.6394319902,8419013.706323618],[-1596627.3283602428,8469945.758928059],[-1572602.8296057764,8516243.829905245],[-1549822.268244515,8557690.01680531],[-1528391.7693523811,8594066.417178381],[-1508417.35641089,8625154.6651]]},"properties":{"type":"meridian","value":-30}},
{"type":"Feature","geometry":{"type":"LineString","coordinates":[[-754208.678205445,-8625154.6651],[-764195.8846761906,-8594066.417178381],[-774911.1341222575,-8557690.01680531],[-786301.4148028882,-8516243.829905245],[-798313.6641801214,-8469945.758928059],[-810894.8197159951,-8419013.706323618],[-823991.653102227,-8363665.541128009],[-837551.4735897575,-8304119.275238022],[-851521.012473821,-8240592.734999793],[-865847.2072164565,-8173303.822863192],[-880476.9952797022,-8102470.441278092],[-895338.955590143,-8028347.804903194],[-910288.1738032985,-7951340.967502234],[-925161.4541665879,-7871892.193570899],[-939795.5627916671,-7790443.798296254],[-954027.2657901914,-7707438.096865358],[-967732.6986273312,-7623243.658443662],[-980945.9417192115,-7537934.470274311],[-993740.3096099804,-7451510.435430355],[-1006189.1850197781,-7363971.626556646],[-1018365.950668745,-7275318.116298032],[-1030335.0067101464,-7185558.664590124],[-1042124.6675831389,-7094739.08725952],[-1053754.3111077477,-7002913.287144262],[-1065243.2921323823,-6910135.467649582],[-1076610.9655054521,-6816459.832180709],[-1087872.149158996,-6721937.814320828],[-1099023.4116013162,-6626602.373596765],[-1110056.8151586403,-6530486.358625431],[-1120964.406848855,-6433621.2884127395],[-1131738.2336898458,-6336038.681964609],[-1142370.271428391,-6237768.9739548825],[-1152852.714594321,-6138840.719017626],[-1163177.5401373548,-6039279.896171955],[-1173336.7981788707,-5939113.229856327],[-1183322.5388402473,-5838367.444509198],[-1193123.4777818464,-5737067.559377016],[-1202714.6218491772,-5635244.448397533],[-1212067.7566933534,-5532923.315066147],[-1221154.6114768572,-5430131.345541669],[-1229946.9153621695,-5326895.725982913],[-1238428.7755088918,-5223243.610063502],[-1246634.0637783487,-5119205.279775709],[-1254608.9457353873,-5014810.753148197],[-1262399.6289498748,-4910090.16412583],[-1270052.3209916789,-4805073.646653474],[-1277598.6853590556,-4699790.485941217],[-1285012.3644304154,-4594257.926179609],[-1292252.4192455057,-4488495.335151117],[-1299277.9301149573,-4382520.593991931],[-1306047.977349401,-4276351.583838239],[-1312532.246645024,-4170005.7028967137],[-1318742.2950914316,-4063507.9347699624],[-1324700.438391246,-3956878.8655868014],[-1330428.9150730122,-3850141.0391377117],[-1335949.963665277,-3743316.9992131763],[-1341279.7043130856,-3636429.577938537],[-1346410.3123879228,-3529492.5068639084],[-1351327.68553645,-3422524.0581138916],[-1356017.8010033278,-3315540.3776675374],[-1360466.6360332186,-3208557.6115038935],[-1364662.5097871665,-3101587.6267289673],[-1368602.8837805367,-2994631.926585305],[-1372287.6360807791,-2887684.6340768393],[-1375716.6073772523,-2780741.4228984383],[-1378889.638359314,-2673797.9667449715],[-1381814.7637042743,-2566850.3154324326],[-1384532.4097062605,-2459899.5370846638],[-1387091.2992818956,-2352946.5059138164],[-1389540.1040614645,-2245992.381140681],[-1391927.4956752514,-2139038.321986049],[-1394288.7837591583,-2032083.7075009833],[-1396606.1007782763,-1925131.8871417588],[-1398848.1338235408,-1818180.6704533368],[-1400983.611717663,-1711229.746851479],[-1402981.2632833535,-1604278.8057519468],[-1404816.4266497113,-1497326.658027551],[-1406490.8797366065,-1390374.943435271],[-1408013.0149529348,-1283423.0669893846],[-1409391.222135285,-1176471.1118039493],[-1410633.8911202445,-1069519.1609930245],[-1411749.889035314,-962567.3224975399],[-1412750.0662675211,-855615.3432531537],[-1413645.7282021127,-748663.4077529311],[-1414448.1913706816,-641711.4941247561],[-1415168.772304822,-534759.5804965122],[-1415812.4843753236,-427807.6370154205],[-1416359.1927041467,-320855.74307204597],[-1416782.4420895495,-213903.83600540232],[-1417055.7859099507,-106951.92018991266],[-1417152.777543769,-4.488677127715918e-11],[-1417055.7859099507,106951.92018991266],[-1416782.4420895495,213903.83600540232],[-1416359.1927041467,320855.74307204597],[-1415812.4843753236,427807.6370154205],[-1415168.772304822,534759.5804965122],[-1414448.1913706816,641711.4941247561],[-1413645.7282021127,748663.4077529311],[-1412750.0662675211,855615.3432531537],[-1411749.889035314,962567.3224975399],[-1410633.8911202445,1069519.1609930245],[-1409391.222135285,1176471.1118039493],[-1408013.0149529348,1283423.0669893846],[-1406490.8797366065,1390374.943435271],[-1404816.4266497113,1497326.658027551],[-1402981.2632833535,1604278.8057519468],[-1400983.611717663,1711229.746851479],[-1398848.1338235408,1818180.6704533368],[-1396606.1007782763,1925131.8871417588],[-1394288.7837591583,2032083.7075009833],[-1391927.4956752514,2139038.321986049],[-1389540.1040614645,2245992.381140681],[-1387091.2992818956,2352946.5059138164],[-1384532.4097062605,2459899.5370846638],[-1381814.7637042743,2566850.3154324326],[-1378889.638359314,2673797.9667449715],[-1375716.6073772523,2780741.4228984383],[-1372287.6360807791,2887684.6340768393],[-1368602.8837805367,2994631.926585305],[-1364662.5097871665,3101587.6267289673],[-1360466.6360332186,3208557.6115038935],[-1356017.8010033278,3315540.3776675374],[-1351327.68553645,3422524.0581138916],[-1346410.3123879228,3529492.5068639084],[-1341279.7043130856,3636429.577938537],[-1335949.963665277,3743316.9992131763],[-1330428.9150730122,3850141.0391377117],[-1324700.438391246,3956878.8655868014],[-1318742.2950914316,4063507.9347699624],[-1312532.246645024,4170005.7028967137],[-1306047.977349401,4276351.583838239],[-1299277.9301149573,4382520.593991931],[-1292252.4192455057,4488495.335151117],[-1285012.3644304154,4594257.926179609],[-1277598.6853590556,4699790.485941217],[-1270052.3209916789,4805073.646653474],[-1262399.6289498748,4910090.16412583],[-1254608.9457353873,5014810.753148197],[-1246634.0637783487,5119205.279775709],[-1238428.7755088918,5223243.610063502],[-1229946.9153621695,5326895.725982913],[-1221154.6114768572,5430131.345541669],[-1212067.7566933534,5532923.315066147],[-1202714.6218491772,5635244.448397533],[-1193123.4777818464,5737067.559377016],[-1183322.5388402473,5838367.444509198],[-1173336.7981788707,5939113.229856327],[-1163177.5401373548,6039279.896171955],[-1152852.714594321,6138840.719017626],[-1142370.271428391,6237768.9739548825],[-1131738.2336898458,6336038.681964609],[-1120964.406848855,6433621.2884127395],[-1110056.8151586403,6530486.358625431],[-1099023.4116013162,6626602.373596765],[-1087872.149158996,6721937.814320828],[-1076610.9655054521,6816459.832180709],[-1065243.2921323823,6910135.467649582],[-1053754.3111077477,7002913.287144262],[-1042124.6675831389,7094739.08725952],[-1030335.0067101464,7185558.664590124],[-1018365.950668745,7275318.116298032],[-1006189.1850197781,7363971.626556646],[-993740.3096099804,7451510.435430355],[-980945.9417192115,7537934.470274311],[-967732.6986273312,7623243.658443662],[-954027.2657901914,7707438.096865358],[-939795.5627916671,7790443.798296254],[-925161.4541665879,7871892.193570899],[-910288.1738032985,7951340.967502234],[-895338.955590143,8028347.804903194],[-880476.9952797022,8102470.441278092],[-865847.2072164565,8173303.822863192],[-851521.012473821,8240592.734999793],[-837551.4735897575,8304119.275238022],[-823991.653102227,8363665.541128009],[-810894.8197159951,8419013.706323618],[-798313.6641801214,8469945.758928059],[-786301.4148028882,8516243.829905245],[-774911.1341222575,8557690.01680531],[-764195.8846761906,8594066.417178381],[-754208.678205445,8625154.6651]]},"properties":{"type":"meridian","value":-15}},
{"type":"Feature","geometry":{"type":"LineString","coordinates":[[0,-8625154.6651],[0,-8594066.417178381],[0,-8557690.01680531],[0,-8516243.829905245],[0,-8469945.758928059],[0,-8419013.706323618],[0,-8363665.541128009],[0,-8304119.275238022],[0,-8240592.734999793],[0,-8173303.822863192],[0,-8102470.441278092],[0,-8028347.804903194],[0,-7951340.967502234],[0,-7871892.193570899],[0,-7790443.798296254],[0,-7707438.096865358],[0,-7623243.658443662],[0,-7537934.470274311],[0,-7451510.435430355],[0,-7363971.626556646],[0,-7275318.116298032],[0,-7185558.664590124],[0,-7094739.08725952],[0,-7002913.287144262],[0,-6910135.467649582],[0,-6816459.832180709],[0,-6721937.814320828],[0,-6626602.373596765],[0,-6530486.358625431],[0,-6433621.2884127395],[0,-6336038.681964609],[0,-6237768.9739548825],[0,-6138840.719017626],[0,-6039279.896171955],[0,-5939113.229856327],[0,-5838367.444509198],[0,-5737067.559377016],[0,-5635244.448397533],[0,-5532923.315066147],[0,-5430131.345541669],[0,-5326895.725982913],[0,-5223243.610063502],[0,-5119205.279775709],[0,-5014810.753148197],[0,-4910090.16412583],[0,-4805073.646653474],[0,-4699790.485941217],[0,-4594257.926179609],[0,-4488495.335151117],[0,-4382520.593991931],[0,-4276351.583838239],[0,-4170005.7028967137],[0,-4063507.9347699624],[0,-3956878.8655868014],[0,-3850141.0391377117],[0,-3743316.9992131763],[0,-3636429.577938537],[0,-3529492.5068639084],[0,-3422524.0581138916],[0,-3315540.3776675374],[0,-3208557.6115038935],[0,-3101587.6267289673],[0,-2994631.926585305],[0,-2887684.6340768393],[0,-2780741.4228984383],[0,-2673797.9667449715],[0,-2566850.3154324326],[0,-2459899.5370846638],[0,-2352946.5059138164],[0,-2245992.381140681],[0,-2139038.321986049],[0,-2032083.7075009833],[0,-1925131.8871417588],[0,-1818180.6704533368],[0,-1711229.746851479],[0,-1604278.8057519468],[0,-1497326.658027551],[0,-1390374.943435271],[0,-1283423.0669893846],[0,-1176471.1118039493],[0,-1069519.1609930245],[0,-962567.3224975399],[0,-855615.3432531537],[0,-748663.4077529311],[0,-641711.4941247561],[0,-534759.5804965122],[0,-427807.6370154205],[0,-320855.74307204597],[0,-213903.83600540232],[0,-106951.92018991266],[0,-4.488677127715918e-11],[0,106951.92018991266],[0,213903.83600540232],[0,320855.74307204597],[0,427807.6370154205],[0,534759.5804965122],[0,641711.4941247561],[0,748663.4077529311],[0,855615.3432531537],[0,962567.3224975399],[0,1069519.1609930245],[0,1176471.1118039493],[0,1283423.0669893846],[0,1390374.943435271],[0,1497326.658027551],[0,1604278.8057519468],[0,1711229.746851479],[0,1818180.6704533368],[0,1925131.8871417588],[0,2032083.7075009833],[0,2139038.321986049],[0,2245992.381140681],[0,2352946.5059138164],[0,2459899.5370846638],[0,2566850.3154324326],[0,2673797.9667449715],[0,2780741.4228984383],[0,2887684.6340768393],[0,2994631.926585305],[0,3101587.6267289673],[0,3208557.6115038935],[0,3315540.3776675374],[0,3422524.0581138916],[0,3529492.5068639084],[0,3636429.577938537],[0,3743316.9992131763],[0,3850141.0391377117],[0,3956878.8655868014],[0,4063507.9347699624],[0,4170005.7028967137],[0,4276351.583838239],[0,4382520.593991931],[0,4488495.335151117],[0,4594257.926179609],[0,4699790.485941217],[0,4805073.646653474],[0,4910090.16412583],[0,5014810.753148197],[0,5119205.279775709],[0,5223243.610063502],[0,5326895.725982913],[0,5430131.345541669],[0,5532923.315066147],[0,5635244.448397533],[0,5737067.559377016],[0,5838367.444509198],[0,5939113.229856327],[0,6039279.896171955],[0,6138840.719017626],[0,6237768.9739548825],[0,6336038.681964609],[0,6433621.2884127395],[0,6530486.358625431],[0,6626602.373596765],[0,6721937.814320828],[0,6816459.832180709],[0,6910135.467649582],[0,7002913.287144262],[0,7094739.08725952],[0,7185558.664590124],[0,7275318.116298032],[0,7363971.626556646],[0,7451510.435430355],[0,7537934.470274311],[0,7623243.658443662],[0,7707438.096865358],[0,7790443.798296254],[0,7871892.193570899],[0,7951340.967502234],[0,8028347.804903194],[0,8102470.441278092],[0,8173303.822863192],[0,8240592.734999793],[0,8304119.275238022],[0,8363665.541128009],[0,8419013.706323618],[0,8469945.758928059],[0,8516243.829905245],[0,8557690.01680531],[0,8594066.417178381],[0,8625154.6651]]},"properties":{"type":"meridian","value":0}},
{"type":"Feature","geometry":{"type":"LineString","coordinates":[[754208.678205445,-8625154.6651],[764195.8846761906,-8594066.417178381],[774911.1341222575,-8557690.01680531],[786301.4148028882,-8516243.829905245],[798313.6641801214,-8469945.758928059],[810894.8197159951,-8419013.706323618],[823991.653102227,-8363665.541128009],[837551.4735897575,-8304119.275238022],[851521.012473821,-8240592.734999793],[865847.2072164565,-8173303.822863192],[880476.9952797022,-8102470.441278092],[895338.955590143,-8028347.804903194],[910288.1738032985,-7951340.967502234],[925161.4541665879,-7871892.193570899],[939795.5627916671,-7790443.798296254],[954027.2657901914,-7707438.096865358],[967732.6986273312,-7623243.658443662],[980945.9417192115,-7537934.470274311],[993740.3096099804,-7451510.435430355],[1006189.1850197781,-7363971.626556646],[1018365.950668745,-7275318.116298032],[1030335.0067101464,-7185558.664590124],[1042124.6675831389,-7094739.08725952],[1053754.3111077477,-7002913.287144262],[1065243.2921323823,-6910135.467649582],[1076610.9655054521,-6816459.832180709],[1087872.149158996,-6721937.814320828],[1099023.4116013162,-6626602.373596765],[1110056.8151586403,-6530486.358625431],[1120964.406848855,-6433621.2884127395],[1131738.2336898458,-6336038.681964609],[1142370.271428391,-6237768.9739548825],[1152852.714594321,-6138840.719017626],[1163177.5401373548,-6039279.896171955],[1173336.7981788707,-5939113.229856327],[1183322.5388402473,-5838367.444509198],[1193123.4777818464,-5737067.559377016],[1202714.6218491772,-5635244.448397533],[1212067.7566933534,-5532923.315066147],[1221154.6114768572,-5430131.345541669],[1229946.9153621695,-5326895.725982913],[1238428.7755088918,-5223243.610063502],[1246634.0637783487,-5119205.279775709],[1254608.9457353873,-5014810.753148197],[1262399.6289498748,-4910090.16412583],[1270052.3209916789,-4805073.646653474],[1277598.6853590556,-4699790.485941217],[1285012.3644304154,-4594257.926179609],[1292252.4192455057,-4488495.335151117],[1299277.9301149573,-4382520.593991931],[1306047.977349401,-4276351.583838239],[1312532.246645024,-4170005.7028967137],[1318742.2950914316,-4063507.9347699624],[1324700.438391246,-3956878.8655868014],[1330428.9150730122,-3850141.0391377117],[1335949.963665277,-3743316.9992131763],[1341279.7043130856,-3636429.577938537],[1346410.3123879228,-3529492.5068639084],[1351327.68553645,-3422524.0581138916],[1356017.8010033278,-3315540.3776675374],[1360466.6360332186,-3208557.6115038935],[1364662.5097871665,-3101587.6267289673],[1368602.8837805367,-2994631.926585305],[1372287.6360807791,-2887684.6340768393],[1375716.6073772523,-2780741.4228984383],[1378889.638359314,-2673797.9667449715],[1381814.7637042743,-2566850.3154324326],[1384532.4097062605,-2459899.5370846638],[1387091.2992818956,-2352946.5059138164],[1389540.1040614645,-2245992.381140681],[1391927.4956752514,-2139038.321986049],[1394288.7837591583,-2032083.7075009833],[1396606.1007782763,-1925131.8871417588],[1398848.1338235408,-1818180.6704533368],[1400983.611717663,-1711229.746851479],[1402981.2632833535,-1604278.8057519468],[1404816.4266497113,-1497326.658027551],[1406490.8797366065,-1390374.943435271],[1408013.0149529348,-1283423.0669893846],[1409391.222135285,-1176471.1118039493],[1410633.8911202445,-1069519.1609930245],[1411749.889035314,-962567.3224975399],[1412750.0662675211,-855615.3432531537],[1413645.7282021127,-748663.4077529311],[1414448.1913706816,-641711.4941247561],[1415168.772304822,-534759.5804965122],[1415812.4843753236,-427807.6370154205],[1416359.1927041467,-320855.74307204597],[1416782.4420895495,-213903.83600540232],[1417055.7859099507,-106951.92018991266],[1417152.777543769,-4.488677127715918e-11],[1417055.7859099507,106951.92018991266],[1416782.4420895495,213903.83600540232],[1416359.1927041467,320855.74307204597],[1415812.4843753236,427807.6370154205],[1415168.772304822,534759.5804965122],[1414448.1913706816,641711.4941247561],[1413645.7282021127,748663.4077529311],[1412750.0662675211,855615.3432531537],[1411749.889035314,962567.3224975399],[1410633.8911202445,1069519.1609930245],[1409391.222135285,1176471.1118039493],[1408013.0149529348,1283423.0669893846],[1406490.8797366065,1390374.943435271],[1404816.4266497113,1497326.658027551],[1402981.2632833535,1604278.8057519468],[1400983.611717663,1711229.746851479],[1398848.1338235408,1818180.6704533368],[1396606.1007782763,1925131.8871417588],[1394288.7837591583,2032083.7075009833],[1391927.4956752514,2139038.321986049],[1389540.1040614645,2245992.381140681],[1387091.2992818956,2352946.5059138164],[1384532.4097062605,2459899.5370846638],[1381814.7637042743,2566850.3154324326],[1378889.638359314,2673797.9667449715],[1375716.6073772523,2780741.4228984383],[1372287.6360807791,2887684.6340768393],[1368602.8837805367,2994631.926585305],[1364662.5097871665,3101587.6267289673],[1360466.6360332186,3208557.6115038935],[1356017.8010033278,3315540.3776675374],[1351327.68553645,3422524.0581138916],[1346410.3123879228,3529492.5068639084],[1341279.7043130856,3636429.577938537],[1335949.963665277,3743316.9992131763],[1330428.9150730122,3850141.0391377117],[1324700.438391246,3956878.8655868014],[1318742.2950914316,4063507.9347699624],[1312532.246645024,4170005.7028967137],[1306047.977349401,4276351.583838239],[1299277.9301149573,4382520.593991931],[1292252.4192455057,4488495.335151117],[1285012.3644304154,4594257.926179609],[1277598.6853590556,4699790.485941217],[1270052.3209916789,4805073.646653474],[1262399.6289498748,4910090.16412583],[1254608.9457353873,5014810.753148197],[1246634.0637783487,5119205.279775709],[1238428.7755088918,5223243.610063502],[1229946.9153621695,5326895.725982913],[1221154.6114768572,5430131.345541669],[1212067.7566933534,5532923.315066147],[1202714.6218491772,5635244.448397533],[1193123.4777818464,5737067.559377016],[1183322.5388402473,5838367.444509198],[1173336.7981788707,5939113.229856327],[1163177.5401373548,6039279.896171955],[1152852.714594321,6138840.719017626],[1142370.271428391,6237768.9739548825],[1131738.2336898458,6336038.681964609],[1120964.406848855,6433621.2884127395],[1110056.8151586403,6530486.358625431],[1099023.4116013162,6626602.373596765],[1087872.149158996,6721937.814320828],[1076610.9655054521,6816459.832180709],[1065243.2921323823,6910135.467649582],[1053754.3111077477,7002913.287144262],[1042124.6675831389,7094739.08725952],[1030335.0067101464,7185558.664590124],[1018365.950668745,7275318.116298032],[1006189.1850197781,7363971.626556646],[993740.3096099804,7451510.435430355],[980945.9417192115,7537934.470274311],[967732.6986273312,7623243.658443662],[954027.2657901914,7707438.096865358],[939795.5627916671,7790443.798296254],[925161.4541665879,7871892.193570899],[910288.1738032985,7951340.967502234],[895338.955590143,8028347.804903194],[880476.9952797022,8102470.441278092],[865847.2072164565,8173303.822863192],[851521.012473821,8240592.734999793],[837551.4735897575,8304119.275238022],[823991.653102227,8363665.541128009],[810894.8197159951,8419013.706323618],[798313.6641801214,8469945.758928059],[786301.4148028882,8516243.829905245],[774911.1341222575,8557690.01680531],[764195.8846761906,8594066.417178381],[754208.678205445,8625154.6651]]},"properties":{"type":"meridian","value":15}},
{"type":"Feature","geometry":{"type":"LineString","coordinates":[[1508417.35641089,-8625154.6651],[1528391.7693523811,-8594066.417178381],[1549822.268244515,-8557690.01680531],[1572602.8296057764,-8516243.829905245],[1596627.3283602428,-8469945.758928059],[1621789.6394319902,-8419013.706323618],[1647983.306204454,-8363665.541128009],[1675102.947179515,-8304119.275238022],[1703042.024947642,-8240592.734999793],[1731694.414432913,-8173303.822863192],[1760953.9905594045,-8102470.441278092],[1790677.911180286,-8028347.804903194],[1820576.347606597,-7951340.967502234],[1850322.9083331758,-7871892.193570899],[1879591.1255833341,-7790443.798296254],[1908054.5315803827,-7707438.096865358],[1935465.3972546624,-7623243.658443662],[1961891.883438423,-7537934.470274311],[1987480.6192199609,-7451510.435430355],[2012378.3700395562,-7363971.626556646],[2036731.90133749,-7275318.116298032],[2060670.0134202929,-7185558.664590124],[2084249.3351662778,-7094739.08725952],[2107508.6222154954,-7002913.287144262],[2130486.5842647646,-6910135.467649582],[2153221.9310109043,-6816459.832180709],[2175744.298317992,-6721937.814320828],[2198046.8232026324,-6626602.373596765],[2220113.6303172805,-6530486.358625431],[2241928.81369771,-6433621.2884127395],[2263476.4673796915,-6336038.681964609],[2284740.542856782,-6237768.9739548825],[2305705.429188642,-6138840.719017626],[2326355.0802747095,-6039279.896171955],[2346673.5963577414,-5939113.229856327],[2366645.0776804946,-5838367.444509198],[2386246.955563693,-5737067.559377016],[2405429.2436983543,-5635244.448397533],[2424135.513386707,-5532923.315066147],[2442309.2229537144,-5430131.345541669],[2459893.830724339,-5326895.725982913],[2476857.5510177836,-5223243.610063502],[2493268.1275566975,-5119205.279775709],[2509217.8914707745,-5014810.753148197],[2524799.2578997496,-4910090.16412583],[2540104.6419833577,-4805073.646653474],[2555197.3707181113,-4699790.485941217],[2570024.728860831,-4594257.926179609],[2584504.8384910114,-4488495.335151117],[2598555.8602299145,-4382520.593991931],[2612095.954698802,-4276351.583838239],[2625064.493290048,-4170005.7028967137],[2637484.590182863,-4063507.9347699624],[2649400.876782492,-3956878.8655868014],[2660857.8301460245,-3850141.0391377117],[2671899.927330554,-3743316.9992131763],[2682559.4086261713,-3636429.577938537],[2692820.6247758456,-3529492.5068639084],[2702655.3710729,-3422524.0581138916],[2712035.6020066557,-3315540.3776675374],[2720933.272066437,-3208557.6115038935],[2729325.019574333,-3101587.6267289673],[2737205.7675610734,-2994631.926585305],[2744575.2721615583,-2887684.6340768393],[2751433.2147545046,-2780741.4228984383],[2757779.276718628,-2673797.9667449715],[2763629.5274085486,-2566850.3154324326],[2769064.819412521,-2459899.5370846638],[2774182.5985637913,-2352946.5059138164],[2779080.208122929,-2245992.381140681],[2783854.9913505027,-2139038.321986049],[2788577.5675183167,-2032083.7075009833],[2793212.2015565527,-1925131.8871417588],[2797696.2676470815,-1818180.6704533368],[2801967.223435326,-1711229.746851479],[2805962.526566707,-1604278.8057519468],[2809632.8532994227,-1497326.658027551],[2812981.759473213,-1390374.943435271],[2816026.0299058696,-1283423.0669893846],[2818782.44427057,-1176471.1118039493],[2821267.782240489,-1069519.1609930245],[2823499.778070628,-962567.3224975399],[2825500.1325350422,-855615.3432531537],[2827291.4564042254,-748663.4077529311],[2828896.3827413633,-641711.4941247561],[2830337.544609644,-534759.5804965122],[2831624.9687506473,-427807.6370154205],[2832718.3854082935,-320855.74307204597],[2833564.884179099,-213903.83600540232],[2834111.5718199015,-106951.92018991266],[2834305.555087538,-4.488677127715918e-11],[2834111.5718199015,106951.92018991266],[2833564.884179099,213903.83600540232],[2832718.3854082935,320855.74307204597],[2831624.9687506473,427807.6370154205],[2830337.544609644,534759.5804965122],[2828896.3827413633,641711.4941247561],[2827291.4564042254,748663.4077529311],[2825500.1325350422,855615.3432531537],[2823499.778070628,962567.3224975399],[2821267.782240489,1069519.1609930245],[2818782.44427057,1176471.1118039493],[2816026.0299058696,1283423.0669893846],[2812981.759473213,1390374.943435271],[2809632.8532994227,1497326.658027551],[2805962.526566707,1604278.8057519468],[2801967.223435326,1711229.746851479],[2797696.2676470815,1818180.6704533368],[2793212.2015565527,1925131.8871417588],[2788577.5675183167,2032083.7075009833],[2783854.9913505027,2139038.321986049],[2779080.208122929,2245992.381140681],[2774182.5985637913,2352946.5059138164],[2769064.819412521,2459899.5370846638],[2763629.5274085486,2566850.3154324326],[2757779.276718628,2673797.9667449715],[2751433.2147545046,2780741.4228984383],[2744575.2721615583,2887684.6340768393],[2737205.7675610734,2994631.926585305],[2729325.019574333,3101587.6267289673],[2720933.272066437,3208557.6115038935],[2712035.6020066557,3315540.3776675374],[2702655.3710729,3422524.0581138916],[2692820.6247758456,3529492.5068639084],[2682559.4086261713,3636429.577938537],[2671899.927330554,3743316.9992131763],[2660857.8301460245,3850141.0391377117],[2649400.876782492,3956878.8655868014],[2637484.590182863,4063507.9347699624],[2625064.493290048,4170005.7028967137],[2612095.954698802,4276351.583838239],[2598555.8602299145,4382520.593991931],[2584504.8384910114,4488495.335151117],[2570024.728860831,4594257.926179609],[2555197.3707181113,4699790.485941217],[2540104.6419833577,4805073.646653474],[2524799.2578997496,4910090.16412583],[2509217.8914707745,5014810.753148197],[2493268.1275566975,5119205.279775709],[2476857.5510177836,5223243.610063502],[2459893.830724339,5326895.725982913],[2442309.2229537144,5430131.345541669],[2424135.513386707,5532923.315066147],[2405429.2436983543,5635244.448397533],[2386246.955563693,5737067.559377016],[2366645.0776804946,5838367.444509198],[2346673.5963577414,5939113.229856327],[2326355.0802747095,6039279.896171955],[2305705.429188642,6138840.719017626],[2284740.542856782,6237768.9739548825],[2263476.4673796915,6336038.681964609],[2241928.81369771,6433621.2884127395],[2220113.6303172805,6530486.358625431],[2198046.8232026324,6626602.373596765],[2175744.298317992,6721937.814320828],[2153221.9310109043,6816459.832180709],[2130486.5842647646,6910135.467649582],[2107508.6222154954,7002913.287144262],[2084249.3351662778,7094739.08725952],[2060670.0134202929,7185558.664590124],[2036731.90133749,7275318.116298032],[2012378.3700395562,7363971.626556646],[1987480.6192199609,7451510.435430355],[1961891.883438423,7537934.470274311],[1935465.3972546624,7623243.658443662],[1908054.5315803827,7707438.096865358],[1879591.1255833341,7790443.798296254],[1850322.9083331758,7871892.193570899],[1820576.347606597,7951340.967502234],[1790677.911180286,8028347.804903194],[1760953.9905594045,8102470.441278092],[1731694.414432913,8173303.822863192],[1703042.024947642,8240592.734999793],[1675102.947179515,8304119.275238022],[1647983.306204454,8363665.541128009],[1621789.6394319902,8419013.706323618],[1596627.3283602428,8469945.758928059],[1572602.8296057764,8516243.829905245],[1549822.268244515,8557690.01680531],[1528391.7693523811,8594066.417178381],[1508417.35641089,8625154.6651]]},"properties":{"type":"meridian","value":30}},
{"type":"Feature","geometry":{"type":"LineString","coordinates":[[2262626.034616335,-8625154.6651],[2292587.6540285717,-8594066.417178381],[2324733.4023667728,-8557690.01680531],[2358904.2444086648,-8516243.829905245],[2394940.992540364,-8469945.758928059],[2432684.4591479856,-8419013.706323618],[2471974.959306681,-8363665.541128009],[2512654.420769273,-8304119.275238022],[2554563.0374214635,-8240592.734999793],[2597541.62164937,-8173303.822863192],[2641430.9858391066,-8102470.441278092],[2686016.8667704295,-8028347.804903194],[2730864.5214098957,-7951340.967502234],[2775484.3624997637,-7871892.193570899],[2819386.6883750013,-7790443.798296254],[2862081.7973705744,-7707438.096865358],[2903198.095881994,-7623243.658443662],[2942837.825157635,-7537934.470274311],[2981220.9288299414,-7451510.435430355],[3018567.5550593343,-7363971.626556646],[3055097.8520062347,-7275318.116298032],[3091005.0201304397,-7185558.664590124],[3126374.002749417,-7094739.08725952],[3161262.9333232436,-7002913.287144262],[3195729.8763971473,-6910135.467649582],[3229832.896516356,-6816459.832180709],[3263616.447476988,-6721937.814320828],[3297070.234803948,-6626602.373596765],[3330170.445475921,-6530486.358625431],[3362893.2205465655,-6433621.2884127395],[3395214.7010695376,-6336038.681964609],[3427110.8142851735,-6237768.9739548825],[3458558.143782964,-6138840.719017626],[3489532.6204120647,-6039279.896171955],[3520010.3945366126,-5939113.229856327],[3549967.616520743,-5838367.444509198],[3579370.4333455395,-5737067.559377016],[3608143.8655475318,-5635244.448397533],[3636203.2700800607,-5532923.315066147],[3663463.8344305726,-5430131.345541669],[3689840.746086509,-5326895.725982913],[3715286.326526676,-5223243.610063502],[3739902.1913350467,-5119205.279775709],[3763826.837206162,-5014810.753148197],[3787198.8868496246,-4910090.16412583],[3810156.9629750364,-4805073.646653474],[3832796.056077167,-4699790.485941217],[3855037.0932912463,-4594257.926179609],[3876757.257736517,-4488495.335151117],[3897833.7903448725,-4382520.593991931],[3918143.932048203,-4276351.583838239],[3937596.739935072,-4170005.7028967137],[3956226.885274295,-4063507.9347699624],[3974101.315173738,-3956878.8655868014],[3991286.745219037,-3850141.0391377117],[4007849.8909958308,-3743316.9992131763],[4023839.1129392576,-3636429.577938537],[4039230.937163769,-3529492.5068639084],[4053983.05660935,-3422524.0581138916],[4068053.4030099837,-3315540.3776675374],[4081399.908099656,-3208557.6115038935],[4093987.5293615,-3101587.6267289673],[4105808.6513416106,-2994631.926585305],[4116862.908242338,-2887684.6340768393],[4127149.822131757,-2780741.4228984383],[4136668.915077943,-2673797.9667449715],[4145444.291112824,-2566850.3154324326],[4153597.2291187816,-2459899.5370846638],[4161273.897845687,-2352946.5059138164],[4168620.3121843934,-2245992.381140681],[4175782.487025754,-2139038.321986049],[4182866.3512774757,-2032083.7075009833],[4189818.3023348297,-1925131.8871417588],[4196544.401470623,-1818180.6704533368],[4202950.835152989,-1711229.746851479],[4208943.789850061,-1604278.8057519468],[4214449.279949134,-1497326.658027551],[4219472.639209819,-1390374.943435271],[4224039.044858805,-1283423.0669893846],[4228173.666405855,-1176471.1118039493],[4231901.673360734,-1069519.1609930245],[4235249.667105943,-962567.3224975399],[4238250.198802563,-855615.3432531537],[4240937.184606338,-748663.4077529311],[4243344.574112046,-641711.4941247561],[4245506.316914466,-534759.5804965122],[4247437.453125972,-427807.6370154205],[4249077.57811244,-320855.74307204597],[4250347.326268649,-213903.83600540232],[4251167.357729852,-106951.92018991266],[4251458.332631308,-4.488677127715918e-11],[4251167.357729852,106951.92018991266],[4250347.326268649,213903.83600540232],[4249077.57811244,320855.74307204597],[4247437.453125972,427807.6370154205],[4245506.316914466,534759.5804965122],[4243344.574112046,641711.4941247561],[4240937.184606338,748663.4077529311],[4238250.198802563,855615.3432531537],[4235249.667105943,962567.3224975399],[4231901.673360734,1069519.1609930245],[4228173.666405855,1176471.1118039493],[4224039.044858805,1283423.0669893846],[4219472.639209819,1390374.943435271],[4214449.279949134,1497326.658027551],[4208943.789850061,1604278.8057519468],[4202950.835152989,1711229.746851479],[4196544.401470623,1818180.6704533368],[4189818.3023348297,1925131.8871417588],[4182866.3512774757,2032083.7075009833],[4175782.487025754,2139038.321986049],[4168620.3121843934,2245992.381140681],[4161273.897845687,2352946.5059138164],[4153597.2291187816,2459899.5370846638],[4145444.291112824,2566850.3154324326],[4136668.915077943,2673797.9667449715],[4127149.822131757,2780741.4228984383],[4116862.908242338,2887684.6340768393],[4105808.6513416106,2994631.926585305],[4093987.5293615,3101587.6267289673],[4081399.908099656,3208557.6115038935],[4068053.4030099837,3315540.3776675374],[4053983.05660935,3422524.0581138916],[4039230.937163769,3529492.5068639084],[4023839.1129392576,3636429.577938537],[4007849.8909958308,3743316.9992131763],[3991286.745219037,3850141.0391377117],[3974101.315173738,3956878.8655868014],[3956226.885274295,4063507.9347699624],[3937596.739935072,4170005.7028967137],[3918143.932048203,4276351.583838239],[3897833.7903448725,4382520.593991931],[3876757.257736517,4488495.335151117],[3855037.0932912463,4594257.926179609],[3832796.056077167,4699790.485941217],[3810156.9629750364,4805073.646653474],[3787198.8868496246,4910090.16412583],[3763826.837206162,5014810.753148197],[3739902.1913350467,5119205.279775709],[3715286.326526676,5223243.610063502],[3689840.746086509,5326895.725982913],[3663463.8344305726,5430131.345541669],[3636203.2700800607,5532923.315066147],[3608143.8655475318,5635244.448397533],[3579370.4333455395,5737067.559377016],[3549967.616520743,5838367.444509198],[3520010.3945366126,5939113.229856327],[3489532.6204120647,6039279.896171955],[3458558.143782964,6138840.719017626],[3427110.8142851735,6237768.9739548825],[3395214.7010695376,6336038.681964609],[3362893.2205465655,6433621.2884127395],[3330170.445475921,6530486.358625431],[3297070.234803948,6626602.373596765],[3263616.447476988,6721937.814320828],[3229832.896516356,6816459.832180709],[3195729.8763971473,6910135.467649582],[3161262.9333232436,7002913.287144262],[3126374.002749417,7094739.08725952],[3091005.0201304397,7185558.664590124],[3055097.8520062347,7275318.116298032],[3018567.5550593343,7363971.626556646],[2981220.9288299414,7451510.435430355],[2942837.825157635,7537934.470274311],[2903198.095881994,7623243.658443662],[2862081.7973705744,7707438.096865358],[2819386.6883750013,7790443.798296254],[2775484.3624997637,7871892.193570899],[2730864.5214098957,7951340.967502234],[2686016.8667704295,8028347.804903194],[2641430.9858391066,8102470.441278092],[2597541.62164937,8173303.822863192],[2554563.0374214635,8240592.734999793],[2512654.420769273,8304119.275238022],[2471974.959306681,8363665.541128009],[2432684.4591479856,8419013.706323618],[2394940.992540364,8469945.758928059],[2358904.2444086648,8516243.829905245],[2324733.4023667728,8557690.01680531],[2292587.6540285717,8594066.417178381],[2262626.034616335,8625154.6651]]},"properties":{"type":"meridian","value":45}},
{"type":"Feature","geometry":{"type":"LineString","coordinates":[[3016834.71282178,-8625154.6651],[3056783.5387047622,-8594066.417178381],[3099644.53648903,-8557690.01680531],[3145205.6592115527,-8516243.829905245],[3193254.6567204855,-8469945.758928059],[3243579.2788639804,-8419013.706323618],[3295966.612408908,-8363665.541128009],[3350205.89435903,-8304119.275238022],[3406084.049895284,-8240592.734999793],[3463388.828865826,-8173303.822863192],[3521907.981118809,-8102470.441278092],[3581355.822360572,-8028347.804903194],[3641152.695213194,-7951340.967502234],[3700645.8166663516,-7871892.193570899],[3759182.2511666683,-7790443.798296254],[3816109.0631607655,-7707438.096865358],[3870930.7945093247,-7623243.658443662],[3923783.766876846,-7537934.470274311],[3974961.2384399218,-7451510.435430355],[4024756.7400791124,-7363971.626556646],[4073463.80267498,-7275318.116298032],[4121340.0268405857,-7185558.664590124],[4168498.6703325557,-7094739.08725952],[4215017.244430991,-7002913.287144262],[4260973.168529529,-6910135.467649582],[4306443.8620218085,-6816459.832180709],[4351488.596635984,-6721937.814320828],[4396093.646405265,-6626602.373596765],[4440227.260634561,-6530486.358625431],[4483857.62739542,-6433621.2884127395],[4526952.934759383,-6336038.681964609],[4569481.085713564,-6237768.9739548825],[4611410.858377284,-6138840.719017626],[4652710.160549419,-6039279.896171955],[4693347.192715483,-5939113.229856327],[4733290.155360989,-5838367.444509198],[4772493.911127386,-5737067.559377016],[4810858.487396709,-5635244.448397533],[4848271.026773414,-5532923.315066147],[4884618.445907429,-5430131.345541669],[4919787.661448678,-5326895.725982913],[4953715.102035567,-5223243.610063502],[4986536.255113395,-5119205.279775709],[5018435.782941549,-5014810.753148197],[5049598.515799499,-4910090.16412583],[5080209.283966715,-4805073.646653474],[5110394.741436223,-4699790.485941217],[5140049.457721662,-4594257.926179609],[5169009.676982023,-4488495.335151117],[5197111.720459829,-4382520.593991931],[5224191.909397604,-4276351.583838239],[5250128.986580096,-4170005.7028967137],[5274969.180365726,-4063507.9347699624],[5298801.753564984,-3956878.8655868014],[5321715.660292049,-3850141.0391377117],[5343799.854661108,-3743316.9992131763],[5365118.817252343,-3636429.577938537],[5385641.249551691,-3529492.5068639084],[5405310.7421458,-3422524.0581138916],[5424071.204013311,-3315540.3776675374],[5441866.544132874,-3208557.6115038935],[5458650.039148666,-3101587.6267289673],[5474411.535122147,-2994631.926585305],[5489150.544323117,-2887684.6340768393],[5502866.429509009,-2780741.4228984383],[5515558.553437256,-2673797.9667449715],[5527259.054817097,-2566850.3154324326],[5538129.638825042,-2459899.5370846638],[5548365.1971275825,-2352946.5059138164],[5558160.416245858,-2245992.381140681],[5567709.982701005,-2139038.321986049],[5577155.135036633,-2032083.7075009833],[5586424.403113105,-1925131.8871417588],[5595392.535294163,-1818180.6704533368],[5603934.446870652,-1711229.746851479],[5611925.053133414,-1604278.8057519468],[5619265.706598845,-1497326.658027551],[5625963.518946426,-1390374.943435271],[5632052.059811739,-1283423.0669893846],[5637564.88854114,-1176471.1118039493],[5642535.564480978,-1069519.1609930245],[5646999.556141256,-962567.3224975399],[5651000.2650700845,-855615.3432531537],[5654582.912808451,-748663.4077529311],[5657792.7654827265,-641711.4941247561],[5660675.089219288,-534759.5804965122],[5663249.937501295,-427807.6370154205],[5665436.770816587,-320855.74307204597],[5667129.768358198,-213903.83600540232],[5668223.143639803,-106951.92018991266],[5668611.110175076,-4.488677127715918e-11],[5668223.143639803,106951.92018991266],[5667129.768358198,213903.83600540232],[5665436.770816587,320855.74307204597],[5663249.937501295,427807.6370154205],[5660675.089219288,534759.5804965122],[5657792.7654827265,641711.4941247561],[5654582.912808451,748663.4077529311],[5651000.2650700845,855615.3432531537],[5646999.556141256,962567.3224975399],[5642535.564480978,1069519.1609930245],[5637564.88854114,1176471.1118039493],[5632052.059811739,1283423.0669893846],[5625963.518946426,1390374.943435271],[5619265.706598845,1497326.658027551],[5611925.053133414,1604278.8057519468],[5603934.446870652,1711229.746851479],[5595392.535294163,1818180.6704533368],[5586424.403113105,1925131.8871417588],[5577155.135036633,2032083.7075009833],[5567709.982701005,2139038.321986049],[5558160.416245858,2245992.381140681],[5548365.1971275825,2352946.5059138164],[5538129.638825042,2459899.5370846638],[5527259.054817097,2566850.3154324326],[5515558.553437256,2673797.9667449715],[5502866.429509009,2780741.4228984383],[5489150.544323117,2887684.6340768393],[5474411.535122147,2994631.926585305],[5458650.039148666,3101587.6267289673],[5441866.544132874,3208557.6115038935],[5424071.204013311,3315540.3776675374],[5405310.7421458,3422524.0581138916],[5385641.249551691,3529492.5068639084],[5365118.817252343,3636429.577938537],[5343799.854661108,3743316.9992131763],[5321715.660292049,3850141.0391377117],[5298801.753564984,3956878.8655868014],[5274969.180365726,4063507.9347699624],[5250128.986580096,4170005.7028967137],[5224191.909397604,4276351.583838239],[5197111.720459829,4382520.593991931],[5169009.676982023,4488495.335151117],[5140049.457721662,4594257.926179609],[5110394.741436223,4699790.485941217],[5080209.283966715,4805073.646653474],[5049598.515799499,4910090.16412583],[5018435.782941549,5014810.753148197],[4986536.255113395,5119205.279775709],[4953715.102035567,5223243.610063502],[4919787.661448678,5326895.725982913],[4884618.445907429,5430131.345541669],[4848271.026773414,5532923.315066147],[4810858.487396709,5635244.448397533],[4772493.911127386,5737067.559377016],[4733290.155360989,5838367.444509198],[4693347.192715483,5939113.229856327],[4652710.160549419,6039279.896171955],[4611410.858377284,6138840.719017626],[4569481.085713564,6237768.9739548825],[4526952.934759383,6336038.681964609],[4483857.62739542,6433621.2884127395],[4440227.260634561,6530486.358625431],[4396093.646405265,6626602.373596765],[4351488.596635984,6721937.814320828],[4306443.8620218085,6816459.832180709],[4260973.168529529,6910135.467649582],[4215017.244430991,7002913.287144262],[4168498.6703325557,7094739.08725952],[4121340.0268405857,7185558.664590124],[4073463.80267498,7275318.116298032],[4024756.7400791124,7363971.626556646],[3974961.2384399218,7451510.435430355],[3923783.766876846,7537934.470274311],[3870930.7945093247,7623243.658443662],[3816109.0631607655,7707438.096865358],[3759182.2511666683,7790443.798296254],[3700645.8166663516,7871892.193570899],[3641152.695213194,7951340.967502234],[3581355.822360572,8028347.804903194],[3521907.981118809,8102470.441278092],[3463388.828865826,8173303.822863192],[3406084.049895284,8240592.734999793],[3350205.89435903,8304119.275238022],[3295966.612408908,8363665.541128009],[3243579.2788639804,8419013.706323618],[3193254.6567204855,8469945.758928059],[3145205.6592115527,8516243.829905245],[3099644.53648903,8557690.01680531],[3056783.5387047622,8594066.417178381],[3016834.71282178,8625154.6651]]},"properties":{"type":"meridian","value":60}},
{"type":"Feature","geometry":{"type":"LineString","coordinates":[[3771043.3910272256,-8625154.6651],[3820979.4233809533,-8594066.417178381],[3874555.670611288,-8557690.01680531],[3931507.0740144416,-8516243.829905245],[3991568.320900607,-8469945.758928059],[4054474.0985799762,-8419013.706323618],[4119958.2655111356,-8363665.541128009],[4187757.367948788,-8304119.275238022],[4257605.062369106,-8240592.734999793],[4329236.036082284,-8173303.822863192],[4402384.976398512,-8102470.441278092],[4476694.777950716,-8028347.804903194],[4551440.869016494,-7951340.967502234],[4625807.27083294,-7871892.193570899],[4698977.813958337,-7790443.798296254],[4770136.328950957,-7707438.096865358],[4838663.4931366565,-7623243.658443662],[4904729.708596058,-7537934.470274311],[4968701.548049903,-7451510.435430355],[5030945.92509889,-7363971.626556646],[5091829.753343725,-7275318.116298032],[5151675.033550733,-7185558.664590124],[5210623.337915695,-7094739.08725952],[5268771.555538739,-7002913.287144262],[5326216.460661913,-6910135.467649582],[5383054.82752726,-6816459.832180709],[5439360.745794981,-6721937.814320828],[5495117.058006581,-6626602.373596765],[5550284.075793202,-6530486.358625431],[5604822.034244276,-6433621.2884127395],[5658691.168449229,-6336038.681964609],[5711851.357141957,-6237768.9739548825],[5764263.572971607,-6138840.719017626],[5815887.700686775,-6039279.896171955],[5866683.990894354,-5939113.229856327],[5916612.6942012375,-5838367.444509198],[5965617.388909233,-5737067.559377016],[6013573.109245886,-5635244.448397533],[6060338.7834667675,-5532923.315066147],[6105773.057384287,-5430131.345541669],[6149734.576810848,-5326895.725982913],[6192143.87754446,-5223243.610063502],[6233170.318891745,-5119205.279775709],[6273044.728676938,-5014810.753148197],[6311998.144749375,-4910090.16412583],[6350261.604958395,-4805073.646653474],[6387993.426795279,-4699790.485941217],[6425061.822152078,-4594257.926179609],[6461262.0962275285,-4488495.335151117],[6496389.6505747875,-4382520.593991931],[6530239.886747005,-4276351.583838239],[6562661.23322512,-4170005.7028967137],[6593711.475457158,-4063507.9347699624],[6623502.19195623,-3956878.8655868014],[6652144.575365063,-3850141.0391377117],[6679749.818326385,-3743316.9992131763],[6706398.521565429,-3636429.577938537],[6732051.561939616,-3529492.5068639084],[6756638.427682249,-3422524.0581138916],[6780089.00501664,-3315540.3776675374],[6802333.180166094,-3208557.6115038935],[6823312.548935833,-3101587.6267289673],[6843014.418902685,-2994631.926585305],[6861438.180403897,-2887684.6340768393],[6878583.036886262,-2780741.4228984383],[6894448.191796571,-2673797.9667449715],[6909073.818521373,-2566850.3154324326],[6922662.048531303,-2459899.5370846638],[6935456.496409479,-2352946.5059138164],[6947700.520307323,-2245992.381140681],[6959637.478376258,-2139038.321986049],[6971443.918795792,-2032083.7075009833],[6983030.503891382,-1925131.8871417588],[6994240.669117706,-1818180.6704533368],[7004918.058588316,-1711229.746851479],[7014906.316416768,-1604278.8057519468],[7024082.133248557,-1497326.658027551],[7032454.398683033,-1390374.943435271],[7040065.0747646745,-1283423.0669893846],[7046956.1106764255,-1176471.1118039493],[7053169.455601224,-1069519.1609930245],[7058749.445176571,-962567.3224975399],[7063750.3313376075,-855615.3432531537],[7068228.641010564,-748663.4077529311],[7072240.956853409,-641711.4941247561],[7075843.861524112,-534759.5804965122],[7079062.4218766205,-427807.6370154205],[7081795.9635207355,-320855.74307204597],[7083912.210447747,-213903.83600540232],[7085278.929549755,-106951.92018991266],[7085763.887718847,-4.488677127715918e-11],[7085278.929549755,106951.92018991266],[7083912.210447747,213903.83600540232],[7081795.9635207355,320855.74307204597],[7079062.4218766205,427807.6370154205],[7075843.861524112,534759.5804965122],[7072240.956853409,641711.4941247561],[7068228.641010564,748663.4077529311],[7063750.3313376075,855615.3432531537],[7058749.445176571,962567.3224975399],[7053169.455601224,1069519.1609930245],[7046956.1106764255,1176471.1118039493],[7040065.0747646745,1283423.0669893846],[7032454.398683033,1390374.943435271],[7024082.133248557,1497326.658027551],[7014906.316416768,1604278.8057519468],[7004918.058588316,1711229.746851479],[6994240.669117706,1818180.6704533368],[6983030.503891382,1925131.8871417588],[6971443.918795792,2032083.7075009833],[6959637.478376258,2139038.321986049],[6947700.520307323,2245992.381140681],[6935456.496409479,2352946.5059138164],[6922662.048531303,2459899.5370846638],[6909073.818521373,2566850.3154324326],[6894448.191796571,2673797.9667449715],[6878583.036886262,2780741.4228984383],[6861438.180403897,2887684.6340768393],[6843014.418902685,2994631.926585305],[6823312.548935833,3101587.6267289673],[6802333.180166094,3208557.6115038935],[6780089.00501664,3315540.3776675374],[6756638.427682249,3422524.0581138916],[6732051.561939616,3529492.5068639084],[6706398.521565429,3636429.577938537],[6679749.818326385,3743316.9992131763],[6652144.575365063,3850141.0391377117],[6623502.19195623,3956878.8655868014],[6593711.475457158,4063507.9347699624],[6562661.23322512,4170005.7028967137],[6530239.886747005,4276351.583838239],[6496389.6505747875,4382520.593991931],[6461262.0962275285,4488495.335151117],[6425061.822152078,4594257.926179609],[6387993.426795279,4699790.485941217],[6350261.604958395,4805073.646653474],[6311998.144749375,4910090.16412583],[6273044.728676938,5014810.753148197],[6233170.318891745,5119205.279775709],[6192143.87754446,5223243.610063502],[6149734.576810848,5326895.725982913],[6105773.057384287,5430131.345541669],[6060338.7834667675,5532923.315066147],[6013573.109245886,5635244.448397533],[5965617.388909233,5737067.559377016],[5916612.6942012375,5838367.444509198],[5866683.990894354,5939113.229856327],[5815887.700686775,6039279.896171955],[5764263.572971607,6138840.719017626],[5711851.357141957,6237768.9739548825],[5658691.168449229,6336038.681964609],[5604822.034244276,6433621.2884127395],[5550284.075793202,6530486.358625431],[5495117.058006581,6626602.373596765],[5439360.745794981,6721937.814320828],[5383054.82752726,6816459.832180709],[5326216.460661913,6910135.467649582],[5268771.555538739,7002913.287144262],[5210623.337915695,7094739.08725952],[5151675.033550733,7185558.664590124],[5091829.753343725,7275318.116298032],[5030945.92509889,7363971.626556646],[4968701.548049903,7451510.435430355],[4904729.708596058,7537934.470274311],[4838663.4931366565,7623243.658443662],[4770136.328950957,7707438.096865358],[4698977.813958337,7790443.798296254],[4625807.27083294,7871892.193570899],[4551440.869016494,7951340.967502234],[4476694.777950716,8028347.804903194],[4402384.976398512,8102470.441278092],[4329236.036082284,8173303.822863192],[4257605.062369106,8240592.734999793],[4187757.367948788,8304119.275238022],[4119958.2655111356,8363665.541128009],[4054474.0985799762,8419013.706323618],[3991568.320900607,8469945.758928059],[3931507.0740144416,8516243.829905245],[3874555.670611288,8557690.01680531],[3820979.4233809533,8594066.417178381],[3771043.3910272256,8625154.6651]]},"properties":{"type":"meridian","value":75}},
{"type":"Feature","geometry":{"type":"LineString","coordinates":[[4525252.06923267,-8625154.6651],[4585175.308057143,-8594066.417178381],[4649466.8047335455,-8557690.01680531],[4717808.4888173295,-8516243.829905245],[4789881.985080728,-8469945.758928059],[4865368.918295971,-8419013.706323618],[4943949.918613362,-8363665.541128009],[5025308.841538546,-8304119.275238022],[5109126.074842927,-8240592.734999793],[5195083.24329874,-8173303.822863192],[5282861.971678213,-8102470.441278092],[5372033.733540859,-8028347.804903194],[5461729.0428197915,-7951340.967502234],[5550968.724999527,-7871892.193570899],[5638773.376750003,-7790443.798296254],[5724163.594741149,-7707438.096865358],[5806396.191763988,-7623243.658443662],[5885675.65031527,-7537934.470274311],[5962441.857659883,-7451510.435430355],[6037135.1101186685,-7363971.626556646],[6110195.704012469,-7275318.116298032],[6182010.040260879,-7185558.664590124],[6252748.005498834,-7094739.08725952],[6322525.866646487,-7002913.287144262],[6391459.752794295,-6910135.467649582],[6459665.793032712,-6816459.832180709],[6527232.894953976,-6721937.814320828],[6594140.469607896,-6626602.373596765],[6660340.890951842,-6530486.358625431],[6725786.441093131,-6433621.2884127395],[6790429.402139075,-6336038.681964609],[6854221.628570347,-6237768.9739548825],[6917116.287565928,-6138840.719017626],[6979065.240824129,-6039279.896171955],[7040020.789073225,-5939113.229856327],[7099935.233041486,-5838367.444509198],[7158740.866691079,-5737067.559377016],[7216287.7310950635,-5635244.448397533],[7272406.540160121,-5532923.315066147],[7326927.668861145,-5430131.345541669],[7379681.492173018,-5326895.725982913],[7430572.653053352,-5223243.610063502],[7479804.382670093,-5119205.279775709],[7527653.674412324,-5014810.753148197],[7574397.773699249,-4910090.16412583],[7620313.925950073,-4805073.646653474],[7665592.112154334,-4699790.485941217],[7710074.186582493,-4594257.926179609],[7753514.515473034,-4488495.335151117],[7795667.580689745,-4382520.593991931],[7836287.864096406,-4276351.583838239],[7875193.479870144,-4170005.7028967137],[7912453.77054859,-4063507.9347699624],[7948202.630347476,-3956878.8655868014],[7982573.490438074,-3850141.0391377117],[8015699.7819916615,-3743316.9992131763],[8047678.225878515,-3636429.577938537],[8078461.874327538,-3529492.5068639084],[8107966.1132187,-3422524.0581138916],[8136106.806019967,-3315540.3776675374],[8162799.816199312,-3208557.6115038935],[8187975.058723,-3101587.6267289673],[8211617.302683221,-2994631.926585305],[8233725.816484676,-2887684.6340768393],[8254299.644263514,-2780741.4228984383],[8273337.830155886,-2673797.9667449715],[8290888.582225648,-2566850.3154324326],[8307194.458237563,-2459899.5370846638],[8322547.795691374,-2352946.5059138164],[8337240.624368787,-2245992.381140681],[8351564.974051508,-2139038.321986049],[8365732.702554951,-2032083.7075009833],[8379636.604669659,-1925131.8871417588],[8393088.802941246,-1818180.6704533368],[8405901.670305979,-1711229.746851479],[8417887.579700122,-1604278.8057519468],[8428898.559898268,-1497326.658027551],[8438945.278419638,-1390374.943435271],[8448078.08971761,-1283423.0669893846],[8456347.33281171,-1176471.1118039493],[8463803.346721468,-1069519.1609930245],[8470499.334211886,-962567.3224975399],[8476500.397605127,-855615.3432531537],[8481874.369212676,-748663.4077529311],[8486689.148224091,-641711.4941247561],[8491012.633828932,-534759.5804965122],[8494874.906251945,-427807.6370154205],[8498155.15622488,-320855.74307204597],[8500694.652537297,-213903.83600540232],[8502334.715459704,-106951.92018991266],[8502916.665262615,-4.488677127715918e-11],[8502334.715459704,106951.92018991266],[8500694.652537297,213903.83600540232],[8498155.15622488,320855.74307204597],[8494874.906251945,427807.6370154205],[8491012.633828932,534759.5804965122],[8486689.148224091,641711.4941247561],[8481874.369212676,748663.4077529311],[8476500.397605127,855615.3432531537],[8470499.334211886,962567.3224975399],[8463803.346721468,1069519.1609930245],[8456347.33281171,1176471.1118039493],[8448078.08971761,1283423.0669893846],[8438945.278419638,1390374.943435271],[8428898.559898268,1497326.658027551],[8417887.579700122,1604278.8057519468],[8405901.670305979,1711229.746851479],[8393088.802941246,1818180.6704533368],[8379636.604669659,1925131.8871417588],[8365732.702554951,2032083.7075009833],[8351564.974051508,2139038.321986049],[8337240.624368787,2245992.381140681],[8322547.795691374,2352946.5059138164],[8307194.458237563,2459899.5370846638],[8290888.582225648,2566850.3154324326],[8273337.830155886,2673797.9667449715],[8254299.644263514,2780741.4228984383],[8233725.816484676,2887684.6340768393],[8211617.302683221,2994631.926585305],[8187975.058723,3101587.6267289673],[8162799.816199312,3208557.6115038935],[8136106.806019967,3315540.3776675374],[8107966.1132187,3422524.0581138916],[8078461.874327538,3529492.5068639084],[8047678.225878515,3636429.577938537],[8015699.7819916615,3743316.9992131763],[7982573.490438074,3850141.0391377117],[7948202.630347476,3956878.8655868014],[7912453.77054859,4063507.9347699624],[7875193.479870144,4170005.7028967137],[7836287.864096406,4276351.583838239],[7795667.580689745,4382520.593991931],[7753514.515473034,4488495.335151117],[7710074.186582493,4594257.926179609],[7665592.112154334,4699790.485941217],[7620313.925950073,4805073.646653474],[7574397.773699249,4910090.16412583],[7527653.674412324,5014810.753148197],[7479804.382670093,5119205.279775709],[7430572.653053352,5223243.610063502],[7379681.492173018,5326895.725982913],[7326927.668861145,5430131.345541669],[7272406.540160121,5532923.315066147],[7216287.7310950635,5635244.448397533],[7158740.866691079,5737067.559377016],[7099935.233041486,5838367.444509198],[7040020.789073225,5939113.229856327],[6979065.240824129,6039279.896171955],[6917116.287565928,6138840.719017626],[6854221.628570347,6237768.9739548825],[6790429.402139075,6336038.681964609],[6725786.441093131,6433621.2884127395],[6660340.890951842,6530486.358625431],[6594140.469607896,6626602.373596765],[6527232.894953976,6721937.814320828],[6459665.793032712,6816459.832180709],[6391459.752794295,6910135.467649582],[6322525.866646487,7002913.287144262],[6252748.005498834,7094739.08725952],[6182010.040260879,7185558.664590124],[6110195.704012469,7275318.116298032],[6037135.1101186685,7363971.626556646],[5962441.857659883,7451510.435430355],[5885675.65031527,7537934.470274311],[5806396.191763988,7623243.658443662],[5724163.594741149,7707438.096865358],[5638773.376750003,7790443.798296254],[5550968.724999527,7871892.193570899],[5461729.0428197915,7951340.967502234],[5372033.733540859,8028347.804903194],[5282861.971678213,8102470.441278092],[5195083.24329874,8173303.822863192],[5109126.074842927,8240592.734999793],[5025308.841538546,8304119.275238022],[4943949.918613362,8363665.541128009],[4865368.918295971,8419013.706323618],[4789881.985080728,8469945.758928059],[4717808.4888173295,8516243.829905245],[4649466.8047335455,8557690.01680531],[4585175.308057143,8594066.417178381],[4525252.06923267,8625154.6651]]},"properties":{"type":"meridian","value":90}},
{"type":"Feature","geometry":{"type":"LineString","coordinates":[[5279460.747438115,-8625154.6651],[5349371.192733334,-8594066.417178381],[5424377.938855803,-8557690.01680531],[5504109.903620218,-8516243.829905245],[5588195.64926085,-8469945.758928059],[5676263.738011967,-8419013.706323618],[5767941.57171559,-8363665.541128009],[5862860.315128304,-8304119.275238022],[5960647.087316749,-8240592.734999793],[6060930.450515198,-8173303.822863192],[6163338.9669579165,-8102470.441278092],[6267372.689131003,-8028347.804903194],[6372017.21662309,-7951340.967502234],[6476130.179166116,-7871892.193570899],[6578568.9395416705,-7790443.798296254],[6678190.86053134,-7707438.096865358],[6774128.89039132,-7623243.658443662],[6866621.592034482,-7537934.470274311],[6956182.167269863,-7451510.435430355],[7043324.295138447,-7363971.626556646],[7128561.654681215,-7275318.116298032],[7212345.046971026,-7185558.664590124],[7294872.673081973,-7094739.08725952],[7376280.1777542345,-7002913.287144262],[7456703.044926678,-6910135.467649582],[7536276.758538165,-6816459.832180709],[7615105.044112974,-6721937.814320828],[7693163.881209213,-6626602.373596765],[7770397.706110483,-6530486.358625431],[7846750.847941985,-6433621.2884127395],[7922167.63582892,-6336038.681964609],[7996591.899998739,-6237768.9739548825],[8069969.00216025,-6138840.719017626],[8142242.780961484,-6039279.896171955],[8213357.587252095,-5939113.229856327],[8283257.771881734,-5838367.444509198],[8351864.344472926,-5737067.559377016],[8419002.35294424,-5635244.448397533],[8484474.296853475,-5532923.315066147],[8548082.280338002,-5430131.345541669],[8609628.407535188,-5326895.725982913],[8669001.428562244,-5223243.610063502],[8726438.446448443,-5119205.279775709],[8782262.620147713,-5014810.753148197],[8836797.402649125,-4910090.16412583],[8890366.246941753,-4805073.646653474],[8943190.79751339,-4699790.485941217],[8995086.551012909,-4594257.926179609],[9045766.934718542,-4488495.335151117],[9094945.510804702,-4382520.593991931],[9142335.841445807,-4276351.583838239],[9187725.726515168,-4170005.7028967137],[9231196.065640023,-4063507.9347699624],[9272903.068738723,-3956878.8655868014],[9313002.405511087,-3850141.0391377117],[9351649.74565694,-3743316.9992131763],[9388957.9301916,-3636429.577938537],[9424872.186715461,-3529492.5068639084],[9459293.79875515,-3422524.0581138916],[9492124.607023297,-3315540.3776675374],[9523266.452232532,-3208557.6115038935],[9552637.568510167,-3101587.6267289673],[9580220.186463758,-2994631.926585305],[9606013.452565456,-2887684.6340768393],[9630016.251640767,-2780741.4228984383],[9652227.4685152,-2673797.9667449715],[9672703.345929923,-2566850.3154324326],[9691726.867943825,-2459899.5370846638],[9709639.094973272,-2352946.5059138164],[9726780.728430253,-2245992.381140681],[9743492.469726762,-2139038.321986049],[9760021.48631411,-2032083.7075009833],[9776242.705447936,-1925131.8871417588],[9791936.936764788,-1818180.6704533368],[9806885.282023642,-1711229.746851479],[9820868.842983475,-1604278.8057519468],[9833714.98654798,-1497326.658027551],[9845436.158156246,-1390374.943435271],[9856091.104670545,-1283423.0669893846],[9865738.554946996,-1176471.1118039493],[9874437.237841714,-1069519.1609930245],[9882249.2232472,-962567.3224975399],[9889250.46387265,-855615.3432531537],[9895520.09741479,-748663.4077529311],[9901137.339594774,-641711.4941247561],[9906181.406133754,-534759.5804965122],[9910687.390627267,-427807.6370154205],[9914514.348929029,-320855.74307204597],[9917477.094626848,-213903.83600540232],[9919390.501369657,-106951.92018991266],[9920069.442806385,-4.488677127715918e-11],[9919390.501369657,106951.92018991266],[9917477.094626848,213903.83600540232],[9914514.348929029,320855.74307204597],[9910687.390627267,427807.6370154205],[9906181.406133754,534759.5804965122],[9901137.339594774,641711.4941247561],[9895520.09741479,748663.4077529311],[9889250.46387265,855615.3432531537],[9882249.2232472,962567.3224975399],[9874437.237841714,1069519.1609930245],[9865738.554946996,1176471.1118039493],[9856091.104670545,1283423.0669893846],[9845436.158156246,1390374.943435271],[9833714.98654798,1497326.658027551],[9820868.842983475,1604278.8057519468],[9806885.282023642,1711229.746851479],[9791936.936764788,1818180.6704533368],[9776242.705447936,1925131.8871417588],[9760021.48631411,2032083.7075009833],[9743492.469726762,2139038.321986049],[9726780.728430253,2245992.381140681],[9709639.094973272,2352946.5059138164],[9691726.867943825,2459899.5370846638],[9672703.345929923,2566850.3154324326],[9652227.4685152,2673797.9667449715],[9630016.251640767,2780741.4228984383],[9606013.452565456,2887684.6340768393],[9580220.186463758,2994631.926585305],[9552637.568510167,3101587.6267289673],[9523266.452232532,3208557.6115038935],[9492124.607023297,3315540.3776675374],[9459293.79875515,3422524.0581138916],[9424872.186715461,3529492.5068639084],[9388957.9301916,3636429.577938537],[9351649.74565694,3743316.9992131763],[9313002.405511087,3850141.0391377117],[9272903.068738723,3956878.8655868014],[9231196.065640023,4063507.9347699624],[9187725.726515168,4170005.7028967137],[9142335.841445807,4276351.583838239],[9094945.510804702,4382520.593991931],[9045766.934718542,4488495.335151117],[8995086.551012909,4594257.926179609],[8943190.79751339,4699790.485941217],[8890366.246941753,4805073.646653474],[8836797.402649125,4910090.16412583],[8782262.620147713,5014810.753148197],[8726438.446448443,5119205.279775709],[8669001.428562244,5223243.610063502],[8609628.407535188,5326895.725982913],[8548082.280338002,5430131.345541669],[8484474.296853475,5532923.315066147],[8419002.35294424,5635244.448397533],[8351864.344472926,5737067.559377016],[8283257.771881734,5838367.444509198],[8213357.587252095,5939113.229856327],[8142242.780961484,6039279.896171955],[8069969.00216025,6138840.719017626],[7996591.899998739,6237768.9739548825],[7922167.63582892,6336038.681964609],[7846750.847941985,6433621.2884127395],[7770397.706110483,6530486.358625431],[7693163.881209213,6626602.373596765],[7615105.044112974,6721937.814320828],[7536276.758538165,6816459.832180709],[7456703.044926678,6910135.467649582],[7376280.1777542345,7002913.287144262],[7294872.673081973,7094739.08725952],[7212345.046971026,7185558.664590124],[7128561.654681215,7275318.116298032],[7043324.295138447,7363971.626556646],[6956182.167269863,7451510.435430355],[6866621.592034482,7537934.470274311],[6774128.89039132,7623243.658443662],[6678190.86053134,7707438.096865358],[6578568.9395416705,7790443.798296254],[6476130.179166116,7871892.193570899],[6372017.21662309,7951340.967502234],[6267372.689131003,8028347.804903194],[6163338.9669579165,8102470.441278092],[6060930.450515198,8173303.822863192],[5960647.087316749,8240592.734999793],[5862860.315128304,8304119.275238022],[5767941.57171559,8363665.541128009],[5676263.738011967,8419013.706323618],[5588195.64926085,8469945.758928059],[5504109.903620218,8516243.829905245],[5424377.938855803,8557690.01680531],[5349371.192733334,8594066.417178381],[5279460.747438115,8625154.6651]]},"properties":{"type":"meridian","value":105}},
{"type":"Feature","geometry":{"type":"LineString","coordinates":[[6033669.42564356,-8625154.6651],[6113567.0774095245,-8594066.417178381],[6199289.07297806,-8557690.01680531],[6290411.318423105,-8516243.829905245],[6386509.313440971,-8469945.758928059],[6487158.557727961,-8419013.706323618],[6591933.224817816,-8363665.541128009],[6700411.78871806,-8304119.275238022],[6812168.099790568,-8240592.734999793],[6926777.657731652,-8173303.822863192],[7043815.962237618,-8102470.441278092],[7162711.644721144,-8028347.804903194],[7282305.390426388,-7951340.967502234],[7401291.633332703,-7871892.193570899],[7518364.5023333365,-7790443.798296254],[7632218.126321531,-7707438.096865358],[7741861.589018649,-7623243.658443662],[7847567.533753692,-7537934.470274311],[7949922.4768798435,-7451510.435430355],[8049513.480158225,-7363971.626556646],[8146927.60534996,-7275318.116298032],[8242680.0536811715,-7185558.664590124],[8336997.340665111,-7094739.08725952],[8430034.488861982,-7002913.287144262],[8521946.337059058,-6910135.467649582],[8612887.724043617,-6816459.832180709],[8702977.193271969,-6721937.814320828],[8792187.29281053,-6626602.373596765],[8880454.521269122,-6530486.358625431],[8967715.25479084,-6433621.2884127395],[9053905.869518766,-6336038.681964609],[9138962.171427129,-6237768.9739548825],[9222821.716754569,-6138840.719017626],[9305420.321098838,-6039279.896171955],[9386694.385430966,-5939113.229856327],[9466580.310721979,-5838367.444509198],[9544987.822254771,-5737067.559377016],[9621716.974793417,-5635244.448397533],[9696542.053546827,-5532923.315066147],[9769236.891814858,-5430131.345541669],[9839575.322897356,-5326895.725982913],[9907430.204071134,-5223243.610063502],[9973072.51022679,-5119205.279775709],[10036871.565883098,-5014810.753148197],[10099197.031598998,-4910090.16412583],[10160418.56793343,-4805073.646653474],[10220789.482872445,-4699790.485941217],[10280098.915443324,-4594257.926179609],[10338019.353964046,-4488495.335151117],[10394223.440919658,-4382520.593991931],[10448383.818795208,-4276351.583838239],[10500257.973160192,-4170005.7028967137],[10549938.360731453,-4063507.9347699624],[10597603.507129967,-3956878.8655868014],[10643431.320584098,-3850141.0391377117],[10687599.709322216,-3743316.9992131763],[10730237.634504685,-3636429.577938537],[10771282.499103382,-3529492.5068639084],[10810621.4842916,-3422524.0581138916],[10848142.408026623,-3315540.3776675374],[10883733.088265749,-3208557.6115038935],[10917300.078297332,-3101587.6267289673],[10948823.070244294,-2994631.926585305],[10978301.088646233,-2887684.6340768393],[11005732.859018018,-2780741.4228984383],[11031117.106874513,-2673797.9667449715],[11054518.109634195,-2566850.3154324326],[11076259.277650084,-2459899.5370846638],[11096730.394255165,-2352946.5059138164],[11116320.832491716,-2245992.381140681],[11135419.96540201,-2139038.321986049],[11154310.270073267,-2032083.7075009833],[11172848.80622621,-1925131.8871417588],[11190785.070588326,-1818180.6704533368],[11207868.893741304,-1711229.746851479],[11223850.106266828,-1604278.8057519468],[11238531.41319769,-1497326.658027551],[11251927.037892852,-1390374.943435271],[11264104.119623479,-1283423.0669893846],[11275129.77708228,-1176471.1118039493],[11285071.128961956,-1069519.1609930245],[11293999.112282513,-962567.3224975399],[11302000.530140169,-855615.3432531537],[11309165.825616902,-748663.4077529311],[11315585.530965453,-641711.4941247561],[11321350.178438576,-534759.5804965122],[11326499.87500259,-427807.6370154205],[11330873.541633174,-320855.74307204597],[11334259.536716396,-213903.83600540232],[11336446.287279606,-106951.92018991266],[11337222.220350152,-4.488677127715918e-11],[11336446.287279606,106951.92018991266],[11334259.536716396,213903.83600540232],[11330873.541633174,320855.74307204597],[11326499.87500259,427807.6370154205],[11321350.178438576,534759.5804965122],[11315585.530965453,641711.4941247561],[11309165.825616902,748663.4077529311],[11302000.530140169,855615.3432531537],[11293999.112282513,962567.3224975399],[11285071.128961956,1069519.1609930245],[11275129.77708228,1176471.1118039493],[11264104.119623479,1283423.0669893846],[11251927.037892852,1390374.943435271],[11238531.41319769,1497326.658027551],[11223850.106266828,1604278.8057519468],[11207868.893741304,1711229.746851479],[11190785.070588326,1818180.6704533368],[11172848.80622621,1925131.8871417588],[11154310.270073267,2032083.7075009833],[11135419.96540201,2139038.321986049],[11116320.832491716,2245992.381140681],[11096730.394255165,2352946.5059138164],[11076259.277650084,2459899.5370846638],[11054518.109634195,2566850.3154324326],[11031117.106874513,2673797.9667449715],[11005732.859018018,2780741.4228984383],[10978301.088646233,2887684.6340768393],[10948823.070244294,2994631.926585305],[10917300.078297332,3101587.6267289673],[10883733.088265749,3208557.6115038935],[10848142.408026623,3315540.3776675374],[10810621.4842916,3422524.0581138916],[10771282.499103382,3529492.5068639084],[10730237.634504685,3636429.577938537],[10687599.709322216,3743316.9992131763],[10643431.320584098,3850141.0391377117],[10597603.507129967,3956878.8655868014],[10549938.360731453,4063507.9347699624],[10500257.973160192,4170005.7028967137],[10448383.818795208,4276351.583838239],[10394223.440919658,4382520.593991931],[10338019.353964046,4488495.335151117],[10280098.915443324,4594257.926179609],[10220789.482872445,4699790.485941217],[10160418.56793343,4805073.646653474],[10099197.031598998,4910090.16412583],[10036871.565883098,5014810.753148197],[9973072.51022679,5119205.279775709],[9907430.204071134,5223243.610063502],[9839575.322897356,5326895.725982913],[9769236.891814858,5430131.345541669],[9696542.053546827,5532923.315066147],[9621716.974793417,5635244.448397533],[9544987.822254771,5737067.559377016],[9466580.310721979,5838367.444509198],[9386694.385430966,5939113.229856327],[9305420.321098838,6039279.896171955],[9222821.716754569,6138840.719017626],[9138962.171427129,6237768.9739548825],[9053905.869518766,6336038.681964609],[8967715.25479084,6433621.2884127395],[8880454.521269122,6530486.358625431],[8792187.29281053,6626602.373596765],[8702977.193271969,6721937.814320828],[8612887.724043617,6816459.832180709],[8521946.337059058,6910135.467649582],[8430034.488861982,7002913.287144262],[8336997.340665111,7094739.08725952],[8242680.0536811715,7185558.664590124],[8146927.60534996,7275318.116298032],[8049513.480158225,7363971.626556646],[7949922.4768798435,7451510.435430355],[7847567.533753692,7537934.470274311],[7741861.589018649,7623243.658443662],[7632218.126321531,7707438.096865358],[7518364.5023333365,7790443.798296254],[7401291.633332703,7871892.193570899],[7282305.390426388,7951340.967502234],[7162711.644721144,8028347.804903194],[7043815.962237618,8102470.441278092],[6926777.657731652,8173303.822863192],[6812168.099790568,8240592.734999793],[6700411.78871806,8304119.275238022],[6591933.224817816,8363665.541128009],[6487158.557727961,8419013.706323618],[6386509.313440971,8469945.758928059],[6290411.318423105,8516243.829905245],[6199289.07297806,8557690.01680531],[6113567.0774095245,8594066.417178381],[6033669.42564356,8625154.6651]]},"properties":{"type":"meridian","value":120}},
{"type":"Feature","geometry":{"type":"LineString","coordinates":[[6787878.103849006,-8625154.6651],[6877762.9620857155,-8594066.417178381],[6974200.207100318,-8557690.01680531],[7076712.733225995,-8516243.829905245],[7184822.9776210915,-8469945.758928059],[7298053.377443956,-8419013.706323618],[7415924.877920044,-8363665.541128009],[7537963.262307818,-8304119.275238022],[7663689.112264391,-8240592.734999793],[7792624.864948111,-8173303.822863192],[7924292.957517321,-8102470.441278092],[8058050.600311289,-8028347.804903194],[8192593.564229687,-7951340.967502234],[8326453.087499291,-7871892.193570899],[8458160.065125005,-7790443.798296254],[8586245.392111722,-7707438.096865358],[8709594.28764598,-7623243.658443662],[8828513.475472905,-7537934.470274311],[8943662.786489824,-7451510.435430355],[9055702.665178003,-7363971.626556646],[9165293.556018705,-7275318.116298032],[9273015.06039132,-7185558.664590124],[9379122.00824825,-7094739.08725952],[9483788.799969729,-7002913.287144262],[9587189.629191443,-6910135.467649582],[9689498.689549068,-6816459.832180709],[9790849.342430966,-6721937.814320828],[9891210.704411846,-6626602.373596765],[9990511.336427763,-6530486.358625431],[10088679.661639694,-6433621.2884127395],[10185644.10320861,-6336038.681964609],[10281332.44285552,-6237768.9739548825],[10375674.431348892,-6138840.719017626],[10468597.861236194,-6039279.896171955],[10560031.183609838,-5939113.229856327],[10649902.849562228,-5838367.444509198],[10738111.300036618,-5737067.559377016],[10824431.596642595,-5635244.448397533],[10908609.810240183,-5532923.315066147],[10990391.503291717,-5430131.345541669],[11069522.238259526,-5326895.725982913],[11145858.979580026,-5223243.610063502],[11219706.574005142,-5119205.279775709],[11291480.511618488,-5014810.753148197],[11361596.660548873,-4910090.16412583],[11430470.88892511,-4805073.646653474],[11498388.168231502,-4699790.485941217],[11565111.27987374,-4594257.926179609],[11630271.773209551,-4488495.335151117],[11693501.371034617,-4382520.593991931],[11754431.796144608,-4276351.583838239],[11812790.219805216,-4170005.7028967137],[11868680.655822884,-4063507.9347699624],[11922303.945521213,-3956878.8655868014],[11973860.23565711,-3850141.0391377117],[12023549.672987493,-3743316.9992131763],[12071517.338817773,-3636429.577938537],[12117692.811491307,-3529492.5068639084],[12161949.16982805,-3422524.0581138916],[12204160.20902995,-3315540.3776675374],[12244199.724298969,-3208557.6115038935],[12281962.5880845,-3101587.6267289673],[12317425.95402483,-2994631.926585305],[12350588.724727012,-2887684.6340768393],[12381449.466395272,-2780741.4228984383],[12410006.745233828,-2673797.9667449715],[12436332.87333847,-2566850.3154324326],[12460791.687356345,-2459899.5370846638],[12483821.693537062,-2352946.5059138164],[12505860.93655318,-2245992.381140681],[12527347.461077264,-2139038.321986049],[12548599.053832427,-2032083.7075009833],[12569454.907004489,-1925131.8871417588],[12589633.204411868,-1818180.6704533368],[12608852.505458968,-1711229.746851479],[12626831.369550182,-1604278.8057519468],[12643347.839847403,-1497326.658027551],[12658417.917629458,-1390374.943435271],[12672117.134576414,-1283423.0669893846],[12684520.999217564,-1176471.1118039493],[12695705.0200822,-1069519.1609930245],[12705749.001317829,-962567.3224975399],[12714750.596407693,-855615.3432531537],[12722811.553819014,-748663.4077529311],[12730033.722336136,-641711.4941247561],[12736518.950743398,-534759.5804965122],[12742312.359377915,-427807.6370154205],[12747232.734337322,-320855.74307204597],[12751041.978805946,-213903.83600540232],[12753502.073189557,-106951.92018991266],[12754374.997893924,-4.488677127715918e-11],[12753502.073189557,106951.92018991266],[12751041.978805946,213903.83600540232],[12747232.734337322,320855.74307204597],[12742312.359377915,427807.6370154205],[12736518.950743398,534759.5804965122],[12730033.722336136,641711.4941247561],[12722811.553819014,748663.4077529311],[12714750.596407693,855615.3432531537],[12705749.001317829,962567.3224975399],[12695705.0200822,1069519.1609930245],[12684520.999217564,1176471.1118039493],[12672117.134576414,1283423.0669893846],[12658417.917629458,1390374.943435271],[12643347.839847403,1497326.658027551],[12626831.369550182,1604278.8057519468],[12608852.505458968,1711229.746851479],[12589633.204411868,1818180.6704533368],[12569454.907004489,1925131.8871417588],[12548599.053832427,2032083.7075009833],[12527347.461077264,2139038.321986049],[12505860.93655318,2245992.381140681],[12483821.693537062,2352946.5059138164],[12460791.687356345,2459899.5370846638],[12436332.87333847,2566850.3154324326],[12410006.745233828,2673797.9667449715],[12381449.466395272,2780741.4228984383],[12350588.724727012,2887684.6340768393],[12317425.95402483,2994631.926585305],[12281962.5880845,3101587.6267289673],[12244199.724298969,3208557.6115038935],[12204160.20902995,3315540.3776675374],[12161949.16982805,3422524.0581138916],[12117692.811491307,3529492.5068639084],[12071517.338817773,3636429.577938537],[12023549.672987493,3743316.9992131763],[11973860.23565711,3850141.0391377117],[11922303.945521213,3956878.8655868014],[11868680.655822884,4063507.9347699624],[11812790.219805216,4170005.7028967137],[11754431.796144608,4276351.583838239],[11693501.371034617,4382520.593991931],[11630271.773209551,4488495.335151117],[11565111.27987374,4594257.926179609],[11498388.168231502,4699790.485941217],[11430470.88892511,4805073.646653474],[11361596.660548873,4910090.16412583],[11291480.511618488,5014810.753148197],[11219706.574005142,5119205.279775709],[11145858.979580026,5223243.610063502],[11069522.238259526,5326895.725982913],[10990391.503291717,5430131.345541669],[10908609.810240183,5532923.315066147],[10824431.596642595,5635244.448397533],[10738111.300036618,5737067.559377016],[10649902.849562228,5838367.444509198],[10560031.183609838,5939113.229856327],[10468597.861236194,6039279.896171955],[10375674.431348892,6138840.719017626],[10281332.44285552,6237768.9739548825],[10185644.10320861,6336038.681964609],[10088679.661639694,6433621.2884127395],[9990511.336427763,6530486.358625431],[9891210.704411846,6626602.373596765],[9790849.342430966,6721937.814320828],[9689498.689549068,6816459.832180709],[9587189.629191443,6910135.467649582],[9483788.799969729,7002913.287144262],[9379122.00824825,7094739.08725952],[9273015.06039132,7185558.664590124],[9165293.556018705,7275318.116298032],[9055702.665178003,7363971.626556646],[8943662.786489824,7451510.435430355],[8828513.475472905,7537934.470274311],[8709594.28764598,7623243.658443662],[8586245.392111722,7707438.096865358],[8458160.065125005,7790443.798296254],[8326453.087499291,7871892.193570899],[8192593.564229687,7951340.967502234],[8058050.600311289,8028347.804903194],[7924292.957517321,8102470.441278092],[7792624.864948111,8173303.822863192],[7663689.112264391,8240592.734999793],[7537963.262307818,8304119.275238022],[7415924.877920044,8363665.541128009],[7298053.377443956,8419013.706323618],[7184822.9776210915,8469945.758928059],[7076712.733225995,8516243.829905245],[6974200.207100318,8557690.01680531],[6877762.9620857155,8594066.417178381],[6787878.103849006,8625154.6651]]},"properties":{"type":"meridian","value":135}},
{"type":"Feature","geometry":{"type":"LineString","coordinates":[[7542086.782054451,-8625154.6651],[7641958.8467619065,-8594066.417178381],[7749111.341222576,-8557690.01680531],[7863014.148028883,-8516243.829905245],[7983136.641801214,-8469945.758928059],[8108948.1971599525,-8419013.706323618],[8239916.531022271,-8363665.541128009],[8375514.735897576,-8304119.275238022],[8515210.124738213,-8240592.734999793],[8658472.072164567,-8173303.822863192],[8804769.952797024,-8102470.441278092],[8953389.555901432,-8028347.804903194],[9102881.738032987,-7951340.967502234],[9251614.54166588,-7871892.193570899],[9397955.627916673,-7790443.798296254],[9540272.657901915,-7707438.096865358],[9677326.986273313,-7623243.658443662],[9809459.417192116,-7537934.470274311],[9937403.096099805,-7451510.435430355],[10061891.85019778,-7363971.626556646],[10183659.50668745,-7275318.116298032],[10303350.067101466,-7185558.664590124],[10421246.67583139,-7094739.08725952],[10537543.111077478,-7002913.287144262],[10652432.921323827,-6910135.467649582],[10766109.65505452,-6816459.832180709],[10878721.491589962,-6721937.814320828],[10990234.116013162,-6626602.373596765],[11100568.151586404,-6530486.358625431],[11209644.068488551,-6433621.2884127395],[11317382.336898457,-6336038.681964609],[11423702.714283913,-6237768.9739548825],[11528527.145943213,-6138840.719017626],[11631775.40137355,-6039279.896171955],[11733367.981788708,-5939113.229856327],[11833225.388402475,-5838367.444509198],[11931234.777818466,-5737067.559377016],[12027146.218491772,-5635244.448397533],[12120677.566933535,-5532923.315066147],[12211546.114768574,-5430131.345541669],[12299469.153621696,-5326895.725982913],[12384287.75508892,-5223243.610063502],[12466340.63778349,-5119205.279775709],[12546089.457353877,-5014810.753148197],[12623996.28949875,-4910090.16412583],[12700523.20991679,-4805073.646653474],[12775986.853590557,-4699790.485941217],[12850123.644304156,-4594257.926179609],[12922524.192455057,-4488495.335151117],[12992779.301149575,-4382520.593991931],[13060479.77349401,-4276351.583838239],[13125322.46645024,-4170005.7028967137],[13187422.950914316,-4063507.9347699624],[13247004.38391246,-3956878.8655868014],[13304289.150730126,-3850141.0391377117],[13359499.63665277,-3743316.9992131763],[13412797.043130858,-3636429.577938537],[13464103.123879232,-3529492.5068639084],[13513276.855364498,-3422524.0581138916],[13560178.01003328,-3315540.3776675374],[13604666.360332187,-3208557.6115038935],[13646625.097871667,-3101587.6267289673],[13686028.83780537,-2994631.926585305],[13722876.360807793,-2887684.6340768393],[13757166.073772524,-2780741.4228984383],[13788896.383593142,-2673797.9667449715],[13818147.637042746,-2566850.3154324326],[13845324.097062606,-2459899.5370846638],[13870912.992818957,-2352946.5059138164],[13895401.040614646,-2245992.381140681],[13919274.956752516,-2139038.321986049],[13942887.837591585,-2032083.7075009833],[13966061.007782765,-1925131.8871417588],[13988481.338235412,-1818180.6704533368],[14009836.117176631,-1711229.746851479],[14029812.632833537,-1604278.8057519468],[14048164.266497115,-1497326.658027551],[14064908.797366066,-1390374.943435271],[14080130.149529349,-1283423.0669893846],[14093912.221352851,-1176471.1118039493],[14106338.911202447,-1069519.1609930245],[14117498.890353141,-962567.3224975399],[14127500.662675215,-855615.3432531537],[14136457.282021128,-748663.4077529311],[14144481.913706819,-641711.4941247561],[14151687.723048223,-534759.5804965122],[14158124.843753241,-427807.6370154205],[14163591.927041471,-320855.74307204597],[14167824.420895495,-213903.83600540232],[14170557.85909951,-106951.92018991266],[14171527.775437694,-4.488677127715918e-11],[14170557.85909951,106951.92018991266],[14167824.420895495,213903.83600540232],[14163591.927041471,320855.74307204597],[14158124.843753241,427807.6370154205],[14151687.723048223,534759.5804965122],[14144481.913706819,641711.4941247561],[14136457.282021128,748663.4077529311],[14127500.662675215,855615.3432531537],[14117498.890353141,962567.3224975399],[14106338.911202447,1069519.1609930245],[14093912.221352851,1176471.1118039493],[14080130.149529349,1283423.0669893846],[14064908.797366066,1390374.943435271],[14048164.266497115,1497326.658027551],[14029812.632833537,1604278.8057519468],[14009836.117176631,1711229.746851479],[13988481.338235412,1818180.6704533368],[13966061.007782765,1925131.8871417588],[13942887.837591585,2032083.7075009833],[13919274.956752516,2139038.321986049],[13895401.040614646,2245992.381140681],[13870912.992818957,2352946.5059138164],[13845324.097062606,2459899.5370846638],[13818147.637042746,2566850.3154324326],[13788896.383593142,2673797.9667449715],[13757166.073772524,2780741.4228984383],[13722876.360807793,2887684.6340768393],[13686028.83780537,2994631.926585305],[13646625.097871667,3101587.6267289673],[13604666.360332187,3208557.6115038935],[13560178.01003328,3315540.3776675374],[13513276.855364498,3422524.0581138916],[13464103.123879232,3529492.5068639084],[13412797.043130858,3636429.577938537],[13359499.63665277,3743316.9992131763],[13304289.150730126,3850141.0391377117],[13247004.38391246,3956878.8655868014],[13187422.950914316,4063507.9347699624],[13125322.46645024,4170005.7028967137],[13060479.77349401,4276351.583838239],[12992779.301149575,4382520.593991931],[12922524.192455057,4488495.335151117],[12850123.644304156,4594257.926179609],[12775986.853590557,4699790.485941217],[12700523.20991679,4805073.646653474],[12623996.28949875,4910090.16412583],[12546089.457353877,5014810.753148197],[12466340.63778349,5119205.279775709],[12384287.75508892,5223243.610063502],[12299469.153621696,5326895.725982913],[12211546.114768574,5430131.345541669],[12120677.566933535,5532923.315066147],[12027146.218491772,5635244.448397533],[11931234.777818466,5737067.559377016],[11833225.388402475,5838367.444509198],[11733367.981788708,5939113.229856327],[11631775.40137355,6039279.896171955],[11528527.145943213,6138840.719017626],[11423702.714283913,6237768.9739548825],[11317382.336898457,6336038.681964609],[11209644.068488551,6433621.2884127395],[11100568.151586404,6530486.358625431],[10990234.116013162,6626602.373596765],[10878721.491589962,6721937.814320828],[10766109.65505452,6816459.832180709],[10652432.921323827,6910135.467649582],[10537543.111077478,7002913.287144262],[10421246.67583139,7094739.08725952],[10303350.067101466,7185558.664590124],[10183659.50668745,7275318.116298032],[10061891.85019778,7363971.626556646],[9937403.096099805,7451510.435430355],[9809459.417192116,7537934.470274311],[9677326.986273313,7623243.658443662],[9540272.657901915,7707438.096865358],[9397955.627916673,7790443.798296254],[9251614.54166588,7871892.193570899],[9102881.738032987,7951340.967502234],[8953389.555901432,8028347.804903194],[8804769.952797024,8102470.441278092],[8658472.072164567,8173303.822863192],[8515210.124738213,8240592.734999793],[8375514.735897576,8304119.275238022],[8239916.531022271,8363665.541128009],[8108948.1971599525,8419013.706323618],[7983136.641801214,8469945.758928059],[7863014.148028883,8516243.829905245],[7749111.341222576,8557690.01680531],[7641958.8467619065,8594066.417178381],[7542086.782054451,8625154.6651]]},"properties":{"type":"meridian","value":150}},
{"type":"Feature","geometry":{"type":"LineString","coordinates":[[8296295.460259895,-8625154.6651],[8406154.731438095,-8594066.417178381],[8524022.475344831,-8557690.01680531],[8649315.56283177,-8516243.829905245],[8781450.305981334,-8469945.758928059],[8919843.016875947,-8419013.706323618],[9063908.184124498,-8363665.541128009],[9213066.209487332,-8304119.275238022],[9366731.137212032,-8240592.734999793],[9524319.279381024,-8173303.822863192],[9685246.948076725,-8102470.441278092],[9848728.511491574,-8028347.804903194],[10013169.911836283,-7951340.967502234],[10176775.995832466,-7871892.193570899],[10337751.19070834,-7790443.798296254],[10494299.923692105,-7707438.096865358],[10645059.684900643,-7623243.658443662],[10790405.358911326,-7537934.470274311],[10931143.405709784,-7451510.435430355],[11068081.035217557,-7363971.626556646],[11202025.457356194,-7275318.116298032],[11333685.073811611,-7185558.664590124],[11463371.343414526,-7094739.08725952],[11591297.422185225,-7002913.287144262],[11717676.213456206,-6910135.467649582],[11842720.620559972,-6816459.832180709],[11966593.640748957,-6721937.814320828],[12089257.527614478,-6626602.373596765],[12210624.966745043,-6530486.358625431],[12330608.475337405,-6433621.2884127395],[12449120.570588302,-6336038.681964609],[12566072.985712303,-6237768.9739548825],[12681379.860537535,-6138840.719017626],[12794952.941510903,-6039279.896171955],[12906704.779967578,-5939113.229856327],[13016547.927242722,-5838367.444509198],[13124358.25560031,-5737067.559377016],[13229860.840340946,-5635244.448397533],[13332745.323626889,-5532923.315066147],[13432700.726245431,-5430131.345541669],[13529416.068983864,-5326895.725982913],[13622716.53059781,-5223243.610063502],[13712974.701561837,-5119205.279775709],[13800698.403089263,-5014810.753148197],[13886395.918448623,-4910090.16412583],[13970575.530908465,-4805073.646653474],[14053585.538949613,-4699790.485941217],[14135136.008734567,-4594257.926179609],[14214776.611700565,-4488495.335151117],[14292057.231264532,-4382520.593991931],[14366527.75084341,-4276351.583838239],[14437854.713095263,-4170005.7028967137],[14506165.246005747,-4063507.9347699624],[14571704.822303705,-3956878.8655868014],[14634718.065803135,-3850141.0391377117],[14695449.600318046,-3743316.9992131763],[14754076.747443944,-3636429.577938537],[14810513.43626715,-3529492.5068639084],[14864604.540900948,-3422524.0581138916],[14916195.811036605,-3315540.3776675374],[14965132.996365406,-3208557.6115038935],[15011287.607658831,-3101587.6267289673],[15054631.721585905,-2994631.926585305],[15095163.99688857,-2887684.6340768393],[15132882.681149775,-2780741.4228984383],[15167786.021952456,-2673797.9667449715],[15199962.40074702,-2566850.3154324326],[15229856.506768867,-2459899.5370846638],[15258004.292100852,-2352946.5059138164],[15284941.144676108,-2245992.381140681],[15311202.452427765,-2139038.321986049],[15337176.621350741,-2032083.7075009833],[15362667.10856104,-1925131.8871417588],[15387329.47205895,-1818180.6704533368],[15410819.728894293,-1711229.746851479],[15432793.896116888,-1604278.8057519468],[15452980.693146823,-1497326.658027551],[15471399.67710267,-1390374.943435271],[15488143.164482284,-1283423.0669893846],[15503303.443488134,-1176471.1118039493],[15516972.80232269,-1069519.1609930245],[15529248.779388456,-962567.3224975399],[15540250.728942731,-855615.3432531537],[15550103.01022324,-748663.4077529311],[15558930.1050775,-641711.4941247561],[15566856.495353043,-534759.5804965122],[15573937.328128561,-427807.6370154205],[15579951.119745616,-320855.74307204597],[15584606.862985045,-213903.83600540232],[15587613.645009456,-106951.92018991266],[15588680.552981459,-4.488677127715918e-11],[15587613.645009456,106951.92018991266],[15584606.862985045,213903.83600540232],[15579951.119745616,320855.74307204597],[15573937.328128561,427807.6370154205],[15566856.495353043,534759.5804965122],[15558930.1050775,641711.4941247561],[15550103.01022324,748663.4077529311],[15540250.728942731,855615.3432531537],[15529248.779388456,962567.3224975399],[15516972.80232269,1069519.1609930245],[15503303.443488134,1176471.1118039493],[15488143.164482284,1283423.0669893846],[15471399.67710267,1390374.943435271],[15452980.693146823,1497326.658027551],[15432793.896116888,1604278.8057519468],[15410819.728894293,1711229.746851479],[15387329.47205895,1818180.6704533368],[15362667.10856104,1925131.8871417588],[15337176.621350741,2032083.7075009833],[15311202.452427765,2139038.321986049],[15284941.144676108,2245992.381140681],[15258004.292100852,2352946.5059138164],[15229856.506768867,2459899.5370846638],[15199962.40074702,2566850.3154324326],[15167786.021952456,2673797.9667449715],[15132882.681149775,2780741.4228984383],[15095163.99688857,2887684.6340768393],[15054631.721585905,2994631.926585305],[15011287.607658831,3101587.6267289673],[14965132.996365406,3208557.6115038935],[14916195.811036605,3315540.3776675374],[14864604.540900948,3422524.0581138916],[14810513.43626715,3529492.5068639084],[14754076.747443944,3636429.577938537],[14695449.600318046,3743316.9992131763],[14634718.065803135,3850141.0391377117],[14571704.822303705,3956878.8655868014],[14506165.246005747,4063507.9347699624],[14437854.713095263,4170005.7028967137],[14366527.75084341,4276351.583838239],[14292057.231264532,4382520.593991931],[14214776.611700565,4488495.335151117],[14135136.008734567,4594257.926179609],[14053585.538949613,4699790.485941217],[13970575.530908465,4805073.646653474],[13886395.918448623,4910090.16412583],[13800698.403089263,5014810.753148197],[13712974.701561837,5119205.279775709],[13622716.53059781,5223243.610063502],[13529416.068983864,5326895.725982913],[13432700.726245431,5430131.345541669],[13332745.323626889,5532923.315066147],[13229860.840340946,5635244.448397533],[13124358.25560031,5737067.559377016],[13016547.927242722,5838367.444509198],[12906704.779967578,5939113.229856327],[12794952.941510903,6039279.896171955],[12681379.860537535,6138840.719017626],[12566072.985712303,6237768.9739548825],[12449120.570588302,6336038.681964609],[12330608.475337405,6433621.2884127395],[12210624.966745043,6530486.358625431],[12089257.527614478,6626602.373596765],[11966593.640748957,6721937.814320828],[11842720.620559972,6816459.832180709],[11717676.213456206,6910135.467649582],[11591297.422185225,7002913.287144262],[11463371.343414526,7094739.08725952],[11333685.073811611,7185558.664590124],[11202025.457356194,7275318.116298032],[11068081.035217557,7363971.626556646],[10931143.405709784,7451510.435430355],[10790405.358911326,7537934.470274311],[10645059.684900643,7623243.658443662],[10494299.923692105,7707438.096865358],[10337751.19070834,7790443.798296254],[10176775.995832466,7871892.193570899],[10013169.911836283,7951340.967502234],[9848728.511491574,8028347.804903194],[9685246.948076725,8102470.441278092],[9524319.279381024,8173303.822863192],[9366731.137212032,8240592.734999793],[9213066.209487332,8304119.275238022],[9063908.184124498,8363665.541128009],[8919843.016875947,8419013.706323618],[8781450.305981334,8469945.758928059],[8649315.56283177,8516243.829905245],[8524022.475344831,8557690.01680531],[8406154.731438095,8594066.417178381],[8296295.460259895,8625154.6651]]},"properties":{"type":"meridian","value":165}},
{"type":"Feature","geometry":{"type":"LineString","coordinates":[[9050504.13846534,-8625154.6651],[9170350.616114287,-8594066.417178381],[9298933.609467091,-8557690.01680531],[9435616.977634659,-8516243.829905245],[9579763.970161457,-8469945.758928059],[9730737.836591942,-8419013.706323618],[9887899.837226724,-8363665.541128009],[10050617.683077091,-8304119.275238022],[10218252.149685854,-8240592.734999793],[10390166.48659748,-8173303.822863192],[10565723.943356426,-8102470.441278092],[10744067.467081718,-8028347.804903194],[10923458.085639583,-7951340.967502234],[11101937.449999055,-7871892.193570899],[11277546.753500005,-7790443.798296254],[11448327.189482298,-7707438.096865358],[11612792.383527976,-7623243.658443662],[11771351.30063054,-7537934.470274311],[11924883.715319766,-7451510.435430355],[12074270.220237337,-7363971.626556646],[12220391.408024939,-7275318.116298032],[12364020.080521759,-7185558.664590124],[12505496.010997668,-7094739.08725952],[12645051.733292975,-7002913.287144262],[12782919.50558859,-6910135.467649582],[12919331.586065425,-6816459.832180709],[13054465.789907953,-6721937.814320828],[13188280.939215792,-6626602.373596765],[13320681.781903684,-6530486.358625431],[13451572.882186262,-6433621.2884127395],[13580858.80427815,-6336038.681964609],[13708443.257140694,-6237768.9739548825],[13834232.575131856,-6138840.719017626],[13958130.481648259,-6039279.896171955],[14080041.57814645,-5939113.229856327],[14199870.466082972,-5838367.444509198],[14317481.733382158,-5737067.559377016],[14432575.462190127,-5635244.448397533],[14544813.080320243,-5532923.315066147],[14653855.33772229,-5430131.345541669],[14759362.984346036,-5326895.725982913],[14861145.306106703,-5223243.610063502],[14959608.765340187,-5119205.279775709],[15055307.348824648,-5014810.753148197],[15148795.547398498,-4910090.16412583],[15240627.851900145,-4805073.646653474],[15331184.224308668,-4699790.485941217],[15420148.373164985,-4594257.926179609],[15507029.030946068,-4488495.335151117],[15591335.16137949,-4382520.593991931],[15672575.728192812,-4276351.583838239],[15750386.959740289,-4170005.7028967137],[15824907.54109718,-4063507.9347699624],[15896405.260694953,-3956878.8655868014],[15965146.980876148,-3850141.0391377117],[16031399.563983323,-3743316.9992131763],[16095356.45175703,-3636429.577938537],[16156923.748655075,-3529492.5068639084],[16215932.2264374,-3422524.0581138916],[16272213.612039935,-3315540.3776675374],[16325599.632398624,-3208557.6115038935],[16375950.117446,-3101587.6267289673],[16423234.605366442,-2994631.926585305],[16467451.632969351,-2887684.6340768393],[16508599.288527029,-2780741.4228984383],[16546675.660311772,-2673797.9667449715],[16581777.164451296,-2566850.3154324326],[16614388.916475127,-2459899.5370846638],[16645095.591382748,-2352946.5059138164],[16674481.248737574,-2245992.381140681],[16703129.948103016,-2139038.321986049],[16731465.405109903,-2032083.7075009833],[16759273.209339319,-1925131.8871417588],[16786177.605882492,-1818180.6704533368],[16811803.340611957,-1711229.746851479],[16835775.159400243,-1604278.8057519468],[16857797.119796537,-1497326.658027551],[16877890.556839276,-1390374.943435271],[16896156.17943522,-1283423.0669893846],[16912694.66562342,-1176471.1118039493],[16927606.693442937,-1069519.1609930245],[16940998.66842377,-962567.3224975399],[16953000.795210253,-855615.3432531537],[16963748.73842535,-748663.4077529311],[16973378.296448182,-641711.4941247561],[16982025.267657865,-534759.5804965122],[16989749.81250389,-427807.6370154205],[16996310.31244976,-320855.74307204597],[17001389.305074595,-213903.83600540232],[17004669.43091941,-106951.92018991266],[17005833.33052523,-4.488677127715918e-11],[17004669.43091941,106951.92018991266],[17001389.305074595,213903.83600540232],[16996310.31244976,320855.74307204597],[16989749.81250389,427807.6370154205],[16982025.267657865,534759.5804965122],[16973378.296448182,641711.4941247561],[16963748.73842535,748663.4077529311],[16953000.795210253,855615.3432531537],[16940998.66842377,962567.3224975399],[16927606.693442937,1069519.1609930245],[16912694.66562342,1176471.1118039493],[16896156.17943522,1283423.0669893846],[16877890.556839276,1390374.943435271],[16857797.119796537,1497326.658027551],[16835775.159400243,1604278.8057519468],[16811803.340611957,1711229.746851479],[16786177.605882492,1818180.6704533368],[16759273.209339319,1925131.8871417588],[16731465.405109903,2032083.7075009833],[16703129.948103016,2139038.321986049],[16674481.248737574,2245992.381140681],[16645095.591382748,2352946.5059138164],[16614388.916475127,2459899.5370846638],[16581777.164451296,2566850.3154324326],[16546675.660311772,2673797.9667449715],[16508599.288527029,2780741.4228984383],[16467451.632969351,2887684.6340768393],[16423234.605366442,2994631.926585305],[16375950.117446,3101587.6267289673],[16325599.632398624,3208557.6115038935],[16272213.612039935,3315540.3776675374],[16215932.2264374,3422524.0581138916],[16156923.748655075,3529492.5068639084],[16095356.45175703,3636429.577938537],[16031399.563983323,3743316.9992131763],[15965146.980876148,3850141.0391377117],[15896405.260694953,3956878.8655868014],[15824907.54109718,4063507.9347699624],[15750386.959740289,4170005.7028967137],[15672575.728192812,4276351.583838239],[15591335.16137949,4382520.593991931],[15507029.030946068,4488495.335151117],[15420148.373164985,4594257.926179609],[15331184.224308668,4699790.485941217],[15240627.851900145,4805073.646653474],[15148795.547398498,4910090.16412583],[15055307.348824648,5014810.753148197],[14959608.765340187,5119205.279775709],[14861145.306106703,5223243.610063502],[14759362.984346036,5326895.725982913],[14653855.33772229,5430131.345541669],[14544813.080320243,5532923.315066147],[14432575.462190127,5635244.448397533],[14317481.733382158,5737067.559377016],[14199870.466082972,5838367.444509198],[14080041.57814645,5939113.229856327],[13958130.481648259,6039279.896171955],[13834232.575131856,6138840.719017626],[13708443.257140694,6237768.9739548825],[13580858.80427815,6336038.681964609],[13451572.882186262,6433621.2884127395],[13320681.781903684,6530486.358625431],[13188280.939215792,6626602.373596765],[13054465.789907953,6721937.814320828],[12919331.586065425,6816459.832180709],[12782919.50558859,6910135.467649582],[12645051.733292975,7002913.287144262],[12505496.010997668,7094739.08725952],[12364020.080521759,7185558.664590124],[12220391.408024939,7275318.116298032],[12074270.220237337,7363971.626556646],[11924883.715319766,7451510.435430355],[11771351.30063054,7537934.470274311],[11612792.383527976,7623243.658443662],[11448327.189482298,7707438.096865358],[11277546.753500005,7790443.798296254],[11101937.449999055,7871892.193570899],[10923458.085639583,7951340.967502234],[10744067.467081718,8028347.804903194],[10565723.943356426,8102470.441278092],[10390166.48659748,8173303.822863192],[10218252.149685854,8240592.734999793],[10050617.683077091,8304119.275238022],[9887899.837226724,8363665.541128009],[9730737.836591942,8419013.706323618],[9579763.970161457,8469945.758928059],[9435616.977634659,8516243.829905245],[9298933.609467091,8557690.01680531],[9170350.616114287,8594066.417178381],[9050504.13846534,8625154.6651]]},"properties":{"type":"meridian","value":180}},
{"type":"Feature","geometry":{"type":"LineString","coordinates":[[-9050504.13846534,-8625154.6651],[-9000223.559918312,-8625154.6651],[-8949942.98137128,-8625154.6651],[-8899662.402824251,-8625154.6651],[-8849381.824277222,-8625154.6651],[-8799101.245730191,-8625154.6651],[-8748820.667183163,-8625154.6651],[-8698540.088636134,-8625154.6651],[-8648259.510089103,-8625154.6651],[-8597978.931542072,-8625154.6651],[-8547698.352995045,-8625154.6651],[-8497417.774448013,-8625154.6651],[-8447137.195900984,-8625154.6651],[-8396856.617353955,-8625154.6651],[-8346576.038806925,-8625154.6651],[-8296295.460259895,-8625154.6651],[-8246014.881712866,-8625154.6651],[-8195734.303165836,-8625154.6651],[-8145453.7246188065,-8625154.6651],[-8095173.146071777,-8625154.6651],[-8044892.567524746,-8625154.6651],[-7994611.988977718,-8625154.6651],[-7944331.410430687,-8625154.6651],[-7894050.831883658,-8625154.6651],[-7843770.253336628,-8625154.6651],[-7793489.674789598,-8625154.6651],[-7743209.096242569,-8625154.6651],[-7692928.51769554,-8625154.6651],[-7642647.93914851,-8625154.6651],[-7592367.360601479,-8625154.6651],[-7542086.782054451,-8625154.6651],[-7491806.20350742,-8625154.6651],[-7441525.624960391,-8625154.6651],[-7391245.046413361,-8625154.6651],[-7340964.467866331,-8625154.6651],[-7290683.8893193025,-8625154.6651],[-7240403.310772273,-8625154.6651],[-7190122.732225243,-8625154.6651],[-7139842.153678212,-8625154.6651],[-7089561.575131184,-8625154.6651],[-7039280.996584153,-8625154.6651],[-6989000.418037124,-8625154.6651],[-6938719.839490094,-8625154.6651],[-6888439.2609430645,-8625154.6651],[-6838158.682396036,-8625154.6651],[-6787878.103849006,-8625154.6651],[-6737597.525301976,-8625154.6651],[-6687316.946754945,-8625154.6651],[-6637036.368207916,-8625154.6651],[-6586755.789660886,-8625154.6651],[-6536475.211113857,-8625154.6651],[-6486194.632566827,-8625154.6651],[-6435914.054019798,-8625154.6651],[-6385633.475472769,-8625154.6651],[-6335352.896925738,-8625154.6651],[-6285072.318378709,-8625154.6651],[-6234791.739831679,-8625154.6651],[-6184511.16128465,-8625154.6651],[-6134230.582737619,-8625154.6651],[-6083950.00419059,-8625154.6651],[-6033669.42564356,-8625154.6651],[-5983388.847096531,-8625154.6651],[-5933108.268549501,-8625154.6651],[-5882827.690002471,-8625154.6651],[-5832547.111455442,-8625154.6651],[-5782266.532908412,-8625154.6651],[-5731985.954361383,-8625154.6651],[-5681705.375814353,-8625154.6651],[-5631424.797267323,-8625154.6651],[-5581144.218720293,-8625154.6651],[-5530863.640173264,-8625154.6651],[-5480583.061626234,-8625154.6651],[-5430302.483079203,-8625154.6651],[-5380021.904532175,-8625154.6651],[-5329741.325985145,-8625154.6651],[-5279460.747438115,-8625154.6651],[-5229180.168891086,-8625154.6651],[-5178899.5903440565,-8625154.6651],[-5128619.011797026,-8625154.6651],[-5078338.433249997,-8625154.6651],[-5028057.854702967,-8625154.6651],[-4977777.2761559365,-8625154.6651],[-4927496.697608908,-8625154.6651],[-4877216.119061878,-8625154.6651],[-4826935.540514848,-8625154.6651],[-4776654.961967818,-8625154.6651],[-4726374.38342079,-8625154.6651],[-4676093.804873759,-8625154.6651],[-4625813.226326729,-8625154.6651],[-4575532.6477797,-8625154.6651],[-4525252.06923267,-8625154.6651],[-4474971.49068564,-8625154.6651],[-4424690.912138611,-8625154.6651],[-4374410.333591581,-8625154.6651],[-4324129.755044552,-8625154.6651],[-4273849.176497523,-8625154.6651],[-4223568.597950492,-8625154.6651],[-4173288.0194034623,-8625154.6651],[-4123007.440856433,-8625154.6651],[-4072726.8623094033,-8625154.6651],[-4022446.283762373,-8625154.6651],[-3972165.7052153433,-8625154.6651],[-3921885.126668314,-8625154.6651],[-3871604.5481212847,-8625154.6651],[-3821323.969574255,-8625154.6651],[-3771043.3910272256,-8625154.6651],[-3720762.8124801954,-8625154.6651],[-3670482.2339331657,-8625154.6651],[-3620201.6553861364,-8625154.6651],[-3569921.076839106,-8625154.6651],[-3519640.4982920764,-8625154.6651],[-3469359.919745047,-8625154.6651],[-3419079.341198018,-8625154.6651],[-3368798.762650988,-8625154.6651],[-3318518.184103958,-8625154.6651],[-3268237.6055569286,-8625154.6651],[-3217957.027009899,-8625154.6651],[-3167676.448462869,-8625154.6651],[-3117395.8699158393,-8625154.6651],[-3067115.2913688095,-8625154.6651],[-3016834.71282178,-8625154.6651],[-2966554.1342747505,-8625154.6651],[-2916273.555727721,-8625154.6651],[-2865992.9771806914,-8625154.6651],[-2815712.3986336617,-8625154.6651],[-2765431.820086632,-8625154.6651],[-2715151.2415396017,-8625154.6651],[-2664870.6629925724,-8625154.6651],[-2614590.084445543,-8625154.6651],[-2564309.505898513,-8625154.6651],[-2514028.9273514836,-8625154.6651],[-2463748.348804454,-8625154.6651],[-2413467.770257424,-8625154.6651],[-2363187.191710395,-8625154.6651],[-2312906.6131633646,-8625154.6651],[-2262626.034616335,-8625154.6651],[-2212345.4560693055,-8625154.6651],[-2162064.877522276,-8625154.6651],[-2111784.298975246,-8625154.6651],[-2061503.7204282165,-8625154.6651],[-2011223.1418811865,-8625154.6651],[-1960942.563334157,-8625154.6651],[-1910661.9847871275,-8625154.6651],[-1860381.4062400977,-8625154.6651],[-1810100.8276930682,-8625154.6651],[-1759820.2491460382,-8625154.6651],[-1709539.670599009,-8625154.6651],[-1659259.092051979,-8625154.6651],[-1608978.5135049494,-8625154.6651],[-1558697.9349579196,-8625154.6651],[-1508417.35641089,-8625154.6651],[-1458136.7778638606,-8625154.6651],[-1407856.1993168308,-8625154.6651],[-1357575.6207698009,-8625154.6651],[-1307295.0422227716,-8625154.6651],[-1257014.4636757418,-8625154.6651],[-1206733.885128712,-8625154.6651],[-1156453.3065816823,-8625154.6651],[-1106172.7280346528,-8625154.6651],[-1055892.149487623,-8625154.6651],[-1005611.5709405933,-8625154.6651],[-955330.9923935637,-8625154.6651],[-905050.4138465341,-8625154.6651],[-854769.8352995045,-8625154.6651],[-804489.2567524747,-8625154.6651],[-754208.678205445,-8625154.6651],[-703928.0996584154,-8625154.6651],[-653647.5211113858,-8625154.6651],[-603366.942564356,-8625154.6651],[-553086.3640173264,-8625154.6651],[-502805.7854702966,-8625154.6651],[-452525.20692326705,-8625154.6651],[-402244.62837623735,-8625154.6651],[-351964.0498292077,-8625154.6651],[-301683.471282178,-8625154.6651],[-251402.8927351483,-8625154.6651],[-201122.31418811867,-8625154.6651],[-150841.735641089,-8625154.6651],[-100561.15709405934,-8625154.6651],[-50280.57854702967,-8625154.6651],[0,-8625154.6651],[50280.57854702967,-8625154.6651],[100561.15709405934,-8625154.6651],[150841.735641089,-8625154.6651],[201122.31418811867,-8625154.6651],[251402.8927351483,-8625154.6651],[301683.471282178,-8625154.6651],[351964.0498292077,-8625154.6651],[402244.62837623735,-8625154.6651],[452525.20692326705,-8625154.6651],[502805.7854702966,-8625154.6651],[553086.3640173264,-8625154.6651],[603366.942564356,-8625154.6651],[653647.5211113858,-8625154.6651],[703928.0996584154,-8625154.6651],[754208.678205445,-8625154.6651],[804489.2567524747,-8625154.6651],[854769.8352995045,-8625154.6651],[905050.4138465341,-8625154.6651],[955330.9923935637,-8625154.6651],[1005611.5709405933,-8625154.6651],[1055892.149487623,-8625154.6651],[1106172.7280346528,-8625154.6651],[1156453.3065816823,-8625154.6651],[1206733.885128712,-8625154.6651],[1257014.4636757418,-8625154.6651],[1307295.0422227716,-8625154.6651],[1357575.6207698009,-8625154.6651],[1407856.1993168308,-8625154.6651],[1458136.7778638606,-8625154.6651],[1508417.35641089,-8625154.6651],[1558697.9349579196,-8625154.6651],[1608978.5135049494,-8625154.6651],[1659259.092051979,-8625154.6651],[1709539.670599009,-8625154.6651],[1759820.2491460382,-8625154.6651],[1810100.8276930682,-8625154.6651],[1860381.4062400977,-8625154.6651],[1910661.9847871275,-8625154.6651],[1960942.563334157,-8625154.6651],[2011223.1418811865,-8625154.6651],[2061503.7204282165,-8625154.6651],[2111784.298975246,-8625154.6651],[2162064.877522276,-8625154.6651],[2212345.4560693055,-8625154.6651],[2262626.034616335,-8625154.6651],[2312906.6131633646,-8625154.6651],[2363187.191710395,-8625154.6651],[2413467.770257424,-8625154.6651],[2463748.348804454,-8625154.6651],[2514028.9273514836,-8625154.6651],[2564309.505898513,-8625154.6651],[2614590.084445543,-8625154.6651],[2664870.6629925724,-8625154.6651],[2715151.2415396017,-8625154.6651],[2765431.820086632,-8625154.6651],[2815712.3986336617,-8625154.6651],[2865992.9771806914,-8625154.6651],[2916273.555727721,-8625154.6651],[2966554.1342747505,-8625154.6651],[3016834.71282178,-8625154.6651],[3067115.2913688095,-8625154.6651],[3117395.8699158393,-8625154.6651],[3167676.448462869,-8625154.6651],[3217957.027009899,-8625154.6651],[3268237.6055569286,-8625154.6651],[3318518.184103958,-8625154.6651],[3368798.762650988,-8625154.6651],[3419079.341198018,-8625154.6651],[3469359.919745047,-8625154.6651],[3519640.4982920764,-8625154.6651],[3569921.076839106,-8625154.6651],[3620201.6553861364,-8625154.6651],[3670482.2339331657,-8625154.6651],[3720762.8124801954,-8625154.6651],[3771043.3910272256,-8625154.6651],[3821323.969574255,-8625154.6651],[3871604.5481212847,-8625154.6651],[3921885.126668314,-8625154.6651],[3972165.7052153433,-8625154.6651],[4022446.283762373,-8625154.6651],[4072726.8623094033,-8625154.6651],[4123007.440856433,-8625154.6651],[4173288.0194034623,-8625154.6651],[4223568.597950492,-8625154.6651],[4273849.176497523,-8625154.6651],[4324129.755044552,-8625154.6651],[4374410.333591581,-8625154.6651],[4424690.912138611,-8625154.6651],[4474971.49068564,-8625154.6651],[4525252.06923267,-8625154.6651],[4575532.6477797,-8625154.6651],[4625813.226326729,-8625154.6651],[4676093.804873759,-8625154.6651],[4726374.38342079,-8625154.6651],[4776654.961967818,-8625154.6651],[4826935.540514848,-8625154.6651],[4877216.119061878,-8625154.6651],[4927496.697608908,-8625154.6651],[4977777.2761559365,-8625154.6651],[5028057.854702967,-8625154.6651],[5078338.433249997,-8625154.6651],[5128619.011797026,-8625154.6651],[5178899.5903440565,-8625154.6651],[5229180.168891086,-8625154.6651],[5279460.747438115,-8625154.6651],[5329741.325985145,-8625154.6651],[5380021.904532175,-8625154.6651],[5430302.483079203,-8625154.6651],[5480583.061626234,-8625154.6651],[5530863.640173264,-8625154.6651],[5581144.218720293,-8625154.6651],[5631424.797267323,-8625154.6651],[5681705.375814353,-8625154.6651],[5731985.954361383,-8625154.6651],[5782266.532908412,-8625154.6651],[5832547.111455442,-8625154.6651],[5882827.690002471,-8625154.6651],[5933108.268549501,-8625154.6651],[5983388.847096531,-8625154.6651],[6033669.42564356,-8625154.6651],[6083950.00419059,-8625154.6651],[6134230.582737619,-8625154.6651],[6184511.16128465,-8625154.6651],[6234791.739831679,-8625154.6651],[6285072.318378709,-8625154.6651],[6335352.896925738,-8625154.6651],[6385633.475472769,-8625154.6651],[6435914.054019798,-8625154.6651],[6486194.632566827,-8625154.6651],[6536475.211113857,-8625154.6651],[6586755.789660886,-8625154.6651],[6637036.368207916,-8625154.6651],[6687316.946754945,-8625154.6651],[6737597.525301976,-8625154.6651],[6787878.103849006,-8625154.6651],[6838158.682396036,-8625154.6651],[6888439.2609430645,-8625154.6651],[6938719.839490094,-8625154.6651],[6989000.418037124,-8625154.6651],[7039280.996584153,-8625154.6651],[7089561.575131184,-8625154.6651],[7139842.153678212,-8625154.6651],[7190122.732225243,-8625154.6651],[7240403.310772273,-8625154.6651],[7290683.8893193025,-8625154.6651],[7340964.467866331,-8625154.6651],[7391245.046413361,-8625154.6651],[7441525.624960391,-8625154.6651],[7491806.20350742,-8625154.6651],[7542086.782054451,-8625154.6651],[7592367.360601479,-8625154.6651],[7642647.93914851,-8625154.6651],[7692928.51769554,-8625154.6651],[7743209.096242569,-8625154.6651],[7793489.674789598,-8625154.6651],[7843770.253336628,-8625154.6651],[7894050.831883658,-8625154.6651],[7944331.410430687,-8625154.6651],[7994611.988977718,-8625154.6651],[8044892.567524746,-8625154.6651],[8095173.146071777,-8625154.6651],[8145453.7246188065,-8625154.6651],[8195734.303165836,-8625154.6651],[8246014.881712866,-8625154.6651],[8296295.460259895,-8625154.6651],[8346576.038806925,-8625154.6651],[8396856.617353955,-8625154.6651],[8447137.195900984,-8625154.6651],[8497417.774448013,-8625154.6651],[8547698.352995045,-8625154.6651],[8597978.931542072,-8625154.6651],[8648259.510089103,-8625154.6651],[8698540.088636134,-8625154.6651],[8748820.667183163,-8625154.6651],[8799101.245730191,-8625154.6651],[8849381.824277222,-8625154.6651],[8899662.402824251,-8625154.6651],[8949942.98137128,-8625154.6651],[9000223.559918312,-8625154.6651],[9050504.13846534,-8625154.6651]]},"properties":{"type":"parallel","value":-90}},
{"type":"Feature","geometry":{"type":"LineString","coordinates":[[-11448327.189482298,-7707438.096865358],[-11384725.371762952,-7707438.096865358],[-11321123.554043606,-7707438.096865358],[-11257521.73632426,-7707438.096865358],[-11193919.918604914,-7707438.096865358],[-11130318.100885568,-7707438.096865358],[-11066716.28316622,-7707438.096865358],[-11003114.465446874,-7707438.096865358],[-10939512.64772753,-7707438.096865358],[-10875910.830008183,-7707438.096865358],[-10812309.012288837,-7707438.096865358],[-10748707.19456949,-7707438.096865358],[-10685105.376850145,-7707438.096865358],[-10621503.559130799,-7707438.096865358],[-10557901.741411453,-7707438.096865358],[-10494299.923692105,-7707438.096865358],[-10430698.10597276,-7707438.096865358],[-10367096.288253415,-7707438.096865358],[-10303494.47053407,-7707438.096865358],[-10239892.652814724,-7707438.096865358],[-10176290.835095376,-7707438.096865358],[-10112689.01737603,-7707438.096865358],[-10049087.199656682,-7707438.096865358],[-9985485.381937338,-7707438.096865358],[-9921883.564217992,-7707438.096865358],[-9858281.746498646,-7707438.096865358],[-9794679.9287793,-7707438.096865358],[-9731078.111059953,-7707438.096865358],[-9667476.293340608,-7707438.096865358],[-9603874.47562126,-7707438.096865358],[-9540272.657901915,-7707438.096865358],[-9476670.840182569,-7707438.096865358],[-9413069.022463223,-7707438.096865358],[-9349467.204743877,-7707438.096865358],[-9285865.387024531,-7707438.096865358],[-9222263.569305185,-7707438.096865358],[-9158661.751585837,-7707438.096865358],[-9095059.933866493,-7707438.096865358],[-9031458.116147146,-7707438.096865358],[-8967856.2984278,-7707438.096865358],[-8904254.480708454,-7707438.096865358],[-8840652.662989108,-7707438.096865358],[-8777050.845269762,-7707438.096865358],[-8713449.027550416,-7707438.096865358],[-8649847.20983107,-7707438.096865358],[-8586245.392111722,-7707438.096865358],[-8522643.574392376,-7707438.096865358],[-8459041.756673032,-7707438.096865358],[-8395439.938953687,-7707438.096865358],[-8331838.121234339,-7707438.096865358],[-8268236.303514993,-7707438.096865358],[-8204634.485795646,-7707438.096865358],[-8141032.668076301,-7707438.096865358],[-8077430.850356956,-7707438.096865358],[-8013829.032637608,-7707438.096865358],[-7950227.214918262,-7707438.096865358],[-7886625.3971989155,-7707438.096865358],[-7823023.579479571,-7707438.096865358],[-7759421.761760224,-7707438.096865358],[-7695819.944040879,-7707438.096865358],[-7632218.126321531,-7707438.096865358],[-7568616.308602187,-7707438.096865358],[-7505014.490882841,-7707438.096865358],[-7441412.673163494,-7707438.096865358],[-7377810.855444148,-7707438.096865358],[-7314209.0377248,-7707438.096865358],[-7250607.220005456,-7707438.096865358],[-7187005.4022861095,-7707438.096865358],[-7123403.584566764,-7707438.096865358],[-7059801.766847418,-7707438.096865358],[-6996199.949128071,-7707438.096865358],[-6932598.131408725,-7707438.096865358],[-6868996.313689379,-7707438.096865358],[-6805394.495970032,-7707438.096865358],[-6741792.678250686,-7707438.096865358],[-6678190.86053134,-7707438.096865358],[-6614589.042811994,-7707438.096865358],[-6550987.2250926485,-7707438.096865358],[-6487385.407373304,-7707438.096865358],[-6423783.589653956,-7707438.096865358],[-6360181.77193461,-7707438.096865358],[-6296579.954215264,-7707438.096865358],[-6232978.136495918,-7707438.096865358],[-6169376.318776571,-7707438.096865358],[-6105774.501057226,-7707438.096865358],[-6042172.68333788,-7707438.096865358],[-5978570.865618533,-7707438.096865358],[-5914969.047899188,-7707438.096865358],[-5851367.230179842,-7707438.096865358],[-5787765.412460496,-7707438.096865358],[-5724163.594741149,-7707438.096865358],[-5660561.777021803,-7707438.096865358],[-5596959.959302457,-7707438.096865358],[-5533358.14158311,-7707438.096865358],[-5469756.323863765,-7707438.096865358],[-5406154.506144418,-7707438.096865358],[-5342552.6884250725,-7707438.096865358],[-5278950.870705727,-7707438.096865358],[-5215349.05298638,-7707438.096865358],[-5151747.235267035,-7707438.096865358],[-5088145.417547688,-7707438.096865358],[-5024543.599828341,-7707438.096865358],[-4960941.782108996,-7707438.096865358],[-4897339.96438965,-7707438.096865358],[-4833738.146670304,-7707438.096865358],[-4770136.328950957,-7707438.096865358],[-4706534.5112316115,-7707438.096865358],[-4642932.693512266,-7707438.096865358],[-4579330.875792919,-7707438.096865358],[-4515729.058073573,-7707438.096865358],[-4452127.240354227,-7707438.096865358],[-4388525.422634881,-7707438.096865358],[-4324923.604915535,-7707438.096865358],[-4261321.787196188,-7707438.096865358],[-4197719.969476843,-7707438.096865358],[-4134118.1517574964,-7707438.096865358],[-4070516.3340381505,-7707438.096865358],[-4006914.516318804,-7707438.096865358],[-3943312.6985994577,-7707438.096865358],[-3879710.880880112,-7707438.096865358],[-3816109.0631607655,-7707438.096865358],[-3752507.2454414205,-7707438.096865358],[-3688905.427722074,-7707438.096865358],[-3625303.610002728,-7707438.096865358],[-3561701.792283382,-7707438.096865358],[-3498099.9745640354,-7707438.096865358],[-3434498.1568446895,-7707438.096865358],[-3370896.339125343,-7707438.096865358],[-3307294.521405997,-7707438.096865358],[-3243692.703686652,-7707438.096865358],[-3180090.885967305,-7707438.096865358],[-3116489.068247959,-7707438.096865358],[-3052887.250528613,-7707438.096865358],[-2989285.4328092667,-7707438.096865358],[-2925683.615089921,-7707438.096865358],[-2862081.7973705744,-7707438.096865358],[-2798479.9796512285,-7707438.096865358],[-2734878.1619318826,-7707438.096865358],[-2671276.3442125362,-7707438.096865358],[-2607674.52649319,-7707438.096865358],[-2544072.708773844,-7707438.096865358],[-2480470.891054498,-7707438.096865358],[-2416869.073335152,-7707438.096865358],[-2353267.2556158057,-7707438.096865358],[-2289665.4378964594,-7707438.096865358],[-2226063.6201771135,-7707438.096865358],[-2162461.8024577675,-7707438.096865358],[-2098859.9847384216,-7707438.096865358],[-2035258.1670190752,-7707438.096865358],[-1971656.3492997289,-7707438.096865358],[-1908054.5315803827,-7707438.096865358],[-1844452.713861037,-7707438.096865358],[-1780850.896141691,-7707438.096865358],[-1717249.0784223448,-7707438.096865358],[-1653647.2607029986,-7707438.096865358],[-1590045.4429836525,-7707438.096865358],[-1526443.6252643066,-7707438.096865358],[-1462841.8075449604,-7707438.096865358],[-1399239.9898256143,-7707438.096865358],[-1335638.1721062681,-7707438.096865358],[-1272036.354386922,-7707438.096865358],[-1208434.536667576,-7707438.096865358],[-1144832.7189482297,-7707438.096865358],[-1081230.9012288838,-7707438.096865358],[-1017629.0835095376,-7707438.096865358],[-954027.2657901914,-7707438.096865358],[-890425.4480708455,-7707438.096865358],[-826823.6303514993,-7707438.096865358],[-763221.8126321533,-7707438.096865358],[-699619.9949128071,-7707438.096865358],[-636018.177193461,-7707438.096865358],[-572416.3594741148,-7707438.096865358],[-508814.5417547688,-7707438.096865358],[-445212.7240354227,-7707438.096865358],[-381610.90631607664,-7707438.096865358],[-318009.0885967305,-7707438.096865358],[-254407.2708773844,-7707438.096865358],[-190805.45315803832,-7707438.096865358],[-127203.6354386922,-7707438.096865358],[-63601.8177193461,-7707438.096865358],[0,-7707438.096865358],[63601.8177193461,-7707438.096865358],[127203.6354386922,-7707438.096865358],[190805.45315803832,-7707438.096865358],[254407.2708773844,-7707438.096865358],[318009.0885967305,-7707438.096865358],[381610.90631607664,-7707438.096865358],[445212.7240354227,-7707438.096865358],[508814.5417547688,-7707438.096865358],[572416.3594741148,-7707438.096865358],[636018.177193461,-7707438.096865358],[699619.9949128071,-7707438.096865358],[763221.8126321533,-7707438.096865358],[826823.6303514993,-7707438.096865358],[890425.4480708455,-7707438.096865358],[954027.2657901914,-7707438.096865358],[1017629.0835095376,-7707438.096865358],[1081230.9012288838,-7707438.096865358],[1144832.7189482297,-7707438.096865358],[1208434.536667576,-7707438.096865358],[1272036.354386922,-7707438.096865358],[1335638.1721062681,-7707438.096865358],[1399239.9898256143,-7707438.096865358],[1462841.8075449604,-7707438.096865358],[1526443.6252643066,-7707438.096865358],[1590045.4429836525,-7707438.096865358],[1653647.2607029986,-7707438.096865358],[1717249.0784223448,-7707438.096865358],[1780850.896141691,-7707438.096865358],[1844452.713861037,-7707438.096865358],[1908054.5315803827,-7707438.096865358],[1971656.3492997289,-7707438.096865358],[2035258.1670190752,-7707438.096865358],[2098859.9847384216,-7707438.096865358],[2162461.8024577675,-7707438.096865358],[2226063.6201771135,-7707438.096865358],[2289665.4378964594,-7707438.096865358],[2353267.2556158057,-7707438.096865358],[2416869.073335152,-7707438.096865358],[2480470.891054498,-7707438.096865358],[2544072.708773844,-7707438.096865358],[2607674.52649319,-7707438.096865358],[2671276.3442125362,-7707438.096865358],[2734878.1619318826,-7707438.096865358],[2798479.9796512285,-7707438.096865358],[2862081.7973705744,-7707438.096865358],[2925683.615089921,-7707438.096865358],[2989285.4328092667,-7707438.096865358],[3052887.250528613,-7707438.096865358],[3116489.068247959,-7707438.096865358],[3180090.885967305,-7707438.096865358],[3243692.703686652,-7707438.096865358],[3307294.521405997,-7707438.096865358],[3370896.339125343,-7707438.096865358],[3434498.1568446895,-7707438.096865358],[3498099.9745640354,-7707438.096865358],[3561701.792283382,-7707438.096865358],[3625303.610002728,-7707438.096865358],[3688905.427722074,-7707438.096865358],[3752507.2454414205,-7707438.096865358],[3816109.0631607655,-7707438.096865358],[3879710.880880112,-7707438.096865358],[3943312.6985994577,-7707438.096865358],[4006914.516318804,-7707438.096865358],[4070516.3340381505,-7707438.096865358],[4134118.1517574964,-7707438.096865358],[4197719.969476843,-7707438.096865358],[4261321.787196188,-7707438.096865358],[4324923.604915535,-7707438.096865358],[4388525.422634881,-7707438.096865358],[4452127.240354227,-7707438.096865358],[4515729.058073573,-7707438.096865358],[4579330.875792919,-7707438.096865358],[4642932.693512266,-7707438.096865358],[4706534.5112316115,-7707438.096865358],[4770136.328950957,-7707438.096865358],[4833738.146670304,-7707438.096865358],[4897339.96438965,-7707438.096865358],[4960941.782108996,-7707438.096865358],[5024543.599828341,-7707438.096865358],[5088145.417547688,-7707438.096865358],[5151747.235267035,-7707438.096865358],[5215349.05298638,-7707438.096865358],[5278950.870705727,-7707438.096865358],[5342552.6884250725,-7707438.096865358],[5406154.506144418,-7707438.096865358],[5469756.323863765,-7707438.096865358],[5533358.14158311,-7707438.096865358],[5596959.959302457,-7707438.096865358],[5660561.777021803,-7707438.096865358],[5724163.594741149,-7707438.096865358],[5787765.412460496,-7707438.096865358],[5851367.230179842,-7707438.096865358],[5914969.047899188,-7707438.096865358],[5978570.865618533,-7707438.096865358],[6042172.68333788,-7707438.096865358],[6105774.501057226,-7707438.096865358],[6169376.318776571,-7707438.096865358],[6232978.136495918,-7707438.096865358],[6296579.954215264,-7707438.096865358],[6360181.77193461,-7707438.096865358],[6423783.589653956,-7707438.096865358],[6487385.407373304,-7707438.096865358],[6550987.2250926485,-7707438.096865358],[6614589.042811994,-7707438.096865358],[6678190.86053134,-7707438.096865358],[6741792.678250686,-7707438.096865358],[6805394.495970032,-7707438.096865358],[6868996.313689379,-7707438.096865358],[6932598.131408725,-7707438.096865358],[6996199.949128071,-7707438.096865358],[7059801.766847418,-7707438.096865358],[7123403.584566764,-7707438.096865358],[7187005.4022861095,-7707438.096865358],[7250607.220005456,-7707438.096865358],[7314209.0377248,-7707438.096865358],[7377810.855444148,-7707438.096865358],[7441412.673163494,-7707438.096865358],[7505014.490882841,-7707438.096865358],[7568616.308602187,-7707438.096865358],[7632218.126321531,-7707438.096865358],[7695819.944040879,-7707438.096865358],[7759421.761760224,-7707438.096865358],[7823023.579479571,-7707438.096865358],[7886625.3971989155,-7707438.096865358],[7950227.214918262,-7707438.096865358],[8013829.032637608,-7707438.096865358],[8077430.850356956,-7707438.096865358],[8141032.668076301,-7707438.096865358],[8204634.485795646,-7707438.096865358],[8268236.303514993,-7707438.096865358],[8331838.121234339,-7707438.096865358],[8395439.938953687,-7707438.096865358],[8459041.756673032,-7707438.096865358],[8522643.574392376,-7707438.096865358],[8586245.392111722,-7707438.096865358],[8649847.20983107,-7707438.096865358],[8713449.027550416,-7707438.096865358],[8777050.845269762,-7707438.096865358],[8840652.662989108,-7707438.096865358],[8904254.480708454,-7707438.096865358],[8967856.2984278,-7707438.096865358],[9031458.116147146,-7707438.096865358],[9095059.933866493,-7707438.096865358],[9158661.751585837,-7707438.096865358],[9222263.569305185,-7707438.096865358],[9285865.387024531,-7707438.096865358],[9349467.204743877,-7707438.096865358],[9413069.022463223,-7707438.096865358],[9476670.840182569,-7707438.096865358],[9540272.657901915,-7707438.096865358],[9603874.47562126,-7707438.096865358],[9667476.293340608,-7707438.096865358],[9731078.111059953,-7707438.096865358],[9794679.9287793,-7707438.096865358],[9858281.746498646,-7707438.096865358],[9921883.564217992,-7707438.096865358],[9985485.381937338,-7707438.096865358],[10049087.199656682,-7707438.096865358],[10112689.01737603,-7707438.096865358],[10176290.835095376,-7707438.096865358],[10239892.652814724,-7707438.096865358],[10303494.47053407,-7707438.096865358],[10367096.288253415,-7707438.096865358],[10430698.10597276,-7707438.096865358],[10494299.923692105,-7707438.096865358],[10557901.741411453,-7707438.096865358],[10621503.559130799,-7707438.096865358],[10685105.376850145,-7707438.096865358],[10748707.19456949,-7707438.096865358],[10812309.012288837,-7707438.096865358],[10875910.830008183,-7707438.096865358],[10939512.64772753,-7707438.096865358],[11003114.465446874,-7707438.096865358],[11066716.28316622,-7707438.096865358],[11130318.100885568,-7707438.096865358],[11193919.918604914,-7707438.096865358],[11257521.73632426,-7707438.096865358],[11321123.554043606,-7707438.096865358],[11384725.371762952,-7707438.096865358],[11448327.189482298,-7707438.096865358]]},"properties":{"type":"parallel","value":-75}},
{"type":"Feature","geometry":{"type":"LineString","coordinates":[[-13580858.80427815,-6336038.681964609],[-13505409.588698827,-6336038.681964609],[-13429960.373119501,-6336038.681964609],[-13354511.15754018,-6336038.681964609],[-13279061.941960854,-6336038.681964609],[-13203612.726381535,-6336038.681964609],[-13128163.51080221,-6336038.681964609],[-13052714.295222886,-6336038.681964609],[-12977265.079643566,-6336038.681964609],[-12901815.86406424,-6336038.681964609],[-12826366.648484921,-6336038.681964609],[-12750917.432905594,-6336038.681964609],[-12675468.217326272,-6336038.681964609],[-12600019.001746949,-6336038.681964609],[-12524569.786167625,-6336038.681964609],[-12449120.570588302,-6336038.681964609],[-12373671.35500898,-6336038.681964609],[-12298222.139429659,-6336038.681964609],[-12222772.923850333,-6336038.681964609],[-12147323.708271012,-6336038.681964609],[-12071874.492691686,-6336038.681964609],[-11996425.277112365,-6336038.681964609],[-11920976.061533041,-6336038.681964609],[-11845526.84595372,-6336038.681964609],[-11770077.630374394,-6336038.681964609],[-11694628.414795073,-6336038.681964609],[-11619179.199215751,-6336038.681964609],[-11543729.983636426,-6336038.681964609],[-11468280.768057102,-6336038.681964609],[-11392831.55247778,-6336038.681964609],[-11317382.336898457,-6336038.681964609],[-11241933.121319134,-6336038.681964609],[-11166483.905739812,-6336038.681964609],[-11091034.690160487,-6336038.681964609],[-11015585.474581165,-6336038.681964609],[-10940136.259001844,-6336038.681964609],[-10864687.043422518,-6336038.681964609],[-10789237.827843197,-6336038.681964609],[-10713788.612263873,-6336038.681964609],[-10638339.39668455,-6336038.681964609],[-10562890.181105226,-6336038.681964609],[-10487440.965525905,-6336038.681964609],[-10411991.74994658,-6336038.681964609],[-10336542.534367258,-6336038.681964609],[-10261093.318787934,-6336038.681964609],[-10185644.10320861,-6336038.681964609],[-10110194.88762929,-6336038.681964609],[-10034745.672049966,-6336038.681964609],[-9959296.456470644,-6336038.681964609],[-9883847.240891319,-6336038.681964609],[-9808398.025311995,-6336038.681964609],[-9732948.809732672,-6336038.681964609],[-9657499.59415335,-6336038.681964609],[-9582050.378574029,-6336038.681964609],[-9506601.162994705,-6336038.681964609],[-9431151.947415382,-6336038.681964609],[-9355702.731836056,-6336038.681964609],[-9280253.516256735,-6336038.681964609],[-9204804.300677411,-6336038.681964609],[-9129355.08509809,-6336038.681964609],[-9053905.869518766,-6336038.681964609],[-8978456.653939443,-6336038.681964609],[-8903007.438360121,-6336038.681964609],[-8827558.222780796,-6336038.681964609],[-8752109.007201474,-6336038.681964609],[-8676659.79162215,-6336038.681964609],[-8601210.576042827,-6336038.681964609],[-8525761.360463506,-6336038.681964609],[-8450312.144884182,-6336038.681964609],[-8374862.929304859,-6336038.681964609],[-8299413.713725534,-6336038.681964609],[-8223964.498146212,-6336038.681964609],[-8148515.282566889,-6336038.681964609],[-8073066.066987566,-6336038.681964609],[-7997616.851408243,-6336038.681964609],[-7922167.63582892,-6336038.681964609],[-7846718.420249597,-6336038.681964609],[-7771269.204670275,-6336038.681964609],[-7695819.989090951,-6336038.681964609],[-7620370.773511629,-6336038.681964609],[-7544921.557932305,-6336038.681964609],[-7469472.342352981,-6336038.681964609],[-7394023.126773658,-6336038.681964609],[-7318573.911194335,-6336038.681964609],[-7243124.695615014,-6336038.681964609],[-7167675.48003569,-6336038.681964609],[-7092226.264456366,-6336038.681964609],[-7016777.048877044,-6336038.681964609],[-6941327.83329772,-6336038.681964609],[-6865878.617718398,-6336038.681964609],[-6790429.402139075,-6336038.681964609],[-6714980.186559751,-6336038.681964609],[-6639530.970980427,-6336038.681964609],[-6564081.755401105,-6336038.681964609],[-6488632.539821783,-6336038.681964609],[-6413183.324242461,-6336038.681964609],[-6337734.108663136,-6336038.681964609],[-6262284.893083813,-6336038.681964609],[-6186835.67750449,-6336038.681964609],[-6111386.461925167,-6336038.681964609],[-6035937.246345843,-6336038.681964609],[-5960488.030766521,-6336038.681964609],[-5885038.815187197,-6336038.681964609],[-5809589.599607876,-6336038.681964609],[-5734140.384028551,-6336038.681964609],[-5658691.168449229,-6336038.681964609],[-5583241.952869906,-6336038.681964609],[-5507792.737290583,-6336038.681964609],[-5432343.521711259,-6336038.681964609],[-5356894.306131937,-6336038.681964609],[-5281445.090552613,-6336038.681964609],[-5205995.87497329,-6336038.681964609],[-5130546.659393967,-6336038.681964609],[-5055097.443814645,-6336038.681964609],[-4979648.228235322,-6336038.681964609],[-4904199.012655998,-6336038.681964609],[-4828749.797076675,-6336038.681964609],[-4753300.581497353,-6336038.681964609],[-4677851.365918028,-6336038.681964609],[-4602402.150338706,-6336038.681964609],[-4526952.934759383,-6336038.681964609],[-4451503.719180061,-6336038.681964609],[-4376054.503600737,-6336038.681964609],[-4300605.288021414,-6336038.681964609],[-4225156.072442091,-6336038.681964609],[-4149706.856862767,-6336038.681964609],[-4074257.6412834446,-6336038.681964609],[-3998808.4257041216,-6336038.681964609],[-3923359.2101247986,-6336038.681964609],[-3847909.9945454756,-6336038.681964609],[-3772460.7789661526,-6336038.681964609],[-3697011.563386829,-6336038.681964609],[-3621562.347807507,-6336038.681964609],[-3546113.132228183,-6336038.681964609],[-3470663.91664886,-6336038.681964609],[-3395214.7010695376,-6336038.681964609],[-3319765.4854902136,-6336038.681964609],[-3244316.2699108915,-6336038.681964609],[-3168867.054331568,-6336038.681964609],[-3093417.838752245,-6336038.681964609],[-3017968.6231729216,-6336038.681964609],[-2942519.4075935986,-6336038.681964609],[-2867070.1920142756,-6336038.681964609],[-2791620.976434953,-6336038.681964609],[-2716171.7608556296,-6336038.681964609],[-2640722.5452763066,-6336038.681964609],[-2565273.3296969836,-6336038.681964609],[-2489824.114117661,-6336038.681964609],[-2414374.8985383376,-6336038.681964609],[-2338925.682959014,-6336038.681964609],[-2263476.4673796915,-6336038.681964609],[-2188027.2518003685,-6336038.681964609],[-2112578.0362210455,-6336038.681964609],[-2037128.8206417223,-6336038.681964609],[-1961679.6050623993,-6336038.681964609],[-1886230.3894830763,-6336038.681964609],[-1810781.1739037535,-6336038.681964609],[-1735331.95832443,-6336038.681964609],[-1659882.7427451068,-6336038.681964609],[-1584433.527165784,-6336038.681964609],[-1508984.3115864608,-6336038.681964609],[-1433535.0960071378,-6336038.681964609],[-1358085.8804278148,-6336038.681964609],[-1282636.6648484918,-6336038.681964609],[-1207187.4492691688,-6336038.681964609],[-1131738.2336898458,-6336038.681964609],[-1056289.0181105228,-6336038.681964609],[-980839.8025311996,-6336038.681964609],[-905390.5869518768,-6336038.681964609],[-829941.3713725534,-6336038.681964609],[-754492.1557932304,-6336038.681964609],[-679042.9402139074,-6336038.681964609],[-603593.7246345844,-6336038.681964609],[-528144.5090552614,-6336038.681964609],[-452695.2934759384,-6336038.681964609],[-377246.0778966152,-6336038.681964609],[-301796.8623172922,-6336038.681964609],[-226347.6467379692,-6336038.681964609],[-150898.4311586461,-6336038.681964609],[-75449.21557932305,-6336038.681964609],[0,-6336038.681964609],[75449.21557932305,-6336038.681964609],[150898.4311586461,-6336038.681964609],[226347.6467379692,-6336038.681964609],[301796.8623172922,-6336038.681964609],[377246.0778966152,-6336038.681964609],[452695.2934759384,-6336038.681964609],[528144.5090552614,-6336038.681964609],[603593.7246345844,-6336038.681964609],[679042.9402139074,-6336038.681964609],[754492.1557932304,-6336038.681964609],[829941.3713725534,-6336038.681964609],[905390.5869518768,-6336038.681964609],[980839.8025311996,-6336038.681964609],[1056289.0181105228,-6336038.681964609],[1131738.2336898458,-6336038.681964609],[1207187.4492691688,-6336038.681964609],[1282636.6648484918,-6336038.681964609],[1358085.8804278148,-6336038.681964609],[1433535.0960071378,-6336038.681964609],[1508984.3115864608,-6336038.681964609],[1584433.527165784,-6336038.681964609],[1659882.7427451068,-6336038.681964609],[1735331.95832443,-6336038.681964609],[1810781.1739037535,-6336038.681964609],[1886230.3894830763,-6336038.681964609],[1961679.6050623993,-6336038.681964609],[2037128.8206417223,-6336038.681964609],[2112578.0362210455,-6336038.681964609],[2188027.2518003685,-6336038.681964609],[2263476.4673796915,-6336038.681964609],[2338925.682959014,-6336038.681964609],[2414374.8985383376,-6336038.681964609],[2489824.114117661,-6336038.681964609],[2565273.3296969836,-6336038.681964609],[2640722.5452763066,-6336038.681964609],[2716171.7608556296,-6336038.681964609],[2791620.976434953,-6336038.681964609],[2867070.1920142756,-6336038.681964609],[2942519.4075935986,-6336038.681964609],[3017968.6231729216,-6336038.681964609],[3093417.838752245,-6336038.681964609],[3168867.054331568,-6336038.681964609],[3244316.2699108915,-6336038.681964609],[3319765.4854902136,-6336038.681964609],[3395214.7010695376,-6336038.681964609],[3470663.91664886,-6336038.681964609],[3546113.132228183,-6336038.681964609],[3621562.347807507,-6336038.681964609],[3697011.563386829,-6336038.681964609],[3772460.7789661526,-6336038.681964609],[3847909.9945454756,-6336038.681964609],[3923359.2101247986,-6336038.681964609],[3998808.4257041216,-6336038.681964609],[4074257.6412834446,-6336038.681964609],[4149706.856862767,-6336038.681964609],[4225156.072442091,-6336038.681964609],[4300605.288021414,-6336038.681964609],[4376054.503600737,-6336038.681964609],[4451503.719180061,-6336038.681964609],[4526952.934759383,-6336038.681964609],[4602402.150338706,-6336038.681964609],[4677851.365918028,-6336038.681964609],[4753300.581497353,-6336038.681964609],[4828749.797076675,-6336038.681964609],[4904199.012655998,-6336038.681964609],[4979648.228235322,-6336038.681964609],[5055097.443814645,-6336038.681964609],[5130546.659393967,-6336038.681964609],[5205995.87497329,-6336038.681964609],[5281445.090552613,-6336038.681964609],[5356894.306131937,-6336038.681964609],[5432343.521711259,-6336038.681964609],[5507792.737290583,-6336038.681964609],[5583241.952869906,-6336038.681964609],[5658691.168449229,-6336038.681964609],[5734140.384028551,-6336038.681964609],[5809589.599607876,-6336038.681964609],[5885038.815187197,-6336038.681964609],[5960488.030766521,-6336038.681964609],[6035937.246345843,-6336038.681964609],[6111386.461925167,-6336038.681964609],[6186835.67750449,-6336038.681964609],[6262284.893083813,-6336038.681964609],[6337734.108663136,-6336038.681964609],[6413183.324242461,-6336038.681964609],[6488632.539821783,-6336038.681964609],[6564081.755401105,-6336038.681964609],[6639530.970980427,-6336038.681964609],[6714980.186559751,-6336038.681964609],[6790429.402139075,-6336038.681964609],[6865878.617718398,-6336038.681964609],[6941327.83329772,-6336038.681964609],[7016777.048877044,-6336038.681964609],[7092226.264456366,-6336038.681964609],[7167675.48003569,-6336038.681964609],[7243124.695615014,-6336038.681964609],[7318573.911194335,-6336038.681964609],[7394023.126773658,-6336038.681964609],[7469472.342352981,-6336038.681964609],[7544921.557932305,-6336038.681964609],[7620370.773511629,-6336038.681964609],[7695819.989090951,-6336038.681964609],[7771269.204670275,-6336038.681964609],[7846718.420249597,-6336038.681964609],[7922167.63582892,-6336038.681964609],[7997616.851408243,-6336038.681964609],[8073066.066987566,-6336038.681964609],[8148515.282566889,-6336038.681964609],[8223964.498146212,-6336038.681964609],[8299413.713725534,-6336038.681964609],[8374862.929304859,-6336038.681964609],[8450312.144884182,-6336038.681964609],[8525761.360463506,-6336038.681964609],[8601210.576042827,-6336038.681964609],[8676659.79162215,-6336038.681964609],[8752109.007201474,-6336038.681964609],[8827558.222780796,-6336038.681964609],[8903007.438360121,-6336038.681964609],[8978456.653939443,-6336038.681964609],[9053905.869518766,-6336038.681964609],[9129355.08509809,-6336038.681964609],[9204804.300677411,-6336038.681964609],[9280253.516256735,-6336038.681964609],[9355702.731836056,-6336038.681964609],[9431151.947415382,-6336038.681964609],[9506601.162994705,-6336038.681964609],[9582050.378574029,-6336038.681964609],[9657499.59415335,-6336038.681964609],[9732948.809732672,-6336038.681964609],[9808398.025311995,-6336038.681964609],[9883847.240891319,-6336038.681964609],[9959296.456470644,-6336038.681964609],[10034745.672049966,-6336038.681964609],[10110194.88762929,-6336038.681964609],[10185644.10320861,-6336038.681964609],[10261093.318787934,-6336038.681964609],[10336542.534367258,-6336038.681964609],[10411991.74994658,-6336038.681964609],[10487440.965525905,-6336038.681964609],[10562890.181105226,-6336038.681964609],[10638339.39668455,-6336038.681964609],[10713788.612263873,-6336038.681964609],[10789237.827843197,-6336038.681964609],[10864687.043422518,-6336038.681964609],[10940136.259001844,-6336038.681964609],[11015585.474581165,-6336038.681964609],[11091034.690160487,-6336038.681964609],[11166483.905739812,-6336038.681964609],[11241933.121319134,-6336038.681964609],[11317382.336898457,-6336038.681964609],[11392831.55247778,-6336038.681964609],[11468280.768057102,-6336038.681964609],[11543729.983636426,-6336038.681964609],[11619179.199215751,-6336038.681964609],[11694628.414795073,-6336038.681964609],[11770077.630374394,-6336038.681964609],[11845526.84595372,-6336038.681964609],[11920976.061533041,-6336038.681964609],[11996425.277112365,-6336038.681964609],[12071874.492691686,-6336038.681964609],[12147323.708271012,-6336038.681964609],[12222772.923850333,-6336038.681964609],[12298222.139429659,-6336038.681964609],[12373671.35500898,-6336038.681964609],[12449120.570588302,-6336038.681964609],[12524569.786167625,-6336038.681964609],[12600019.001746949,-6336038.681964609],[12675468.217326272,-6336038.681964609],[12750917.432905594,-6336038.681964609],[12826366.648484921,-6336038.681964609],[12901815.86406424,-6336038.681964609],[12977265.079643566,-6336038.681964609],[13052714.295222886,-6336038.681964609],[13128163.51080221,-6336038.681964609],[13203612.726381535,-6336038.681964609],[13279061.941960854,-6336038.681964609],[13354511.15754018,-6336038.681964609],[13429960.373119501,-6336038.681964609],[13505409.588698827,-6336038.681964609],[13580858.80427815,-6336038.681964609]]},"properties":{"type":"parallel","value":-60}},
{"type":"Feature","geometry":{"type":"LineString","coordinates":[[-15240627.851900145,-4805073.646653474],[-15155957.697167367,-4805073.646653474],[-15071287.54243459,-4805073.646653474],[-14986617.387701813,-4805073.646653474],[-14901947.232969033,-4805073.646653474],[-14817277.078236254,-4805073.646653474],[-14732606.923503473,-4805073.646653474],[-14647936.768770697,-4805073.646653474],[-14563266.61403792,-4805073.646653474],[-14478596.45930514,-4805073.646653474],[-14393926.30457236,-4805073.646653474],[-14309256.14983958,-4805073.646653474],[-14224585.995106803,-4805073.646653474],[-14139915.840374023,-4805073.646653474],[-14055245.685641246,-4805073.646653474],[-13970575.530908465,-4805073.646653474],[-13885905.376175689,-4805073.646653474],[-13801235.22144291,-4805073.646653474],[-13716565.066710133,-4805073.646653474],[-13631894.911977354,-4805073.646653474],[-13547224.757244576,-4805073.646653474],[-13462554.602511797,-4805073.646653474],[-13377884.447779017,-4805073.646653474],[-13293214.29304624,-4805073.646653474],[-13208544.13831346,-4805073.646653474],[-13123873.983580682,-4805073.646653474],[-13039203.828847904,-4805073.646653474],[-12954533.674115123,-4805073.646653474],[-12869863.519382346,-4805073.646653474],[-12785193.364649566,-4805073.646653474],[-12700523.20991679,-4805073.646653474],[-12615853.055184009,-4805073.646653474],[-12531182.900451232,-4805073.646653474],[-12446512.745718451,-4805073.646653474],[-12361842.590985674,-4805073.646653474],[-12277172.436252896,-4805073.646653474],[-12192502.281520117,-4805073.646653474],[-12107832.126787338,-4805073.646653474],[-12023161.97205456,-4805073.646653474],[-11938491.817321783,-4805073.646653474],[-11853821.662589002,-4805073.646653474],[-11769151.507856224,-4805073.646653474],[-11684481.353123443,-4805073.646653474],[-11599811.198390666,-4805073.646653474],[-11515141.04365789,-4805073.646653474],[-11430470.88892511,-4805073.646653474],[-11345800.734192332,-4805073.646653474],[-11261130.579459552,-4805073.646653474],[-11176460.424726775,-4805073.646653474],[-11091790.269993994,-4805073.646653474],[-11007120.115261218,-4805073.646653474],[-10922449.960528437,-4805073.646653474],[-10837779.80579566,-4805073.646653474],[-10753109.651062882,-4805073.646653474],[-10668439.496330103,-4805073.646653474],[-10583769.341597324,-4805073.646653474],[-10499099.186864546,-4805073.646653474],[-10414429.032131767,-4805073.646653474],[-10329758.877398986,-4805073.646653474],[-10245088.72266621,-4805073.646653474],[-10160418.56793343,-4805073.646653474],[-10075748.413200652,-4805073.646653474],[-9991078.258467875,-4805073.646653474],[-9906408.103735095,-4805073.646653474],[-9821737.949002318,-4805073.646653474],[-9737067.794269538,-4805073.646653474],[-9652397.639536759,-4805073.646653474],[-9567727.48480398,-4805073.646653474],[-9483057.330071203,-4805073.646653474],[-9398387.175338425,-4805073.646653474],[-9313717.020605646,-4805073.646653474],[-9229046.865872866,-4805073.646653474],[-9144376.711140087,-4805073.646653474],[-9059706.556407308,-4805073.646653474],[-8975036.40167453,-4805073.646653474],[-8890366.246941753,-4805073.646653474],[-8805696.092208974,-4805073.646653474],[-8721025.937476195,-4805073.646653474],[-8636355.782743417,-4805073.646653474],[-8551685.628010638,-4805073.646653474],[-8467015.47327786,-4805073.646653474],[-8382345.31854508,-4805073.646653474],[-8297675.163812301,-4805073.646653474],[-8213005.009079523,-4805073.646653474],[-8128334.854346746,-4805073.646653474],[-8043664.699613967,-4805073.646653474],[-7958994.544881188,-4805073.646653474],[-7874324.39014841,-4805073.646653474],[-7789654.23541563,-4805073.646653474],[-7704984.080682851,-4805073.646653474],[-7620313.925950073,-4805073.646653474],[-7535643.771217295,-4805073.646653474],[-7450973.616484516,-4805073.646653474],[-7366303.461751737,-4805073.646653474],[-7281633.30701896,-4805073.646653474],[-7196963.15228618,-4805073.646653474],[-7112292.997553402,-4805073.646653474],[-7027622.842820623,-4805073.646653474],[-6942952.688087844,-4805073.646653474],[-6858282.533355067,-4805073.646653474],[-6773612.378622288,-4805073.646653474],[-6688942.223889508,-4805073.646653474],[-6604272.06915673,-4805073.646653474],[-6519601.914423952,-4805073.646653474],[-6434931.759691173,-4805073.646653474],[-6350261.604958395,-4805073.646653474],[-6265591.450225616,-4805073.646653474],[-6180921.295492837,-4805073.646653474],[-6096251.140760059,-4805073.646653474],[-6011580.98602728,-4805073.646653474],[-5926910.831294501,-4805073.646653474],[-5842240.676561722,-4805073.646653474],[-5757570.521828945,-4805073.646653474],[-5672900.367096166,-4805073.646653474],[-5588230.212363387,-4805073.646653474],[-5503560.057630609,-4805073.646653474],[-5418889.90289783,-4805073.646653474],[-5334219.748165051,-4805073.646653474],[-5249549.593432273,-4805073.646653474],[-5164879.438699493,-4805073.646653474],[-5080209.283966715,-4805073.646653474],[-4995539.129233938,-4805073.646653474],[-4910868.974501159,-4805073.646653474],[-4826198.819768379,-4805073.646653474],[-4741528.665035602,-4805073.646653474],[-4656858.510302823,-4805073.646653474],[-4572188.355570043,-4805073.646653474],[-4487518.200837265,-4805073.646653474],[-4402848.046104487,-4805073.646653474],[-4318177.891371708,-4805073.646653474],[-4233507.73663893,-4805073.646653474],[-4148837.5819061506,-4805073.646653474],[-4064167.427173373,-4805073.646653474],[-3979497.272440594,-4805073.646653474],[-3894827.117707815,-4805073.646653474],[-3810156.9629750364,-4805073.646653474],[-3725486.808242258,-4805073.646653474],[-3640816.65350948,-4805073.646653474],[-3556146.498776701,-4805073.646653474],[-3471476.344043922,-4805073.646653474],[-3386806.189311144,-4805073.646653474],[-3302136.034578365,-4805073.646653474],[-3217465.8798455866,-4805073.646653474],[-3132795.725112808,-4805073.646653474],[-3048125.5703800293,-4805073.646653474],[-2963455.4156472506,-4805073.646653474],[-2878785.2609144724,-4805073.646653474],[-2794115.1061816937,-4805073.646653474],[-2709444.951448915,-4805073.646653474],[-2624774.7967161364,-4805073.646653474],[-2540104.6419833577,-4805073.646653474],[-2455434.4872505795,-4805073.646653474],[-2370764.332517801,-4805073.646653474],[-2286094.1777850217,-4805073.646653474],[-2201424.0230522435,-4805073.646653474],[-2116753.868319465,-4805073.646653474],[-2032083.7135866864,-4805073.646653474],[-1947413.5588539075,-4805073.646653474],[-1862743.404121129,-4805073.646653474],[-1778073.2493883504,-4805073.646653474],[-1693403.094655572,-4805073.646653474],[-1608732.9399227933,-4805073.646653474],[-1524062.7851900146,-4805073.646653474],[-1439392.6304572362,-4805073.646653474],[-1354722.4757244575,-4805073.646653474],[-1270052.3209916789,-4805073.646653474],[-1185382.1662589004,-4805073.646653474],[-1100712.0115261218,-4805073.646653474],[-1016041.8567933432,-4805073.646653474],[-931371.7020605645,-4805073.646653474],[-846701.547327786,-4805073.646653474],[-762031.3925950073,-4805073.646653474],[-677361.2378622288,-4805073.646653474],[-592691.0831294502,-4805073.646653474],[-508020.9283966716,-4805073.646653474],[-423350.773663893,-4805073.646653474],[-338680.6189311144,-4805073.646653474],[-254010.4641983358,-4805073.646653474],[-169340.3094655572,-4805073.646653474],[-84670.1547327786,-4805073.646653474],[0,-4805073.646653474],[84670.1547327786,-4805073.646653474],[169340.3094655572,-4805073.646653474],[254010.4641983358,-4805073.646653474],[338680.6189311144,-4805073.646653474],[423350.773663893,-4805073.646653474],[508020.9283966716,-4805073.646653474],[592691.0831294502,-4805073.646653474],[677361.2378622288,-4805073.646653474],[762031.3925950073,-4805073.646653474],[846701.547327786,-4805073.646653474],[931371.7020605645,-4805073.646653474],[1016041.8567933432,-4805073.646653474],[1100712.0115261218,-4805073.646653474],[1185382.1662589004,-4805073.646653474],[1270052.3209916789,-4805073.646653474],[1354722.4757244575,-4805073.646653474],[1439392.6304572362,-4805073.646653474],[1524062.7851900146,-4805073.646653474],[1608732.9399227933,-4805073.646653474],[1693403.094655572,-4805073.646653474],[1778073.2493883504,-4805073.646653474],[1862743.404121129,-4805073.646653474],[1947413.5588539075,-4805073.646653474],[2032083.7135866864,-4805073.646653474],[2116753.868319465,-4805073.646653474],[2201424.0230522435,-4805073.646653474],[2286094.1777850217,-4805073.646653474],[2370764.332517801,-4805073.646653474],[2455434.4872505795,-4805073.646653474],[2540104.6419833577,-4805073.646653474],[2624774.7967161364,-4805073.646653474],[2709444.951448915,-4805073.646653474],[2794115.1061816937,-4805073.646653474],[2878785.2609144724,-4805073.646653474],[2963455.4156472506,-4805073.646653474],[3048125.5703800293,-4805073.646653474],[3132795.725112808,-4805073.646653474],[3217465.8798455866,-4805073.646653474],[3302136.034578365,-4805073.646653474],[3386806.189311144,-4805073.646653474],[3471476.344043922,-4805073.646653474],[3556146.498776701,-4805073.646653474],[3640816.65350948,-4805073.646653474],[3725486.808242258,-4805073.646653474],[3810156.9629750364,-4805073.646653474],[3894827.117707815,-4805073.646653474],[3979497.272440594,-4805073.646653474],[4064167.427173373,-4805073.646653474],[4148837.5819061506,-4805073.646653474],[4233507.73663893,-4805073.646653474],[4318177.891371708,-4805073.646653474],[4402848.046104487,-4805073.646653474],[4487518.200837265,-4805073.646653474],[4572188.355570043,-4805073.646653474],[4656858.510302823,-4805073.646653474],[4741528.665035602,-4805073.646653474],[4826198.819768379,-4805073.646653474],[4910868.974501159,-4805073.646653474],[4995539.129233938,-4805073.646653474],[5080209.283966715,-4805073.646653474],[5164879.438699493,-4805073.646653474],[5249549.593432273,-4805073.646653474],[5334219.748165051,-4805073.646653474],[5418889.90289783,-4805073.646653474],[5503560.057630609,-4805073.646653474],[5588230.212363387,-4805073.646653474],[5672900.367096166,-4805073.646653474],[5757570.521828945,-4805073.646653474],[5842240.676561722,-4805073.646653474],[5926910.831294501,-4805073.646653474],[6011580.98602728,-4805073.646653474],[6096251.140760059,-4805073.646653474],[6180921.295492837,-4805073.646653474],[6265591.450225616,-4805073.646653474],[6350261.604958395,-4805073.646653474],[6434931.759691173,-4805073.646653474],[6519601.914423952,-4805073.646653474],[6604272.06915673,-4805073.646653474],[6688942.223889508,-4805073.646653474],[6773612.378622288,-4805073.646653474],[6858282.533355067,-4805073.646653474],[6942952.688087844,-4805073.646653474],[7027622.842820623,-4805073.646653474],[7112292.997553402,-4805073.646653474],[7196963.15228618,-4805073.646653474],[7281633.30701896,-4805073.646653474],[7366303.461751737,-4805073.646653474],[7450973.616484516,-4805073.646653474],[7535643.771217295,-4805073.646653474],[7620313.925950073,-4805073.646653474],[7704984.080682851,-4805073.646653474],[7789654.23541563,-4805073.646653474],[7874324.39014841,-4805073.646653474],[7958994.544881188,-4805073.646653474],[8043664.699613967,-4805073.646653474],[8128334.854346746,-4805073.646653474],[8213005.009079523,-4805073.646653474],[8297675.163812301,-4805073.646653474],[8382345.31854508,-4805073.646653474],[8467015.47327786,-4805073.646653474],[8551685.628010638,-4805073.646653474],[8636355.782743417,-4805073.646653474],[8721025.937476195,-4805073.646653474],[8805696.092208974,-4805073.646653474],[8890366.246941753,-4805073.646653474],[8975036.40167453,-4805073.646653474],[9059706.556407308,-4805073.646653474],[9144376.711140087,-4805073.646653474],[9229046.865872866,-4805073.646653474],[9313717.020605646,-4805073.646653474],[9398387.175338425,-4805073.646653474],[9483057.330071203,-4805073.646653474],[9567727.48480398,-4805073.646653474],[9652397.639536759,-4805073.646653474],[9737067.794269538,-4805073.646653474],[9821737.949002318,-4805073.646653474],[9906408.103735095,-4805073.646653474],[9991078.258467875,-4805073.646653474],[10075748.413200652,-4805073.646653474],[10160418.56793343,-4805073.646653474],[10245088.72266621,-4805073.646653474],[10329758.877398986,-4805073.646653474],[10414429.032131767,-4805073.646653474],[10499099.186864546,-4805073.646653474],[10583769.341597324,-4805073.646653474],[10668439.496330103,-4805073.646653474],[10753109.651062882,-4805073.646653474],[10837779.80579566,-4805073.646653474],[10922449.960528437,-4805073.646653474],[11007120.115261218,-4805073.646653474],[11091790.269993994,-4805073.646653474],[11176460.424726775,-4805073.646653474],[11261130.579459552,-4805073.646653474],[11345800.734192332,-4805073.646653474],[11430470.88892511,-4805073.646653474],[11515141.04365789,-4805073.646653474],[11599811.198390666,-4805073.646653474],[11684481.353123443,-4805073.646653474],[11769151.507856224,-4805073.646653474],[11853821.662589002,-4805073.646653474],[11938491.817321783,-4805073.646653474],[12023161.97205456,-4805073.646653474],[12107832.126787338,-4805073.646653474],[12192502.281520117,-4805073.646653474],[12277172.436252896,-4805073.646653474],[12361842.590985674,-4805073.646653474],[12446512.745718451,-4805073.646653474],[12531182.900451232,-4805073.646653474],[12615853.055184009,-4805073.646653474],[12700523.20991679,-4805073.646653474],[12785193.364649566,-4805073.646653474],[12869863.519382346,-4805073.646653474],[12954533.674115123,-4805073.646653474],[13039203.828847904,-4805073.646653474],[13123873.983580682,-4805073.646653474],[13208544.13831346,-4805073.646653474],[13293214.29304624,-4805073.646653474],[13377884.447779017,-4805073.646653474],[13462554.602511797,-4805073.646653474],[13547224.757244576,-4805073.646653474],[13631894.911977354,-4805073.646653474],[13716565.066710133,-4805073.646653474],[13801235.22144291,-4805073.646653474],[13885905.376175689,-4805073.646653474],[13970575.530908465,-4805073.646653474],[14055245.685641246,-4805073.646653474],[14139915.840374023,-4805073.646653474],[14224585.995106803,-4805073.646653474],[14309256.14983958,-4805073.646653474],[14393926.30457236,-4805073.646653474],[14478596.45930514,-4805073.646653474],[14563266.61403792,-4805073.646653474],[14647936.768770697,-4805073.646653474],[14732606.923503473,-4805073.646653474],[14817277.078236254,-4805073.646653474],[14901947.232969033,-4805073.646653474],[14986617.387701813,-4805073.646653474],[15071287.54243459,-4805073.646653474],[15155957.697167367,-4805073.646653474],[15240627.851900145,-4805073.646653474]]},"properties":{"type":"parallel","value":-45}},
{"type":"Feature","geometry":{"type":"LineString","coordinates":[[-16325599.632398624,-3208557.6115038935],[-16234901.856663078,-3208557.6115038935],[-16144204.080927527,-3208557.6115038935],[-16053506.305191983,-3208557.6115038935],[-15962808.529456433,-3208557.6115038935],[-15872110.753720885,-3208557.6115038935],[-15781412.977985336,-3208557.6115038935],[-15690715.20224979,-3208557.6115038935],[-15600017.426514244,-3208557.6115038935],[-15509319.650778692,-3208557.6115038935],[-15418621.875043146,-3208557.6115038935],[-15327924.099307599,-3208557.6115038935],[-15237226.32357205,-3208557.6115038935],[-15146528.547836501,-3208557.6115038935],[-15055830.772100953,-3208557.6115038935],[-14965132.996365406,-3208557.6115038935],[-14874435.22062986,-3208557.6115038935],[-14783737.444894312,-3208557.6115038935],[-14693039.669158762,-3208557.6115038935],[-14602341.893423215,-3208557.6115038935],[-14511644.117687667,-3208557.6115038935],[-14420946.341952119,-3208557.6115038935],[-14330248.56621657,-3208557.6115038935],[-14239550.790481022,-3208557.6115038935],[-14148853.014745474,-3208557.6115038935],[-14058155.239009928,-3208557.6115038935],[-13967457.46327438,-3208557.6115038935],[-13876759.68753883,-3208557.6115038935],[-13786061.911803283,-3208557.6115038935],[-13695364.136067735,-3208557.6115038935],[-13604666.360332187,-3208557.6115038935],[-13513968.584596638,-3208557.6115038935],[-13423270.80886109,-3208557.6115038935],[-13332573.033125544,-3208557.6115038935],[-13241875.257389996,-3208557.6115038935],[-13151177.481654448,-3208557.6115038935],[-13060479.705918899,-3208557.6115038935],[-12969781.930183355,-3208557.6115038935],[-12879084.154447803,-3208557.6115038935],[-12788386.378712257,-3208557.6115038935],[-12697688.602976708,-3208557.6115038935],[-12606990.82724116,-3208557.6115038935],[-12516293.051505612,-3208557.6115038935],[-12425595.275770064,-3208557.6115038935],[-12334897.500034517,-3208557.6115038935],[-12244199.724298969,-3208557.6115038935],[-12153501.948563421,-3208557.6115038935],[-12062804.172827872,-3208557.6115038935],[-11972106.397092326,-3208557.6115038935],[-11881408.621356776,-3208557.6115038935],[-11790710.845621228,-3208557.6115038935],[-11700013.06988568,-3208557.6115038935],[-11609315.294150133,-3208557.6115038935],[-11518617.518414587,-3208557.6115038935],[-11427919.742679037,-3208557.6115038935],[-11337221.96694349,-3208557.6115038935],[-11246524.191207942,-3208557.6115038935],[-11155826.415472394,-3208557.6115038935],[-11065128.639736844,-3208557.6115038935],[-10974430.864001298,-3208557.6115038935],[-10883733.088265749,-3208557.6115038935],[-10793035.3125302,-3208557.6115038935],[-10702337.536794655,-3208557.6115038935],[-10611639.761059105,-3208557.6115038935],[-10520941.98532356,-3208557.6115038935],[-10430244.20958801,-3208557.6115038935],[-10339546.433852464,-3208557.6115038935],[-10248848.658116914,-3208557.6115038935],[-10158150.882381367,-3208557.6115038935],[-10067453.106645819,-3208557.6115038935],[-9976755.330910271,-3208557.6115038935],[-9886057.555174723,-3208557.6115038935],[-9795359.779439176,-3208557.6115038935],[-9704662.003703626,-3208557.6115038935],[-9613964.22796808,-3208557.6115038935],[-9523266.452232532,-3208557.6115038935],[-9432568.676496983,-3208557.6115038935],[-9341870.900761437,-3208557.6115038935],[-9251173.125025887,-3208557.6115038935],[-9160475.34929034,-3208557.6115038935],[-9069777.573554792,-3208557.6115038935],[-8979079.797819244,-3208557.6115038935],[-8888382.022083694,-3208557.6115038935],[-8797684.246348148,-3208557.6115038935],[-8706986.4706126,-3208557.6115038935],[-8616288.694877053,-3208557.6115038935],[-8525590.919141505,-3208557.6115038935],[-8434893.143405957,-3208557.6115038935],[-8344195.367670408,-3208557.6115038935],[-8253497.591934861,-3208557.6115038935],[-8162799.816199312,-3208557.6115038935],[-8072102.040463763,-3208557.6115038935],[-7981404.264728216,-3208557.6115038935],[-7890706.488992668,-3208557.6115038935],[-7800008.713257122,-3208557.6115038935],[-7709310.937521573,-3208557.6115038935],[-7618613.161786025,-3208557.6115038935],[-7527915.386050477,-3208557.6115038935],[-7437217.61031493,-3208557.6115038935],[-7346519.834579381,-3208557.6115038935],[-7255822.058843833,-3208557.6115038935],[-7165124.283108285,-3208557.6115038935],[-7074426.507372737,-3208557.6115038935],[-6983728.73163719,-3208557.6115038935],[-6893030.955901641,-3208557.6115038935],[-6802333.180166094,-3208557.6115038935],[-6711635.404430545,-3208557.6115038935],[-6620937.628694998,-3208557.6115038935],[-6530239.852959449,-3208557.6115038935],[-6439542.077223902,-3208557.6115038935],[-6348844.301488354,-3208557.6115038935],[-6258146.525752806,-3208557.6115038935],[-6167448.750017258,-3208557.6115038935],[-6076750.974281711,-3208557.6115038935],[-5986053.198546163,-3208557.6115038935],[-5895355.422810614,-3208557.6115038935],[-5804657.647075066,-3208557.6115038935],[-5713959.871339519,-3208557.6115038935],[-5623262.095603971,-3208557.6115038935],[-5532564.319868422,-3208557.6115038935],[-5441866.544132874,-3208557.6115038935],[-5351168.7683973275,-3208557.6115038935],[-5260470.99266178,-3208557.6115038935],[-5169773.216926232,-3208557.6115038935],[-5079075.441190683,-3208557.6115038935],[-4988377.6654551355,-3208557.6115038935],[-4897679.889719588,-3208557.6115038935],[-4806982.11398404,-3208557.6115038935],[-4716284.338248491,-3208557.6115038935],[-4625586.5625129435,-3208557.6115038935],[-4534888.786777396,-3208557.6115038935],[-4444191.011041847,-3208557.6115038935],[-4353493.2353063,-3208557.6115038935],[-4262795.459570752,-3208557.6115038935],[-4172097.683835204,-3208557.6115038935],[-4081399.908099656,-3208557.6115038935],[-3990702.132364108,-3208557.6115038935],[-3900004.356628561,-3208557.6115038935],[-3809306.5808930127,-3208557.6115038935],[-3718608.805157465,-3208557.6115038935],[-3627911.0294219167,-3208557.6115038935],[-3537213.2536863685,-3208557.6115038935],[-3446515.4779508207,-3208557.6115038935],[-3355817.7022152725,-3208557.6115038935],[-3265119.9264797247,-3208557.6115038935],[-3174422.150744177,-3208557.6115038935],[-3083724.375008629,-3208557.6115038935],[-2993026.5992730814,-3208557.6115038935],[-2902328.823537533,-3208557.6115038935],[-2811631.0478019854,-3208557.6115038935],[-2720933.272066437,-3208557.6115038935],[-2630235.49633089,-3208557.6115038935],[-2539537.7205953416,-3208557.6115038935],[-2448839.944859794,-3208557.6115038935],[-2358142.1691242456,-3208557.6115038935],[-2267444.393388698,-3208557.6115038935],[-2176746.61765315,-3208557.6115038935],[-2086048.841917602,-3208557.6115038935],[-1995351.066182054,-3208557.6115038935],[-1904653.2904465063,-3208557.6115038935],[-1813955.5147109583,-3208557.6115038935],[-1723257.7389754103,-3208557.6115038935],[-1632559.9632398624,-3208557.6115038935],[-1541862.1875043146,-3208557.6115038935],[-1451164.4117687666,-3208557.6115038935],[-1360466.6360332186,-3208557.6115038935],[-1269768.8602976708,-3208557.6115038935],[-1179071.0845621228,-3208557.6115038935],[-1088373.308826575,-3208557.6115038935],[-997675.533091027,-3208557.6115038935],[-906977.7573554792,-3208557.6115038935],[-816279.9816199312,-3208557.6115038935],[-725582.2058843833,-3208557.6115038935],[-634884.4301488354,-3208557.6115038935],[-544186.6544132875,-3208557.6115038935],[-453488.8786777396,-3208557.6115038935],[-362791.10294219165,-3208557.6115038935],[-272093.32720664376,-3208557.6115038935],[-181395.55147109582,-3208557.6115038935],[-90697.77573554791,-3208557.6115038935],[0,-3208557.6115038935],[90697.77573554791,-3208557.6115038935],[181395.55147109582,-3208557.6115038935],[272093.32720664376,-3208557.6115038935],[362791.10294219165,-3208557.6115038935],[453488.8786777396,-3208557.6115038935],[544186.6544132875,-3208557.6115038935],[634884.4301488354,-3208557.6115038935],[725582.2058843833,-3208557.6115038935],[816279.9816199312,-3208557.6115038935],[906977.7573554792,-3208557.6115038935],[997675.533091027,-3208557.6115038935],[1088373.308826575,-3208557.6115038935],[1179071.0845621228,-3208557.6115038935],[1269768.8602976708,-3208557.6115038935],[1360466.6360332186,-3208557.6115038935],[1451164.4117687666,-3208557.6115038935],[1541862.1875043146,-3208557.6115038935],[1632559.9632398624,-3208557.6115038935],[1723257.7389754103,-3208557.6115038935],[1813955.5147109583,-3208557.6115038935],[1904653.2904465063,-3208557.6115038935],[1995351.066182054,-3208557.6115038935],[2086048.841917602,-3208557.6115038935],[2176746.61765315,-3208557.6115038935],[2267444.393388698,-3208557.6115038935],[2358142.1691242456,-3208557.6115038935],[2448839.944859794,-3208557.6115038935],[2539537.7205953416,-3208557.6115038935],[2630235.49633089,-3208557.6115038935],[2720933.272066437,-3208557.6115038935],[2811631.0478019854,-3208557.6115038935],[2902328.823537533,-3208557.6115038935],[2993026.5992730814,-3208557.6115038935],[3083724.375008629,-3208557.6115038935],[3174422.150744177,-3208557.6115038935],[3265119.9264797247,-3208557.6115038935],[3355817.7022152725,-3208557.6115038935],[3446515.4779508207,-3208557.6115038935],[3537213.2536863685,-3208557.6115038935],[3627911.0294219167,-3208557.6115038935],[3718608.805157465,-3208557.6115038935],[3809306.5808930127,-3208557.6115038935],[3900004.356628561,-3208557.6115038935],[3990702.132364108,-3208557.6115038935],[4081399.908099656,-3208557.6115038935],[4172097.683835204,-3208557.6115038935],[4262795.459570752,-3208557.6115038935],[4353493.2353063,-3208557.6115038935],[4444191.011041847,-3208557.6115038935],[4534888.786777396,-3208557.6115038935],[4625586.5625129435,-3208557.6115038935],[4716284.338248491,-3208557.6115038935],[4806982.11398404,-3208557.6115038935],[4897679.889719588,-3208557.6115038935],[4988377.6654551355,-3208557.6115038935],[5079075.441190683,-3208557.6115038935],[5169773.216926232,-3208557.6115038935],[5260470.99266178,-3208557.6115038935],[5351168.7683973275,-3208557.6115038935],[5441866.544132874,-3208557.6115038935],[5532564.319868422,-3208557.6115038935],[5623262.095603971,-3208557.6115038935],[5713959.871339519,-3208557.6115038935],[5804657.647075066,-3208557.6115038935],[5895355.422810614,-3208557.6115038935],[5986053.198546163,-3208557.6115038935],[6076750.974281711,-3208557.6115038935],[6167448.750017258,-3208557.6115038935],[6258146.525752806,-3208557.6115038935],[6348844.301488354,-3208557.6115038935],[6439542.077223902,-3208557.6115038935],[6530239.852959449,-3208557.6115038935],[6620937.628694998,-3208557.6115038935],[6711635.404430545,-3208557.6115038935],[6802333.180166094,-3208557.6115038935],[6893030.955901641,-3208557.6115038935],[6983728.73163719,-3208557.6115038935],[7074426.507372737,-3208557.6115038935],[7165124.283108285,-3208557.6115038935],[7255822.058843833,-3208557.6115038935],[7346519.834579381,-3208557.6115038935],[7437217.61031493,-3208557.6115038935],[7527915.386050477,-3208557.6115038935],[7618613.161786025,-3208557.6115038935],[7709310.937521573,-3208557.6115038935],[7800008.713257122,-3208557.6115038935],[7890706.488992668,-3208557.6115038935],[7981404.264728216,-3208557.6115038935],[8072102.040463763,-3208557.6115038935],[8162799.816199312,-3208557.6115038935],[8253497.591934861,-3208557.6115038935],[8344195.367670408,-3208557.6115038935],[8434893.143405957,-3208557.6115038935],[8525590.919141505,-3208557.6115038935],[8616288.694877053,-3208557.6115038935],[8706986.4706126,-3208557.6115038935],[8797684.246348148,-3208557.6115038935],[8888382.022083694,-3208557.6115038935],[8979079.797819244,-3208557.6115038935],[9069777.573554792,-3208557.6115038935],[9160475.34929034,-3208557.6115038935],[9251173.125025887,-3208557.6115038935],[9341870.900761437,-3208557.6115038935],[9432568.676496983,-3208557.6115038935],[9523266.452232532,-3208557.6115038935],[9613964.22796808,-3208557.6115038935],[9704662.003703626,-3208557.6115038935],[9795359.779439176,-3208557.6115038935],[9886057.555174723,-3208557.6115038935],[9976755.330910271,-3208557.6115038935],[10067453.106645819,-3208557.6115038935],[10158150.882381367,-3208557.6115038935],[10248848.658116914,-3208557.6115038935],[10339546.433852464,-3208557.6115038935],[10430244.20958801,-3208557.6115038935],[10520941.98532356,-3208557.6115038935],[10611639.761059105,-3208557.6115038935],[10702337.536794655,-3208557.6115038935],[10793035.3125302,-3208557.6115038935],[10883733.088265749,-3208557.6115038935],[10974430.864001298,-3208557.6115038935],[11065128.639736844,-3208557.6115038935],[11155826.415472394,-3208557.6115038935],[11246524.191207942,-3208557.6115038935],[11337221.96694349,-3208557.6115038935],[11427919.742679037,-3208557.6115038935],[11518617.518414587,-3208557.6115038935],[11609315.294150133,-3208557.6115038935],[11700013.06988568,-3208557.6115038935],[11790710.845621228,-3208557.6115038935],[11881408.621356776,-3208557.6115038935],[11972106.397092326,-3208557.6115038935],[12062804.172827872,-3208557.6115038935],[12153501.948563421,-3208557.6115038935],[12244199.724298969,-3208557.6115038935],[12334897.500034517,-3208557.6115038935],[12425595.275770064,-3208557.6115038935],[12516293.051505612,-3208557.6115038935],[12606990.82724116,-3208557.6115038935],[12697688.602976708,-3208557.6115038935],[12788386.378712257,-3208557.6115038935],[12879084.154447803,-3208557.6115038935],[12969781.930183355,-3208557.6115038935],[13060479.705918899,-3208557.6115038935],[13151177.481654448,-3208557.6115038935],[13241875.257389996,-3208557.6115038935],[13332573.033125544,-3208557.6115038935],[13423270.80886109,-3208557.6115038935],[13513968.584596638,-3208557.6115038935],[13604666.360332187,-3208557.6115038935],[13695364.136067735,-3208557.6115038935],[13786061.911803283,-3208557.6115038935],[13876759.68753883,-3208557.6115038935],[13967457.46327438,-3208557.6115038935],[14058155.239009928,-3208557.6115038935],[14148853.014745474,-3208557.6115038935],[14239550.790481022,-3208557.6115038935],[14330248.56621657,-3208557.6115038935],[14420946.341952119,-3208557.6115038935],[14511644.117687667,-3208557.6115038935],[14602341.893423215,-3208557.6115038935],[14693039.669158762,-3208557.6115038935],[14783737.444894312,-3208557.6115038935],[14874435.22062986,-3208557.6115038935],[14965132.996365406,-3208557.6115038935],[15055830.772100953,-3208557.6115038935],[15146528.547836501,-3208557.6115038935],[15237226.32357205,-3208557.6115038935],[15327924.099307599,-3208557.6115038935],[15418621.875043146,-3208557.6115038935],[15509319.650778692,-3208557.6115038935],[15600017.426514244,-3208557.6115038935],[15690715.20224979,-3208557.6115038935],[15781412.977985336,-3208557.6115038935],[15872110.753720885,-3208557.6115038935],[15962808.529456433,-3208557.6115038935],[16053506.305191983,-3208557.6115038935],[16144204.080927527,-3208557.6115038935],[16234901.856663078,-3208557.6115038935],[16325599.632398624,-3208557.6115038935]]},"properties":{"type":"parallel","value":-30}},
{"type":"Feature","geometry":{"type":"LineString","coordinates":[[-16835775.159400243,-1604278.8057519468],[-16742243.075181352,-1604278.8057519468],[-16648710.99096246,-1604278.8057519468],[-16555178.906743571,-1604278.8057519468],[-16461646.822524682,-1604278.8057519468],[-16368114.738305792,-1604278.8057519468],[-16274582.6540869,-1604278.8057519468],[-16181050.569868011,-1604278.8057519468],[-16087518.485649122,-1604278.8057519468],[-15993986.401430229,-1604278.8057519468],[-15900454.31721134,-1604278.8057519468],[-15806922.232992452,-1604278.8057519468],[-15713390.148773562,-1604278.8057519468],[-15619858.064554669,-1604278.8057519468],[-15526325.98033578,-1604278.8057519468],[-15432793.896116888,-1604278.8057519468],[-15339261.811897999,-1604278.8057519468],[-15245729.72767911,-1604278.8057519468],[-15152197.643460216,-1604278.8057519468],[-15058665.55924133,-1604278.8057519468],[-14965133.475022439,-1604278.8057519468],[-14871601.39080355,-1604278.8057519468],[-14778069.306584656,-1604278.8057519468],[-14684537.222365767,-1604278.8057519468],[-14591005.138146875,-1604278.8057519468],[-14497473.053927986,-1604278.8057519468],[-14403940.969709096,-1604278.8057519468],[-14310408.885490207,-1604278.8057519468],[-14216876.801271318,-1604278.8057519468],[-14123344.717052426,-1604278.8057519468],[-14029812.632833537,-1604278.8057519468],[-13936280.548614644,-1604278.8057519468],[-13842748.464395754,-1604278.8057519468],[-13749216.380176863,-1604278.8057519468],[-13655684.295957973,-1604278.8057519468],[-13562152.211739087,-1604278.8057519468],[-13468620.127520194,-1604278.8057519468],[-13375088.043301305,-1604278.8057519468],[-13281555.959082413,-1604278.8057519468],[-13188023.874863524,-1604278.8057519468],[-13094491.79064463,-1604278.8057519468],[-13000959.706425743,-1604278.8057519468],[-12907427.622206854,-1604278.8057519468],[-12813895.537987964,-1604278.8057519468],[-12720363.453769073,-1604278.8057519468],[-12626831.369550182,-1604278.8057519468],[-12533299.285331292,-1604278.8057519468],[-12439767.2011124,-1604278.8057519468],[-12346235.116893511,-1604278.8057519468],[-12252703.03267462,-1604278.8057519468],[-12159170.94845573,-1604278.8057519468],[-12065638.86423684,-1604278.8057519468],[-11972106.78001795,-1604278.8057519468],[-11878574.695799062,-1604278.8057519468],[-11785042.611580169,-1604278.8057519468],[-11691510.527361281,-1604278.8057519468],[-11597978.44314239,-1604278.8057519468],[-11504446.3589235,-1604278.8057519468],[-11410914.274704607,-1604278.8057519468],[-11317382.19048572,-1604278.8057519468],[-11223850.106266828,-1604278.8057519468],[-11130318.022047939,-1604278.8057519468],[-11036785.93782905,-1604278.8057519468],[-10943253.853610158,-1604278.8057519468],[-10849721.769391268,-1604278.8057519468],[-10756189.685172377,-1604278.8057519468],[-10662657.600953488,-1604278.8057519468],[-10569125.516734596,-1604278.8057519468],[-10475593.432515707,-1604278.8057519468],[-10382061.348296817,-1604278.8057519468],[-10288529.264077926,-1604278.8057519468],[-10194997.179859035,-1604278.8057519468],[-10101465.095640145,-1604278.8057519468],[-10007933.011421256,-1604278.8057519468],[-9914400.927202364,-1604278.8057519468],[-9820868.842983475,-1604278.8057519468],[-9727336.758764585,-1604278.8057519468],[-9633804.674545696,-1604278.8057519468],[-9540272.590326805,-1604278.8057519468],[-9446740.506107913,-1604278.8057519468],[-9353208.421889024,-1604278.8057519468],[-9259676.337670134,-1604278.8057519468],[-9166144.253451243,-1604278.8057519468],[-9072612.169232352,-1604278.8057519468],[-8979080.085013464,-1604278.8057519468],[-8885548.000794573,-1604278.8057519468],[-8792015.916575683,-1604278.8057519468],[-8698483.832356792,-1604278.8057519468],[-8604951.748137902,-1604278.8057519468],[-8511419.663919011,-1604278.8057519468],[-8417887.579700122,-1604278.8057519468],[-8324355.49548123,-1604278.8057519468],[-8230823.411262341,-1604278.8057519468],[-8137291.32704345,-1604278.8057519468],[-8043759.242824561,-1604278.8057519468],[-7950227.15860567,-1604278.8057519468],[-7856695.074386781,-1604278.8057519468],[-7763162.99016789,-1604278.8057519468],[-7669630.905948999,-1604278.8057519468],[-7576098.821730108,-1604278.8057519468],[-7482566.737511219,-1604278.8057519468],[-7389034.653292328,-1604278.8057519468],[-7295502.569073438,-1604278.8057519468],[-7201970.484854548,-1604278.8057519468],[-7108438.400635659,-1604278.8057519468],[-7014906.316416768,-1604278.8057519468],[-6921374.232197877,-1604278.8057519468],[-6827842.147978987,-1604278.8057519468],[-6734310.063760097,-1604278.8057519468],[-6640777.979541207,-1604278.8057519468],[-6547245.895322315,-1604278.8057519468],[-6453713.811103427,-1604278.8057519468],[-6360181.726884536,-1604278.8057519468],[-6266649.642665646,-1604278.8057519468],[-6173117.558446756,-1604278.8057519468],[-6079585.474227865,-1604278.8057519468],[-5986053.390008975,-1604278.8057519468],[-5892521.305790084,-1604278.8057519468],[-5798989.221571195,-1604278.8057519468],[-5705457.137352304,-1604278.8057519468],[-5611925.053133414,-1604278.8057519468],[-5518392.968914525,-1604278.8057519468],[-5424860.884695634,-1604278.8057519468],[-5331328.800476744,-1604278.8057519468],[-5237796.716257853,-1604278.8057519468],[-5144264.632038963,-1604278.8057519468],[-5050732.547820073,-1604278.8057519468],[-4957200.463601182,-1604278.8057519468],[-4863668.379382293,-1604278.8057519468],[-4770136.295163402,-1604278.8057519468],[-4676604.210944512,-1604278.8057519468],[-4583072.1267256215,-1604278.8057519468],[-4489540.042506732,-1604278.8057519468],[-4396007.958287842,-1604278.8057519468],[-4302475.874068951,-1604278.8057519468],[-4208943.789850061,-1604278.8057519468],[-4115411.7056311704,-1604278.8057519468],[-4021879.6214122805,-1604278.8057519468],[-3928347.5371933905,-1604278.8057519468],[-3834815.4529744997,-1604278.8057519468],[-3741283.3687556097,-1604278.8057519468],[-3647751.284536719,-1604278.8057519468],[-3554219.2003178294,-1604278.8057519468],[-3460687.1160989385,-1604278.8057519468],[-3367155.0318800486,-1604278.8057519468],[-3273622.9476611577,-1604278.8057519468],[-3180090.863442268,-1604278.8057519468],[-3086558.779223378,-1604278.8057519468],[-2993026.6950044874,-1604278.8057519468],[-2899494.6107855975,-1604278.8057519468],[-2805962.526566707,-1604278.8057519468],[-2712430.442347817,-1604278.8057519468],[-2618898.3581289267,-1604278.8057519468],[-2525366.2739100363,-1604278.8057519468],[-2431834.1896911464,-1604278.8057519468],[-2338302.105472256,-1604278.8057519468],[-2244770.021253366,-1604278.8057519468],[-2151237.9370344756,-1604278.8057519468],[-2057705.8528155852,-1604278.8057519468],[-1964173.7685966953,-1604278.8057519468],[-1870641.6843778049,-1604278.8057519468],[-1777109.6001589147,-1604278.8057519468],[-1683577.5159400243,-1604278.8057519468],[-1590045.431721134,-1604278.8057519468],[-1496513.3475022437,-1604278.8057519468],[-1402981.2632833535,-1604278.8057519468],[-1309449.1790644634,-1604278.8057519468],[-1215917.0948455732,-1604278.8057519468],[-1122385.010626683,-1604278.8057519468],[-1028852.9264077926,-1604278.8057519468],[-935320.8421889024,-1604278.8057519468],[-841788.7579700121,-1604278.8057519468],[-748256.6737511219,-1604278.8057519468],[-654724.5895322317,-1604278.8057519468],[-561192.5053133415,-1604278.8057519468],[-467660.4210944512,-1604278.8057519468],[-374128.3368755609,-1604278.8057519468],[-280596.25265667075,-1604278.8057519468],[-187064.16843778046,-1604278.8057519468],[-93532.08421889023,-1604278.8057519468],[0,-1604278.8057519468],[93532.08421889023,-1604278.8057519468],[187064.16843778046,-1604278.8057519468],[280596.25265667075,-1604278.8057519468],[374128.3368755609,-1604278.8057519468],[467660.4210944512,-1604278.8057519468],[561192.5053133415,-1604278.8057519468],[654724.5895322317,-1604278.8057519468],[748256.6737511219,-1604278.8057519468],[841788.7579700121,-1604278.8057519468],[935320.8421889024,-1604278.8057519468],[1028852.9264077926,-1604278.8057519468],[1122385.010626683,-1604278.8057519468],[1215917.0948455732,-1604278.8057519468],[1309449.1790644634,-1604278.8057519468],[1402981.2632833535,-1604278.8057519468],[1496513.3475022437,-1604278.8057519468],[1590045.431721134,-1604278.8057519468],[1683577.5159400243,-1604278.8057519468],[1777109.6001589147,-1604278.8057519468],[1870641.6843778049,-1604278.8057519468],[1964173.7685966953,-1604278.8057519468],[2057705.8528155852,-1604278.8057519468],[2151237.9370344756,-1604278.8057519468],[2244770.021253366,-1604278.8057519468],[2338302.105472256,-1604278.8057519468],[2431834.1896911464,-1604278.8057519468],[2525366.2739100363,-1604278.8057519468],[2618898.3581289267,-1604278.8057519468],[2712430.442347817,-1604278.8057519468],[2805962.526566707,-1604278.8057519468],[2899494.6107855975,-1604278.8057519468],[2993026.6950044874,-1604278.8057519468],[3086558.779223378,-1604278.8057519468],[3180090.863442268,-1604278.8057519468],[3273622.9476611577,-1604278.8057519468],[3367155.0318800486,-1604278.8057519468],[3460687.1160989385,-1604278.8057519468],[3554219.2003178294,-1604278.8057519468],[3647751.284536719,-1604278.8057519468],[3741283.3687556097,-1604278.8057519468],[3834815.4529744997,-1604278.8057519468],[3928347.5371933905,-1604278.8057519468],[4021879.6214122805,-1604278.8057519468],[4115411.7056311704,-1604278.8057519468],[4208943.789850061,-1604278.8057519468],[4302475.874068951,-1604278.8057519468],[4396007.958287842,-1604278.8057519468],[4489540.042506732,-1604278.8057519468],[4583072.1267256215,-1604278.8057519468],[4676604.210944512,-1604278.8057519468],[4770136.295163402,-1604278.8057519468],[4863668.379382293,-1604278.8057519468],[4957200.463601182,-1604278.8057519468],[5050732.547820073,-1604278.8057519468],[5144264.632038963,-1604278.8057519468],[5237796.716257853,-1604278.8057519468],[5331328.800476744,-1604278.8057519468],[5424860.884695634,-1604278.8057519468],[5518392.968914525,-1604278.8057519468],[5611925.053133414,-1604278.8057519468],[5705457.137352304,-1604278.8057519468],[5798989.221571195,-1604278.8057519468],[5892521.305790084,-1604278.8057519468],[5986053.390008975,-1604278.8057519468],[6079585.474227865,-1604278.8057519468],[6173117.558446756,-1604278.8057519468],[6266649.642665646,-1604278.8057519468],[6360181.726884536,-1604278.8057519468],[6453713.811103427,-1604278.8057519468],[6547245.895322315,-1604278.8057519468],[6640777.979541207,-1604278.8057519468],[6734310.063760097,-1604278.8057519468],[6827842.147978987,-1604278.8057519468],[6921374.232197877,-1604278.8057519468],[7014906.316416768,-1604278.8057519468],[7108438.400635659,-1604278.8057519468],[7201970.484854548,-1604278.8057519468],[7295502.569073438,-1604278.8057519468],[7389034.653292328,-1604278.8057519468],[7482566.737511219,-1604278.8057519468],[7576098.821730108,-1604278.8057519468],[7669630.905948999,-1604278.8057519468],[7763162.99016789,-1604278.8057519468],[7856695.074386781,-1604278.8057519468],[7950227.15860567,-1604278.8057519468],[8043759.242824561,-1604278.8057519468],[8137291.32704345,-1604278.8057519468],[8230823.411262341,-1604278.8057519468],[8324355.49548123,-1604278.8057519468],[8417887.579700122,-1604278.8057519468],[8511419.663919011,-1604278.8057519468],[8604951.748137902,-1604278.8057519468],[8698483.832356792,-1604278.8057519468],[8792015.916575683,-1604278.8057519468],[8885548.000794573,-1604278.8057519468],[8979080.085013464,-1604278.8057519468],[9072612.169232352,-1604278.8057519468],[9166144.253451243,-1604278.8057519468],[9259676.337670134,-1604278.8057519468],[9353208.421889024,-1604278.8057519468],[9446740.506107913,-1604278.8057519468],[9540272.590326805,-1604278.8057519468],[9633804.674545696,-1604278.8057519468],[9727336.758764585,-1604278.8057519468],[9820868.842983475,-1604278.8057519468],[9914400.927202364,-1604278.8057519468],[10007933.011421256,-1604278.8057519468],[10101465.095640145,-1604278.8057519468],[10194997.179859035,-1604278.8057519468],[10288529.264077926,-1604278.8057519468],[10382061.348296817,-1604278.8057519468],[10475593.432515707,-1604278.8057519468],[10569125.516734596,-1604278.8057519468],[10662657.600953488,-1604278.8057519468],[10756189.685172377,-1604278.8057519468],[10849721.769391268,-1604278.8057519468],[10943253.853610158,-1604278.8057519468],[11036785.93782905,-1604278.8057519468],[11130318.022047939,-1604278.8057519468],[11223850.106266828,-1604278.8057519468],[11317382.19048572,-1604278.8057519468],[11410914.274704607,-1604278.8057519468],[11504446.3589235,-1604278.8057519468],[11597978.44314239,-1604278.8057519468],[11691510.527361281,-1604278.8057519468],[11785042.611580169,-1604278.8057519468],[11878574.695799062,-1604278.8057519468],[11972106.78001795,-1604278.8057519468],[12065638.86423684,-1604278.8057519468],[12159170.94845573,-1604278.8057519468],[12252703.03267462,-1604278.8057519468],[12346235.116893511,-1604278.8057519468],[12439767.2011124,-1604278.8057519468],[12533299.285331292,-1604278.8057519468],[12626831.369550182,-1604278.8057519468],[12720363.453769073,-1604278.8057519468],[12813895.537987964,-1604278.8057519468],[12907427.622206854,-1604278.8057519468],[13000959.706425743,-1604278.8057519468],[13094491.79064463,-1604278.8057519468],[13188023.874863524,-1604278.8057519468],[13281555.959082413,-1604278.8057519468],[13375088.043301305,-1604278.8057519468],[13468620.127520194,-1604278.8057519468],[13562152.211739087,-1604278.8057519468],[13655684.295957973,-1604278.8057519468],[13749216.380176863,-1604278.8057519468],[13842748.464395754,-1604278.8057519468],[13936280.548614644,-1604278.8057519468],[14029812.632833537,-1604278.8057519468],[14123344.717052426,-1604278.8057519468],[14216876.801271318,-1604278.8057519468],[14310408.885490207,-1604278.8057519468],[14403940.969709096,-1604278.8057519468],[14497473.053927986,-1604278.8057519468],[14591005.138146875,-1604278.8057519468],[14684537.222365767,-1604278.8057519468],[14778069.306584656,-1604278.8057519468],[14871601.39080355,-1604278.8057519468],[14965133.475022439,-1604278.8057519468],[15058665.55924133,-1604278.8057519468],[15152197.643460216,-1604278.8057519468],[15245729.72767911,-1604278.8057519468],[15339261.811897999,-1604278.8057519468],[15432793.896116888,-1604278.8057519468],[15526325.98033578,-1604278.8057519468],[15619858.064554669,-1604278.8057519468],[15713390.148773562,-1604278.8057519468],[15806922.232992452,-1604278.8057519468],[15900454.31721134,-1604278.8057519468],[15993986.401430229,-1604278.8057519468],[16087518.485649122,-1604278.8057519468],[16181050.569868011,-1604278.8057519468],[16274582.6540869,-1604278.8057519468],[16368114.738305792,-1604278.8057519468],[16461646.822524682,-1604278.8057519468],[16555178.906743571,-1604278.8057519468],[16648710.99096246,-1604278.8057519468],[16742243.075181352,-1604278.8057519468],[16835775.159400243,-1604278.8057519468]]},"properties":{"type":"parallel","value":-15}},
{"type":"Feature","geometry":{"type":"LineString","coordinates":[[-17005833.33052523,-4.488677127715918e-11],[-16911356.478688978,-4.488677127715918e-11],[-16816879.62685273,-4.488677127715918e-11],[-16722402.775016477,-4.488677127715918e-11],[-16627925.923180226,-4.488677127715918e-11],[-16533449.071343975,-4.488677127715918e-11],[-16438972.21950772,-4.488677127715918e-11],[-16344495.367671473,-4.488677127715918e-11],[-16250018.515835222,-4.488677127715918e-11],[-16155541.663998967,-4.488677127715918e-11],[-16061064.81216272,-4.488677127715918e-11],[-15966587.960326467,-4.488677127715918e-11],[-15872111.108490216,-4.488677127715918e-11],[-15777634.256653965,-4.488677127715918e-11],[-15683157.404817713,-4.488677127715918e-11],[-15588680.552981459,-4.488677127715918e-11],[-15494203.701145211,-4.488677127715918e-11],[-15399726.84930896,-4.488677127715918e-11],[-15305249.997472705,-4.488677127715918e-11],[-15210773.145636458,-4.488677127715918e-11],[-15116296.293800203,-4.488677127715918e-11],[-15021819.441963954,-4.488677127715918e-11],[-14927342.590127703,-4.488677127715918e-11],[-14832865.738291452,-4.488677127715918e-11],[-14738388.8864552,-4.488677127715918e-11],[-14643912.03461895,-4.488677127715918e-11],[-14549435.182782698,-4.488677127715918e-11],[-14454958.330946447,-4.488677127715918e-11],[-14360481.479110196,-4.488677127715918e-11],[-14266004.627273941,-4.488677127715918e-11],[-14171527.775437694,-4.488677127715918e-11],[-14077050.92360144,-4.488677127715918e-11],[-13982574.071765188,-4.488677127715918e-11],[-13888097.219928939,-4.488677127715918e-11],[-13793620.368092688,-4.488677127715918e-11],[-13699143.516256437,-4.488677127715918e-11],[-13604666.664420186,-4.488677127715918e-11],[-13510189.812583935,-4.488677127715918e-11],[-13415712.96074768,-4.488677127715918e-11],[-13321236.108911432,-4.488677127715918e-11],[-13226759.257075178,-4.488677127715918e-11],[-13132282.405238926,-4.488677127715918e-11],[-13037805.553402675,-4.488677127715918e-11],[-12943328.701566424,-4.488677127715918e-11],[-12848851.849730175,-4.488677127715918e-11],[-12754374.997893924,-4.488677127715918e-11],[-12659898.146057673,-4.488677127715918e-11],[-12565421.29422142,-4.488677127715918e-11],[-12470944.44238517,-4.488677127715918e-11],[-12376467.590548918,-4.488677127715918e-11],[-12281990.738712667,-4.488677127715918e-11],[-12187513.886876414,-4.488677127715918e-11],[-12093037.035040164,-4.488677127715918e-11],[-11998560.183203913,-4.488677127715918e-11],[-11904083.33136766,-4.488677127715918e-11],[-11809606.479531411,-4.488677127715918e-11],[-11715129.627695158,-4.488677127715918e-11],[-11620652.775858909,-4.488677127715918e-11],[-11526175.924022656,-4.488677127715918e-11],[-11431699.072186405,-4.488677127715918e-11],[-11337222.220350152,-4.488677127715918e-11],[-11242745.368513903,-4.488677127715918e-11],[-11148268.516677652,-4.488677127715918e-11],[-11053791.664841399,-4.488677127715918e-11],[-10959314.81300515,-4.488677127715918e-11],[-10864837.961168896,-4.488677127715918e-11],[-10770361.109332645,-4.488677127715918e-11],[-10675884.257496396,-4.488677127715918e-11],[-10581407.405660145,-4.488677127715918e-11],[-10486930.553823892,-4.488677127715918e-11],[-10392453.701987641,-4.488677127715918e-11],[-10297976.85015139,-4.488677127715918e-11],[-10203499.998315139,-4.488677127715918e-11],[-10109023.146478886,-4.488677127715918e-11],[-10014546.294642635,-4.488677127715918e-11],[-9920069.442806385,-4.488677127715918e-11],[-9825592.590970132,-4.488677127715918e-11],[-9731115.739133881,-4.488677127715918e-11],[-9636638.887297632,-4.488677127715918e-11],[-9542162.03546138,-4.488677127715918e-11],[-9447685.183625128,-4.488677127715918e-11],[-9353208.331788877,-4.488677127715918e-11],[-9258731.479952626,-4.488677127715918e-11],[-9164254.628116373,-4.488677127715918e-11],[-9069777.776280124,-4.488677127715918e-11],[-8975300.924443873,-4.488677127715918e-11],[-8880824.07260762,-4.488677127715918e-11],[-8786347.220771369,-4.488677127715918e-11],[-8691870.368935117,-4.488677127715918e-11],[-8597393.517098866,-4.488677127715918e-11],[-8502916.665262615,-4.488677127715918e-11],[-8408439.813426364,-4.488677127715918e-11],[-8313962.961590113,-4.488677127715918e-11],[-8219486.10975386,-4.488677127715918e-11],[-8125009.257917611,-4.488677127715918e-11],[-8030532.40608136,-4.488677127715918e-11],[-7936055.554245108,-4.488677127715918e-11],[-7841578.702408857,-4.488677127715918e-11],[-7747101.850572606,-4.488677127715918e-11],[-7652624.998736353,-4.488677127715918e-11],[-7558148.146900102,-4.488677127715918e-11],[-7463671.295063851,-4.488677127715918e-11],[-7369194.4432276,-4.488677127715918e-11],[-7274717.591391349,-4.488677127715918e-11],[-7180240.739555098,-4.488677127715918e-11],[-7085763.887718847,-4.488677127715918e-11],[-6991287.035882594,-4.488677127715918e-11],[-6896810.184046344,-4.488677127715918e-11],[-6802333.332210093,-4.488677127715918e-11],[-6707856.48037384,-4.488677127715918e-11],[-6613379.628537589,-4.488677127715918e-11],[-6518902.776701338,-4.488677127715918e-11],[-6424425.9248650875,-4.488677127715918e-11],[-6329949.073028836,-4.488677127715918e-11],[-6235472.221192585,-4.488677127715918e-11],[-6140995.369356333,-4.488677127715918e-11],[-6046518.517520082,-4.488677127715918e-11],[-5952041.66568383,-4.488677127715918e-11],[-5857564.813847579,-4.488677127715918e-11],[-5763087.962011328,-4.488677127715918e-11],[-5668611.110175076,-4.488677127715918e-11],[-5574134.258338826,-4.488677127715918e-11],[-5479657.406502575,-4.488677127715918e-11],[-5385180.554666323,-4.488677127715918e-11],[-5290703.7028300725,-4.488677127715918e-11],[-5196226.8509938205,-4.488677127715918e-11],[-5101749.999157569,-4.488677127715918e-11],[-5007273.147321317,-4.488677127715918e-11],[-4912796.295485066,-4.488677127715918e-11],[-4818319.443648816,-4.488677127715918e-11],[-4723842.591812564,-4.488677127715918e-11],[-4629365.739976313,-4.488677127715918e-11],[-4534888.888140062,-4.488677127715918e-11],[-4440412.03630381,-4.488677127715918e-11],[-4345935.184467559,-4.488677127715918e-11],[-4251458.332631308,-4.488677127715918e-11],[-4156981.4807950566,-4.488677127715918e-11],[-4062504.6289588055,-4.488677127715918e-11],[-3968027.777122554,-4.488677127715918e-11],[-3873550.925286303,-4.488677127715918e-11],[-3779074.073450051,-4.488677127715918e-11],[-3684597.2216138,-4.488677127715918e-11],[-3590120.369777549,-4.488677127715918e-11],[-3495643.517941297,-4.488677127715918e-11],[-3401166.6661050464,-4.488677127715918e-11],[-3306689.8142687944,-4.488677127715918e-11],[-3212212.9624325437,-4.488677127715918e-11],[-3117736.1105962927,-4.488677127715918e-11],[-3023259.258760041,-4.488677127715918e-11],[-2928782.4069237895,-4.488677127715918e-11],[-2834305.555087538,-4.488677127715918e-11],[-2739828.7032512873,-4.488677127715918e-11],[-2645351.8514150362,-4.488677127715918e-11],[-2550874.9995787847,-4.488677127715918e-11],[-2456398.147742533,-4.488677127715918e-11],[-2361921.295906282,-4.488677127715918e-11],[-2267444.444070031,-4.488677127715918e-11],[-2172967.5922337794,-4.488677127715918e-11],[-2078490.7403975283,-4.488677127715918e-11],[-1984013.888561277,-4.488677127715918e-11],[-1889537.0367250254,-4.488677127715918e-11],[-1795060.1848887745,-4.488677127715918e-11],[-1700583.3330525232,-4.488677127715918e-11],[-1606106.4812162719,-4.488677127715918e-11],[-1511629.6293800205,-4.488677127715918e-11],[-1417152.777543769,-4.488677127715918e-11],[-1322675.9257075181,-4.488677127715918e-11],[-1228199.0738712666,-4.488677127715918e-11],[-1133722.2220350155,-4.488677127715918e-11],[-1039245.3701987641,-4.488677127715918e-11],[-944768.5183625127,-4.488677127715918e-11],[-850291.6665262616,-4.488677127715918e-11],[-755814.8146900103,-4.488677127715918e-11],[-661337.9628537591,-4.488677127715918e-11],[-566861.1110175077,-4.488677127715918e-11],[-472384.25918125635,-4.488677127715918e-11],[-377907.40734500514,-4.488677127715918e-11],[-283430.55550875387,-4.488677127715918e-11],[-188953.70367250257,-4.488677127715918e-11],[-94476.85183625128,-4.488677127715918e-11],[0,-4.488677127715918e-11],[94476.85183625128,-4.488677127715918e-11],[188953.70367250257,-4.488677127715918e-11],[283430.55550875387,-4.488677127715918e-11],[377907.40734500514,-4.488677127715918e-11],[472384.25918125635,-4.488677127715918e-11],[566861.1110175077,-4.488677127715918e-11],[661337.9628537591,-4.488677127715918e-11],[755814.8146900103,-4.488677127715918e-11],[850291.6665262616,-4.488677127715918e-11],[944768.5183625127,-4.488677127715918e-11],[1039245.3701987641,-4.488677127715918e-11],[1133722.2220350155,-4.488677127715918e-11],[1228199.0738712666,-4.488677127715918e-11],[1322675.9257075181,-4.488677127715918e-11],[1417152.777543769,-4.488677127715918e-11],[1511629.6293800205,-4.488677127715918e-11],[1606106.4812162719,-4.488677127715918e-11],[1700583.3330525232,-4.488677127715918e-11],[1795060.1848887745,-4.488677127715918e-11],[1889537.0367250254,-4.488677127715918e-11],[1984013.888561277,-4.488677127715918e-11],[2078490.7403975283,-4.488677127715918e-11],[2172967.5922337794,-4.488677127715918e-11],[2267444.444070031,-4.488677127715918e-11],[2361921.295906282,-4.488677127715918e-11],[2456398.147742533,-4.488677127715918e-11],[2550874.9995787847,-4.488677127715918e-11],[2645351.8514150362,-4.488677127715918e-11],[2739828.7032512873,-4.488677127715918e-11],[2834305.555087538,-4.488677127715918e-11],[2928782.4069237895,-4.488677127715918e-11],[3023259.258760041,-4.488677127715918e-11],[3117736.1105962927,-4.488677127715918e-11],[3212212.9624325437,-4.488677127715918e-11],[3306689.8142687944,-4.488677127715918e-11],[3401166.6661050464,-4.488677127715918e-11],[3495643.517941297,-4.488677127715918e-11],[3590120.369777549,-4.488677127715918e-11],[3684597.2216138,-4.488677127715918e-11],[3779074.073450051,-4.488677127715918e-11],[3873550.925286303,-4.488677127715918e-11],[3968027.777122554,-4.488677127715918e-11],[4062504.6289588055,-4.488677127715918e-11],[4156981.4807950566,-4.488677127715918e-11],[4251458.332631308,-4.488677127715918e-11],[4345935.184467559,-4.488677127715918e-11],[4440412.03630381,-4.488677127715918e-11],[4534888.888140062,-4.488677127715918e-11],[4629365.739976313,-4.488677127715918e-11],[4723842.591812564,-4.488677127715918e-11],[4818319.443648816,-4.488677127715918e-11],[4912796.295485066,-4.488677127715918e-11],[5007273.147321317,-4.488677127715918e-11],[5101749.999157569,-4.488677127715918e-11],[5196226.8509938205,-4.488677127715918e-11],[5290703.7028300725,-4.488677127715918e-11],[5385180.554666323,-4.488677127715918e-11],[5479657.406502575,-4.488677127715918e-11],[5574134.258338826,-4.488677127715918e-11],[5668611.110175076,-4.488677127715918e-11],[5763087.962011328,-4.488677127715918e-11],[5857564.813847579,-4.488677127715918e-11],[5952041.66568383,-4.488677127715918e-11],[6046518.517520082,-4.488677127715918e-11],[6140995.369356333,-4.488677127715918e-11],[6235472.221192585,-4.488677127715918e-11],[6329949.073028836,-4.488677127715918e-11],[6424425.9248650875,-4.488677127715918e-11],[6518902.776701338,-4.488677127715918e-11],[6613379.628537589,-4.488677127715918e-11],[6707856.48037384,-4.488677127715918e-11],[6802333.332210093,-4.488677127715918e-11],[6896810.184046344,-4.488677127715918e-11],[6991287.035882594,-4.488677127715918e-11],[7085763.887718847,-4.488677127715918e-11],[7180240.739555098,-4.488677127715918e-11],[7274717.591391349,-4.488677127715918e-11],[7369194.4432276,-4.488677127715918e-11],[7463671.295063851,-4.488677127715918e-11],[7558148.146900102,-4.488677127715918e-11],[7652624.998736353,-4.488677127715918e-11],[7747101.850572606,-4.488677127715918e-11],[7841578.702408857,-4.488677127715918e-11],[7936055.554245108,-4.488677127715918e-11],[8030532.40608136,-4.488677127715918e-11],[8125009.257917611,-4.488677127715918e-11],[8219486.10975386,-4.488677127715918e-11],[8313962.961590113,-4.488677127715918e-11],[8408439.813426364,-4.488677127715918e-11],[8502916.665262615,-4.488677127715918e-11],[8597393.517098866,-4.488677127715918e-11],[8691870.368935117,-4.488677127715918e-11],[8786347.220771369,-4.488677127715918e-11],[8880824.07260762,-4.488677127715918e-11],[8975300.924443873,-4.488677127715918e-11],[9069777.776280124,-4.488677127715918e-11],[9164254.628116373,-4.488677127715918e-11],[9258731.479952626,-4.488677127715918e-11],[9353208.331788877,-4.488677127715918e-11],[9447685.183625128,-4.488677127715918e-11],[9542162.03546138,-4.488677127715918e-11],[9636638.887297632,-4.488677127715918e-11],[9731115.739133881,-4.488677127715918e-11],[9825592.590970132,-4.488677127715918e-11],[9920069.442806385,-4.488677127715918e-11],[10014546.294642635,-4.488677127715918e-11],[10109023.146478886,-4.488677127715918e-11],[10203499.998315139,-4.488677127715918e-11],[10297976.85015139,-4.488677127715918e-11],[10392453.701987641,-4.488677127715918e-11],[10486930.553823892,-4.488677127715918e-11],[10581407.405660145,-4.488677127715918e-11],[10675884.257496396,-4.488677127715918e-11],[10770361.109332645,-4.488677127715918e-11],[10864837.961168896,-4.488677127715918e-11],[10959314.81300515,-4.488677127715918e-11],[11053791.664841399,-4.488677127715918e-11],[11148268.516677652,-4.488677127715918e-11],[11242745.368513903,-4.488677127715918e-11],[11337222.220350152,-4.488677127715918e-11],[11431699.072186405,-4.488677127715918e-11],[11526175.924022656,-4.488677127715918e-11],[11620652.775858909,-4.488677127715918e-11],[11715129.627695158,-4.488677127715918e-11],[11809606.479531411,-4.488677127715918e-11],[11904083.33136766,-4.488677127715918e-11],[11998560.183203913,-4.488677127715918e-11],[12093037.035040164,-4.488677127715918e-11],[12187513.886876414,-4.488677127715918e-11],[12281990.738712667,-4.488677127715918e-11],[12376467.590548918,-4.488677127715918e-11],[12470944.44238517,-4.488677127715918e-11],[12565421.29422142,-4.488677127715918e-11],[12659898.146057673,-4.488677127715918e-11],[12754374.997893924,-4.488677127715918e-11],[12848851.849730175,-4.488677127715918e-11],[12943328.701566424,-4.488677127715918e-11],[13037805.553402675,-4.488677127715918e-11],[13132282.405238926,-4.488677127715918e-11],[13226759.257075178,-4.488677127715918e-11],[13321236.108911432,-4.488677127715918e-11],[13415712.96074768,-4.488677127715918e-11],[13510189.812583935,-4.488677127715918e-11],[13604666.664420186,-4.488677127715918e-11],[13699143.516256437,-4.488677127715918e-11],[13793620.368092688,-4.488677127715918e-11],[13888097.219928939,-4.488677127715918e-11],[13982574.071765188,-4.488677127715918e-11],[14077050.92360144,-4.488677127715918e-11],[14171527.775437694,-4.488677127715918e-11],[14266004.627273941,-4.488677127715918e-11],[14360481.479110196,-4.488677127715918e-11],[14454958.330946447,-4.488677127715918e-11],[14549435.182782698,-4.488677127715918e-11],[14643912.03461895,-4.488677127715918e-11],[14738388.8864552,-4.488677127715918e-11],[14832865.738291452,-4.488677127715918e-11],[14927342.590127703,-4.488677127715918e-11],[15021819.441963954,-4.488677127715918e-11],[15116296.293800203,-4.488677127715918e-11],[15210773.145636458,-4.488677127715918e-11],[15305249.997472705,-4.488677127715918e-11],[15399726.84930896,-4.488677127715918e-11],[15494203.701145211,-4.488677127715918e-11],[15588680.552981459,-4.488677127715918e-11],[15683157.404817713,-4.488677127715918e-11],[15777634.256653965,-4.488677127715918e-11],[15872111.108490216,-4.488677127715918e-11],[15966587.960326467,-4.488677127715918e-11],[16061064.81216272,-4.488677127715918e-11],[16155541.663998967,-4.488677127715918e-11],[16250018.515835222,-4.488677127715918e-11],[16344495.367671473,-4.488677127715918e-11],[16438972.21950772,-4.488677127715918e-11],[16533449.071343975,-4.488677127715918e-11],[16627925.923180226,-4.488677127715918e-11],[16722402.775016477,-4.488677127715918e-11],[16816879.62685273,-4.488677127715918e-11],[16911356.478688978,-4.488677127715918e-11],[17005833.33052523,-4.488677127715918e-11]]},"properties":{"type":"parallel","value":0}},
{"type":"Feature","geometry":{"type":"LineString","coordinates":[[-16835775.159400243,1604278.8057519468],[-16742243.075181352,1604278.8057519468],[-16648710.99096246,1604278.8057519468],[-16555178.906743571,1604278.8057519468],[-16461646.822524682,1604278.8057519468],[-16368114.738305792,1604278.8057519468],[-16274582.6540869,1604278.8057519468],[-16181050.569868011,1604278.8057519468],[-16087518.485649122,1604278.8057519468],[-15993986.401430229,1604278.8057519468],[-15900454.31721134,1604278.8057519468],[-15806922.232992452,1604278.8057519468],[-15713390.148773562,1604278.8057519468],[-15619858.064554669,1604278.8057519468],[-15526325.98033578,1604278.8057519468],[-15432793.896116888,1604278.8057519468],[-15339261.811897999,1604278.8057519468],[-15245729.72767911,1604278.8057519468],[-15152197.643460216,1604278.8057519468],[-15058665.55924133,1604278.8057519468],[-14965133.475022439,1604278.8057519468],[-14871601.39080355,1604278.8057519468],[-14778069.306584656,1604278.8057519468],[-14684537.222365767,1604278.8057519468],[-14591005.138146875,1604278.8057519468],[-14497473.053927986,1604278.8057519468],[-14403940.969709096,1604278.8057519468],[-14310408.885490207,1604278.8057519468],[-14216876.801271318,1604278.8057519468],[-14123344.717052426,1604278.8057519468],[-14029812.632833537,1604278.8057519468],[-13936280.548614644,1604278.8057519468],[-13842748.464395754,1604278.8057519468],[-13749216.380176863,1604278.8057519468],[-13655684.295957973,1604278.8057519468],[-13562152.211739087,1604278.8057519468],[-13468620.127520194,1604278.8057519468],[-13375088.043301305,1604278.8057519468],[-13281555.959082413,1604278.8057519468],[-13188023.874863524,1604278.8057519468],[-13094491.79064463,1604278.8057519468],[-13000959.706425743,1604278.8057519468],[-12907427.622206854,1604278.8057519468],[-12813895.537987964,1604278.8057519468],[-12720363.453769073,1604278.8057519468],[-12626831.369550182,1604278.8057519468],[-12533299.285331292,1604278.8057519468],[-12439767.2011124,1604278.8057519468],[-12346235.116893511,1604278.8057519468],[-12252703.03267462,1604278.8057519468],[-12159170.94845573,1604278.8057519468],[-12065638.86423684,1604278.8057519468],[-11972106.78001795,1604278.8057519468],[-11878574.695799062,1604278.8057519468],[-11785042.611580169,1604278.8057519468],[-11691510.527361281,1604278.8057519468],[-11597978.44314239,1604278.8057519468],[-11504446.3589235,1604278.8057519468],[-11410914.274704607,1604278.8057519468],[-11317382.19048572,1604278.8057519468],[-11223850.106266828,1604278.8057519468],[-11130318.022047939,1604278.8057519468],[-11036785.93782905,1604278.8057519468],[-10943253.853610158,1604278.8057519468],[-10849721.769391268,1604278.8057519468],[-10756189.685172377,1604278.8057519468],[-10662657.600953488,1604278.8057519468],[-10569125.516734596,1604278.8057519468],[-10475593.432515707,1604278.8057519468],[-10382061.348296817,1604278.8057519468],[-10288529.264077926,1604278.8057519468],[-10194997.179859035,1604278.8057519468],[-10101465.095640145,1604278.8057519468],[-10007933.011421256,1604278.8057519468],[-9914400.927202364,1604278.8057519468],[-9820868.842983475,1604278.8057519468],[-9727336.758764585,1604278.8057519468],[-9633804.674545696,1604278.8057519468],[-9540272.590326805,1604278.8057519468],[-9446740.506107913,1604278.8057519468],[-9353208.421889024,1604278.8057519468],[-9259676.337670134,1604278.8057519468],[-9166144.253451243,1604278.8057519468],[-9072612.169232352,1604278.8057519468],[-8979080.085013464,1604278.8057519468],[-8885548.000794573,1604278.8057519468],[-8792015.916575683,1604278.8057519468],[-8698483.832356792,1604278.8057519468],[-8604951.748137902,1604278.8057519468],[-8511419.663919011,1604278.8057519468],[-8417887.579700122,1604278.8057519468],[-8324355.49548123,1604278.8057519468],[-8230823.411262341,1604278.8057519468],[-8137291.32704345,1604278.8057519468],[-8043759.242824561,1604278.8057519468],[-7950227.15860567,1604278.8057519468],[-7856695.074386781,1604278.8057519468],[-7763162.99016789,1604278.8057519468],[-7669630.905948999,1604278.8057519468],[-7576098.821730108,1604278.8057519468],[-7482566.737511219,1604278.8057519468],[-7389034.653292328,1604278.8057519468],[-7295502.569073438,1604278.8057519468],[-7201970.484854548,1604278.8057519468],[-7108438.400635659,1604278.8057519468],[-7014906.316416768,1604278.8057519468],[-6921374.232197877,1604278.8057519468],[-6827842.147978987,1604278.8057519468],[-6734310.063760097,1604278.8057519468],[-6640777.979541207,1604278.8057519468],[-6547245.895322315,1604278.8057519468],[-6453713.811103427,1604278.8057519468],[-6360181.726884536,1604278.8057519468],[-6266649.642665646,1604278.8057519468],[-6173117.558446756,1604278.8057519468],[-6079585.474227865,1604278.8057519468],[-5986053.390008975,1604278.8057519468],[-5892521.305790084,1604278.8057519468],[-5798989.221571195,1604278.8057519468],[-5705457.137352304,1604278.8057519468],[-5611925.053133414,1604278.8057519468],[-5518392.968914525,1604278.8057519468],[-5424860.884695634,1604278.8057519468],[-5331328.800476744,1604278.8057519468],[-5237796.716257853,1604278.8057519468],[-5144264.632038963,1604278.8057519468],[-5050732.547820073,1604278.8057519468],[-4957200.463601182,1604278.8057519468],[-4863668.379382293,1604278.8057519468],[-4770136.295163402,1604278.8057519468],[-4676604.210944512,1604278.8057519468],[-4583072.1267256215,1604278.8057519468],[-4489540.042506732,1604278.8057519468],[-4396007.958287842,1604278.8057519468],[-4302475.874068951,1604278.8057519468],[-4208943.789850061,1604278.8057519468],[-4115411.7056311704,1604278.8057519468],[-4021879.6214122805,1604278.8057519468],[-3928347.5371933905,1604278.8057519468],[-3834815.4529744997,1604278.8057519468],[-3741283.3687556097,1604278.8057519468],[-3647751.284536719,1604278.8057519468],[-3554219.2003178294,1604278.8057519468],[-3460687.1160989385,1604278.8057519468],[-3367155.0318800486,1604278.8057519468],[-3273622.9476611577,1604278.8057519468],[-3180090.863442268,1604278.8057519468],[-3086558.779223378,1604278.8057519468],[-2993026.6950044874,1604278.8057519468],[-2899494.6107855975,1604278.8057519468],[-2805962.526566707,1604278.8057519468],[-2712430.442347817,1604278.8057519468],[-2618898.3581289267,1604278.8057519468],[-2525366.2739100363,1604278.8057519468],[-2431834.1896911464,1604278.8057519468],[-2338302.105472256,1604278.8057519468],[-2244770.021253366,1604278.8057519468],[-2151237.9370344756,1604278.8057519468],[-2057705.8528155852,1604278.8057519468],[-1964173.7685966953,1604278.8057519468],[-1870641.6843778049,1604278.8057519468],[-1777109.6001589147,1604278.8057519468],[-1683577.5159400243,1604278.8057519468],[-1590045.431721134,1604278.8057519468],[-1496513.3475022437,1604278.8057519468],[-1402981.2632833535,1604278.8057519468],[-1309449.1790644634,1604278.8057519468],[-1215917.0948455732,1604278.8057519468],[-1122385.010626683,1604278.8057519468],[-1028852.9264077926,1604278.8057519468],[-935320.8421889024,1604278.8057519468],[-841788.7579700121,1604278.8057519468],[-748256.6737511219,1604278.8057519468],[-654724.5895322317,1604278.8057519468],[-561192.5053133415,1604278.8057519468],[-467660.4210944512,1604278.8057519468],[-374128.3368755609,1604278.8057519468],[-280596.25265667075,1604278.8057519468],[-187064.16843778046,1604278.8057519468],[-93532.08421889023,1604278.8057519468],[0,1604278.8057519468],[93532.08421889023,1604278.8057519468],[187064.16843778046,1604278.8057519468],[280596.25265667075,1604278.8057519468],[374128.3368755609,1604278.8057519468],[467660.4210944512,1604278.8057519468],[561192.5053133415,1604278.8057519468],[654724.5895322317,1604278.8057519468],[748256.6737511219,1604278.8057519468],[841788.7579700121,1604278.8057519468],[935320.8421889024,1604278.8057519468],[1028852.9264077926,1604278.8057519468],[1122385.010626683,1604278.8057519468],[1215917.0948455732,1604278.8057519468],[1309449.1790644634,1604278.8057519468],[1402981.2632833535,1604278.8057519468],[1496513.3475022437,1604278.8057519468],[1590045.431721134,1604278.8057519468],[1683577.5159400243,1604278.8057519468],[1777109.6001589147,1604278.8057519468],[1870641.6843778049,1604278.8057519468],[1964173.7685966953,1604278.8057519468],[2057705.8528155852,1604278.8057519468],[2151237.9370344756,1604278.8057519468],[2244770.021253366,1604278.8057519468],[2338302.105472256,1604278.8057519468],[2431834.1896911464,1604278.8057519468],[2525366.2739100363,1604278.8057519468],[2618898.3581289267,1604278.8057519468],[2712430.442347817,1604278.8057519468],[2805962.526566707,1604278.8057519468],[2899494.6107855975,1604278.8057519468],[2993026.6950044874,1604278.8057519468],[3086558.779223378,1604278.8057519468],[3180090.863442268,1604278.8057519468],[3273622.9476611577,1604278.8057519468],[3367155.0318800486,1604278.8057519468],[3460687.1160989385,1604278.8057519468],[3554219.2003178294,1604278.8057519468],[3647751.284536719,1604278.8057519468],[3741283.3687556097,1604278.8057519468],[3834815.4529744997,1604278.8057519468],[3928347.5371933905,1604278.8057519468],[4021879.6214122805,1604278.8057519468],[4115411.7056311704,1604278.8057519468],[4208943.789850061,1604278.8057519468],[4302475.874068951,1604278.8057519468],[4396007.958287842,1604278.8057519468],[4489540.042506732,1604278.8057519468],[4583072.1267256215,1604278.8057519468],[4676604.210944512,1604278.8057519468],[4770136.295163402,1604278.8057519468],[4863668.379382293,1604278.8057519468],[4957200.463601182,1604278.8057519468],[5050732.547820073,1604278.8057519468],[5144264.632038963,1604278.8057519468],[5237796.716257853,1604278.8057519468],[5331328.800476744,1604278.8057519468],[5424860.884695634,1604278.8057519468],[5518392.968914525,1604278.8057519468],[5611925.053133414,1604278.8057519468],[5705457.137352304,1604278.8057519468],[5798989.221571195,1604278.8057519468],[5892521.305790084,1604278.8057519468],[5986053.390008975,1604278.8057519468],[6079585.474227865,1604278.8057519468],[6173117.558446756,1604278.8057519468],[6266649.642665646,1604278.8057519468],[6360181.726884536,1604278.8057519468],[6453713.811103427,1604278.8057519468],[6547245.895322315,1604278.8057519468],[6640777.979541207,1604278.8057519468],[6734310.063760097,1604278.8057519468],[6827842.147978987,1604278.8057519468],[6921374.232197877,1604278.8057519468],[7014906.316416768,1604278.8057519468],[7108438.400635659,1604278.8057519468],[7201970.484854548,1604278.8057519468],[7295502.569073438,1604278.8057519468],[7389034.653292328,1604278.8057519468],[7482566.737511219,1604278.8057519468],[7576098.821730108,1604278.8057519468],[7669630.905948999,1604278.8057519468],[7763162.99016789,1604278.8057519468],[7856695.074386781,1604278.8057519468],[7950227.15860567,1604278.8057519468],[8043759.242824561,1604278.8057519468],[8137291.32704345,1604278.8057519468],[8230823.411262341,1604278.8057519468],[8324355.49548123,1604278.8057519468],[8417887.579700122,1604278.8057519468],[8511419.663919011,1604278.8057519468],[8604951.748137902,1604278.8057519468],[8698483.832356792,1604278.8057519468],[8792015.916575683,1604278.8057519468],[8885548.000794573,1604278.8057519468],[8979080.085013464,1604278.8057519468],[9072612.169232352,1604278.8057519468],[9166144.253451243,1604278.8057519468],[9259676.337670134,1604278.8057519468],[9353208.421889024,1604278.8057519468],[9446740.506107913,1604278.8057519468],[9540272.590326805,1604278.8057519468],[9633804.674545696,1604278.8057519468],[9727336.758764585,1604278.8057519468],[9820868.842983475,1604278.8057519468],[9914400.927202364,1604278.8057519468],[10007933.011421256,1604278.8057519468],[10101465.095640145,1604278.8057519468],[10194997.179859035,1604278.8057519468],[10288529.264077926,1604278.8057519468],[10382061.348296817,1604278.8057519468],[10475593.432515707,1604278.8057519468],[10569125.516734596,1604278.8057519468],[10662657.600953488,1604278.8057519468],[10756189.685172377,1604278.8057519468],[10849721.769391268,1604278.8057519468],[10943253.853610158,1604278.8057519468],[11036785.93782905,1604278.8057519468],[11130318.022047939,1604278.8057519468],[11223850.106266828,1604278.8057519468],[11317382.19048572,1604278.8057519468],[11410914.274704607,1604278.8057519468],[11504446.3589235,1604278.8057519468],[11597978.44314239,1604278.8057519468],[11691510.527361281,1604278.8057519468],[11785042.611580169,1604278.8057519468],[11878574.695799062,1604278.8057519468],[11972106.78001795,1604278.8057519468],[12065638.86423684,1604278.8057519468],[12159170.94845573,1604278.8057519468],[12252703.03267462,1604278.8057519468],[12346235.116893511,1604278.8057519468],[12439767.2011124,1604278.8057519468],[12533299.285331292,1604278.8057519468],[12626831.369550182,1604278.8057519468],[12720363.453769073,1604278.8057519468],[12813895.537987964,1604278.8057519468],[12907427.622206854,1604278.8057519468],[13000959.706425743,1604278.8057519468],[13094491.79064463,1604278.8057519468],[13188023.874863524,1604278.8057519468],[13281555.959082413,1604278.8057519468],[13375088.043301305,1604278.8057519468],[13468620.127520194,1604278.8057519468],[13562152.211739087,1604278.8057519468],[13655684.295957973,1604278.8057519468],[13749216.380176863,1604278.8057519468],[13842748.464395754,1604278.8057519468],[13936280.548614644,1604278.8057519468],[14029812.632833537,1604278.8057519468],[14123344.717052426,1604278.8057519468],[14216876.801271318,1604278.8057519468],[14310408.885490207,1604278.8057519468],[14403940.969709096,1604278.8057519468],[14497473.053927986,1604278.8057519468],[14591005.138146875,1604278.8057519468],[14684537.222365767,1604278.8057519468],[14778069.306584656,1604278.8057519468],[14871601.39080355,1604278.8057519468],[14965133.475022439,1604278.8057519468],[15058665.55924133,1604278.8057519468],[15152197.643460216,1604278.8057519468],[15245729.72767911,1604278.8057519468],[15339261.811897999,1604278.8057519468],[15432793.896116888,1604278.8057519468],[15526325.98033578,1604278.8057519468],[15619858.064554669,1604278.8057519468],[15713390.148773562,1604278.8057519468],[15806922.232992452,1604278.8057519468],[15900454.31721134,1604278.8057519468],[15993986.401430229,1604278.8057519468],[16087518.485649122,1604278.8057519468],[16181050.569868011,1604278.8057519468],[16274582.6540869,1604278.8057519468],[16368114.738305792,1604278.8057519468],[16461646.822524682,1604278.8057519468],[16555178.906743571,1604278.8057519468],[16648710.99096246,1604278.8057519468],[16742243.075181352,1604278.8057519468],[16835775.159400243,1604278.8057519468]]},"properties":{"type":"parallel","value":15}},
{"type":"Feature","geometry":{"type":"LineString","coordinates":[[-16325599.632398624,3208557.6115038935],[-16234901.856663078,3208557.6115038935],[-16144204.080927527,3208557.6115038935],[-16053506.305191983,3208557.6115038935],[-15962808.529456433,3208557.6115038935],[-15872110.753720885,3208557.6115038935],[-15781412.977985336,3208557.6115038935],[-15690715.20224979,3208557.6115038935],[-15600017.426514244,3208557.6115038935],[-15509319.650778692,3208557.6115038935],[-15418621.875043146,3208557.6115038935],[-15327924.099307599,3208557.6115038935],[-15237226.32357205,3208557.6115038935],[-15146528.547836501,3208557.6115038935],[-15055830.772100953,3208557.6115038935],[-14965132.996365406,3208557.6115038935],[-14874435.22062986,3208557.6115038935],[-14783737.444894312,3208557.6115038935],[-14693039.669158762,3208557.6115038935],[-14602341.893423215,3208557.6115038935],[-14511644.117687667,3208557.6115038935],[-14420946.341952119,3208557.6115038935],[-14330248.56621657,3208557.6115038935],[-14239550.790481022,3208557.6115038935],[-14148853.014745474,3208557.6115038935],[-14058155.239009928,3208557.6115038935],[-13967457.46327438,3208557.6115038935],[-13876759.68753883,3208557.6115038935],[-13786061.911803283,3208557.6115038935],[-13695364.136067735,3208557.6115038935],[-13604666.360332187,3208557.6115038935],[-13513968.584596638,3208557.6115038935],[-13423270.80886109,3208557.6115038935],[-13332573.033125544,3208557.6115038935],[-13241875.257389996,3208557.6115038935],[-13151177.481654448,3208557.6115038935],[-13060479.705918899,3208557.6115038935],[-12969781.930183355,3208557.6115038935],[-12879084.154447803,3208557.6115038935],[-12788386.378712257,3208557.6115038935],[-12697688.602976708,3208557.6115038935],[-12606990.82724116,3208557.6115038935],[-12516293.051505612,3208557.6115038935],[-12425595.275770064,3208557.6115038935],[-12334897.500034517,3208557.6115038935],[-12244199.724298969,3208557.6115038935],[-12153501.948563421,3208557.6115038935],[-12062804.172827872,3208557.6115038935],[-11972106.397092326,3208557.6115038935],[-11881408.621356776,3208557.6115038935],[-11790710.845621228,3208557.6115038935],[-11700013.06988568,3208557.6115038935],[-11609315.294150133,3208557.6115038935],[-11518617.518414587,3208557.6115038935],[-11427919.742679037,3208557.6115038935],[-11337221.96694349,3208557.6115038935],[-11246524.191207942,3208557.6115038935],[-11155826.415472394,3208557.6115038935],[-11065128.639736844,3208557.6115038935],[-10974430.864001298,3208557.6115038935],[-10883733.088265749,3208557.6115038935],[-10793035.3125302,3208557.6115038935],[-10702337.536794655,3208557.6115038935],[-10611639.761059105,3208557.6115038935],[-10520941.98532356,3208557.6115038935],[-10430244.20958801,3208557.6115038935],[-10339546.433852464,3208557.6115038935],[-10248848.658116914,3208557.6115038935],[-10158150.882381367,3208557.6115038935],[-10067453.106645819,3208557.6115038935],[-9976755.330910271,3208557.6115038935],[-9886057.555174723,3208557.6115038935],[-9795359.779439176,3208557.6115038935],[-9704662.003703626,3208557.6115038935],[-9613964.22796808,3208557.6115038935],[-9523266.452232532,3208557.6115038935],[-9432568.676496983,3208557.6115038935],[-9341870.900761437,3208557.6115038935],[-9251173.125025887,3208557.6115038935],[-9160475.34929034,3208557.6115038935],[-9069777.573554792,3208557.6115038935],[-8979079.797819244,3208557.6115038935],[-8888382.022083694,3208557.6115038935],[-8797684.246348148,3208557.6115038935],[-8706986.4706126,3208557.6115038935],[-8616288.694877053,3208557.6115038935],[-8525590.919141505,3208557.6115038935],[-8434893.143405957,3208557.6115038935],[-8344195.367670408,3208557.6115038935],[-8253497.591934861,3208557.6115038935],[-8162799.816199312,3208557.6115038935],[-8072102.040463763,3208557.6115038935],[-7981404.264728216,3208557.6115038935],[-7890706.488992668,3208557.6115038935],[-7800008.713257122,3208557.6115038935],[-7709310.937521573,3208557.6115038935],[-7618613.161786025,3208557.6115038935],[-7527915.386050477,3208557.6115038935],[-7437217.61031493,3208557.6115038935],[-7346519.834579381,3208557.6115038935],[-7255822.058843833,3208557.6115038935],[-7165124.283108285,3208557.6115038935],[-7074426.507372737,3208557.6115038935],[-6983728.73163719,3208557.6115038935],[-6893030.955901641,3208557.6115038935],[-6802333.180166094,3208557.6115038935],[-6711635.404430545,3208557.6115038935],[-6620937.628694998,3208557.6115038935],[-6530239.852959449,3208557.6115038935],[-6439542.077223902,3208557.6115038935],[-6348844.301488354,3208557.6115038935],[-6258146.525752806,3208557.6115038935],[-6167448.750017258,3208557.6115038935],[-6076750.974281711,3208557.6115038935],[-5986053.198546163,3208557.6115038935],[-5895355.422810614,3208557.6115038935],[-5804657.647075066,3208557.6115038935],[-5713959.871339519,3208557.6115038935],[-5623262.095603971,3208557.6115038935],[-5532564.319868422,3208557.6115038935],[-5441866.544132874,3208557.6115038935],[-5351168.7683973275,3208557.6115038935],[-5260470.99266178,3208557.6115038935],[-5169773.216926232,3208557.6115038935],[-5079075.441190683,3208557.6115038935],[-4988377.6654551355,3208557.6115038935],[-4897679.889719588,3208557.6115038935],[-4806982.11398404,3208557.6115038935],[-4716284.338248491,3208557.6115038935],[-4625586.5625129435,3208557.6115038935],[-4534888.786777396,3208557.6115038935],[-4444191.011041847,3208557.6115038935],[-4353493.2353063,3208557.6115038935],[-4262795.459570752,3208557.6115038935],[-4172097.683835204,3208557.6115038935],[-4081399.908099656,3208557.6115038935],[-3990702.132364108,3208557.6115038935],[-3900004.356628561,3208557.6115038935],[-3809306.5808930127,3208557.6115038935],[-3718608.805157465,3208557.6115038935],[-3627911.0294219167,3208557.6115038935],[-3537213.2536863685,3208557.6115038935],[-3446515.4779508207,3208557.6115038935],[-3355817.7022152725,3208557.6115038935],[-3265119.9264797247,3208557.6115038935],[-3174422.150744177,3208557.6115038935],[-3083724.375008629,3208557.6115038935],[-2993026.5992730814,3208557.6115038935],[-2902328.823537533,3208557.6115038935],[-2811631.0478019854,3208557.6115038935],[-2720933.272066437,3208557.6115038935],[-2630235.49633089,3208557.6115038935],[-2539537.7205953416,3208557.6115038935],[-2448839.944859794,3208557.6115038935],[-2358142.1691242456,3208557.6115038935],[-2267444.393388698,3208557.6115038935],[-2176746.61765315,3208557.6115038935],[-2086048.841917602,3208557.6115038935],[-1995351.066182054,3208557.6115038935],[-1904653.2904465063,3208557.6115038935],[-1813955.5147109583,3208557.6115038935],[-1723257.7389754103,3208557.6115038935],[-1632559.9632398624,3208557.6115038935],[-1541862.1875043146,3208557.6115038935],[-1451164.4117687666,3208557.6115038935],[-1360466.6360332186,3208557.6115038935],[-1269768.8602976708,3208557.6115038935],[-1179071.0845621228,3208557.6115038935],[-1088373.308826575,3208557.6115038935],[-997675.533091027,3208557.6115038935],[-906977.7573554792,3208557.6115038935],[-816279.9816199312,3208557.6115038935],[-725582.2058843833,3208557.6115038935],[-634884.4301488354,3208557.6115038935],[-544186.6544132875,3208557.6115038935],[-453488.8786777396,3208557.6115038935],[-362791.10294219165,3208557.6115038935],[-272093.32720664376,3208557.6115038935],[-181395.55147109582,3208557.6115038935],[-90697.77573554791,3208557.6115038935],[0,3208557.6115038935],[90697.77573554791,3208557.6115038935],[181395.55147109582,3208557.6115038935],[272093.32720664376,3208557.6115038935],[362791.10294219165,3208557.6115038935],[453488.8786777396,3208557.6115038935],[544186.6544132875,3208557.6115038935],[634884.4301488354,3208557.6115038935],[725582.2058843833,3208557.6115038935],[816279.9816199312,3208557.6115038935],[906977.7573554792,3208557.6115038935],[997675.533091027,3208557.6115038935],[1088373.308826575,3208557.6115038935],[1179071.0845621228,3208557.6115038935],[1269768.8602976708,3208557.6115038935],[1360466.6360332186,3208557.6115038935],[1451164.4117687666,3208557.6115038935],[1541862.1875043146,3208557.6115038935],[1632559.9632398624,3208557.6115038935],[1723257.7389754103,3208557.6115038935],[1813955.5147109583,3208557.6115038935],[1904653.2904465063,3208557.6115038935],[1995351.066182054,3208557.6115038935],[2086048.841917602,3208557.6115038935],[2176746.61765315,3208557.6115038935],[2267444.393388698,3208557.6115038935],[2358142.1691242456,3208557.6115038935],[2448839.944859794,3208557.6115038935],[2539537.7205953416,3208557.6115038935],[2630235.49633089,3208557.6115038935],[2720933.272066437,3208557.6115038935],[2811631.0478019854,3208557.6115038935],[2902328.823537533,3208557.6115038935],[2993026.5992730814,3208557.6115038935],[3083724.375008629,3208557.6115038935],[3174422.150744177,3208557.6115038935],[3265119.9264797247,3208557.6115038935],[3355817.7022152725,3208557.6115038935],[3446515.4779508207,3208557.6115038935],[3537213.2536863685,3208557.6115038935],[3627911.0294219167,3208557.6115038935],[3718608.805157465,3208557.6115038935],[3809306.5808930127,3208557.6115038935],[3900004.356628561,3208557.6115038935],[3990702.132364108,3208557.6115038935],[4081399.908099656,3208557.6115038935],[4172097.683835204,3208557.6115038935],[4262795.459570752,3208557.6115038935],[4353493.2353063,3208557.6115038935],[4444191.011041847,3208557.6115038935],[4534888.786777396,3208557.6115038935],[4625586.5625129435,3208557.6115038935],[4716284.338248491,3208557.6115038935],[4806982.11398404,3208557.6115038935],[4897679.889719588,3208557.6115038935],[4988377.6654551355,3208557.6115038935],[5079075.441190683,3208557.6115038935],[5169773.216926232,3208557.6115038935],[5260470.99266178,3208557.6115038935],[5351168.7683973275,3208557.6115038935],[5441866.544132874,3208557.6115038935],[5532564.319868422,3208557.6115038935],[5623262.095603971,3208557.6115038935],[5713959.871339519,3208557.6115038935],[5804657.647075066,3208557.6115038935],[5895355.422810614,3208557.6115038935],[5986053.198546163,3208557.6115038935],[6076750.974281711,3208557.6115038935],[6167448.750017258,3208557.6115038935],[6258146.525752806,3208557.6115038935],[6348844.301488354,3208557.6115038935],[6439542.077223902,3208557.6115038935],[6530239.852959449,3208557.6115038935],[6620937.628694998,3208557.6115038935],[6711635.404430545,3208557.6115038935],[6802333.180166094,3208557.6115038935],[6893030.955901641,3208557.6115038935],[6983728.73163719,3208557.6115038935],[7074426.507372737,3208557.6115038935],[7165124.283108285,3208557.6115038935],[7255822.058843833,3208557.6115038935],[7346519.834579381,3208557.6115038935],[7437217.61031493,3208557.6115038935],[7527915.386050477,3208557.6115038935],[7618613.161786025,3208557.6115038935],[7709310.937521573,3208557.6115038935],[7800008.713257122,3208557.6115038935],[7890706.488992668,3208557.6115038935],[7981404.264728216,3208557.6115038935],[8072102.040463763,3208557.6115038935],[8162799.816199312,3208557.6115038935],[8253497.591934861,3208557.6115038935],[8344195.367670408,3208557.6115038935],[8434893.143405957,3208557.6115038935],[8525590.919141505,3208557.6115038935],[8616288.694877053,3208557.6115038935],[8706986.4706126,3208557.6115038935],[8797684.246348148,3208557.6115038935],[8888382.022083694,3208557.6115038935],[8979079.797819244,3208557.6115038935],[9069777.573554792,3208557.6115038935],[9160475.34929034,3208557.6115038935],[9251173.125025887,3208557.6115038935],[9341870.900761437,3208557.6115038935],[9432568.676496983,3208557.6115038935],[9523266.452232532,3208557.6115038935],[9613964.22796808,3208557.6115038935],[9704662.003703626,3208557.6115038935],[9795359.779439176,3208557.6115038935],[9886057.555174723,3208557.6115038935],[9976755.330910271,3208557.6115038935],[10067453.106645819,3208557.6115038935],[10158150.882381367,3208557.6115038935],[10248848.658116914,3208557.6115038935],[10339546.433852464,3208557.6115038935],[10430244.20958801,3208557.6115038935],[10520941.98532356,3208557.6115038935],[10611639.761059105,3208557.6115038935],[10702337.536794655,3208557.6115038935],[10793035.3125302,3208557.6115038935],[10883733.088265749,3208557.6115038935],[10974430.864001298,3208557.6115038935],[11065128.639736844,3208557.6115038935],[11155826.415472394,3208557.6115038935],[11246524.191207942,3208557.6115038935],[11337221.96694349,3208557.6115038935],[11427919.742679037,3208557.6115038935],[11518617.518414587,3208557.6115038935],[11609315.294150133,3208557.6115038935],[11700013.06988568,3208557.6115038935],[11790710.845621228,3208557.6115038935],[11881408.621356776,3208557.6115038935],[11972106.397092326,3208557.6115038935],[12062804.172827872,3208557.6115038935],[12153501.948563421,3208557.6115038935],[12244199.724298969,3208557.6115038935],[12334897.500034517,3208557.6115038935],[12425595.275770064,3208557.6115038935],[12516293.051505612,3208557.6115038935],[12606990.82724116,3208557.6115038935],[12697688.602976708,3208557.6115038935],[12788386.378712257,3208557.6115038935],[12879084.154447803,3208557.6115038935],[12969781.930183355,3208557.6115038935],[13060479.705918899,3208557.6115038935],[13151177.481654448,3208557.6115038935],[13241875.257389996,3208557.6115038935],[13332573.033125544,3208557.6115038935],[13423270.80886109,3208557.6115038935],[13513968.584596638,3208557.6115038935],[13604666.360332187,3208557.6115038935],[13695364.136067735,3208557.6115038935],[13786061.911803283,3208557.6115038935],[13876759.68753883,3208557.6115038935],[13967457.46327438,3208557.6115038935],[14058155.239009928,3208557.6115038935],[14148853.014745474,3208557.6115038935],[14239550.790481022,3208557.6115038935],[14330248.56621657,3208557.6115038935],[14420946.341952119,3208557.6115038935],[14511644.117687667,3208557.6115038935],[14602341.893423215,3208557.6115038935],[14693039.669158762,3208557.6115038935],[14783737.444894312,3208557.6115038935],[14874435.22062986,3208557.6115038935],[14965132.996365406,3208557.6115038935],[15055830.772100953,3208557.6115038935],[15146528.547836501,3208557.6115038935],[15237226.32357205,3208557.6115038935],[15327924.099307599,3208557.6115038935],[15418621.875043146,3208557.6115038935],[15509319.650778692,3208557.6115038935],[15600017.426514244,3208557.6115038935],[15690715.20224979,3208557.6115038935],[15781412.977985336,3208557.6115038935],[15872110.753720885,3208557.6115038935],[15962808.529456433,3208557.6115038935],[16053506.305191983,3208557.6115038935],[16144204.080927527,3208557.6115038935],[16234901.856663078,3208557.6115038935],[16325599.632398624,3208557.6115038935]]},"properties":{"type":"parallel","value":30}},
{"type":"Feature","geometry":{"type":"LineString","coordinates":[[-15240627.851900145,4805073.646653474],[-15155957.697167367,4805073.646653474],[-15071287.54243459,4805073.646653474],[-14986617.387701813,4805073.646653474],[-14901947.232969033,4805073.646653474],[-14817277.078236254,4805073.646653474],[-14732606.923503473,4805073.646653474],[-14647936.768770697,4805073.646653474],[-14563266.61403792,4805073.646653474],[-14478596.45930514,4805073.646653474],[-14393926.30457236,4805073.646653474],[-14309256.14983958,4805073.646653474],[-14224585.995106803,4805073.646653474],[-14139915.840374023,4805073.646653474],[-14055245.685641246,4805073.646653474],[-13970575.530908465,4805073.646653474],[-13885905.376175689,4805073.646653474],[-13801235.22144291,4805073.646653474],[-13716565.066710133,4805073.646653474],[-13631894.911977354,4805073.646653474],[-13547224.757244576,4805073.646653474],[-13462554.602511797,4805073.646653474],[-13377884.447779017,4805073.646653474],[-13293214.29304624,4805073.646653474],[-13208544.13831346,4805073.646653474],[-13123873.983580682,4805073.646653474],[-13039203.828847904,4805073.646653474],[-12954533.674115123,4805073.646653474],[-12869863.519382346,4805073.646653474],[-12785193.364649566,4805073.646653474],[-12700523.20991679,4805073.646653474],[-12615853.055184009,4805073.646653474],[-12531182.900451232,4805073.646653474],[-12446512.745718451,4805073.646653474],[-12361842.590985674,4805073.646653474],[-12277172.436252896,4805073.646653474],[-12192502.281520117,4805073.646653474],[-12107832.126787338,4805073.646653474],[-12023161.97205456,4805073.646653474],[-11938491.817321783,4805073.646653474],[-11853821.662589002,4805073.646653474],[-11769151.507856224,4805073.646653474],[-11684481.353123443,4805073.646653474],[-11599811.198390666,4805073.646653474],[-11515141.04365789,4805073.646653474],[-11430470.88892511,4805073.646653474],[-11345800.734192332,4805073.646653474],[-11261130.579459552,4805073.646653474],[-11176460.424726775,4805073.646653474],[-11091790.269993994,4805073.646653474],[-11007120.115261218,4805073.646653474],[-10922449.960528437,4805073.646653474],[-10837779.80579566,4805073.646653474],[-10753109.651062882,4805073.646653474],[-10668439.496330103,4805073.646653474],[-10583769.341597324,4805073.646653474],[-10499099.186864546,4805073.646653474],[-10414429.032131767,4805073.646653474],[-10329758.877398986,4805073.646653474],[-10245088.72266621,4805073.646653474],[-10160418.56793343,4805073.646653474],[-10075748.413200652,4805073.646653474],[-9991078.258467875,4805073.646653474],[-9906408.103735095,4805073.646653474],[-9821737.949002318,4805073.646653474],[-9737067.794269538,4805073.646653474],[-9652397.639536759,4805073.646653474],[-9567727.48480398,4805073.646653474],[-9483057.330071203,4805073.646653474],[-9398387.175338425,4805073.646653474],[-9313717.020605646,4805073.646653474],[-9229046.865872866,4805073.646653474],[-9144376.711140087,4805073.646653474],[-9059706.556407308,4805073.646653474],[-8975036.40167453,4805073.646653474],[-8890366.246941753,4805073.646653474],[-8805696.092208974,4805073.646653474],[-8721025.937476195,4805073.646653474],[-8636355.782743417,4805073.646653474],[-8551685.628010638,4805073.646653474],[-8467015.47327786,4805073.646653474],[-8382345.31854508,4805073.646653474],[-8297675.163812301,4805073.646653474],[-8213005.009079523,4805073.646653474],[-8128334.854346746,4805073.646653474],[-8043664.699613967,4805073.646653474],[-7958994.544881188,4805073.646653474],[-7874324.39014841,4805073.646653474],[-7789654.23541563,4805073.646653474],[-7704984.080682851,4805073.646653474],[-7620313.925950073,4805073.646653474],[-7535643.771217295,4805073.646653474],[-7450973.616484516,4805073.646653474],[-7366303.461751737,4805073.646653474],[-7281633.30701896,4805073.646653474],[-7196963.15228618,4805073.646653474],[-7112292.997553402,4805073.646653474],[-7027622.842820623,4805073.646653474],[-6942952.688087844,4805073.646653474],[-6858282.533355067,4805073.646653474],[-6773612.378622288,4805073.646653474],[-6688942.223889508,4805073.646653474],[-6604272.06915673,4805073.646653474],[-6519601.914423952,4805073.646653474],[-6434931.759691173,4805073.646653474],[-6350261.604958395,4805073.646653474],[-6265591.450225616,4805073.646653474],[-6180921.295492837,4805073.646653474],[-6096251.140760059,4805073.646653474],[-6011580.98602728,4805073.646653474],[-5926910.831294501,4805073.646653474],[-5842240.676561722,4805073.646653474],[-5757570.521828945,4805073.646653474],[-5672900.367096166,4805073.646653474],[-5588230.212363387,4805073.646653474],[-5503560.057630609,4805073.646653474],[-5418889.90289783,4805073.646653474],[-5334219.748165051,4805073.646653474],[-5249549.593432273,4805073.646653474],[-5164879.438699493,4805073.646653474],[-5080209.283966715,4805073.646653474],[-4995539.129233938,4805073.646653474],[-4910868.974501159,4805073.646653474],[-4826198.819768379,4805073.646653474],[-4741528.665035602,4805073.646653474],[-4656858.510302823,4805073.646653474],[-4572188.355570043,4805073.646653474],[-4487518.200837265,4805073.646653474],[-4402848.046104487,4805073.646653474],[-4318177.891371708,4805073.646653474],[-4233507.73663893,4805073.646653474],[-4148837.5819061506,4805073.646653474],[-4064167.427173373,4805073.646653474],[-3979497.272440594,4805073.646653474],[-3894827.117707815,4805073.646653474],[-3810156.9629750364,4805073.646653474],[-3725486.808242258,4805073.646653474],[-3640816.65350948,4805073.646653474],[-3556146.498776701,4805073.646653474],[-3471476.344043922,4805073.646653474],[-3386806.189311144,4805073.646653474],[-3302136.034578365,4805073.646653474],[-3217465.8798455866,4805073.646653474],[-3132795.725112808,4805073.646653474],[-3048125.5703800293,4805073.646653474],[-2963455.4156472506,4805073.646653474],[-2878785.2609144724,4805073.646653474],[-2794115.1061816937,4805073.646653474],[-2709444.951448915,4805073.646653474],[-2624774.7967161364,4805073.646653474],[-2540104.6419833577,4805073.646653474],[-2455434.4872505795,4805073.646653474],[-2370764.332517801,4805073.646653474],[-2286094.1777850217,4805073.646653474],[-2201424.0230522435,4805073.646653474],[-2116753.868319465,4805073.646653474],[-2032083.7135866864,4805073.646653474],[-1947413.5588539075,4805073.646653474],[-1862743.404121129,4805073.646653474],[-1778073.2493883504,4805073.646653474],[-1693403.094655572,4805073.646653474],[-1608732.9399227933,4805073.646653474],[-1524062.7851900146,4805073.646653474],[-1439392.6304572362,4805073.646653474],[-1354722.4757244575,4805073.646653474],[-1270052.3209916789,4805073.646653474],[-1185382.1662589004,4805073.646653474],[-1100712.0115261218,4805073.646653474],[-1016041.8567933432,4805073.646653474],[-931371.7020605645,4805073.646653474],[-846701.547327786,4805073.646653474],[-762031.3925950073,4805073.646653474],[-677361.2378622288,4805073.646653474],[-592691.0831294502,4805073.646653474],[-508020.9283966716,4805073.646653474],[-423350.773663893,4805073.646653474],[-338680.6189311144,4805073.646653474],[-254010.4641983358,4805073.646653474],[-169340.3094655572,4805073.646653474],[-84670.1547327786,4805073.646653474],[0,4805073.646653474],[84670.1547327786,4805073.646653474],[169340.3094655572,4805073.646653474],[254010.4641983358,4805073.646653474],[338680.6189311144,4805073.646653474],[423350.773663893,4805073.646653474],[508020.9283966716,4805073.646653474],[592691.0831294502,4805073.646653474],[677361.2378622288,4805073.646653474],[762031.3925950073,4805073.646653474],[846701.547327786,4805073.646653474],[931371.7020605645,4805073.646653474],[1016041.8567933432,4805073.646653474],[1100712.0115261218,4805073.646653474],[1185382.1662589004,4805073.646653474],[1270052.3209916789,4805073.646653474],[1354722.4757244575,4805073.646653474],[1439392.6304572362,4805073.646653474],[1524062.7851900146,4805073.646653474],[1608732.9399227933,4805073.646653474],[1693403.094655572,4805073.646653474],[1778073.2493883504,4805073.646653474],[1862743.404121129,4805073.646653474],[1947413.5588539075,4805073.646653474],[2032083.7135866864,4805073.646653474],[2116753.868319465,4805073.646653474],[2201424.0230522435,4805073.646653474],[2286094.1777850217,4805073.646653474],[2370764.332517801,4805073.646653474],[2455434.4872505795,4805073.646653474],[2540104.6419833577,4805073.646653474],[2624774.7967161364,4805073.646653474],[2709444.951448915,4805073.646653474],[2794115.1061816937,4805073.646653474],[2878785.2609144724,4805073.646653474],[2963455.4156472506,4805073.646653474],[3048125.5703800293,4805073.646653474],[3132795.725112808,4805073.646653474],[3217465.8798455866,4805073.646653474],[3302136.034578365,4805073.646653474],[3386806.189311144,4805073.646653474],[3471476.344043922,4805073.646653474],[3556146.498776701,4805073.646653474],[3640816.65350948,4805073.646653474],[3725486.808242258,4805073.646653474],[3810156.9629750364,4805073.646653474],[3894827.117707815,4805073.646653474],[3979497.272440594,4805073.646653474],[4064167.427173373,4805073.646653474],[4148837.5819061506,4805073.646653474],[4233507.73663893,4805073.646653474],[4318177.891371708,4805073.646653474],[4402848.046104487,4805073.646653474],[4487518.200837265,4805073.646653474],[4572188.355570043,4805073.646653474],[4656858.510302823,4805073.646653474],[4741528.665035602,4805073.646653474],[4826198.819768379,4805073.646653474],[4910868.974501159,4805073.646653474],[4995539.129233938,4805073.646653474],[5080209.283966715,4805073.646653474],[5164879.438699493,4805073.646653474],[5249549.593432273,4805073.646653474],[5334219.748165051,4805073.646653474],[5418889.90289783,4805073.646653474],[5503560.057630609,4805073.646653474],[5588230.212363387,4805073.646653474],[5672900.367096166,4805073.646653474],[5757570.521828945,4805073.646653474],[5842240.676561722,4805073.646653474],[5926910.831294501,4805073.646653474],[6011580.98602728,4805073.646653474],[6096251.140760059,4805073.646653474],[6180921.295492837,4805073.646653474],[6265591.450225616,4805073.646653474],[6350261.604958395,4805073.646653474],[6434931.759691173,4805073.646653474],[6519601.914423952,4805073.646653474],[6604272.06915673,4805073.646653474],[6688942.223889508,4805073.646653474],[6773612.378622288,4805073.646653474],[6858282.533355067,4805073.646653474],[6942952.688087844,4805073.646653474],[7027622.842820623,4805073.646653474],[7112292.997553402,4805073.646653474],[7196963.15228618,4805073.646653474],[7281633.30701896,4805073.646653474],[7366303.461751737,4805073.646653474],[7450973.616484516,4805073.646653474],[7535643.771217295,4805073.646653474],[7620313.925950073,4805073.646653474],[7704984.080682851,4805073.646653474],[7789654.23541563,4805073.646653474],[7874324.39014841,4805073.646653474],[7958994.544881188,4805073.646653474],[8043664.699613967,4805073.646653474],[8128334.854346746,4805073.646653474],[8213005.009079523,4805073.646653474],[8297675.163812301,4805073.646653474],[8382345.31854508,4805073.646653474],[8467015.47327786,4805073.646653474],[8551685.628010638,4805073.646653474],[8636355.782743417,4805073.646653474],[8721025.937476195,4805073.646653474],[8805696.092208974,4805073.646653474],[8890366.246941753,4805073.646653474],[8975036.40167453,4805073.646653474],[9059706.556407308,4805073.646653474],[9144376.711140087,4805073.646653474],[9229046.865872866,4805073.646653474],[9313717.020605646,4805073.646653474],[9398387.175338425,4805073.646653474],[9483057.330071203,4805073.646653474],[9567727.48480398,4805073.646653474],[9652397.639536759,4805073.646653474],[9737067.794269538,4805073.646653474],[9821737.949002318,4805073.646653474],[9906408.103735095,4805073.646653474],[9991078.258467875,4805073.646653474],[10075748.413200652,4805073.646653474],[10160418.56793343,4805073.646653474],[10245088.72266621,4805073.646653474],[10329758.877398986,4805073.646653474],[10414429.032131767,4805073.646653474],[10499099.186864546,4805073.646653474],[10583769.341597324,4805073.646653474],[10668439.496330103,4805073.646653474],[10753109.651062882,4805073.646653474],[10837779.80579566,4805073.646653474],[10922449.960528437,4805073.646653474],[11007120.115261218,4805073.646653474],[11091790.269993994,4805073.646653474],[11176460.424726775,4805073.646653474],[11261130.579459552,4805073.646653474],[11345800.734192332,4805073.646653474],[11430470.88892511,4805073.646653474],[11515141.04365789,4805073.646653474],[11599811.198390666,4805073.646653474],[11684481.353123443,4805073.646653474],[11769151.507856224,4805073.646653474],[11853821.662589002,4805073.646653474],[11938491.817321783,4805073.646653474],[12023161.97205456,4805073.646653474],[12107832.126787338,4805073.646653474],[12192502.281520117,4805073.646653474],[12277172.436252896,4805073.646653474],[12361842.590985674,4805073.646653474],[12446512.745718451,4805073.646653474],[12531182.900451232,4805073.646653474],[12615853.055184009,4805073.646653474],[12700523.20991679,4805073.646653474],[12785193.364649566,4805073.646653474],[12869863.519382346,4805073.646653474],[12954533.674115123,4805073.646653474],[13039203.828847904,4805073.646653474],[13123873.983580682,4805073.646653474],[13208544.13831346,4805073.646653474],[13293214.29304624,4805073.646653474],[13377884.447779017,4805073.646653474],[13462554.602511797,4805073.646653474],[13547224.757244576,4805073.646653474],[13631894.911977354,4805073.646653474],[13716565.066710133,4805073.646653474],[13801235.22144291,4805073.646653474],[13885905.376175689,4805073.646653474],[13970575.530908465,4805073.646653474],[14055245.685641246,4805073.646653474],[14139915.840374023,4805073.646653474],[14224585.995106803,4805073.646653474],[14309256.14983958,4805073.646653474],[14393926.30457236,4805073.646653474],[14478596.45930514,4805073.646653474],[14563266.61403792,4805073.646653474],[14647936.768770697,4805073.646653474],[14732606.923503473,4805073.646653474],[14817277.078236254,4805073.646653474],[14901947.232969033,4805073.646653474],[14986617.387701813,4805073.646653474],[15071287.54243459,4805073.646653474],[15155957.697167367,4805073.646653474],[15240627.851900145,4805073.646653474]]},"properties":{"type":"parallel","value":45}},
{"type":"Feature","geometry":{"type":"LineString","coordinates":[[-13580858.80427815,6336038.681964609],[-13505409.588698827,6336038.681964609],[-13429960.373119501,6336038.681964609],[-13354511.15754018,6336038.681964609],[-13279061.941960854,6336038.681964609],[-13203612.726381535,6336038.681964609],[-13128163.51080221,6336038.681964609],[-13052714.295222886,6336038.681964609],[-12977265.079643566,6336038.681964609],[-12901815.86406424,6336038.681964609],[-12826366.648484921,6336038.681964609],[-12750917.432905594,6336038.681964609],[-12675468.217326272,6336038.681964609],[-12600019.001746949,6336038.681964609],[-12524569.786167625,6336038.681964609],[-12449120.570588302,6336038.681964609],[-12373671.35500898,6336038.681964609],[-12298222.139429659,6336038.681964609],[-12222772.923850333,6336038.681964609],[-12147323.708271012,6336038.681964609],[-12071874.492691686,6336038.681964609],[-11996425.277112365,6336038.681964609],[-11920976.061533041,6336038.681964609],[-11845526.84595372,6336038.681964609],[-11770077.630374394,6336038.681964609],[-11694628.414795073,6336038.681964609],[-11619179.199215751,6336038.681964609],[-11543729.983636426,6336038.681964609],[-11468280.768057102,6336038.681964609],[-11392831.55247778,6336038.681964609],[-11317382.336898457,6336038.681964609],[-11241933.121319134,6336038.681964609],[-11166483.905739812,6336038.681964609],[-11091034.690160487,6336038.681964609],[-11015585.474581165,6336038.681964609],[-10940136.259001844,6336038.681964609],[-10864687.043422518,6336038.681964609],[-10789237.827843197,6336038.681964609],[-10713788.612263873,6336038.681964609],[-10638339.39668455,6336038.681964609],[-10562890.181105226,6336038.681964609],[-10487440.965525905,6336038.681964609],[-10411991.74994658,6336038.681964609],[-10336542.534367258,6336038.681964609],[-10261093.318787934,6336038.681964609],[-10185644.10320861,6336038.681964609],[-10110194.88762929,6336038.681964609],[-10034745.672049966,6336038.681964609],[-9959296.456470644,6336038.681964609],[-9883847.240891319,6336038.681964609],[-9808398.025311995,6336038.681964609],[-9732948.809732672,6336038.681964609],[-9657499.59415335,6336038.681964609],[-9582050.378574029,6336038.681964609],[-9506601.162994705,6336038.681964609],[-9431151.947415382,6336038.681964609],[-9355702.731836056,6336038.681964609],[-9280253.516256735,6336038.681964609],[-9204804.300677411,6336038.681964609],[-9129355.08509809,6336038.681964609],[-9053905.869518766,6336038.681964609],[-8978456.653939443,6336038.681964609],[-8903007.438360121,6336038.681964609],[-8827558.222780796,6336038.681964609],[-8752109.007201474,6336038.681964609],[-8676659.79162215,6336038.681964609],[-8601210.576042827,6336038.681964609],[-8525761.360463506,6336038.681964609],[-8450312.144884182,6336038.681964609],[-8374862.929304859,6336038.681964609],[-8299413.713725534,6336038.681964609],[-8223964.498146212,6336038.681964609],[-8148515.282566889,6336038.681964609],[-8073066.066987566,6336038.681964609],[-7997616.851408243,6336038.681964609],[-7922167.63582892,6336038.681964609],[-7846718.420249597,6336038.681964609],[-7771269.204670275,6336038.681964609],[-7695819.989090951,6336038.681964609],[-7620370.773511629,6336038.681964609],[-7544921.557932305,6336038.681964609],[-7469472.342352981,6336038.681964609],[-7394023.126773658,6336038.681964609],[-7318573.911194335,6336038.681964609],[-7243124.695615014,6336038.681964609],[-7167675.48003569,6336038.681964609],[-7092226.264456366,6336038.681964609],[-7016777.048877044,6336038.681964609],[-6941327.83329772,6336038.681964609],[-6865878.617718398,6336038.681964609],[-6790429.402139075,6336038.681964609],[-6714980.186559751,6336038.681964609],[-6639530.970980427,6336038.681964609],[-6564081.755401105,6336038.681964609],[-6488632.539821783,6336038.681964609],[-6413183.324242461,6336038.681964609],[-6337734.108663136,6336038.681964609],[-6262284.893083813,6336038.681964609],[-6186835.67750449,6336038.681964609],[-6111386.461925167,6336038.681964609],[-6035937.246345843,6336038.681964609],[-5960488.030766521,6336038.681964609],[-5885038.815187197,6336038.681964609],[-5809589.599607876,6336038.681964609],[-5734140.384028551,6336038.681964609],[-5658691.168449229,6336038.681964609],[-5583241.952869906,6336038.681964609],[-5507792.737290583,6336038.681964609],[-5432343.521711259,6336038.681964609],[-5356894.306131937,6336038.681964609],[-5281445.090552613,6336038.681964609],[-5205995.87497329,6336038.681964609],[-5130546.659393967,6336038.681964609],[-5055097.443814645,6336038.681964609],[-4979648.228235322,6336038.681964609],[-4904199.012655998,6336038.681964609],[-4828749.797076675,6336038.681964609],[-4753300.581497353,6336038.681964609],[-4677851.365918028,6336038.681964609],[-4602402.150338706,6336038.681964609],[-4526952.934759383,6336038.681964609],[-4451503.719180061,6336038.681964609],[-4376054.503600737,6336038.681964609],[-4300605.288021414,6336038.681964609],[-4225156.072442091,6336038.681964609],[-4149706.856862767,6336038.681964609],[-4074257.6412834446,6336038.681964609],[-3998808.4257041216,6336038.681964609],[-3923359.2101247986,6336038.681964609],[-3847909.9945454756,6336038.681964609],[-3772460.7789661526,6336038.681964609],[-3697011.563386829,6336038.681964609],[-3621562.347807507,6336038.681964609],[-3546113.132228183,6336038.681964609],[-3470663.91664886,6336038.681964609],[-3395214.7010695376,6336038.681964609],[-3319765.4854902136,6336038.681964609],[-3244316.2699108915,6336038.681964609],[-3168867.054331568,6336038.681964609],[-3093417.838752245,6336038.681964609],[-3017968.6231729216,6336038.681964609],[-2942519.4075935986,6336038.681964609],[-2867070.1920142756,6336038.681964609],[-2791620.976434953,6336038.681964609],[-2716171.7608556296,6336038.681964609],[-2640722.5452763066,6336038.681964609],[-2565273.3296969836,6336038.681964609],[-2489824.114117661,6336038.681964609],[-2414374.8985383376,6336038.681964609],[-2338925.682959014,6336038.681964609],[-2263476.4673796915,6336038.681964609],[-2188027.2518003685,6336038.681964609],[-2112578.0362210455,6336038.681964609],[-2037128.8206417223,6336038.681964609],[-1961679.6050623993,6336038.681964609],[-1886230.3894830763,6336038.681964609],[-1810781.1739037535,6336038.681964609],[-1735331.95832443,6336038.681964609],[-1659882.7427451068,6336038.681964609],[-1584433.527165784,6336038.681964609],[-1508984.3115864608,6336038.681964609],[-1433535.0960071378,6336038.681964609],[-1358085.8804278148,6336038.681964609],[-1282636.6648484918,6336038.681964609],[-1207187.4492691688,6336038.681964609],[-1131738.2336898458,6336038.681964609],[-1056289.0181105228,6336038.681964609],[-980839.8025311996,6336038.681964609],[-905390.5869518768,6336038.681964609],[-829941.3713725534,6336038.681964609],[-754492.1557932304,6336038.681964609],[-679042.9402139074,6336038.681964609],[-603593.7246345844,6336038.681964609],[-528144.5090552614,6336038.681964609],[-452695.2934759384,6336038.681964609],[-377246.0778966152,6336038.681964609],[-301796.8623172922,6336038.681964609],[-226347.6467379692,6336038.681964609],[-150898.4311586461,6336038.681964609],[-75449.21557932305,6336038.681964609],[0,6336038.681964609],[75449.21557932305,6336038.681964609],[150898.4311586461,6336038.681964609],[226347.6467379692,6336038.681964609],[301796.8623172922,6336038.681964609],[377246.0778966152,6336038.681964609],[452695.2934759384,6336038.681964609],[528144.5090552614,6336038.681964609],[603593.7246345844,6336038.681964609],[679042.9402139074,6336038.681964609],[754492.1557932304,6336038.681964609],[829941.3713725534,6336038.681964609],[905390.5869518768,6336038.681964609],[980839.8025311996,6336038.681964609],[1056289.0181105228,6336038.681964609],[1131738.2336898458,6336038.681964609],[1207187.4492691688,6336038.681964609],[1282636.6648484918,6336038.681964609],[1358085.8804278148,6336038.681964609],[1433535.0960071378,6336038.681964609],[1508984.3115864608,6336038.681964609],[1584433.527165784,6336038.681964609],[1659882.7427451068,6336038.681964609],[1735331.95832443,6336038.681964609],[1810781.1739037535,6336038.681964609],[1886230.3894830763,6336038.681964609],[1961679.6050623993,6336038.681964609],[2037128.8206417223,6336038.681964609],[2112578.0362210455,6336038.681964609],[2188027.2518003685,6336038.681964609],[2263476.4673796915,6336038.681964609],[2338925.682959014,6336038.681964609],[2414374.8985383376,6336038.681964609],[2489824.114117661,6336038.681964609],[2565273.3296969836,6336038.681964609],[2640722.5452763066,6336038.681964609],[2716171.7608556296,6336038.681964609],[2791620.976434953,6336038.681964609],[2867070.1920142756,6336038.681964609],[2942519.4075935986,6336038.681964609],[3017968.6231729216,6336038.681964609],[3093417.838752245,6336038.681964609],[3168867.054331568,6336038.681964609],[3244316.2699108915,6336038.681964609],[3319765.4854902136,6336038.681964609],[3395214.7010695376,6336038.681964609],[3470663.91664886,6336038.681964609],[3546113.132228183,6336038.681964609],[3621562.347807507,6336038.681964609],[3697011.563386829,6336038.681964609],[3772460.7789661526,6336038.681964609],[3847909.9945454756,6336038.681964609],[3923359.2101247986,6336038.681964609],[3998808.4257041216,6336038.681964609],[4074257.6412834446,6336038.681964609],[4149706.856862767,6336038.681964609],[4225156.072442091,6336038.681964609],[4300605.288021414,6336038.681964609],[4376054.503600737,6336038.681964609],[4451503.719180061,6336038.681964609],[4526952.934759383,6336038.681964609],[4602402.150338706,6336038.681964609],[4677851.365918028,6336038.681964609],[4753300.581497353,6336038.681964609],[4828749.797076675,6336038.681964609],[4904199.012655998,6336038.681964609],[4979648.228235322,6336038.681964609],[5055097.443814645,6336038.681964609],[5130546.659393967,6336038.681964609],[5205995.87497329,6336038.681964609],[5281445.090552613,6336038.681964609],[5356894.306131937,6336038.681964609],[5432343.521711259,6336038.681964609],[5507792.737290583,6336038.681964609],[5583241.952869906,6336038.681964609],[5658691.168449229,6336038.681964609],[5734140.384028551,6336038.681964609],[5809589.599607876,6336038.681964609],[5885038.815187197,6336038.681964609],[5960488.030766521,6336038.681964609],[6035937.246345843,6336038.681964609],[6111386.461925167,6336038.681964609],[6186835.67750449,6336038.681964609],[6262284.893083813,6336038.681964609],[6337734.108663136,6336038.681964609],[6413183.324242461,6336038.681964609],[6488632.539821783,6336038.681964609],[6564081.755401105,6336038.681964609],[6639530.970980427,6336038.681964609],[6714980.186559751,6336038.681964609],[6790429.402139075,6336038.681964609],[6865878.617718398,6336038.681964609],[6941327.83329772,6336038.681964609],[7016777.048877044,6336038.681964609],[7092226.264456366,6336038.681964609],[7167675.48003569,6336038.681964609],[7243124.695615014,6336038.681964609],[7318573.911194335,6336038.681964609],[7394023.126773658,6336038.681964609],[7469472.342352981,6336038.681964609],[7544921.557932305,6336038.681964609],[7620370.773511629,6336038.681964609],[7695819.989090951,6336038.681964609],[7771269.204670275,6336038.681964609],[7846718.420249597,6336038.681964609],[7922167.63582892,6336038.681964609],[7997616.851408243,6336038.681964609],[8073066.066987566,6336038.681964609],[8148515.282566889,6336038.681964609],[8223964.498146212,6336038.681964609],[8299413.713725534,6336038.681964609],[8374862.929304859,6336038.681964609],[8450312.144884182,6336038.681964609],[8525761.360463506,6336038.681964609],[8601210.576042827,6336038.681964609],[8676659.79162215,6336038.681964609],[8752109.007201474,6336038.681964609],[8827558.222780796,6336038.681964609],[8903007.438360121,6336038.681964609],[8978456.653939443,6336038.681964609],[9053905.869518766,6336038.681964609],[9129355.08509809,6336038.681964609],[9204804.300677411,6336038.681964609],[9280253.516256735,6336038.681964609],[9355702.731836056,6336038.681964609],[9431151.947415382,6336038.681964609],[9506601.162994705,6336038.681964609],[9582050.378574029,6336038.681964609],[9657499.59415335,6336038.681964609],[9732948.809732672,6336038.681964609],[9808398.025311995,6336038.681964609],[9883847.240891319,6336038.681964609],[9959296.456470644,6336038.681964609],[10034745.672049966,6336038.681964609],[10110194.88762929,6336038.681964609],[10185644.10320861,6336038.681964609],[10261093.318787934,6336038.681964609],[10336542.534367258,6336038.681964609],[10411991.74994658,6336038.681964609],[10487440.965525905,6336038.681964609],[10562890.181105226,6336038.681964609],[10638339.39668455,6336038.681964609],[10713788.612263873,6336038.681964609],[10789237.827843197,6336038.681964609],[10864687.043422518,6336038.681964609],[10940136.259001844,6336038.681964609],[11015585.474581165,6336038.681964609],[11091034.690160487,6336038.681964609],[11166483.905739812,6336038.681964609],[11241933.121319134,6336038.681964609],[11317382.336898457,6336038.681964609],[11392831.55247778,6336038.681964609],[11468280.768057102,6336038.681964609],[11543729.983636426,6336038.681964609],[11619179.199215751,6336038.681964609],[11694628.414795073,6336038.681964609],[11770077.630374394,6336038.681964609],[11845526.84595372,6336038.681964609],[11920976.061533041,6336038.681964609],[11996425.277112365,6336038.681964609],[12071874.492691686,6336038.681964609],[12147323.708271012,6336038.681964609],[12222772.923850333,6336038.681964609],[12298222.139429659,6336038.681964609],[12373671.35500898,6336038.681964609],[12449120.570588302,6336038.681964609],[12524569.786167625,6336038.681964609],[12600019.001746949,6336038.681964609],[12675468.217326272,6336038.681964609],[12750917.432905594,6336038.681964609],[12826366.648484921,6336038.681964609],[12901815.86406424,6336038.681964609],[12977265.079643566,6336038.681964609],[13052714.295222886,6336038.681964609],[13128163.51080221,6336038.681964609],[13203612.726381535,6336038.681964609],[13279061.941960854,6336038.681964609],[13354511.15754018,6336038.681964609],[13429960.373119501,6336038.681964609],[13505409.588698827,6336038.681964609],[13580858.80427815,6336038.681964609]]},"properties":{"type":"parallel","value":60}},
{"type":"Feature","geometry":{"type":"LineString","coordinates":[[-11448327.189482298,7707438.096865358],[-11384725.371762952,7707438.096865358],[-11321123.554043606,7707438.096865358],[-11257521.73632426,7707438.096865358],[-11193919.918604914,7707438.096865358],[-11130318.100885568,7707438.096865358],[-11066716.28316622,7707438.096865358],[-11003114.465446874,7707438.096865358],[-10939512.64772753,7707438.096865358],[-10875910.830008183,7707438.096865358],[-10812309.012288837,7707438.096865358],[-10748707.19456949,7707438.096865358],[-10685105.376850145,7707438.096865358],[-10621503.559130799,7707438.096865358],[-10557901.741411453,7707438.096865358],[-10494299.923692105,7707438.096865358],[-10430698.10597276,7707438.096865358],[-10367096.288253415,7707438.096865358],[-10303494.47053407,7707438.096865358],[-10239892.652814724,7707438.096865358],[-10176290.835095376,7707438.096865358],[-10112689.01737603,7707438.096865358],[-10049087.199656682,7707438.096865358],[-9985485.381937338,7707438.096865358],[-9921883.564217992,7707438.096865358],[-9858281.746498646,7707438.096865358],[-9794679.9287793,7707438.096865358],[-9731078.111059953,7707438.096865358],[-9667476.293340608,7707438.096865358],[-9603874.47562126,7707438.096865358],[-9540272.657901915,7707438.096865358],[-9476670.840182569,7707438.096865358],[-9413069.022463223,7707438.096865358],[-9349467.204743877,7707438.096865358],[-9285865.387024531,7707438.096865358],[-9222263.569305185,7707438.096865358],[-9158661.751585837,7707438.096865358],[-9095059.933866493,7707438.096865358],[-9031458.116147146,7707438.096865358],[-8967856.2984278,7707438.096865358],[-8904254.480708454,7707438.096865358],[-8840652.662989108,7707438.096865358],[-8777050.845269762,7707438.096865358],[-8713449.027550416,7707438.096865358],[-8649847.20983107,7707438.096865358],[-8586245.392111722,7707438.096865358],[-8522643.574392376,7707438.096865358],[-8459041.756673032,7707438.096865358],[-8395439.938953687,7707438.096865358],[-8331838.121234339,7707438.096865358],[-8268236.303514993,7707438.096865358],[-8204634.485795646,7707438.096865358],[-8141032.668076301,7707438.096865358],[-8077430.850356956,7707438.096865358],[-8013829.032637608,7707438.096865358],[-7950227.214918262,7707438.096865358],[-7886625.3971989155,7707438.096865358],[-7823023.579479571,7707438.096865358],[-7759421.761760224,7707438.096865358],[-7695819.944040879,7707438.096865358],[-7632218.126321531,7707438.096865358],[-7568616.308602187,7707438.096865358],[-7505014.490882841,7707438.096865358],[-7441412.673163494,7707438.096865358],[-7377810.855444148,7707438.096865358],[-7314209.0377248,7707438.096865358],[-7250607.220005456,7707438.096865358],[-7187005.4022861095,7707438.096865358],[-7123403.584566764,7707438.096865358],[-7059801.766847418,7707438.096865358],[-6996199.949128071,7707438.096865358],[-6932598.131408725,7707438.096865358],[-6868996.313689379,7707438.096865358],[-6805394.495970032,7707438.096865358],[-6741792.678250686,7707438.096865358],[-6678190.86053134,7707438.096865358],[-6614589.042811994,7707438.096865358],[-6550987.2250926485,7707438.096865358],[-6487385.407373304,7707438.096865358],[-6423783.589653956,7707438.096865358],[-6360181.77193461,7707438.096865358],[-6296579.954215264,7707438.096865358],[-6232978.136495918,7707438.096865358],[-6169376.318776571,7707438.096865358],[-6105774.501057226,7707438.096865358],[-6042172.68333788,7707438.096865358],[-5978570.865618533,7707438.096865358],[-5914969.047899188,7707438.096865358],[-5851367.230179842,7707438.096865358],[-5787765.412460496,7707438.096865358],[-5724163.594741149,7707438.096865358],[-5660561.777021803,7707438.096865358],[-5596959.959302457,7707438.096865358],[-5533358.14158311,7707438.096865358],[-5469756.323863765,7707438.096865358],[-5406154.506144418,7707438.096865358],[-5342552.6884250725,7707438.096865358],[-5278950.870705727,7707438.096865358],[-5215349.05298638,7707438.096865358],[-5151747.235267035,7707438.096865358],[-5088145.417547688,7707438.096865358],[-5024543.599828341,7707438.096865358],[-4960941.782108996,7707438.096865358],[-4897339.96438965,7707438.096865358],[-4833738.146670304,7707438.096865358],[-4770136.328950957,7707438.096865358],[-4706534.5112316115,7707438.096865358],[-4642932.693512266,7707438.096865358],[-4579330.875792919,7707438.096865358],[-4515729.058073573,7707438.096865358],[-4452127.240354227,7707438.096865358],[-4388525.422634881,7707438.096865358],[-4324923.604915535,7707438.096865358],[-4261321.787196188,7707438.096865358],[-4197719.969476843,7707438.096865358],[-4134118.1517574964,7707438.096865358],[-4070516.3340381505,7707438.096865358],[-4006914.516318804,7707438.096865358],[-3943312.6985994577,7707438.096865358],[-3879710.880880112,7707438.096865358],[-3816109.0631607655,7707438.096865358],[-3752507.2454414205,7707438.096865358],[-3688905.427722074,7707438.096865358],[-3625303.610002728,7707438.096865358],[-3561701.792283382,7707438.096865358],[-3498099.9745640354,7707438.096865358],[-3434498.1568446895,7707438.096865358],[-3370896.339125343,7707438.096865358],[-3307294.521405997,7707438.096865358],[-3243692.703686652,7707438.096865358],[-3180090.885967305,7707438.096865358],[-3116489.068247959,7707438.096865358],[-3052887.250528613,7707438.096865358],[-2989285.4328092667,7707438.096865358],[-2925683.615089921,7707438.096865358],[-2862081.7973705744,7707438.096865358],[-2798479.9796512285,7707438.096865358],[-2734878.1619318826,7707438.096865358],[-2671276.3442125362,7707438.096865358],[-2607674.52649319,7707438.096865358],[-2544072.708773844,7707438.096865358],[-2480470.891054498,7707438.096865358],[-2416869.073335152,7707438.096865358],[-2353267.2556158057,7707438.096865358],[-2289665.4378964594,7707438.096865358],[-2226063.6201771135,7707438.096865358],[-2162461.8024577675,7707438.096865358],[-2098859.9847384216,7707438.096865358],[-2035258.1670190752,7707438.096865358],[-1971656.3492997289,7707438.096865358],[-1908054.5315803827,7707438.096865358],[-1844452.713861037,7707438.096865358],[-1780850.896141691,7707438.096865358],[-1717249.0784223448,7707438.096865358],[-1653647.2607029986,7707438.096865358],[-1590045.4429836525,7707438.096865358],[-1526443.6252643066,7707438.096865358],[-1462841.8075449604,7707438.096865358],[-1399239.9898256143,7707438.096865358],[-1335638.1721062681,7707438.096865358],[-1272036.354386922,7707438.096865358],[-1208434.536667576,7707438.096865358],[-1144832.7189482297,7707438.096865358],[-1081230.9012288838,7707438.096865358],[-1017629.0835095376,7707438.096865358],[-954027.2657901914,7707438.096865358],[-890425.4480708455,7707438.096865358],[-826823.6303514993,7707438.096865358],[-763221.8126321533,7707438.096865358],[-699619.9949128071,7707438.096865358],[-636018.177193461,7707438.096865358],[-572416.3594741148,7707438.096865358],[-508814.5417547688,7707438.096865358],[-445212.7240354227,7707438.096865358],[-381610.90631607664,7707438.096865358],[-318009.0885967305,7707438.096865358],[-254407.2708773844,7707438.096865358],[-190805.45315803832,7707438.096865358],[-127203.6354386922,7707438.096865358],[-63601.8177193461,7707438.096865358],[0,7707438.096865358],[63601.8177193461,7707438.096865358],[127203.6354386922,7707438.096865358],[190805.45315803832,7707438.096865358],[254407.2708773844,7707438.096865358],[318009.0885967305,7707438.096865358],[381610.90631607664,7707438.096865358],[445212.7240354227,7707438.096865358],[508814.5417547688,7707438.096865358],[572416.3594741148,7707438.096865358],[636018.177193461,7707438.096865358],[699619.9949128071,7707438.096865358],[763221.8126321533,7707438.096865358],[826823.6303514993,7707438.096865358],[890425.4480708455,7707438.096865358],[954027.2657901914,7707438.096865358],[1017629.0835095376,7707438.096865358],[1081230.9012288838,7707438.096865358],[1144832.7189482297,7707438.096865358],[1208434.536667576,7707438.096865358],[1272036.354386922,7707438.096865358],[1335638.1721062681,7707438.096865358],[1399239.9898256143,7707438.096865358],[1462841.8075449604,7707438.096865358],[1526443.6252643066,7707438.096865358],[1590045.4429836525,7707438.096865358],[1653647.2607029986,7707438.096865358],[1717249.0784223448,7707438.096865358],[1780850.896141691,7707438.096865358],[1844452.713861037,7707438.096865358],[1908054.5315803827,7707438.096865358],[1971656.3492997289,7707438.096865358],[2035258.1670190752,7707438.096865358],[2098859.9847384216,7707438.096865358],[2162461.8024577675,7707438.096865358],[2226063.6201771135,7707438.096865358],[2289665.4378964594,7707438.096865358],[2353267.2556158057,7707438.096865358],[2416869.073335152,7707438.096865358],[2480470.891054498,7707438.096865358],[2544072.708773844,7707438.096865358],[2607674.52649319,7707438.096865358],[2671276.3442125362,7707438.096865358],[2734878.1619318826,7707438.096865358],[2798479.9796512285,7707438.096865358],[2862081.7973705744,7707438.096865358],[2925683.615089921,7707438.096865358],[2989285.4328092667,7707438.096865358],[3052887.250528613,7707438.096865358],[3116489.068247959,7707438.096865358],[3180090.885967305,7707438.096865358],[3243692.703686652,7707438.096865358],[3307294.521405997,7707438.096865358],[3370896.339125343,7707438.096865358],[3434498.1568446895,7707438.096865358],[3498099.9745640354,7707438.096865358],[3561701.792283382,7707438.096865358],[3625303.610002728,7707438.096865358],[3688905.427722074,7707438.096865358],[3752507.2454414205,7707438.096865358],[3816109.0631607655,7707438.096865358],[3879710.880880112,7707438.096865358],[3943312.6985994577,7707438.096865358],[4006914.516318804,7707438.096865358],[4070516.3340381505,7707438.096865358],[4134118.1517574964,7707438.096865358],[4197719.969476843,7707438.096865358],[4261321.787196188,7707438.096865358],[4324923.604915535,7707438.096865358],[4388525.422634881,7707438.096865358],[4452127.240354227,7707438.096865358],[4515729.058073573,7707438.096865358],[4579330.875792919,7707438.096865358],[4642932.693512266,7707438.096865358],[4706534.5112316115,7707438.096865358],[4770136.328950957,7707438.096865358],[4833738.146670304,7707438.096865358],[4897339.96438965,7707438.096865358],[4960941.782108996,7707438.096865358],[5024543.599828341,7707438.096865358],[5088145.417547688,7707438.096865358],[5151747.235267035,7707438.096865358],[5215349.05298638,7707438.096865358],[5278950.870705727,7707438.096865358],[5342552.6884250725,7707438.096865358],[5406154.506144418,7707438.096865358],[5469756.323863765,7707438.096865358],[5533358.14158311,7707438.096865358],[5596959.959302457,7707438.096865358],[5660561.777021803,7707438.096865358],[5724163.594741149,7707438.096865358],[5787765.412460496,7707438.096865358],[5851367.230179842,7707438.096865358],[5914969.047899188,7707438.096865358],[5978570.865618533,7707438.096865358],[6042172.68333788,7707438.096865358],[6105774.501057226,7707438.096865358],[6169376.318776571,7707438.096865358],[6232978.136495918,7707438.096865358],[6296579.954215264,7707438.096865358],[6360181.77193461,7707438.096865358],[6423783.589653956,7707438.096865358],[6487385.407373304,7707438.096865358],[6550987.2250926485,7707438.096865358],[6614589.042811994,7707438.096865358],[6678190.86053134,7707438.096865358],[6741792.678250686,7707438.096865358],[6805394.495970032,7707438.096865358],[6868996.313689379,7707438.096865358],[6932598.131408725,7707438.096865358],[6996199.949128071,7707438.096865358],[7059801.766847418,7707438.096865358],[7123403.584566764,7707438.096865358],[7187005.4022861095,7707438.096865358],[7250607.220005456,7707438.096865358],[7314209.0377248,7707438.096865358],[7377810.855444148,7707438.096865358],[7441412.673163494,7707438.096865358],[7505014.490882841,7707438.096865358],[7568616.308602187,7707438.096865358],[7632218.126321531,7707438.096865358],[7695819.944040879,7707438.096865358],[7759421.761760224,7707438.096865358],[7823023.579479571,7707438.096865358],[7886625.3971989155,7707438.096865358],[7950227.214918262,7707438.096865358],[8013829.032637608,7707438.096865358],[8077430.850356956,7707438.096865358],[8141032.668076301,7707438.096865358],[8204634.485795646,7707438.096865358],[8268236.303514993,7707438.096865358],[8331838.121234339,7707438.096865358],[8395439.938953687,7707438.096865358],[8459041.756673032,7707438.096865358],[8522643.574392376,7707438.096865358],[8586245.392111722,7707438.096865358],[8649847.20983107,7707438.096865358],[8713449.027550416,7707438.096865358],[8777050.845269762,7707438.096865358],[8840652.662989108,7707438.096865358],[8904254.480708454,7707438.096865358],[8967856.2984278,7707438.096865358],[9031458.116147146,7707438.096865358],[9095059.933866493,7707438.096865358],[9158661.751585837,7707438.096865358],[9222263.569305185,7707438.096865358],[9285865.387024531,7707438.096865358],[9349467.204743877,7707438.096865358],[9413069.022463223,7707438.096865358],[9476670.840182569,7707438.096865358],[9540272.657901915,7707438.096865358],[9603874.47562126,7707438.096865358],[9667476.293340608,7707438.096865358],[9731078.111059953,7707438.096865358],[9794679.9287793,7707438.096865358],[9858281.746498646,7707438.096865358],[9921883.564217992,7707438.096865358],[9985485.381937338,7707438.096865358],[10049087.199656682,7707438.096865358],[10112689.01737603,7707438.096865358],[10176290.835095376,7707438.096865358],[10239892.652814724,7707438.096865358],[10303494.47053407,7707438.096865358],[10367096.288253415,7707438.096865358],[10430698.10597276,7707438.096865358],[10494299.923692105,7707438.096865358],[10557901.741411453,7707438.096865358],[10621503.559130799,7707438.096865358],[10685105.376850145,7707438.096865358],[10748707.19456949,7707438.096865358],[10812309.012288837,7707438.096865358],[10875910.830008183,7707438.096865358],[10939512.64772753,7707438.096865358],[11003114.465446874,7707438.096865358],[11066716.28316622,7707438.096865358],[11130318.100885568,7707438.096865358],[11193919.918604914,7707438.096865358],[11257521.73632426,7707438.096865358],[11321123.554043606,7707438.096865358],[11384725.371762952,7707438.096865358],[11448327.189482298,7707438.096865358]]},"properties":{"type":"parallel","value":75}},
{"type":"Feature","geometry":{"type":"LineString","coordinates":[[-9050504.13846534,8625154.6651],[-9000223.559918312,8625154.6651],[-8949942.98137128,8625154.6651],[-8899662.402824251,8625154.6651],[-8849381.824277222,8625154.6651],[-8799101.245730191,8625154.6651],[-8748820.667183163,8625154.6651],[-8698540.088636134,8625154.6651],[-8648259.510089103,8625154.6651],[-8597978.931542072,8625154.6651],[-8547698.352995045,8625154.6651],[-8497417.774448013,8625154.6651],[-8447137.195900984,8625154.6651],[-8396856.617353955,8625154.6651],[-8346576.038806925,8625154.6651],[-8296295.460259895,8625154.6651],[-8246014.881712866,8625154.6651],[-8195734.303165836,8625154.6651],[-8145453.7246188065,8625154.6651],[-8095173.146071777,8625154.6651],[-8044892.567524746,8625154.6651],[-7994611.988977718,8625154.6651],[-7944331.410430687,8625154.6651],[-7894050.831883658,8625154.6651],[-7843770.253336628,8625154.6651],[-7793489.674789598,8625154.6651],[-7743209.096242569,8625154.6651],[-7692928.51769554,8625154.6651],[-7642647.93914851,8625154.6651],[-7592367.360601479,8625154.6651],[-7542086.782054451,8625154.6651],[-7491806.20350742,8625154.6651],[-7441525.624960391,8625154.6651],[-7391245.046413361,8625154.6651],[-7340964.467866331,8625154.6651],[-7290683.8893193025,8625154.6651],[-7240403.310772273,8625154.6651],[-7190122.732225243,8625154.6651],[-7139842.153678212,8625154.6651],[-7089561.575131184,8625154.6651],[-7039280.996584153,8625154.6651],[-6989000.418037124,8625154.6651],[-6938719.839490094,8625154.6651],[-6888439.2609430645,8625154.6651],[-6838158.682396036,8625154.6651],[-6787878.103849006,8625154.6651],[-6737597.525301976,8625154.6651],[-6687316.946754945,8625154.6651],[-6637036.368207916,8625154.6651],[-6586755.789660886,8625154.6651],[-6536475.211113857,8625154.6651],[-6486194.632566827,8625154.6651],[-6435914.054019798,8625154.6651],[-6385633.475472769,8625154.6651],[-6335352.896925738,8625154.6651],[-6285072.318378709,8625154.6651],[-6234791.739831679,8625154.6651],[-6184511.16128465,8625154.6651],[-6134230.582737619,8625154.6651],[-6083950.00419059,8625154.6651],[-6033669.42564356,8625154.6651],[-5983388.847096531,8625154.6651],[-5933108.268549501,8625154.6651],[-5882827.690002471,8625154.6651],[-5832547.111455442,8625154.6651],[-5782266.532908412,8625154.6651],[-5731985.954361383,8625154.6651],[-5681705.375814353,8625154.6651],[-5631424.797267323,8625154.6651],[-5581144.218720293,8625154.6651],[-5530863.640173264,8625154.6651],[-5480583.061626234,8625154.6651],[-5430302.483079203,8625154.6651],[-5380021.904532175,8625154.6651],[-5329741.325985145,8625154.6651],[-5279460.747438115,8625154.6651],[-5229180.168891086,8625154.6651],[-5178899.5903440565,8625154.6651],[-5128619.011797026,8625154.6651],[-5078338.433249997,8625154.6651],[-5028057.854702967,8625154.6651],[-4977777.2761559365,8625154.6651],[-4927496.697608908,8625154.6651],[-4877216.119061878,8625154.6651],[-4826935.540514848,8625154.6651],[-4776654.961967818,8625154.6651],[-4726374.38342079,8625154.6651],[-4676093.804873759,8625154.6651],[-4625813.226326729,8625154.6651],[-4575532.6477797,8625154.6651],[-4525252.06923267,8625154.6651],[-4474971.49068564,8625154.6651],[-4424690.912138611,8625154.6651],[-4374410.333591581,8625154.6651],[-4324129.755044552,8625154.6651],[-4273849.176497523,8625154.6651],[-4223568.597950492,8625154.6651],[-4173288.0194034623,8625154.6651],[-4123007.440856433,8625154.6651],[-4072726.8623094033,8625154.6651],[-4022446.283762373,8625154.6651],[-3972165.7052153433,8625154.6651],[-3921885.126668314,8625154.6651],[-3871604.5481212847,8625154.6651],[-3821323.969574255,8625154.6651],[-3771043.3910272256,8625154.6651],[-3720762.8124801954,8625154.6651],[-3670482.2339331657,8625154.6651],[-3620201.6553861364,8625154.6651],[-3569921.076839106,8625154.6651],[-3519640.4982920764,8625154.6651],[-3469359.919745047,8625154.6651],[-3419079.341198018,8625154.6651],[-3368798.762650988,8625154.6651],[-3318518.184103958,8625154.6651],[-3268237.6055569286,8625154.6651],[-3217957.027009899,8625154.6651],[-3167676.448462869,8625154.6651],[-3117395.8699158393,8625154.6651],[-3067115.2913688095,8625154.6651],[-3016834.71282178,8625154.6651],[-2966554.1342747505,8625154.6651],[-2916273.555727721,8625154.6651],[-2865992.9771806914,8625154.6651],[-2815712.3986336617,8625154.6651],[-2765431.820086632,8625154.6651],[-2715151.2415396017,8625154.6651],[-2664870.6629925724,8625154.6651],[-2614590.084445543,8625154.6651],[-2564309.505898513,8625154.6651],[-2514028.9273514836,8625154.6651],[-2463748.348804454,8625154.6651],[-2413467.770257424,8625154.6651],[-2363187.191710395,8625154.6651],[-2312906.6131633646,8625154.6651],[-2262626.034616335,8625154.6651],[-2212345.4560693055,8625154.6651],[-2162064.877522276,8625154.6651],[-2111784.298975246,8625154.6651],[-2061503.7204282165,8625154.6651],[-2011223.1418811865,8625154.6651],[-1960942.563334157,8625154.6651],[-1910661.9847871275,8625154.6651],[-1860381.4062400977,8625154.6651],[-1810100.8276930682,8625154.6651],[-1759820.2491460382,8625154.6651],[-1709539.670599009,8625154.6651],[-1659259.092051979,8625154.6651],[-1608978.5135049494,8625154.6651],[-1558697.9349579196,8625154.6651],[-1508417.35641089,8625154.6651],[-1458136.7778638606,8625154.6651],[-1407856.1993168308,8625154.6651],[-1357575.6207698009,8625154.6651],[-1307295.0422227716,8625154.6651],[-1257014.4636757418,8625154.6651],[-1206733.885128712,8625154.6651],[-1156453.3065816823,8625154.6651],[-1106172.7280346528,8625154.6651],[-1055892.149487623,8625154.6651],[-1005611.5709405933,8625154.6651],[-955330.9923935637,8625154.6651],[-905050.4138465341,8625154.6651],[-854769.8352995045,8625154.6651],[-804489.2567524747,8625154.6651],[-754208.678205445,8625154.6651],[-703928.0996584154,8625154.6651],[-653647.5211113858,8625154.6651],[-603366.942564356,8625154.6651],[-553086.3640173264,8625154.6651],[-502805.7854702966,8625154.6651],[-452525.20692326705,8625154.6651],[-402244.62837623735,8625154.6651],[-351964.0498292077,8625154.6651],[-301683.471282178,8625154.6651],[-251402.8927351483,8625154.6651],[-201122.31418811867,8625154.6651],[-150841.735641089,8625154.6651],[-100561.15709405934,8625154.6651],[-50280.57854702967,8625154.6651],[0,8625154.6651],[50280.57854702967,8625154.6651],[100561.15709405934,8625154.6651],[150841.735641089,8625154.6651],[201122.31418811867,8625154.6651],[251402.8927351483,8625154.6651],[301683.471282178,8625154.6651],[351964.0498292077,8625154.6651],[402244.62837623735,8625154.6651],[452525.20692326705,8625154.6651],[502805.7854702966,8625154.6651],[553086.3640173264,8625154.6651],[603366.942564356,8625154.6651],[653647.5211113858,8625154.6651],[703928.0996584154,8625154.6651],[754208.678205445,8625154.6651],[804489.2567524747,8625154.6651],[854769.8352995045,8625154.6651],[905050.4138465341,8625154.6651],[955330.9923935637,8625154.6651],[1005611.5709405933,8625154.6651],[1055892.149487623,8625154.6651],[1106172.7280346528,8625154.6651],[1156453.3065816823,8625154.6651],[1206733.885128712,8625154.6651],[1257014.4636757418,8625154.6651],[1307295.0422227716,8625154.6651],[1357575.6207698009,8625154.6651],[1407856.1993168308,8625154.6651],[1458136.7778638606,8625154.6651],[1508417.35641089,8625154.6651],[1558697.9349579196,8625154.6651],[1608978.5135049494,8625154.6651],[1659259.092051979,8625154.6651],[1709539.670599009,8625154.6651],[1759820.2491460382,8625154.6651],[1810100.8276930682,8625154.6651],[1860381.4062400977,8625154.6651],[1910661.9847871275,8625154.6651],[1960942.563334157,8625154.6651],[2011223.1418811865,8625154.6651],[2061503.7204282165,8625154.6651],[2111784.298975246,8625154.6651],[2162064.877522276,8625154.6651],[2212345.4560693055,8625154.6651],[2262626.034616335,8625154.6651],[2312906.6131633646,8625154.6651],[2363187.191710395,8625154.6651],[2413467.770257424,8625154.6651],[2463748.348804454,8625154.6651],[2514028.9273514836,8625154.6651],[2564309.505898513,8625154.6651],[2614590.084445543,8625154.6651],[2664870.6629925724,8625154.6651],[2715151.2415396017,8625154.6651],[2765431.820086632,8625154.6651],[2815712.3986336617,8625154.6651],[2865992.9771806914,8625154.6651],[2916273.555727721,8625154.6651],[2966554.1342747505,8625154.6651],[3016834.71282178,8625154.6651],[3067115.2913688095,8625154.6651],[3117395.8699158393,8625154.6651],[3167676.448462869,8625154.6651],[3217957.027009899,8625154.6651],[3268237.6055569286,8625154.6651],[3318518.184103958,8625154.6651],[3368798.762650988,8625154.6651],[3419079.341198018,8625154.6651],[3469359.919745047,8625154.6651],[3519640.4982920764,8625154.6651],[3569921.076839106,8625154.6651],[3620201.6553861364,8625154.6651],[3670482.2339331657,8625154.6651],[3720762.8124801954,8625154.6651],[3771043.3910272256,8625154.6651],[3821323.969574255,8625154.6651],[3871604.5481212847,8625154.6651],[3921885.126668314,8625154.6651],[3972165.7052153433,8625154.6651],[4022446.283762373,8625154.6651],[4072726.8623094033,8625154.6651],[4123007.440856433,8625154.6651],[4173288.0194034623,8625154.6651],[4223568.597950492,8625154.6651],[4273849.176497523,8625154.6651],[4324129.755044552,8625154.6651],[4374410.333591581,8625154.6651],[4424690.912138611,8625154.6651],[4474971.49068564,8625154.6651],[4525252.06923267,8625154.6651],[4575532.6477797,8625154.6651],[4625813.226326729,8625154.6651],[4676093.804873759,8625154.6651],[4726374.38342079,8625154.6651],[4776654.961967818,8625154.6651],[4826935.540514848,8625154.6651],[4877216.119061878,8625154.6651],[4927496.697608908,8625154.6651],[4977777.2761559365,8625154.6651],[5028057.854702967,8625154.6651],[5078338.433249997,8625154.6651],[5128619.011797026,8625154.6651],[5178899.5903440565,8625154.6651],[5229180.168891086,8625154.6651],[5279460.747438115,8625154.6651],[5329741.325985145,8625154.6651],[5380021.904532175,8625154.6651],[5430302.483079203,8625154.6651],[5480583.061626234,8625154.6651],[5530863.640173264,8625154.6651],[5581144.218720293,8625154.6651],[5631424.797267323,8625154.6651],[5681705.375814353,8625154.6651],[5731985.954361383,8625154.6651],[5782266.532908412,8625154.6651],[5832547.111455442,8625154.6651],[5882827.690002471,8625154.6651],[5933108.268549501,8625154.6651],[5983388.847096531,8625154.6651],[6033669.42564356,8625154.6651],[6083950.00419059,8625154.6651],[6134230.582737619,8625154.6651],[6184511.16128465,8625154.6651],[6234791.739831679,8625154.6651],[6285072.318378709,8625154.6651],[6335352.896925738,8625154.6651],[6385633.475472769,8625154.6651],[6435914.054019798,8625154.6651],[6486194.632566827,8625154.6651],[6536475.211113857,8625154.6651],[6586755.789660886,8625154.6651],[6637036.368207916,8625154.6651],[6687316.946754945,8625154.6651],[6737597.525301976,8625154.6651],[6787878.103849006,8625154.6651],[6838158.682396036,8625154.6651],[6888439.2609430645,8625154.6651],[6938719.839490094,8625154.6651],[6989000.418037124,8625154.6651],[7039280.996584153,8625154.6651],[7089561.575131184,8625154.6651],[7139842.153678212,8625154.6651],[7190122.732225243,8625154.6651],[7240403.310772273,8625154.6651],[7290683.8893193025,8625154.6651],[7340964.467866331,8625154.6651],[7391245.046413361,8625154.6651],[7441525.624960391,8625154.6651],[7491806.20350742,8625154.6651],[7542086.782054451,8625154.6651],[7592367.360601479,8625154.6651],[7642647.93914851,8625154.6651],[7692928.51769554,8625154.6651],[7743209.096242569,8625154.6651],[7793489.674789598,8625154.6651],[7843770.253336628,8625154.6651],[7894050.831883658,8625154.6651],[7944331.410430687,8625154.6651],[7994611.988977718,8625154.6651],[8044892.567524746,8625154.6651],[8095173.146071777,8625154.6651],[8145453.7246188065,8625154.6651],[8195734.303165836,8625154.6651],[8246014.881712866,8625154.6651],[8296295.460259895,8625154.6651],[8346576.038806925,8625154.6651],[8396856.617353955,8625154.6651],[8447137.195900984,8625154.6651],[8497417.774448013,8625154.6651],[8547698.352995045,8625154.6651],[8597978.931542072,8625154.6651],[8648259.510089103,8625154.6651],[8698540.088636134,8625154.6651],[8748820.667183163,8625154.6651],[8799101.245730191,8625154.6651],[8849381.824277222,8625154.6651],[8899662.402824251,8625154.6651],[8949942.98137128,8625154.6651],[9000223.559918312,8625154.6651],[9050504.13846534,8625154.6651]]},"properties":{"type":"parallel","value":90}}
]}