{"type":"FeatureCollection", "features": [
{"type":"Feature","geometry":{"type":"LineString","coordinates":[[-10227908.090400496,-8402320.156603986],[-10232376.6202614,-8400417.459798094],[-10245754.791034618,-8394714.923947474],[-10267960.789387755,-8385229.113717247],[-10298859.723711528,-8371987.310718428],[-10338265.77498523,-8355027.037838977],[-10385945.11999178,-8334395.419523179],[-10441619.54365772,-8310148.402121711],[-10504970.6399784,-8282349.86257064],[-10575644.487936202,-8251070.636102893],[-10653256.680400299,-8216387.4944266565],[-10737397.580313351,-8178382.104936021],[-10827637.679380482,-8137139.99927289],[-10923532.939615289,-8092749.576234344],[-11024630.00692476,-8045301.159953789],[-11130471.197759274,-7994886.1298162155],[-11240599.173966326,-7941596.134010552],[-11354561.236588849,-7885522.394240124],[-11471913.18567861,-7826755.105110008],[-11592222.709543478,-7765382.928228237],[-11715072.282588478,-7701492.578175636],[-11840061.565524088,-7635168.495243091],[-11966809.314795857,-7566492.59818795],[-12094954.819354357,-7495544.109175055],[-12224158.89216634,-7422399.442473785],[-12354104.451108867,-7347132.14830048],[-12484496.729124395,-7269812.903343736],[-12615063.156859254,-7190509.539908321],[-12745552.962634858,-7109287.106189509],[-12875736.534724133,-7026207.950880407],[-13005404.589763403,-6941331.826067392],[-13134367.188969826,-6854716.003141147],[-13262452.64089875,-6766415.397210219],[-13389506.325992132,-6676482.696227428],[-13515389.474345397,-6584968.491710236],[-13639977.924134884,-6491921.40854492],[-13763160.884153182,-6397388.231906093],[-13884839.720015429,-6301414.0297965845],[-14004926.779920746,-6204042.27011972],[-14123344.272445446,-6105314.931540248],[-14240023.205753352,-6005272.607676391],[-14354902.394857546,-5903954.604399321],[-14467927.541165685,-5801399.030203694],[-14579050.386482254,-5697642.879759457],[-14688227.941912403,-5592722.110866824],[-14795421.790690413,-5486671.715118098],[-14900597.462816725,-5379525.782627044],[-15003723.878501069,-5271317.561222768],[-15104772.856746629,-5162079.510524753],[-15203718.684941692,-5051843.351321989],[-15300537.745022343,-4940640.110674775],[-15395208.191606881,-4828500.163145723],[-15487709.67745435,-4715453.2685481645],[-15578023.121645212,-4601528.60657797],[-15666130.516001327,-4486754.808669574],[-15752014.765439283,-4371159.987390338],[-15835659.558170026,-4254771.763660034],[-15917049.26190745,-4137617.2920548622],[-15996168.842517903,-4019723.2844288326],[-16073003.801823292,-3901116.0320596504],[-16147540.131555887,-3781821.4265020713],[-16219764.28074649,-3661864.9793090634],[-16289663.134106318,-3541271.840760147],[-16357223.99923183,-3420066.8177172625],[-16422434.600719482,-3298274.390711172],[-16485283.079521168,-3175918.7303459775],[-16545757.99610054,-3053023.7130956333],[-16603848.336163405,-2929612.9365543006],[-16659543.517933073,-2805709.7341920207],[-16712833.400122238,-2681337.1896582544],[-16763708.289917946,-2556518.150668355],[-16812158.950444773,-2431275.2425018097],[-16858176.60730497,-2305630.8811360416],[-16901752.953912307,-2179607.2860355764],[-16942880.155440416,-2053226.4926133042],[-16981550.851296667,-1926510.364378373],[-17017758.15610953,-1799480.6047837401],[-17051495.659282397,-1672158.768785557],[-17082757.42322001,-1544566.274126222],[-17111537.980376065,-1416724.4123530413],[-17137832.32930316,-1288654.3595849262],[-17161635.929908928,-1160377.1870402796],[-17182944.69813724,-1031913.8713402031],[-17201755.000299666,-903285.3046022527],[-17218063.64728208,-774512.3043411546],[-17231867.888844643,-645615.6231941206],[-17243165.408220768,-516615.9584895947],[-17251954.31720328,-387533.9616794132],[-17258233.151884235,-258390.2476553977],[-17262000.869189583,-129205.40397232801],[-17263256.844321333,0],[-17262000.869189583,129205.40397232801],[-17258233.151884235,258390.2476553977],[-17251954.31720328,387533.9616794132],[-17243165.408220768,516615.9584895947],[-17231867.888844643,645615.6231941206],[-17218063.64728208,774512.3043411546],[-17201755.000299666,903285.3046022527],[-17182944.69813724,1031913.8713402031],[-17161635.929908928,1160377.1870402796],[-17137832.32930316,1288654.3595849262],[-17111537.980376065,1416724.4123530413],[-17082757.42322001,1544566.274126222],[-17051495.659282397,1672158.768785557],[-17017758.15610953,1799480.6047837401],[-16981550.851296667,1926510.364378373],[-16942880.155440416,2053226.4926133042],[-16901752.953912307,2179607.2860355764],[-16858176.60730497,2305630.8811360416],[-16812158.950444773,2431275.2425018097],[-16763708.289917946,2556518.150668355],[-16712833.400122238,2681337.1896582544],[-16659543.517933073,2805709.7341920207],[-16603848.336163405,2929612.9365543006],[-16545757.99610054,3053023.7130956333],[-16485283.079521168,3175918.7303459775],[-16422434.600719482,3298274.390711172],[-16357223.99923183,3420066.8177172625],[-16289663.134106318,3541271.840760147],[-16219764.28074649,3661864.9793090634],[-16147540.131555887,3781821.4265020713],[-16073003.801823292,3901116.0320596504],[-15996168.842517903,4019723.2844288326],[-15917049.26190745,4137617.2920548622],[-15835659.558170026,4254771.763660034],[-15752014.765439283,4371159.987390338],[-15666130.516001327,4486754.808669574],[-15578023.121645212,4601528.60657797],[-15487709.67745435,4715453.2685481645],[-15395208.191606881,4828500.163145723],[-15300537.745022343,4940640.110674775],[-15203718.684941692,5051843.351321989],[-15104772.856746629,5162079.510524753],[-15003723.878501069,5271317.561222768],[-14900597.462816725,5379525.782627044],[-14795421.790690413,5486671.715118098],[-14688227.941912403,5592722.110866824],[-14579050.386482254,5697642.879759457],[-14467927.541165685,5801399.030203694],[-14354902.394857546,5903954.604399321],[-14240023.205753352,6005272.607676391],[-14123344.272445446,6105314.931540248],[-14004926.779920746,6204042.27011972],[-13884839.720015429,6301414.0297965845],[-13763160.884153182,6397388.231906093],[-13639977.924134884,6491921.40854492],[-13515389.474345397,6584968.491710236],[-13389506.325992132,6676482.696227428],[-13262452.64089875,6766415.397210219],[-13134367.188969826,6854716.003141147],[-13005404.589763403,6941331.826067392],[-12875736.534724133,7026207.950880407],[-12745552.962634858,7109287.106189509],[-12615063.156859254,7190509.539908321],[-12484496.729124395,7269812.903343736],[-12354104.451108867,7347132.14830048],[-12224158.89216634,7422399.442473785],[-12094954.819354357,7495544.109175055],[-11966809.314795857,7566492.59818795],[-11840061.565524088,7635168.495243091],[-11715072.282588478,7701492.578175636],[-11592222.709543478,7765382.928228237],[-11471913.18567861,7826755.105110008],[-11354561.236588849,7885522.394240124],[-11240599.173966326,7941596.134010552],[-11130471.197759274,7994886.1298162155],[-11024630.00692476,8045301.159953789],[-10923532.939615289,8092749.576234344],[-10827637.679380482,8137139.99927289],[-10737397.580313351,8178382.104936021],[-10653256.680400299,8216387.4944266565],[-10575644.487936202,8251070.636102893],[-10504970.6399784,8282349.86257064],[-10441619.54365772,8310148.402121711],[-10385945.11999178,8334395.419523179],[-10338265.77498523,8355027.037838977],[-10298859.723711528,8371987.310718428],[-10267960.789387755,8385229.113717247],[-10245754.791034618,8394714.923947474],[-10232376.6202614,8400417.459798094],[-10227908.090400496,8402320.156603986]]},"properties":{"type":"meridian","value":-180}},
{"type":"Feature","geometry":{"type":"LineString","coordinates":[[-9375582.416200453,-8402320.156603986],[-9379678.568572948,-8400417.459798094],[-9391941.891781732,-8394714.923947474],[-9412297.390272109,-8385229.113717247],[-9440621.413402233,-8371987.310718428],[-9476743.627069794,-8355027.037838977],[-9520449.693325799,-8334395.419523179],[-9571484.581686242,-8310148.402121711],[-9629556.4199802,-8282349.86257064],[-9694340.780608186,-8251070.636102893],[-9765485.290366938,-8216387.4944266565],[-9842614.448620573,-8178382.104936021],[-9925334.539432108,-8137139.99927289],[-10013238.527980682,-8092749.576234344],[-10105910.83968103,-8045301.159953789],[-10202931.931279335,-7994886.1298162155],[-10303882.5761358,-7941596.134010552],[-10408347.800206445,-7885522.394240124],[-10515920.420205394,-7826755.105110008],[-10626204.150414852,-7765382.928228237],[-10738816.259039437,-7701492.578175636],[-10853389.76839708,-7635168.495243091],[-10969575.205229536,-7566492.59818795],[-11087041.917741492,-7495544.109175055],[-11205478.98448581,-7422399.442473785],[-11324595.746849794,-7347132.14830048],[-11444122.001697361,-7269812.903343736],[-11563807.89378765,-7190509.539908321],[-11683423.549081951,-7109287.106189509],[-11802758.490163788,-7026207.950880407],[-11921620.873949785,-6941331.826067392],[-12039836.589889007,-6854716.003141147],[-12157248.254157187,-6766415.397210219],[-12273714.132159455,-6676482.696227428],[-12389107.018149946,-6584968.491710236],[-12503313.097123643,-6491921.40854492],[-12616230.81047375,-6397388.231906093],[-12727769.743347477,-6301414.0297965845],[-12837849.548260687,-6204042.27011972],[-12946398.916408325,-6105314.931540248],[-13053354.605273906,-6005272.607676391],[-13158660.528619418,-5903954.604399321],[-13262266.91273521,-5801399.030203694],[-13364129.520942066,-5697642.879759457],[-13464208.946753033,-5592722.110866824],[-13562469.974799544,-5486671.715118098],[-13658881.007581998,-5379525.782627044],[-13753413.555292644,-5271317.561222768],[-13846041.785351075,-5162079.510524753],[-13936742.127863219,-5051843.351321989],[-14025492.932937147,-4940640.110674775],[-14112274.17563964,-4828500.163145723],[-14197067.204333153,-4715453.2685481645],[-14279854.528174777,-4601528.60657797],[-14360619.639667885,-4486754.808669574],[-14439346.868319344,-4371159.987390338],[-14516021.261655854,-4254771.763660034],[-14590628.490081832,-4137617.2920548622],[-14663154.772308074,-4019723.2844288326],[-14733586.818338016,-3901116.0320596504],[-14801911.78725956,-3781821.4265020713],[-14868117.257350944,-3661864.9793090634],[-14932191.206264121,-3541271.840760147],[-14994121.999295844,-3420066.8177172625],[-15053898.383992855,-3298274.390711172],[-15111509.48956107,-3175918.7303459775],[-15166944.829758829,-3053023.7130956333],[-15220194.308149789,-2929612.9365543006],[-15271248.22477198,-2805709.7341920207],[-15320097.283445386,-2681337.1896582544],[-15366732.59909145,-2556518.150668355],[-15411145.704574374,-2431275.2425018097],[-15453328.556696223,-2305630.8811360416],[-15493273.54108628,-2179607.2860355764],[-15530973.475820381,-2053226.4926133042],[-15566421.61368861,-1926510.364378373],[-15599611.6431004,-1799480.6047837401],[-15630537.687675532,-1672158.768785557],[-15659194.304618342,-1544566.274126222],[-15685576.482011393,-1416724.4123530413],[-15709679.635194562,-1288654.3595849262],[-15731499.602416515,-1160377.1870402796],[-15751032.639959132,-1031913.8713402031],[-15768275.416941362,-903285.3046022527],[-15783225.010008572,-774512.3043411546],[-15795878.898107588,-645615.6231941206],[-15806234.957535705,-516615.9584895947],[-15814291.457436336,-387533.9616794132],[-15820047.055893883,-258390.2476553977],[-15823500.796757113,-129205.40397232801],[-15824652.107294556,0],[-15823500.796757113,129205.40397232801],[-15820047.055893883,258390.2476553977],[-15814291.457436336,387533.9616794132],[-15806234.957535705,516615.9584895947],[-15795878.898107588,645615.6231941206],[-15783225.010008572,774512.3043411546],[-15768275.416941362,903285.3046022527],[-15751032.639959132,1031913.8713402031],[-15731499.602416515,1160377.1870402796],[-15709679.635194562,1288654.3595849262],[-15685576.482011393,1416724.4123530413],[-15659194.304618342,1544566.274126222],[-15630537.687675532,1672158.768785557],[-15599611.6431004,1799480.6047837401],[-15566421.61368861,1926510.364378373],[-15530973.475820381,2053226.4926133042],[-15493273.54108628,2179607.2860355764],[-15453328.556696223,2305630.8811360416],[-15411145.704574374,2431275.2425018097],[-15366732.59909145,2556518.150668355],[-15320097.283445386,2681337.1896582544],[-15271248.22477198,2805709.7341920207],[-15220194.308149789,2929612.9365543006],[-15166944.829758829,3053023.7130956333],[-15111509.48956107,3175918.7303459775],[-15053898.383992855,3298274.390711172],[-14994121.999295844,3420066.8177172625],[-14932191.206264121,3541271.840760147],[-14868117.257350944,3661864.9793090634],[-14801911.78725956,3781821.4265020713],[-14733586.818338016,3901116.0320596504],[-14663154.772308074,4019723.2844288326],[-14590628.490081832,4137617.2920548622],[-14516021.261655854,4254771.763660034],[-14439346.868319344,4371159.987390338],[-14360619.639667885,4486754.808669574],[-14279854.528174777,4601528.60657797],[-14197067.204333153,4715453.2685481645],[-14112274.17563964,4828500.163145723],[-14025492.932937147,4940640.110674775],[-13936742.127863219,5051843.351321989],[-13846041.785351075,5162079.510524753],[-13753413.555292644,5271317.561222768],[-13658881.007581998,5379525.782627044],[-13562469.974799544,5486671.715118098],[-13464208.946753033,5592722.110866824],[-13364129.520942066,5697642.879759457],[-13262266.91273521,5801399.030203694],[-13158660.528619418,5903954.604399321],[-13053354.605273906,6005272.607676391],[-12946398.916408325,6105314.931540248],[-12837849.548260687,6204042.27011972],[-12727769.743347477,6301414.0297965845],[-12616230.81047375,6397388.231906093],[-12503313.097123643,6491921.40854492],[-12389107.018149946,6584968.491710236],[-12273714.132159455,6676482.696227428],[-12157248.254157187,6766415.397210219],[-12039836.589889007,6854716.003141147],[-11921620.873949785,6941331.826067392],[-11802758.490163788,7026207.950880407],[-11683423.549081951,7109287.106189509],[-11563807.89378765,7190509.539908321],[-11444122.001697361,7269812.903343736],[-11324595.746849794,7347132.14830048],[-11205478.98448581,7422399.442473785],[-11087041.917741492,7495544.109175055],[-10969575.205229536,7566492.59818795],[-10853389.76839708,7635168.495243091],[-10738816.259039437,7701492.578175636],[-10626204.150414852,7765382.928228237],[-10515920.420205394,7826755.105110008],[-10408347.800206445,7885522.394240124],[-10303882.5761358,7941596.134010552],[-10202931.931279335,7994886.1298162155],[-10105910.83968103,8045301.159953789],[-10013238.527980682,8092749.576234344],[-9925334.539432108,8137139.99927289],[-9842614.448620573,8178382.104936021],[-9765485.290366938,8216387.4944266565],[-9694340.780608186,8251070.636102893],[-9629556.4199802,8282349.86257064],[-9571484.581686242,8310148.402121711],[-9520449.693325799,8334395.419523179],[-9476743.627069794,8355027.037838977],[-9440621.413402233,8371987.310718428],[-9412297.390272109,8385229.113717247],[-9391941.891781732,8394714.923947474],[-9379678.568572948,8400417.459798094],[-9375582.416200453,8402320.156603986]]},"properties":{"type":"meridian","value":-165}},
{"type":"Feature","geometry":{"type":"LineString","coordinates":[[-8523256.742000412,-8402320.156603986],[-8526980.5168845,-8400417.459798094],[-8538128.992528848,-8394714.923947474],[-8556633.991156464,-8385229.113717247],[-8582383.103092939,-8371987.310718428],[-8615221.47915436,-8355027.037838977],[-8654954.266659817,-8334395.419523179],[-8701349.619714767,-8310148.402121711],[-8754142.199982002,-8282349.86257064],[-8813037.073280169,-8251070.636102893],[-8877713.900333581,-8216387.4944266565],[-8947831.316927793,-8178382.104936021],[-9023031.399483735,-8137139.99927289],[-9102944.116346074,-8092749.576234344],[-9187191.6724373,-8045301.159953789],[-9275392.664799398,-7994886.1298162155],[-9367165.978305273,-7941596.134010552],[-9462134.363824042,-7885522.394240124],[-9559927.654732177,-7826755.105110008],[-9660185.59128623,-7765382.928228237],[-9762560.235490398,-7701492.578175636],[-9866717.971270075,-7635168.495243091],[-9972341.095663216,-7566492.59818795],[-10079129.016128631,-7495544.109175055],[-10186799.076805284,-7422399.442473785],[-10295087.042590722,-7347132.14830048],[-10403747.27427033,-7269812.903343736],[-10512552.630716044,-7190509.539908321],[-10621294.135529049,-7109287.106189509],[-10729780.445603445,-7026207.950880407],[-10837837.15813617,-6941331.826067392],[-10945305.990808189,-6854716.003141147],[-11052043.867415626,-6766415.397210219],[-11157921.938326778,-6676482.696227428],[-11262824.561954498,-6584968.491710236],[-11366648.270112405,-6491921.40854492],[-11469300.736794319,-6397388.231906093],[-11570699.766679525,-6301414.0297965845],[-11670772.316600623,-6204042.27011972],[-11769453.560371207,-6105314.931540248],[-11866686.00479446,-6005272.607676391],[-11962418.66238129,-5903954.604399321],[-12056606.284304738,-5801399.030203694],[-12149208.655401878,-5697642.879759457],[-12240189.951593671,-5592722.110866824],[-12329518.158908678,-5486671.715118098],[-12417164.552347273,-5379525.782627044],[-12503103.232084222,-5271317.561222768],[-12587310.713955527,-5162079.510524753],[-12669765.570784746,-5051843.351321989],[-12750448.120851954,-4940640.110674775],[-12829340.159672404,-4828500.163145723],[-12906424.731211957,-4715453.2685481645],[-12981685.934704345,-4601528.60657797],[-13055108.763334442,-4486754.808669574],[-13126678.971199404,-4371159.987390338],[-13196382.96514169,-4254771.763660034],[-13264207.71825621,-4137617.2920548622],[-13330140.702098252,-4019723.2844288326],[-13394169.834852744,-3901116.0320596504],[-13456283.442963239,-3781821.4265020713],[-13516470.233955406,-3661864.9793090634],[-13574719.27842193,-3541271.840760147],[-13631019.99935986,-3420066.8177172625],[-13685362.167266233,-3298274.390711172],[-13737735.899600973,-3175918.7303459775],[-13788131.66341712,-3053023.7130956333],[-13836540.280136172,-2929612.9365543006],[-13882952.931610892,-2805709.7341920207],[-13927361.166768536,-2681337.1896582544],[-13969756.908264957,-2556518.150668355],[-14010132.458703976,-2431275.2425018097],[-14048480.506087476,-2305630.8811360416],[-14084794.128260257,-2179607.2860355764],[-14119066.796200344,-2053226.4926133042],[-14151292.376080556,-1926510.364378373],[-14181465.130091276,-1799480.6047837401],[-14209579.716068668,-1672158.768785557],[-14235631.186016675,-1544566.274126222],[-14259614.983646723,-1416724.4123530413],[-14281526.941085968,-1288654.3595849262],[-14301363.274924107,-1160377.1870402796],[-14319120.581781032,-1031913.8713402031],[-14334795.833583055,-903285.3046022527],[-14348386.372735066,-774512.3043411546],[-14359889.907370534,-645615.6231941206],[-14369304.506850641,-516615.9584895947],[-14376628.5976694,-387533.9616794132],[-14381860.959903533,-258390.2476553977],[-14385000.724324653,-129205.40397232801],[-14386047.370267779,0],[-14385000.724324653,129205.40397232801],[-14381860.959903533,258390.2476553977],[-14376628.5976694,387533.9616794132],[-14369304.506850641,516615.9584895947],[-14359889.907370534,645615.6231941206],[-14348386.372735066,774512.3043411546],[-14334795.833583055,903285.3046022527],[-14319120.581781032,1031913.8713402031],[-14301363.274924107,1160377.1870402796],[-14281526.941085968,1288654.3595849262],[-14259614.983646723,1416724.4123530413],[-14235631.186016675,1544566.274126222],[-14209579.716068668,1672158.768785557],[-14181465.130091276,1799480.6047837401],[-14151292.376080556,1926510.364378373],[-14119066.796200344,2053226.4926133042],[-14084794.128260257,2179607.2860355764],[-14048480.506087476,2305630.8811360416],[-14010132.458703976,2431275.2425018097],[-13969756.908264957,2556518.150668355],[-13927361.166768536,2681337.1896582544],[-13882952.931610892,2805709.7341920207],[-13836540.280136172,2929612.9365543006],[-13788131.66341712,3053023.7130956333],[-13737735.899600973,3175918.7303459775],[-13685362.167266233,3298274.390711172],[-13631019.99935986,3420066.8177172625],[-13574719.27842193,3541271.840760147],[-13516470.233955406,3661864.9793090634],[-13456283.442963239,3781821.4265020713],[-13394169.834852744,3901116.0320596504],[-13330140.702098252,4019723.2844288326],[-13264207.71825621,4137617.2920548622],[-13196382.96514169,4254771.763660034],[-13126678.971199404,4371159.987390338],[-13055108.763334442,4486754.808669574],[-12981685.934704345,4601528.60657797],[-12906424.731211957,4715453.2685481645],[-12829340.159672404,4828500.163145723],[-12750448.120851954,4940640.110674775],[-12669765.570784746,5051843.351321989],[-12587310.713955527,5162079.510524753],[-12503103.232084222,5271317.561222768],[-12417164.552347273,5379525.782627044],[-12329518.158908678,5486671.715118098],[-12240189.951593671,5592722.110866824],[-12149208.655401878,5697642.879759457],[-12056606.284304738,5801399.030203694],[-11962418.66238129,5903954.604399321],[-11866686.00479446,6005272.607676391],[-11769453.560371207,6105314.931540248],[-11670772.316600623,6204042.27011972],[-11570699.766679525,6301414.0297965845],[-11469300.736794319,6397388.231906093],[-11366648.270112405,6491921.40854492],[-11262824.561954498,6584968.491710236],[-11157921.938326778,6676482.696227428],[-11052043.867415626,6766415.397210219],[-10945305.990808189,6854716.003141147],[-10837837.15813617,6941331.826067392],[-10729780.445603445,7026207.950880407],[-10621294.135529049,7109287.106189509],[-10512552.630716044,7190509.539908321],[-10403747.27427033,7269812.903343736],[-10295087.042590722,7347132.14830048],[-10186799.076805284,7422399.442473785],[-10079129.016128631,7495544.109175055],[-9972341.095663216,7566492.59818795],[-9866717.971270075,7635168.495243091],[-9762560.235490398,7701492.578175636],[-9660185.59128623,7765382.928228237],[-9559927.654732177,7826755.105110008],[-9462134.363824042,7885522.394240124],[-9367165.978305273,7941596.134010552],[-9275392.664799398,7994886.1298162155],[-9187191.6724373,8045301.159953789],[-9102944.116346074,8092749.576234344],[-9023031.399483735,8137139.99927289],[-8947831.316927793,8178382.104936021],[-8877713.900333581,8216387.4944266565],[-8813037.073280169,8251070.636102893],[-8754142.199982002,8282349.86257064],[-8701349.619714767,8310148.402121711],[-8654954.266659817,8334395.419523179],[-8615221.47915436,8355027.037838977],[-8582383.103092939,8371987.310718428],[-8556633.991156464,8385229.113717247],[-8538128.992528848,8394714.923947474],[-8526980.5168845,8400417.459798094],[-8523256.742000412,8402320.156603986]]},"properties":{"type":"meridian","value":-150}},
{"type":"Feature","geometry":{"type":"LineString","coordinates":[[-7670931.067800372,-8402320.156603986],[-7674282.46519605,-8400417.459798094],[-7684316.093275964,-8394714.923947474],[-7700970.592040817,-8385229.113717247],[-7724144.792783645,-8371987.310718428],[-7753699.331238923,-8355027.037838977],[-7789458.839993835,-8334395.419523179],[-7831214.65774329,-8310148.402121711],[-7878727.9799838,-8282349.86257064],[-7931733.365952153,-8251070.636102893],[-7989942.510300223,-8216387.4944266565],[-8053048.185235013,-8178382.104936021],[-8120728.259535364,-8137139.99927289],[-8192649.704711466,-8092749.576234344],[-8268472.50519357,-8045301.159953789],[-8347853.398319457,-7994886.1298162155],[-8430449.380474746,-7941596.134010552],[-8515920.927441638,-7885522.394240124],[-8603934.88925896,-7826755.105110008],[-8694167.032157607,-7765382.928228237],[-8786304.21194136,-7701492.578175636],[-8880046.174143065,-7635168.495243091],[-8975106.986096894,-7566492.59818795],[-9071216.114515768,-7495544.109175055],[-9168119.169124756,-7422399.442473785],[-9265578.338331651,-7347132.14830048],[-9363372.546843298,-7269812.903343736],[-9461297.36764444,-7190509.539908321],[-9559164.721976142,-7109287.106189509],[-9656802.4010431,-7026207.950880407],[-9754053.442322554,-6941331.826067392],[-9850775.39172737,-6854716.003141147],[-9946839.480674062,-6766415.397210219],[-10042129.744494101,-6676482.696227428],[-10136542.105759047,-6584968.491710236],[-10229983.443101162,-6491921.40854492],[-10322370.663114887,-6397388.231906093],[-10413629.790011572,-6301414.0297965845],[-10503695.084940562,-6204042.27011972],[-10592508.204334084,-6105314.931540248],[-10680017.404315015,-6005272.607676391],[-10766176.796143161,-5903954.604399321],[-10850945.655874263,-5801399.030203694],[-10934287.78986169,-5697642.879759457],[-11016170.956434302,-5592722.110866824],[-11096566.34301781,-5486671.715118098],[-11175448.097112544,-5379525.782627044],[-11252792.9088758,-5271317.561222768],[-11328579.642559972,-5162079.510524753],[-11402789.01370627,-5051843.351321989],[-11475403.308766758,-4940640.110674775],[-11546406.143705161,-4828500.163145723],[-11615782.258090762,-4715453.2685481645],[-11683517.34123391,-4601528.60657797],[-11749597.887000997,-4486754.808669574],[-11814011.074079463,-4371159.987390338],[-11876744.66862752,-4254771.763660034],[-11937786.94643059,-4137617.2920548622],[-11997126.631888427,-4019723.2844288326],[-12054752.851367468,-3901116.0320596504],[-12110655.098666914,-3781821.4265020713],[-12164823.210559864,-3661864.9793090634],[-12217247.350579737,-3541271.840760147],[-12267917.999423875,-3420066.8177172625],[-12316825.950539608,-3298274.390711172],[-12363962.309640877,-3175918.7303459775],[-12409318.497075405,-3053023.7130956333],[-12452886.252122555,-2929612.9365543006],[-12494657.638449803,-2805709.7341920207],[-12534625.050091682,-2681337.1896582544],[-12572781.217438461,-2556518.150668355],[-12609119.212833578,-2431275.2425018097],[-12643632.455478728,-2305630.8811360416],[-12676314.715434229,-2179607.2860355764],[-12707160.116580311,-2053226.4926133042],[-12736163.1384725,-1926510.364378373],[-12763318.617082147,-1799480.6047837401],[-12788621.7444618,-1672158.768785557],[-12812068.067415006,-1544566.274126222],[-12833653.485282049,-1416724.4123530413],[-12853374.246977368,-1288654.3595849262],[-12871226.947431695,-1160377.1870402796],[-12887208.52360293,-1031913.8713402031],[-12901316.250224752,-903285.3046022527],[-12913547.735461561,-774512.3043411546],[-12923900.916633481,-645615.6231941206],[-12932374.056165574,-516615.9584895947],[-12938965.737902459,-387533.9616794132],[-12943674.863913178,-258390.2476553977],[-12946500.651892185,-129205.40397232801],[-12947442.633241,0],[-12946500.651892185,129205.40397232801],[-12943674.863913178,258390.2476553977],[-12938965.737902459,387533.9616794132],[-12932374.056165574,516615.9584895947],[-12923900.916633481,645615.6231941206],[-12913547.735461561,774512.3043411546],[-12901316.250224752,903285.3046022527],[-12887208.52360293,1031913.8713402031],[-12871226.947431695,1160377.1870402796],[-12853374.246977368,1288654.3595849262],[-12833653.485282049,1416724.4123530413],[-12812068.067415006,1544566.274126222],[-12788621.7444618,1672158.768785557],[-12763318.617082147,1799480.6047837401],[-12736163.1384725,1926510.364378373],[-12707160.116580311,2053226.4926133042],[-12676314.715434229,2179607.2860355764],[-12643632.455478728,2305630.8811360416],[-12609119.212833578,2431275.2425018097],[-12572781.217438461,2556518.150668355],[-12534625.050091682,2681337.1896582544],[-12494657.638449803,2805709.7341920207],[-12452886.252122555,2929612.9365543006],[-12409318.497075405,3053023.7130956333],[-12363962.309640877,3175918.7303459775],[-12316825.950539608,3298274.390711172],[-12267917.999423875,3420066.8177172625],[-12217247.350579737,3541271.840760147],[-12164823.210559864,3661864.9793090634],[-12110655.098666914,3781821.4265020713],[-12054752.851367468,3901116.0320596504],[-11997126.631888427,4019723.2844288326],[-11937786.94643059,4137617.2920548622],[-11876744.66862752,4254771.763660034],[-11814011.074079463,4371159.987390338],[-11749597.887000997,4486754.808669574],[-11683517.34123391,4601528.60657797],[-11615782.258090762,4715453.2685481645],[-11546406.143705161,4828500.163145723],[-11475403.308766758,4940640.110674775],[-11402789.01370627,5051843.351321989],[-11328579.642559972,5162079.510524753],[-11252792.9088758,5271317.561222768],[-11175448.097112544,5379525.782627044],[-11096566.34301781,5486671.715118098],[-11016170.956434302,5592722.110866824],[-10934287.78986169,5697642.879759457],[-10850945.655874263,5801399.030203694],[-10766176.796143161,5903954.604399321],[-10680017.404315015,6005272.607676391],[-10592508.204334084,6105314.931540248],[-10503695.084940562,6204042.27011972],[-10413629.790011572,6301414.0297965845],[-10322370.663114887,6397388.231906093],[-10229983.443101162,6491921.40854492],[-10136542.105759047,6584968.491710236],[-10042129.744494101,6676482.696227428],[-9946839.480674062,6766415.397210219],[-9850775.39172737,6854716.003141147],[-9754053.442322554,6941331.826067392],[-9656802.4010431,7026207.950880407],[-9559164.721976142,7109287.106189509],[-9461297.36764444,7190509.539908321],[-9363372.546843298,7269812.903343736],[-9265578.338331651,7347132.14830048],[-9168119.169124756,7422399.442473785],[-9071216.114515768,7495544.109175055],[-8975106.986096894,7566492.59818795],[-8880046.174143065,7635168.495243091],[-8786304.21194136,7701492.578175636],[-8694167.032157607,7765382.928228237],[-8603934.88925896,7826755.105110008],[-8515920.927441638,7885522.394240124],[-8430449.380474746,7941596.134010552],[-8347853.398319457,7994886.1298162155],[-8268472.50519357,8045301.159953789],[-8192649.704711466,8092749.576234344],[-8120728.259535364,8137139.99927289],[-8053048.185235013,8178382.104936021],[-7989942.510300223,8216387.4944266565],[-7931733.365952153,8251070.636102893],[-7878727.9799838,8282349.86257064],[-7831214.65774329,8310148.402121711],[-7789458.839993835,8334395.419523179],[-7753699.331238923,8355027.037838977],[-7724144.792783645,8371987.310718428],[-7700970.592040817,8385229.113717247],[-7684316.093275964,8394714.923947474],[-7674282.46519605,8400417.459798094],[-7670931.067800372,8402320.156603986]]},"properties":{"type":"meridian","value":-135}},
{"type":"Feature","geometry":{"type":"LineString","coordinates":[[-6818605.39360033,-8402320.156603986],[-6821584.4135076,-8400417.459798094],[-6830503.194023078,-8394714.923947474],[-6845307.19292517,-8385229.113717247],[-6865906.482474349,-8371987.310718428],[-6892177.183323486,-8355027.037838977],[-6923963.413327853,-8334395.419523179],[-6961079.695771812,-8310148.402121711],[-7003313.759985601,-8282349.86257064],[-7050429.658624134,-8251070.636102893],[-7102171.120266865,-8216387.4944266565],[-7158265.053542234,-8178382.104936021],[-7218425.11958699,-8137139.99927289],[-7282355.293076858,-8092749.576234344],[-7349753.3379498385,-8045301.159953789],[-7420314.1318395175,-7994886.1298162155],[-7493732.782644217,-7941596.134010552],[-7569707.491059233,-7885522.394240124],[-7647942.12378574,-7826755.105110008],[-7728148.473028984,-7765382.928228237],[-7810048.188392319,-7701492.578175636],[-7893374.377016057,-7635168.495243091],[-7977872.87653057,-7566492.59818795],[-8063303.212902904,-7495544.109175055],[-8149439.261444228,-7422399.442473785],[-8236069.6340725785,-7347132.14830048],[-8322997.819416262,-7269812.903343736],[-8410042.104572836,-7190509.539908321],[-8497035.308423238,-7109287.106189509],[-8583824.356482754,-7026207.950880407],[-8670269.726508936,-6941331.826067392],[-8756244.79264655,-6854716.003141147],[-8841635.0939325,-6766415.397210219],[-8926337.550661422,-6676482.696227428],[-9010259.649563598,-6584968.491710236],[-9093318.616089921,-6491921.40854492],[-9175440.589435453,-6397388.231906093],[-9256559.81334362,-6301414.0297965845],[-9336617.853280498,-6204042.27011972],[-9415562.848296965,-6105314.931540248],[-9493348.803835569,-6005272.607676391],[-9569934.92990503,-5903954.604399321],[-9645285.02744379,-5801399.030203694],[-9719366.924321502,-5697642.879759457],[-9792151.961274935,-5592722.110866824],[-9863614.527126942,-5486671.715118098],[-9933731.641877815,-5379525.782627044],[-10002482.585667377,-5271317.561222768],[-10069848.57116442,-5162079.510524753],[-10135812.456627794,-5051843.351321989],[-10200358.496681564,-4940640.110674775],[-10263472.127737919,-4828500.163145723],[-10325139.784969565,-4715453.2685481645],[-10385348.747763475,-4601528.60657797],[-10444087.010667551,-4486754.808669574],[-10501343.176959522,-4371159.987390338],[-10557106.372113349,-4254771.763660034],[-10611366.174604967,-4137617.2920548622],[-10664112.5616786,-4019723.2844288326],[-10715335.867882192,-3901116.0320596504],[-10765026.754370589,-3781821.4265020713],[-10813176.187164323,-3661864.9793090634],[-10859775.422737543,-3541271.840760147],[-10904815.999487886,-3420066.8177172625],[-10948289.733812984,-3298274.390711172],[-10990188.719680777,-3175918.7303459775],[-11030505.330733692,-3053023.7130956333],[-11069232.224108936,-2929612.9365543006],[-11106362.345288713,-2805709.7341920207],[-11141888.933414826,-2681337.1896582544],[-11175805.526611963,-2556518.150668355],[-11208105.966963181,-2431275.2425018097],[-11238784.40486998,-2305630.8811360416],[-11267835.302608201,-2179607.2860355764],[-11295253.436960276,-2053226.4926133042],[-11321033.900864443,-1926510.364378373],[-11345172.104073018,-1799480.6047837401],[-11367663.772854932,-1672158.768785557],[-11388504.948813338,-1544566.274126222],[-11407691.986917378,-1416724.4123530413],[-11425221.55286877,-1288654.3595849262],[-11441090.619939284,-1160377.1870402796],[-11455296.465424825,-1031913.8713402031],[-11467836.666866446,-903285.3046022527],[-11478709.098188052,-774512.3043411546],[-11487911.925896427,-645615.6231941206],[-11495443.60548051,-516615.9584895947],[-11501302.87813552,-387533.9616794132],[-11505488.767922824,-258390.2476553977],[-11508000.57945972,-129205.40397232801],[-11508837.89621422,0],[-11508000.57945972,129205.40397232801],[-11505488.767922824,258390.2476553977],[-11501302.87813552,387533.9616794132],[-11495443.60548051,516615.9584895947],[-11487911.925896427,645615.6231941206],[-11478709.098188052,774512.3043411546],[-11467836.666866446,903285.3046022527],[-11455296.465424825,1031913.8713402031],[-11441090.619939284,1160377.1870402796],[-11425221.55286877,1288654.3595849262],[-11407691.986917378,1416724.4123530413],[-11388504.948813338,1544566.274126222],[-11367663.772854932,1672158.768785557],[-11345172.104073018,1799480.6047837401],[-11321033.900864443,1926510.364378373],[-11295253.436960276,2053226.4926133042],[-11267835.302608201,2179607.2860355764],[-11238784.40486998,2305630.8811360416],[-11208105.966963181,2431275.2425018097],[-11175805.526611963,2556518.150668355],[-11141888.933414826,2681337.1896582544],[-11106362.345288713,2805709.7341920207],[-11069232.224108936,2929612.9365543006],[-11030505.330733692,3053023.7130956333],[-10990188.719680777,3175918.7303459775],[-10948289.733812984,3298274.390711172],[-10904815.999487886,3420066.8177172625],[-10859775.422737543,3541271.840760147],[-10813176.187164323,3661864.9793090634],[-10765026.754370589,3781821.4265020713],[-10715335.867882192,3901116.0320596504],[-10664112.5616786,4019723.2844288326],[-10611366.174604967,4137617.2920548622],[-10557106.372113349,4254771.763660034],[-10501343.176959522,4371159.987390338],[-10444087.010667551,4486754.808669574],[-10385348.747763475,4601528.60657797],[-10325139.784969565,4715453.2685481645],[-10263472.127737919,4828500.163145723],[-10200358.496681564,4940640.110674775],[-10135812.456627794,5051843.351321989],[-10069848.57116442,5162079.510524753],[-10002482.585667377,5271317.561222768],[-9933731.641877815,5379525.782627044],[-9863614.527126942,5486671.715118098],[-9792151.961274935,5592722.110866824],[-9719366.924321502,5697642.879759457],[-9645285.02744379,5801399.030203694],[-9569934.92990503,5903954.604399321],[-9493348.803835569,6005272.607676391],[-9415562.848296965,6105314.931540248],[-9336617.853280498,6204042.27011972],[-9256559.81334362,6301414.0297965845],[-9175440.589435453,6397388.231906093],[-9093318.616089921,6491921.40854492],[-9010259.649563598,6584968.491710236],[-8926337.550661422,6676482.696227428],[-8841635.0939325,6766415.397210219],[-8756244.79264655,6854716.003141147],[-8670269.726508936,6941331.826067392],[-8583824.356482754,7026207.950880407],[-8497035.308423238,7109287.106189509],[-8410042.104572836,7190509.539908321],[-8322997.819416262,7269812.903343736],[-8236069.6340725785,7347132.14830048],[-8149439.261444228,7422399.442473785],[-8063303.212902904,7495544.109175055],[-7977872.87653057,7566492.59818795],[-7893374.377016057,7635168.495243091],[-7810048.188392319,7701492.578175636],[-7728148.473028984,7765382.928228237],[-7647942.12378574,7826755.105110008],[-7569707.491059233,7885522.394240124],[-7493732.782644217,7941596.134010552],[-7420314.1318395175,7994886.1298162155],[-7349753.3379498385,8045301.159953789],[-7282355.293076858,8092749.576234344],[-7218425.11958699,8137139.99927289],[-7158265.053542234,8178382.104936021],[-7102171.120266865,8216387.4944266565],[-7050429.658624134,8251070.636102893],[-7003313.759985601,8282349.86257064],[-6961079.695771812,8310148.402121711],[-6923963.413327853,8334395.419523179],[-6892177.183323486,8355027.037838977],[-6865906.482474349,8371987.310718428],[-6845307.19292517,8385229.113717247],[-6830503.194023078,8394714.923947474],[-6821584.4135076,8400417.459798094],[-6818605.39360033,8402320.156603986]]},"properties":{"type":"meridian","value":-120}},
{"type":"Feature","geometry":{"type":"LineString","coordinates":[[-5966279.7194002895,-8402320.156603986],[-5968886.36181915,-8400417.459798094],[-5976690.294770194,-8394714.923947474],[-5989643.793809525,-8385229.113717247],[-6007668.172165058,-8371987.310718428],[-6030655.035408051,-8355027.037838977],[-6058467.986661873,-8334395.419523179],[-6090944.733800337,-8310148.402121711],[-6127899.5399874,-8282349.86257064],[-6169125.951296119,-8251070.636102893],[-6214399.730233508,-8216387.4944266565],[-6263481.921849456,-8178382.104936021],[-6316121.979638616,-8137139.99927289],[-6372060.881442252,-8092749.576234344],[-6431034.17070611,-8045301.159953789],[-6492774.865359577,-7994886.1298162155],[-6557016.184813691,-7941596.134010552],[-6623494.05467683,-7885522.394240124],[-6691949.358312525,-7826755.105110008],[-6762129.913900361,-7765382.928228237],[-6833792.16484328,-7701492.578175636],[-6906702.579889053,-7635168.495243091],[-6980638.76696425,-7566492.59818795],[-7055390.3112900425,-7495544.109175055],[-7130759.3537636995,-7422399.442473785],[-7206560.929813506,-7347132.14830048],[-7282623.091989232,-7269812.903343736],[-7358786.841501231,-7190509.539908321],[-7434905.894870332,-7109287.106189509],[-7510846.311922412,-7026207.950880407],[-7586486.010695319,-6941331.826067392],[-7661714.193565733,-6854716.003141147],[-7736430.707190939,-6766415.397210219],[-7810545.356828745,-6676482.696227428],[-7883977.193368148,-6584968.491710236],[-7956653.789078684,-6491921.40854492],[-8028510.515756023,-6397388.231906093],[-8099489.836675668,-6301414.0297965845],[-8169540.621620437,-6204042.27011972],[-8238617.492259845,-6105314.931540248],[-8306680.203356123,-6005272.607676391],[-8373693.0636669025,-5903954.604399321],[-8439624.399013318,-5801399.030203694],[-8504446.058781315,-5697642.879759457],[-8568132.96611557,-5592722.110866824],[-8630662.711236075,-5486671.715118098],[-8692015.186643092,-5379525.782627044],[-8752172.262458956,-5271317.561222768],[-8811117.499768866,-5162079.510524753],[-8868835.89954932,-5051843.351321989],[-8925313.684596369,-4940640.110674775],[-8980538.111770682,-4828500.163145723],[-9034497.311848372,-4715453.2685481645],[-9087180.154293042,-4601528.60657797],[-9138576.13433411,-4486754.808669574],[-9188675.279839583,-4371159.987390338],[-9237468.075599182,-4254771.763660034],[-9284945.402779348,-4137617.2920548622],[-9331098.491468778,-4019723.2844288326],[-9375918.88439692,-3901116.0320596504],[-9419398.410074268,-3781821.4265020713],[-9461529.163768785,-3661864.9793090634],[-9502303.494895352,-3541271.840760147],[-9541713.999551902,-3420066.8177172625],[-9579753.517086362,-3298274.390711172],[-9616415.129720682,-3175918.7303459775],[-9651692.164391983,-3053023.7130956333],[-9685578.19609532,-2929612.9365543006],[-9718067.052127624,-2805709.7341920207],[-9749152.816737974,-2681337.1896582544],[-9778829.835785469,-2556518.150668355],[-9807092.721092785,-2431275.2425018097],[-9833936.354261234,-2305630.8811360416],[-9859355.88978218,-2179607.2860355764],[-9883346.757340243,-2053226.4926133042],[-9905904.663256392,-1926510.364378373],[-9927025.591063892,-1799480.6047837401],[-9946705.801248068,-1672158.768785557],[-9964941.830211671,-1544566.274126222],[-9981730.488552706,-1416724.4123530413],[-9997068.858760176,-1288654.3595849262],[-10010954.292446876,-1160377.1870402796],[-10023384.407246724,-1031913.8713402031],[-10034357.08350814,-903285.3046022527],[-10043870.460914547,-774512.3043411546],[-10051922.935159374,-645615.6231941206],[-10058513.154795447,-516615.9584895947],[-10063640.018368581,-387533.9616794132],[-10067302.671932472,-258390.2476553977],[-10069500.507027257,-129205.40397232801],[-10070233.159187444,0],[-10069500.507027257,129205.40397232801],[-10067302.671932472,258390.2476553977],[-10063640.018368581,387533.9616794132],[-10058513.154795447,516615.9584895947],[-10051922.935159374,645615.6231941206],[-10043870.460914547,774512.3043411546],[-10034357.08350814,903285.3046022527],[-10023384.407246724,1031913.8713402031],[-10010954.292446876,1160377.1870402796],[-9997068.858760176,1288654.3595849262],[-9981730.488552706,1416724.4123530413],[-9964941.830211671,1544566.274126222],[-9946705.801248068,1672158.768785557],[-9927025.591063892,1799480.6047837401],[-9905904.663256392,1926510.364378373],[-9883346.757340243,2053226.4926133042],[-9859355.88978218,2179607.2860355764],[-9833936.354261234,2305630.8811360416],[-9807092.721092785,2431275.2425018097],[-9778829.835785469,2556518.150668355],[-9749152.816737974,2681337.1896582544],[-9718067.052127624,2805709.7341920207],[-9685578.19609532,2929612.9365543006],[-9651692.164391983,3053023.7130956333],[-9616415.129720682,3175918.7303459775],[-9579753.517086362,3298274.390711172],[-9541713.999551902,3420066.8177172625],[-9502303.494895352,3541271.840760147],[-9461529.163768785,3661864.9793090634],[-9419398.410074268,3781821.4265020713],[-9375918.88439692,3901116.0320596504],[-9331098.491468778,4019723.2844288326],[-9284945.402779348,4137617.2920548622],[-9237468.075599182,4254771.763660034],[-9188675.279839583,4371159.987390338],[-9138576.13433411,4486754.808669574],[-9087180.154293042,4601528.60657797],[-9034497.311848372,4715453.2685481645],[-8980538.111770682,4828500.163145723],[-8925313.684596369,4940640.110674775],[-8868835.89954932,5051843.351321989],[-8811117.499768866,5162079.510524753],[-8752172.262458956,5271317.561222768],[-8692015.186643092,5379525.782627044],[-8630662.711236075,5486671.715118098],[-8568132.96611557,5592722.110866824],[-8504446.058781315,5697642.879759457],[-8439624.399013318,5801399.030203694],[-8373693.0636669025,5903954.604399321],[-8306680.203356123,6005272.607676391],[-8238617.492259845,6105314.931540248],[-8169540.621620437,6204042.27011972],[-8099489.836675668,6301414.0297965845],[-8028510.515756023,6397388.231906093],[-7956653.789078684,6491921.40854492],[-7883977.193368148,6584968.491710236],[-7810545.356828745,6676482.696227428],[-7736430.707190939,6766415.397210219],[-7661714.193565733,6854716.003141147],[-7586486.010695319,6941331.826067392],[-7510846.311922412,7026207.950880407],[-7434905.894870332,7109287.106189509],[-7358786.841501231,7190509.539908321],[-7282623.091989232,7269812.903343736],[-7206560.929813506,7347132.14830048],[-7130759.3537636995,7422399.442473785],[-7055390.3112900425,7495544.109175055],[-6980638.76696425,7566492.59818795],[-6906702.579889053,7635168.495243091],[-6833792.16484328,7701492.578175636],[-6762129.913900361,7765382.928228237],[-6691949.358312525,7826755.105110008],[-6623494.05467683,7885522.394240124],[-6557016.184813691,7941596.134010552],[-6492774.865359577,7994886.1298162155],[-6431034.17070611,8045301.159953789],[-6372060.881442252,8092749.576234344],[-6316121.979638616,8137139.99927289],[-6263481.921849456,8178382.104936021],[-6214399.730233508,8216387.4944266565],[-6169125.951296119,8251070.636102893],[-6127899.5399874,8282349.86257064],[-6090944.733800337,8310148.402121711],[-6058467.986661873,8334395.419523179],[-6030655.035408051,8355027.037838977],[-6007668.172165058,8371987.310718428],[-5989643.793809525,8385229.113717247],[-5976690.294770194,8394714.923947474],[-5968886.36181915,8400417.459798094],[-5966279.7194002895,8402320.156603986]]},"properties":{"type":"meridian","value":-105}},
{"type":"Feature","geometry":{"type":"LineString","coordinates":[[-5113954.045200248,-8402320.156603986],[-5116188.3101307,-8400417.459798094],[-5122877.395517309,-8394714.923947474],[-5133980.394693878,-8385229.113717247],[-5149429.861855764,-8371987.310718428],[-5169132.887492615,-8355027.037838977],[-5192972.55999589,-8334395.419523179],[-5220809.77182886,-8310148.402121711],[-5252485.3199892,-8282349.86257064],[-5287822.243968101,-8251070.636102893],[-5326628.340200149,-8216387.4944266565],[-5368698.7901566755,-8178382.104936021],[-5413818.839690241,-8137139.99927289],[-5461766.469807644,-8092749.576234344],[-5512315.00346238,-8045301.159953789],[-5565235.598879637,-7994886.1298162155],[-5620299.586983163,-7941596.134010552],[-5677280.618294424,-7885522.394240124],[-5735956.592839305,-7826755.105110008],[-5796111.354771739,-7765382.928228237],[-5857536.141294239,-7701492.578175636],[-5920030.782762044,-7635168.495243091],[-5983404.657397929,-7566492.59818795],[-6047477.409677179,-7495544.109175055],[-6112079.44608317,-7422399.442473785],[-6177052.225554434,-7347132.14830048],[-6242248.364562198,-7269812.903343736],[-6307531.578429627,-7190509.539908321],[-6372776.481317429,-7109287.106189509],[-6437868.267362067,-7026207.950880407],[-6502702.2948817015,-6941331.826067392],[-6567183.594484913,-6854716.003141147],[-6631226.320449375,-6766415.397210219],[-6694753.162996066,-6676482.696227428],[-6757694.737172699,-6584968.491710236],[-6819988.962067442,-6491921.40854492],[-6881580.442076591,-6397388.231906093],[-6942419.8600077145,-6301414.0297965845],[-7002463.389960373,-6204042.27011972],[-7061672.136222723,-6105314.931540248],[-7120011.602876676,-6005272.607676391],[-7177451.197428773,-5903954.604399321],[-7233963.770582843,-5801399.030203694],[-7289525.193241127,-5697642.879759457],[-7344113.970956202,-5592722.110866824],[-7397710.895345206,-5486671.715118098],[-7450298.731408362,-5379525.782627044],[-7501861.939250534,-5271317.561222768],[-7552386.428373314,-5162079.510524753],[-7601859.342470846,-5051843.351321989],[-7650268.872511172,-4940640.110674775],[-7697604.095803441,-4828500.163145723],[-7743854.838727175,-4715453.2685481645],[-7789011.560822606,-4601528.60657797],[-7833065.2580006635,-4486754.808669574],[-7876007.382719642,-4371159.987390338],[-7917829.779085013,-4254771.763660034],[-7958524.630953725,-4137617.2920548622],[-7998084.421258952,-4019723.2844288326],[-8036501.900911646,-3901116.0320596504],[-8073770.0657779435,-3781821.4265020713],[-8109882.140373245,-3661864.9793090634],[-8144831.567053159,-3541271.840760147],[-8178611.999615915,-3420066.8177172625],[-8211217.300359741,-3298274.390711172],[-8242641.539760584,-3175918.7303459775],[-8272878.99805027,-3053023.7130956333],[-8301924.168081703,-2929612.9365543006],[-8329771.758966536,-2805709.7341920207],[-8356416.700061119,-2681337.1896582544],[-8381854.144958973,-2556518.150668355],[-8406079.475222386,-2431275.2425018097],[-8429088.303652486,-2305630.8811360416],[-8450876.476956153,-2179607.2860355764],[-8471440.077720208,-2053226.4926133042],[-8490775.425648334,-1926510.364378373],[-8508879.078054765,-1799480.6047837401],[-8525747.829641199,-1672158.768785557],[-8541378.711610004,-1544566.274126222],[-8555768.990188032,-1416724.4123530413],[-8568916.16465158,-1288654.3595849262],[-8580817.964954464,-1160377.1870402796],[-8591472.34906862,-1031913.8713402031],[-8600877.500149833,-903285.3046022527],[-8609031.82364104,-774512.3043411546],[-8615933.944422321,-645615.6231941206],[-8621582.704110384,-516615.9584895947],[-8625977.15860164,-387533.9616794132],[-8629116.575942118,-258390.2476553977],[-8631000.434594791,-129205.40397232801],[-8631628.422160666,0],[-8631000.434594791,129205.40397232801],[-8629116.575942118,258390.2476553977],[-8625977.15860164,387533.9616794132],[-8621582.704110384,516615.9584895947],[-8615933.944422321,645615.6231941206],[-8609031.82364104,774512.3043411546],[-8600877.500149833,903285.3046022527],[-8591472.34906862,1031913.8713402031],[-8580817.964954464,1160377.1870402796],[-8568916.16465158,1288654.3595849262],[-8555768.990188032,1416724.4123530413],[-8541378.711610004,1544566.274126222],[-8525747.829641199,1672158.768785557],[-8508879.078054765,1799480.6047837401],[-8490775.425648334,1926510.364378373],[-8471440.077720208,2053226.4926133042],[-8450876.476956153,2179607.2860355764],[-8429088.303652486,2305630.8811360416],[-8406079.475222386,2431275.2425018097],[-8381854.144958973,2556518.150668355],[-8356416.700061119,2681337.1896582544],[-8329771.758966536,2805709.7341920207],[-8301924.168081703,2929612.9365543006],[-8272878.99805027,3053023.7130956333],[-8242641.539760584,3175918.7303459775],[-8211217.300359741,3298274.390711172],[-8178611.999615915,3420066.8177172625],[-8144831.567053159,3541271.840760147],[-8109882.140373245,3661864.9793090634],[-8073770.0657779435,3781821.4265020713],[-8036501.900911646,3901116.0320596504],[-7998084.421258952,4019723.2844288326],[-7958524.630953725,4137617.2920548622],[-7917829.779085013,4254771.763660034],[-7876007.382719642,4371159.987390338],[-7833065.2580006635,4486754.808669574],[-7789011.560822606,4601528.60657797],[-7743854.838727175,4715453.2685481645],[-7697604.095803441,4828500.163145723],[-7650268.872511172,4940640.110674775],[-7601859.342470846,5051843.351321989],[-7552386.428373314,5162079.510524753],[-7501861.939250534,5271317.561222768],[-7450298.731408362,5379525.782627044],[-7397710.895345206,5486671.715118098],[-7344113.970956202,5592722.110866824],[-7289525.193241127,5697642.879759457],[-7233963.770582843,5801399.030203694],[-7177451.197428773,5903954.604399321],[-7120011.602876676,6005272.607676391],[-7061672.136222723,6105314.931540248],[-7002463.389960373,6204042.27011972],[-6942419.8600077145,6301414.0297965845],[-6881580.442076591,6397388.231906093],[-6819988.962067442,6491921.40854492],[-6757694.737172699,6584968.491710236],[-6694753.162996066,6676482.696227428],[-6631226.320449375,6766415.397210219],[-6567183.594484913,6854716.003141147],[-6502702.2948817015,6941331.826067392],[-6437868.267362067,7026207.950880407],[-6372776.481317429,7109287.106189509],[-6307531.578429627,7190509.539908321],[-6242248.364562198,7269812.903343736],[-6177052.225554434,7347132.14830048],[-6112079.44608317,7422399.442473785],[-6047477.409677179,7495544.109175055],[-5983404.657397929,7566492.59818795],[-5920030.782762044,7635168.495243091],[-5857536.141294239,7701492.578175636],[-5796111.354771739,7765382.928228237],[-5735956.592839305,7826755.105110008],[-5677280.618294424,7885522.394240124],[-5620299.586983163,7941596.134010552],[-5565235.598879637,7994886.1298162155],[-5512315.00346238,8045301.159953789],[-5461766.469807644,8092749.576234344],[-5413818.839690241,8137139.99927289],[-5368698.7901566755,8178382.104936021],[-5326628.340200149,8216387.4944266565],[-5287822.243968101,8251070.636102893],[-5252485.3199892,8282349.86257064],[-5220809.77182886,8310148.402121711],[-5192972.55999589,8334395.419523179],[-5169132.887492615,8355027.037838977],[-5149429.861855764,8371987.310718428],[-5133980.394693878,8385229.113717247],[-5122877.395517309,8394714.923947474],[-5116188.3101307,8400417.459798094],[-5113954.045200248,8402320.156603986]]},"properties":{"type":"meridian","value":-90}},
{"type":"Feature","geometry":{"type":"LineString","coordinates":[[-4261628.371000206,-8402320.156603986],[-4263490.25844225,-8400417.459798094],[-4269064.496264424,-8394714.923947474],[-4278316.995578232,-8385229.113717247],[-4291191.551546469,-8371987.310718428],[-4307610.73957718,-8355027.037838977],[-4327477.133329908,-8334395.419523179],[-4350674.809857383,-8310148.402121711],[-4377071.099991001,-8282349.86257064],[-4406518.536640084,-8251070.636102893],[-4438856.950166791,-8216387.4944266565],[-4473915.658463896,-8178382.104936021],[-4511515.699741867,-8137139.99927289],[-4551472.058173037,-8092749.576234344],[-4593595.83621865,-8045301.159953789],[-4637696.332399699,-7994886.1298162155],[-4683582.989152636,-7941596.134010552],[-4731067.181912021,-7885522.394240124],[-4779963.8273660885,-7826755.105110008],[-4830092.795643115,-7765382.928228237],[-4881280.117745199,-7701492.578175636],[-4933358.9856350375,-7635168.495243091],[-4986170.547831608,-7566492.59818795],[-5039564.508064316,-7495544.109175055],[-5093399.538402642,-7422399.442473785],[-5147543.521295361,-7347132.14830048],[-5201873.637135165,-7269812.903343736],[-5256276.315358022,-7190509.539908321],[-5310647.067764524,-7109287.106189509],[-5364890.222801723,-7026207.950880407],[-5418918.579068085,-6941331.826067392],[-5472652.995404094,-6854716.003141147],[-5526021.933707813,-6766415.397210219],[-5578960.969163389,-6676482.696227428],[-5631412.280977249,-6584968.491710236],[-5683324.135056202,-6491921.40854492],[-5734650.3683971595,-6397388.231906093],[-5785349.883339763,-6301414.0297965845],[-5835386.158300311,-6204042.27011972],[-5884726.780185604,-6105314.931540248],[-5933343.00239723,-6005272.607676391],[-5981209.331190645,-5903954.604399321],[-6028303.142152369,-5801399.030203694],[-6074604.327700939,-5697642.879759457],[-6120094.9757968355,-5592722.110866824],[-6164759.079454339,-5486671.715118098],[-6208582.276173636,-5379525.782627044],[-6251551.616042111,-5271317.561222768],[-6293655.356977764,-5162079.510524753],[-6334882.785392373,-5051843.351321989],[-6375224.060425977,-4940640.110674775],[-6414670.079836202,-4828500.163145723],[-6453212.365605978,-4715453.2685481645],[-6490842.967352172,-4601528.60657797],[-6527554.381667221,-4486754.808669574],[-6563339.485599702,-4371159.987390338],[-6598191.482570845,-4254771.763660034],[-6632103.859128105,-4137617.2920548622],[-6665070.351049126,-4019723.2844288326],[-6697084.917426372,-3901116.0320596504],[-6728141.721481619,-3781821.4265020713],[-6758235.116977703,-3661864.9793090634],[-6787359.639210965,-3541271.840760147],[-6815509.99967993,-3420066.8177172625],[-6842681.083633116,-3298274.390711172],[-6868867.949800487,-3175918.7303459775],[-6894065.83170856,-3053023.7130956333],[-6918270.140068086,-2929612.9365543006],[-6941476.465805446,-2805709.7341920207],[-6963680.583384268,-2681337.1896582544],[-6984878.454132479,-2556518.150668355],[-7005066.229351988,-2431275.2425018097],[-7024240.253043738,-2305630.8811360416],[-7042397.064130128,-2179607.2860355764],[-7059533.398100172,-2053226.4926133042],[-7075646.188040278,-1926510.364378373],[-7090732.565045638,-1799480.6047837401],[-7104789.858034334,-1672158.768785557],[-7117815.593008338,-1544566.274126222],[-7129807.491823361,-1416724.4123530413],[-7140763.470542984,-1288654.3595849262],[-7150681.637462053,-1160377.1870402796],[-7159560.290890516,-1031913.8713402031],[-7167397.9167915275,-903285.3046022527],[-7174193.186367533,-774512.3043411546],[-7179944.953685267,-645615.6231941206],[-7184652.253425321,-516615.9584895947],[-7188314.2988347,-387533.9616794132],[-7190930.479951766,-258390.2476553977],[-7192500.362162326,-129205.40397232801],[-7193023.685133889,0],[-7192500.362162326,129205.40397232801],[-7190930.479951766,258390.2476553977],[-7188314.2988347,387533.9616794132],[-7184652.253425321,516615.9584895947],[-7179944.953685267,645615.6231941206],[-7174193.186367533,774512.3043411546],[-7167397.9167915275,903285.3046022527],[-7159560.290890516,1031913.8713402031],[-7150681.637462053,1160377.1870402796],[-7140763.470542984,1288654.3595849262],[-7129807.491823361,1416724.4123530413],[-7117815.593008338,1544566.274126222],[-7104789.858034334,1672158.768785557],[-7090732.565045638,1799480.6047837401],[-7075646.188040278,1926510.364378373],[-7059533.398100172,2053226.4926133042],[-7042397.064130128,2179607.2860355764],[-7024240.253043738,2305630.8811360416],[-7005066.229351988,2431275.2425018097],[-6984878.454132479,2556518.150668355],[-6963680.583384268,2681337.1896582544],[-6941476.465805446,2805709.7341920207],[-6918270.140068086,2929612.9365543006],[-6894065.83170856,3053023.7130956333],[-6868867.949800487,3175918.7303459775],[-6842681.083633116,3298274.390711172],[-6815509.99967993,3420066.8177172625],[-6787359.639210965,3541271.840760147],[-6758235.116977703,3661864.9793090634],[-6728141.721481619,3781821.4265020713],[-6697084.917426372,3901116.0320596504],[-6665070.351049126,4019723.2844288326],[-6632103.859128105,4137617.2920548622],[-6598191.482570845,4254771.763660034],[-6563339.485599702,4371159.987390338],[-6527554.381667221,4486754.808669574],[-6490842.967352172,4601528.60657797],[-6453212.365605978,4715453.2685481645],[-6414670.079836202,4828500.163145723],[-6375224.060425977,4940640.110674775],[-6334882.785392373,5051843.351321989],[-6293655.356977764,5162079.510524753],[-6251551.616042111,5271317.561222768],[-6208582.276173636,5379525.782627044],[-6164759.079454339,5486671.715118098],[-6120094.9757968355,5592722.110866824],[-6074604.327700939,5697642.879759457],[-6028303.142152369,5801399.030203694],[-5981209.331190645,5903954.604399321],[-5933343.00239723,6005272.607676391],[-5884726.780185604,6105314.931540248],[-5835386.158300311,6204042.27011972],[-5785349.883339763,6301414.0297965845],[-5734650.3683971595,6397388.231906093],[-5683324.135056202,6491921.40854492],[-5631412.280977249,6584968.491710236],[-5578960.969163389,6676482.696227428],[-5526021.933707813,6766415.397210219],[-5472652.995404094,6854716.003141147],[-5418918.579068085,6941331.826067392],[-5364890.222801723,7026207.950880407],[-5310647.067764524,7109287.106189509],[-5256276.315358022,7190509.539908321],[-5201873.637135165,7269812.903343736],[-5147543.521295361,7347132.14830048],[-5093399.538402642,7422399.442473785],[-5039564.508064316,7495544.109175055],[-4986170.547831608,7566492.59818795],[-4933358.9856350375,7635168.495243091],[-4881280.117745199,7701492.578175636],[-4830092.795643115,7765382.928228237],[-4779963.8273660885,7826755.105110008],[-4731067.181912021,7885522.394240124],[-4683582.989152636,7941596.134010552],[-4637696.332399699,7994886.1298162155],[-4593595.83621865,8045301.159953789],[-4551472.058173037,8092749.576234344],[-4511515.699741867,8137139.99927289],[-4473915.658463896,8178382.104936021],[-4438856.950166791,8216387.4944266565],[-4406518.536640084,8251070.636102893],[-4377071.099991001,8282349.86257064],[-4350674.809857383,8310148.402121711],[-4327477.133329908,8334395.419523179],[-4307610.73957718,8355027.037838977],[-4291191.551546469,8371987.310718428],[-4278316.995578232,8385229.113717247],[-4269064.496264424,8394714.923947474],[-4263490.25844225,8400417.459798094],[-4261628.371000206,8402320.156603986]]},"properties":{"type":"meridian","value":-75}},
{"type":"Feature","geometry":{"type":"LineString","coordinates":[[-3409302.696800165,-8402320.156603986],[-3410792.2067538,-8400417.459798094],[-3415251.597011539,-8394714.923947474],[-3422653.596462585,-8385229.113717247],[-3432953.2412371747,-8371987.310718428],[-3446088.591661743,-8355027.037838977],[-3461981.7066639266,-8334395.419523179],[-3480539.847885906,-8310148.402121711],[-3501656.8799928003,-8282349.86257064],[-3525214.829312067,-8251070.636102893],[-3551085.5601334325,-8216387.4944266565],[-3579132.526771117,-8178382.104936021],[-3609212.559793495,-8137139.99927289],[-3641177.646538429,-8092749.576234344],[-3674876.6689749192,-8045301.159953789],[-3710157.0659197588,-7994886.1298162155],[-3746866.3913221085,-7941596.134010552],[-3784853.7455296167,-7885522.394240124],[-3823971.06189287,-7826755.105110008],[-3864074.236514492,-7765382.928228237],[-3905024.0941961594,-7701492.578175636],[-3946687.1885080286,-7635168.495243091],[-3988936.438265285,-7566492.59818795],[-4031651.606451452,-7495544.109175055],[-4074719.630722114,-7422399.442473785],[-4118034.8170362893,-7347132.14830048],[-4161498.909708131,-7269812.903343736],[-4205021.052286418,-7190509.539908321],[-4248517.654211619,-7109287.106189509],[-4291912.178241377,-7026207.950880407],[-4335134.863254468,-6941331.826067392],[-4378122.396323275,-6854716.003141147],[-4420817.54696625,-6766415.397210219],[-4463168.775330711,-6676482.696227428],[-4505129.824781799,-6584968.491710236],[-4546659.308044961,-6491921.40854492],[-4587720.294717726,-6397388.231906093],[-4628279.90667181,-6301414.0297965845],[-4668308.926640249,-6204042.27011972],[-4707781.424148482,-6105314.931540248],[-4746674.4019177845,-6005272.607676391],[-4784967.464952515,-5903954.604399321],[-4822642.513721895,-5801399.030203694],[-4859683.462160751,-5697642.879759457],[-4896075.9806374675,-5592722.110866824],[-4931807.263563471,-5486671.715118098],[-4966865.820938908,-5379525.782627044],[-5001241.292833689,-5271317.561222768],[-5034924.28558221,-5162079.510524753],[-5067906.228313897,-5051843.351321989],[-5100179.248340782,-4940640.110674775],[-5131736.063868959,-4828500.163145723],[-5162569.892484782,-4715453.2685481645],[-5192674.373881738,-4601528.60657797],[-5222043.505333776,-4486754.808669574],[-5250671.588479761,-4371159.987390338],[-5278553.186056674,-4254771.763660034],[-5305683.087302484,-4137617.2920548622],[-5332056.2808393,-4019723.2844288326],[-5357667.933941096,-3901116.0320596504],[-5382513.377185294,-3781821.4265020713],[-5406588.093582162,-3661864.9793090634],[-5429887.711368771,-3541271.840760147],[-5452407.999743943,-3420066.8177172625],[-5474144.866906492,-3298274.390711172],[-5495094.359840388,-3175918.7303459775],[-5515252.665366846,-3053023.7130956333],[-5534616.112054468,-2929612.9365543006],[-5553181.172644356,-2805709.7341920207],[-5570944.466707413,-2681337.1896582544],[-5587902.763305982,-2556518.150668355],[-5604052.983481591,-2431275.2425018097],[-5619392.20243499,-2305630.8811360416],[-5633917.651304101,-2179607.2860355764],[-5647626.718480138,-2053226.4926133042],[-5660516.950432221,-1926510.364378373],[-5672586.052036509,-1799480.6047837401],[-5683831.886427466,-1672158.768785557],[-5694252.474406669,-1544566.274126222],[-5703845.993458689,-1416724.4123530413],[-5712610.776434385,-1288654.3595849262],[-5720545.309969642,-1160377.1870402796],[-5727648.232712412,-1031913.8713402031],[-5733918.333433223,-903285.3046022527],[-5739354.549094026,-774512.3043411546],[-5743955.962948213,-645615.6231941206],[-5747721.802740255,-516615.9584895947],[-5750651.43906776,-387533.9616794132],[-5752744.383961412,-258390.2476553977],[-5754000.28972986,-129205.40397232801],[-5754418.94810711,0],[-5754000.28972986,129205.40397232801],[-5752744.383961412,258390.2476553977],[-5750651.43906776,387533.9616794132],[-5747721.802740255,516615.9584895947],[-5743955.962948213,645615.6231941206],[-5739354.549094026,774512.3043411546],[-5733918.333433223,903285.3046022527],[-5727648.232712412,1031913.8713402031],[-5720545.309969642,1160377.1870402796],[-5712610.776434385,1288654.3595849262],[-5703845.993458689,1416724.4123530413],[-5694252.474406669,1544566.274126222],[-5683831.886427466,1672158.768785557],[-5672586.052036509,1799480.6047837401],[-5660516.950432221,1926510.364378373],[-5647626.718480138,2053226.4926133042],[-5633917.651304101,2179607.2860355764],[-5619392.20243499,2305630.8811360416],[-5604052.983481591,2431275.2425018097],[-5587902.763305982,2556518.150668355],[-5570944.466707413,2681337.1896582544],[-5553181.172644356,2805709.7341920207],[-5534616.112054468,2929612.9365543006],[-5515252.665366846,3053023.7130956333],[-5495094.359840388,3175918.7303459775],[-5474144.866906492,3298274.390711172],[-5452407.999743943,3420066.8177172625],[-5429887.711368771,3541271.840760147],[-5406588.093582162,3661864.9793090634],[-5382513.377185294,3781821.4265020713],[-5357667.933941096,3901116.0320596504],[-5332056.2808393,4019723.2844288326],[-5305683.087302484,4137617.2920548622],[-5278553.186056674,4254771.763660034],[-5250671.588479761,4371159.987390338],[-5222043.505333776,4486754.808669574],[-5192674.373881738,4601528.60657797],[-5162569.892484782,4715453.2685481645],[-5131736.063868959,4828500.163145723],[-5100179.248340782,4940640.110674775],[-5067906.228313897,5051843.351321989],[-5034924.28558221,5162079.510524753],[-5001241.292833689,5271317.561222768],[-4966865.820938908,5379525.782627044],[-4931807.263563471,5486671.715118098],[-4896075.9806374675,5592722.110866824],[-4859683.462160751,5697642.879759457],[-4822642.513721895,5801399.030203694],[-4784967.464952515,5903954.604399321],[-4746674.4019177845,6005272.607676391],[-4707781.424148482,6105314.931540248],[-4668308.926640249,6204042.27011972],[-4628279.90667181,6301414.0297965845],[-4587720.294717726,6397388.231906093],[-4546659.308044961,6491921.40854492],[-4505129.824781799,6584968.491710236],[-4463168.775330711,6676482.696227428],[-4420817.54696625,6766415.397210219],[-4378122.396323275,6854716.003141147],[-4335134.863254468,6941331.826067392],[-4291912.178241377,7026207.950880407],[-4248517.654211619,7109287.106189509],[-4205021.052286418,7190509.539908321],[-4161498.909708131,7269812.903343736],[-4118034.8170362893,7347132.14830048],[-4074719.630722114,7422399.442473785],[-4031651.606451452,7495544.109175055],[-3988936.438265285,7566492.59818795],[-3946687.1885080286,7635168.495243091],[-3905024.0941961594,7701492.578175636],[-3864074.236514492,7765382.928228237],[-3823971.06189287,7826755.105110008],[-3784853.7455296167,7885522.394240124],[-3746866.3913221085,7941596.134010552],[-3710157.0659197588,7994886.1298162155],[-3674876.6689749192,8045301.159953789],[-3641177.646538429,8092749.576234344],[-3609212.559793495,8137139.99927289],[-3579132.526771117,8178382.104936021],[-3551085.5601334325,8216387.4944266565],[-3525214.829312067,8251070.636102893],[-3501656.8799928003,8282349.86257064],[-3480539.847885906,8310148.402121711],[-3461981.7066639266,8334395.419523179],[-3446088.591661743,8355027.037838977],[-3432953.2412371747,8371987.310718428],[-3422653.596462585,8385229.113717247],[-3415251.597011539,8394714.923947474],[-3410792.2067538,8400417.459798094],[-3409302.696800165,8402320.156603986]]},"properties":{"type":"meridian","value":-60}},
{"type":"Feature","geometry":{"type":"LineString","coordinates":[[-2556977.022600124,-8402320.156603986],[-2558094.15506535,-8400417.459798094],[-2561438.6977586546,-8394714.923947474],[-2566990.197346939,-8385229.113717247],[-2574714.930927882,-8371987.310718428],[-2584566.4437463074,-8355027.037838977],[-2596486.279997945,-8334395.419523179],[-2610404.88591443,-8310148.402121711],[-2626242.6599946,-8282349.86257064],[-2643911.1219840506,-8251070.636102893],[-2663314.1701000747,-8216387.4944266565],[-2684349.3950783378,-8178382.104936021],[-2706909.4198451205,-8137139.99927289],[-2730883.234903822,-8092749.576234344],[-2756157.50173119,-8045301.159953789],[-2782617.7994398186,-7994886.1298162155],[-2810149.7934915815,-7941596.134010552],[-2838640.309147212,-7885522.394240124],[-2867978.2964196526,-7826755.105110008],[-2898055.6773858694,-7765382.928228237],[-2928768.0706471195,-7701492.578175636],[-2960015.391381022,-7635168.495243091],[-2991702.3286989643,-7566492.59818795],[-3023738.7048385893,-7495544.109175055],[-3056039.723041585,-7422399.442473785],[-3088526.112777217,-7347132.14830048],[-3121124.182281099,-7269812.903343736],[-3153765.7892148136,-7190509.539908321],[-3186388.2406587144,-7109287.106189509],[-3218934.1336810333,-7026207.950880407],[-3251351.1474408507,-6941331.826067392],[-3283591.7972424566,-6854716.003141147],[-3315613.1602246873,-6766415.397210219],[-3347376.581498033,-6676482.696227428],[-3378847.3685863493,-6584968.491710236],[-3409994.481033721,-6491921.40854492],[-3440790.2210382954,-6397388.231906093],[-3471209.9300038572,-6301414.0297965845],[-3501231.6949801864,-6204042.27011972],[-3530836.0681113615,-6105314.931540248],[-3560005.801438338,-6005272.607676391],[-3588725.5987143866,-5903954.604399321],[-3616981.8852914213,-5801399.030203694],[-3644762.5966205634,-5697642.879759457],[-3672056.985478101,-5592722.110866824],[-3698855.447672603,-5486671.715118098],[-3725149.365704181,-5379525.782627044],[-3750930.969625267,-5271317.561222768],[-3776193.214186657,-5162079.510524753],[-3800929.671235423,-5051843.351321989],[-3825134.436255586,-4940640.110674775],[-3848802.0479017203,-4828500.163145723],[-3871927.4193635876,-4715453.2685481645],[-3894505.780411303,-4601528.60657797],[-3916532.6290003317,-4486754.808669574],[-3938003.691359821,-4371159.987390338],[-3958914.8895425065,-4254771.763660034],[-3979262.3154768627,-4137617.2920548622],[-3999042.210629476,-4019723.2844288326],[-4018250.950455823,-3901116.0320596504],[-4036885.0328889717,-3781821.4265020713],[-4054941.0701866224,-3661864.9793090634],[-4072415.7835265794,-3541271.840760147],[-4089305.9998079576,-3420066.8177172625],[-4105608.6501798704,-3298274.390711172],[-4121320.769880292,-3175918.7303459775],[-4136439.499025135,-3053023.7130956333],[-4150962.0840408513,-2929612.9365543006],[-4164885.879483268,-2805709.7341920207],[-4178208.3500305596,-2681337.1896582544],[-4190927.0724794865,-2556518.150668355],[-4203039.737611193,-2431275.2425018097],[-4214544.151826243,-2305630.8811360416],[-4225438.238478077,-2179607.2860355764],[-4235720.038860104,-2053226.4926133042],[-4245387.712824167,-1926510.364378373],[-4254439.539027383,-1799480.6047837401],[-4262873.914820599,-1672158.768785557],[-4270689.355805002,-1544566.274126222],[-4277884.495094016,-1416724.4123530413],[-4284458.08232579,-1288654.3595849262],[-4290408.982477232,-1160377.1870402796],[-4295736.17453431,-1031913.8713402031],[-4300438.7500749165,-903285.3046022527],[-4304515.91182052,-774512.3043411546],[-4307966.972211161,-645615.6231941206],[-4310791.352055192,-516615.9584895947],[-4312988.57930082,-387533.9616794132],[-4314558.287971059,-258390.2476553977],[-4315500.217297396,-129205.40397232801],[-4315814.211080333,0],[-4315500.217297396,129205.40397232801],[-4314558.287971059,258390.2476553977],[-4312988.57930082,387533.9616794132],[-4310791.352055192,516615.9584895947],[-4307966.972211161,645615.6231941206],[-4304515.91182052,774512.3043411546],[-4300438.7500749165,903285.3046022527],[-4295736.17453431,1031913.8713402031],[-4290408.982477232,1160377.1870402796],[-4284458.08232579,1288654.3595849262],[-4277884.495094016,1416724.4123530413],[-4270689.355805002,1544566.274126222],[-4262873.914820599,1672158.768785557],[-4254439.539027383,1799480.6047837401],[-4245387.712824167,1926510.364378373],[-4235720.038860104,2053226.4926133042],[-4225438.238478077,2179607.2860355764],[-4214544.151826243,2305630.8811360416],[-4203039.737611193,2431275.2425018097],[-4190927.0724794865,2556518.150668355],[-4178208.3500305596,2681337.1896582544],[-4164885.879483268,2805709.7341920207],[-4150962.0840408513,2929612.9365543006],[-4136439.499025135,3053023.7130956333],[-4121320.769880292,3175918.7303459775],[-4105608.6501798704,3298274.390711172],[-4089305.9998079576,3420066.8177172625],[-4072415.7835265794,3541271.840760147],[-4054941.0701866224,3661864.9793090634],[-4036885.0328889717,3781821.4265020713],[-4018250.950455823,3901116.0320596504],[-3999042.210629476,4019723.2844288326],[-3979262.3154768627,4137617.2920548622],[-3958914.8895425065,4254771.763660034],[-3938003.691359821,4371159.987390338],[-3916532.6290003317,4486754.808669574],[-3894505.780411303,4601528.60657797],[-3871927.4193635876,4715453.2685481645],[-3848802.0479017203,4828500.163145723],[-3825134.436255586,4940640.110674775],[-3800929.671235423,5051843.351321989],[-3776193.214186657,5162079.510524753],[-3750930.969625267,5271317.561222768],[-3725149.365704181,5379525.782627044],[-3698855.447672603,5486671.715118098],[-3672056.985478101,5592722.110866824],[-3644762.5966205634,5697642.879759457],[-3616981.8852914213,5801399.030203694],[-3588725.5987143866,5903954.604399321],[-3560005.801438338,6005272.607676391],[-3530836.0681113615,6105314.931540248],[-3501231.6949801864,6204042.27011972],[-3471209.9300038572,6301414.0297965845],[-3440790.2210382954,6397388.231906093],[-3409994.481033721,6491921.40854492],[-3378847.3685863493,6584968.491710236],[-3347376.581498033,6676482.696227428],[-3315613.1602246873,6766415.397210219],[-3283591.7972424566,6854716.003141147],[-3251351.1474408507,6941331.826067392],[-3218934.1336810333,7026207.950880407],[-3186388.2406587144,7109287.106189509],[-3153765.7892148136,7190509.539908321],[-3121124.182281099,7269812.903343736],[-3088526.112777217,7347132.14830048],[-3056039.723041585,7422399.442473785],[-3023738.7048385893,7495544.109175055],[-2991702.3286989643,7566492.59818795],[-2960015.391381022,7635168.495243091],[-2928768.0706471195,7701492.578175636],[-2898055.6773858694,7765382.928228237],[-2867978.2964196526,7826755.105110008],[-2838640.309147212,7885522.394240124],[-2810149.7934915815,7941596.134010552],[-2782617.7994398186,7994886.1298162155],[-2756157.50173119,8045301.159953789],[-2730883.234903822,8092749.576234344],[-2706909.4198451205,8137139.99927289],[-2684349.3950783378,8178382.104936021],[-2663314.1701000747,8216387.4944266565],[-2643911.1219840506,8251070.636102893],[-2626242.6599946,8282349.86257064],[-2610404.88591443,8310148.402121711],[-2596486.279997945,8334395.419523179],[-2584566.4437463074,8355027.037838977],[-2574714.930927882,8371987.310718428],[-2566990.197346939,8385229.113717247],[-2561438.6977586546,8394714.923947474],[-2558094.15506535,8400417.459798094],[-2556977.022600124,8402320.156603986]]},"properties":{"type":"meridian","value":-45}},
{"type":"Feature","geometry":{"type":"LineString","coordinates":[[-1704651.3484000824,-8402320.156603986],[-1705396.1033769,-8400417.459798094],[-1707625.7985057696,-8394714.923947474],[-1711326.7982312925,-8385229.113717247],[-1716476.6206185874,-8371987.310718428],[-1723044.2958308714,-8355027.037838977],[-1730990.8533319633,-8334395.419523179],[-1740269.923942953,-8310148.402121711],[-1750828.4399964001,-8282349.86257064],[-1762607.4146560335,-8251070.636102893],[-1775542.7800667163,-8216387.4944266565],[-1789566.2633855585,-8178382.104936021],[-1804606.2798967476,-8137139.99927289],[-1820588.8232692145,-8092749.576234344],[-1837438.3344874596,-8045301.159953789],[-1855078.5329598794,-7994886.1298162155],[-1873433.1956610542,-7941596.134010552],[-1892426.8727648084,-7885522.394240124],[-1911985.530946435,-7826755.105110008],[-1932037.118257246,-7765382.928228237],[-1952512.0470980797,-7701492.578175636],[-1973343.5942540143,-7635168.495243091],[-1994468.2191326425,-7566492.59818795],[-2015825.803225726,-7495544.109175055],[-2037359.815361057,-7422399.442473785],[-2059017.4085181446,-7347132.14830048],[-2080749.4548540656,-7269812.903343736],[-2102510.526143209,-7190509.539908321],[-2124258.8271058095,-7109287.106189509],[-2145956.0891206884,-7026207.950880407],[-2167567.431627234,-6941331.826067392],[-2189061.1981616374,-6854716.003141147],[-2210408.773483125,-6766415.397210219],[-2231584.3876653556,-6676482.696227428],[-2252564.9123908994,-6584968.491710236],[-2273329.6540224804,-6491921.40854492],[-2293860.147358863,-6397388.231906093],[-2314139.953335905,-6301414.0297965845],[-2334154.4633201244,-6204042.27011972],[-2353890.712074241,-6105314.931540248],[-2373337.2009588922,-6005272.607676391],[-2392483.7324762577,-5903954.604399321],[-2411321.2568609477,-5801399.030203694],[-2429841.7310803756,-5697642.879759457],[-2448037.9903187337,-5592722.110866824],[-2465903.6317817355,-5486671.715118098],[-2483432.910469454,-5379525.782627044],[-2500620.6464168443,-5271317.561222768],[-2517462.142791105,-5162079.510524753],[-2533953.1141569484,-5051843.351321989],[-2550089.624170391,-4940640.110674775],[-2565868.0319344797,-4828500.163145723],[-2581284.946242391,-4715453.2685481645],[-2596337.186940869,-4601528.60657797],[-2611021.752666888,-4486754.808669574],[-2625335.7942398805,-4371159.987390338],[-2639276.593028337,-4254771.763660034],[-2652841.543651242,-4137617.2920548622],[-2666028.14041965,-4019723.2844288326],[-2678833.966970548,-3901116.0320596504],[-2691256.688592647,-3781821.4265020713],[-2703294.046791081,-3661864.9793090634],[-2714943.8556843856,-3541271.840760147],[-2726203.9998719716,-3420066.8177172625],[-2737072.433453246,-3298274.390711172],[-2747547.179920194,-3175918.7303459775],[-2757626.332683423,-3053023.7130956333],[-2767308.056027234,-2929612.9365543006],[-2776590.586322178,-2805709.7341920207],[-2785472.2333537065,-2681337.1896582544],[-2793951.381652991,-2556518.150668355],[-2802026.4917407953,-2431275.2425018097],[-2809696.101217495,-2305630.8811360416],[-2816958.8256520503,-2179607.2860355764],[-2823813.359240069,-2053226.4926133042],[-2830258.4752161107,-1926510.364378373],[-2836293.0260182545,-1799480.6047837401],[-2841915.943213733,-1672158.768785557],[-2847126.2372033345,-1544566.274126222],[-2851922.9967293446,-1416724.4123530413],[-2856305.3882171926,-1288654.3595849262],[-2860272.654984821,-1160377.1870402796],[-2863824.116356206,-1031913.8713402031],[-2866959.1667166115,-903285.3046022527],[-2869677.274547013,-774512.3043411546],[-2871977.9814741067,-645615.6231941206],[-2873860.9013701277,-516615.9584895947],[-2875325.71953388,-387533.9616794132],[-2876372.191980706,-258390.2476553977],[-2877000.14486493,-129205.40397232801],[-2877209.474053555,0],[-2877000.14486493,129205.40397232801],[-2876372.191980706,258390.2476553977],[-2875325.71953388,387533.9616794132],[-2873860.9013701277,516615.9584895947],[-2871977.9814741067,645615.6231941206],[-2869677.274547013,774512.3043411546],[-2866959.1667166115,903285.3046022527],[-2863824.116356206,1031913.8713402031],[-2860272.654984821,1160377.1870402796],[-2856305.3882171926,1288654.3595849262],[-2851922.9967293446,1416724.4123530413],[-2847126.2372033345,1544566.274126222],[-2841915.943213733,1672158.768785557],[-2836293.0260182545,1799480.6047837401],[-2830258.4752161107,1926510.364378373],[-2823813.359240069,2053226.4926133042],[-2816958.8256520503,2179607.2860355764],[-2809696.101217495,2305630.8811360416],[-2802026.4917407953,2431275.2425018097],[-2793951.381652991,2556518.150668355],[-2785472.2333537065,2681337.1896582544],[-2776590.586322178,2805709.7341920207],[-2767308.056027234,2929612.9365543006],[-2757626.332683423,3053023.7130956333],[-2747547.179920194,3175918.7303459775],[-2737072.433453246,3298274.390711172],[-2726203.9998719716,3420066.8177172625],[-2714943.8556843856,3541271.840760147],[-2703294.046791081,3661864.9793090634],[-2691256.688592647,3781821.4265020713],[-2678833.966970548,3901116.0320596504],[-2666028.14041965,4019723.2844288326],[-2652841.543651242,4137617.2920548622],[-2639276.593028337,4254771.763660034],[-2625335.7942398805,4371159.987390338],[-2611021.752666888,4486754.808669574],[-2596337.186940869,4601528.60657797],[-2581284.946242391,4715453.2685481645],[-2565868.0319344797,4828500.163145723],[-2550089.624170391,4940640.110674775],[-2533953.1141569484,5051843.351321989],[-2517462.142791105,5162079.510524753],[-2500620.6464168443,5271317.561222768],[-2483432.910469454,5379525.782627044],[-2465903.6317817355,5486671.715118098],[-2448037.9903187337,5592722.110866824],[-2429841.7310803756,5697642.879759457],[-2411321.2568609477,5801399.030203694],[-2392483.7324762577,5903954.604399321],[-2373337.2009588922,6005272.607676391],[-2353890.712074241,6105314.931540248],[-2334154.4633201244,6204042.27011972],[-2314139.953335905,6301414.0297965845],[-2293860.147358863,6397388.231906093],[-2273329.6540224804,6491921.40854492],[-2252564.9123908994,6584968.491710236],[-2231584.3876653556,6676482.696227428],[-2210408.773483125,6766415.397210219],[-2189061.1981616374,6854716.003141147],[-2167567.431627234,6941331.826067392],[-2145956.0891206884,7026207.950880407],[-2124258.8271058095,7109287.106189509],[-2102510.526143209,7190509.539908321],[-2080749.4548540656,7269812.903343736],[-2059017.4085181446,7347132.14830048],[-2037359.815361057,7422399.442473785],[-2015825.803225726,7495544.109175055],[-1994468.2191326425,7566492.59818795],[-1973343.5942540143,7635168.495243091],[-1952512.0470980797,7701492.578175636],[-1932037.118257246,7765382.928228237],[-1911985.530946435,7826755.105110008],[-1892426.8727648084,7885522.394240124],[-1873433.1956610542,7941596.134010552],[-1855078.5329598794,7994886.1298162155],[-1837438.3344874596,8045301.159953789],[-1820588.8232692145,8092749.576234344],[-1804606.2798967476,8137139.99927289],[-1789566.2633855585,8178382.104936021],[-1775542.7800667163,8216387.4944266565],[-1762607.4146560335,8251070.636102893],[-1750828.4399964001,8282349.86257064],[-1740269.923942953,8310148.402121711],[-1730990.8533319633,8334395.419523179],[-1723044.2958308714,8355027.037838977],[-1716476.6206185874,8371987.310718428],[-1711326.7982312925,8385229.113717247],[-1707625.7985057696,8394714.923947474],[-1705396.1033769,8400417.459798094],[-1704651.3484000824,8402320.156603986]]},"properties":{"type":"meridian","value":-30}},
{"type":"Feature","geometry":{"type":"LineString","coordinates":[[-852325.6742000412,-8402320.156603986],[-852698.05168845,-8400417.459798094],[-853812.8992528848,-8394714.923947474],[-855663.3991156463,-8385229.113717247],[-858238.3103092937,-8371987.310718428],[-861522.1479154357,-8355027.037838977],[-865495.4266659816,-8334395.419523179],[-870134.9619714766,-8310148.402121711],[-875414.2199982001,-8282349.86257064],[-881303.7073280168,-8251070.636102893],[-887771.3900333581,-8216387.4944266565],[-894783.1316927793,-8178382.104936021],[-902303.1399483738,-8137139.99927289],[-910294.4116346072,-8092749.576234344],[-918719.1672437298,-8045301.159953789],[-927539.2664799397,-7994886.1298162155],[-936716.5978305271,-7941596.134010552],[-946213.4363824042,-7885522.394240124],[-955992.7654732175,-7826755.105110008],[-966018.559128623,-7765382.928228237],[-976256.0235490398,-7701492.578175636],[-986671.7971270072,-7635168.495243091],[-997234.1095663212,-7566492.59818795],[-1007912.901612863,-7495544.109175055],[-1018679.9076805285,-7422399.442473785],[-1029508.7042590723,-7347132.14830048],[-1040374.7274270328,-7269812.903343736],[-1051255.2630716045,-7190509.539908321],[-1062129.4135529047,-7109287.106189509],[-1072978.0445603442,-7026207.950880407],[-1083783.715813617,-6941331.826067392],[-1094530.5990808187,-6854716.003141147],[-1105204.3867415625,-6766415.397210219],[-1115792.1938326778,-6676482.696227428],[-1126282.4561954497,-6584968.491710236],[-1136664.8270112402,-6491921.40854492],[-1146930.0736794316,-6397388.231906093],[-1157069.9766679525,-6301414.0297965845],[-1167077.2316600622,-6204042.27011972],[-1176945.3560371206,-6105314.931540248],[-1186668.6004794461,-6005272.607676391],[-1196241.8662381289,-5903954.604399321],[-1205660.6284304739,-5801399.030203694],[-1214920.8655401878,-5697642.879759457],[-1224018.9951593669,-5592722.110866824],[-1232951.8158908677,-5486671.715118098],[-1241716.455234727,-5379525.782627044],[-1250310.3232084222,-5271317.561222768],[-1258731.0713955525,-5162079.510524753],[-1266976.5570784742,-5051843.351321989],[-1275044.8120851954,-4940640.110674775],[-1282934.0159672399,-4828500.163145723],[-1290642.4731211956,-4715453.2685481645],[-1298168.5934704344,-4601528.60657797],[-1305510.876333444,-4486754.808669574],[-1312667.8971199403,-4371159.987390338],[-1319638.2965141686,-4254771.763660034],[-1326420.771825621,-4137617.2920548622],[-1333014.070209825,-4019723.2844288326],[-1339416.983485274,-3901116.0320596504],[-1345628.3442963236,-3781821.4265020713],[-1351647.0233955404,-3661864.9793090634],[-1357471.9278421928,-3541271.840760147],[-1363101.9999359858,-3420066.8177172625],[-1368536.216726623,-3298274.390711172],[-1373773.589960097,-3175918.7303459775],[-1378813.1663417115,-3053023.7130956333],[-1383654.028013617,-2929612.9365543006],[-1388295.293161089,-2805709.7341920207],[-1392736.1166768533,-2681337.1896582544],[-1396975.6908264954,-2556518.150668355],[-1401013.2458703977,-2431275.2425018097],[-1404848.0506087474,-2305630.8811360416],[-1408479.4128260252,-2179607.2860355764],[-1411906.6796200345,-2053226.4926133042],[-1415129.2376080554,-1926510.364378373],[-1418146.5130091272,-1799480.6047837401],[-1420957.9716068665,-1672158.768785557],[-1423563.1186016672,-1544566.274126222],[-1425961.4983646723,-1416724.4123530413],[-1428152.6941085963,-1288654.3595849262],[-1430136.3274924105,-1160377.1870402796],[-1431912.058178103,-1031913.8713402031],[-1433479.5833583057,-903285.3046022527],[-1434838.6372735065,-774512.3043411546],[-1435988.9907370533,-645615.6231941206],[-1436930.4506850638,-516615.9584895947],[-1437662.85976694,-387533.9616794132],[-1438186.095990353,-258390.2476553977],[-1438500.072432465,-129205.40397232801],[-1438604.7370267776,0],[-1438500.072432465,129205.40397232801],[-1438186.095990353,258390.2476553977],[-1437662.85976694,387533.9616794132],[-1436930.4506850638,516615.9584895947],[-1435988.9907370533,645615.6231941206],[-1434838.6372735065,774512.3043411546],[-1433479.5833583057,903285.3046022527],[-1431912.058178103,1031913.8713402031],[-1430136.3274924105,1160377.1870402796],[-1428152.6941085963,1288654.3595849262],[-1425961.4983646723,1416724.4123530413],[-1423563.1186016672,1544566.274126222],[-1420957.9716068665,1672158.768785557],[-1418146.5130091272,1799480.6047837401],[-1415129.2376080554,1926510.364378373],[-1411906.6796200345,2053226.4926133042],[-1408479.4128260252,2179607.2860355764],[-1404848.0506087474,2305630.8811360416],[-1401013.2458703977,2431275.2425018097],[-1396975.6908264954,2556518.150668355],[-1392736.1166768533,2681337.1896582544],[-1388295.293161089,2805709.7341920207],[-1383654.028013617,2929612.9365543006],[-1378813.1663417115,3053023.7130956333],[-1373773.589960097,3175918.7303459775],[-1368536.216726623,3298274.390711172],[-1363101.9999359858,3420066.8177172625],[-1357471.9278421928,3541271.840760147],[-1351647.0233955404,3661864.9793090634],[-1345628.3442963236,3781821.4265020713],[-1339416.983485274,3901116.0320596504],[-1333014.070209825,4019723.2844288326],[-1326420.771825621,4137617.2920548622],[-1319638.2965141686,4254771.763660034],[-1312667.8971199403,4371159.987390338],[-1305510.876333444,4486754.808669574],[-1298168.5934704344,4601528.60657797],[-1290642.4731211956,4715453.2685481645],[-1282934.0159672399,4828500.163145723],[-1275044.8120851954,4940640.110674775],[-1266976.5570784742,5051843.351321989],[-1258731.0713955525,5162079.510524753],[-1250310.3232084222,5271317.561222768],[-1241716.455234727,5379525.782627044],[-1232951.8158908677,5486671.715118098],[-1224018.9951593669,5592722.110866824],[-1214920.8655401878,5697642.879759457],[-1205660.6284304739,5801399.030203694],[-1196241.8662381289,5903954.604399321],[-1186668.6004794461,6005272.607676391],[-1176945.3560371206,6105314.931540248],[-1167077.2316600622,6204042.27011972],[-1157069.9766679525,6301414.0297965845],[-1146930.0736794316,6397388.231906093],[-1136664.8270112402,6491921.40854492],[-1126282.4561954497,6584968.491710236],[-1115792.1938326778,6676482.696227428],[-1105204.3867415625,6766415.397210219],[-1094530.5990808187,6854716.003141147],[-1083783.715813617,6941331.826067392],[-1072978.0445603442,7026207.950880407],[-1062129.4135529047,7109287.106189509],[-1051255.2630716045,7190509.539908321],[-1040374.7274270328,7269812.903343736],[-1029508.7042590723,7347132.14830048],[-1018679.9076805285,7422399.442473785],[-1007912.901612863,7495544.109175055],[-997234.1095663212,7566492.59818795],[-986671.7971270072,7635168.495243091],[-976256.0235490398,7701492.578175636],[-966018.559128623,7765382.928228237],[-955992.7654732175,7826755.105110008],[-946213.4363824042,7885522.394240124],[-936716.5978305271,7941596.134010552],[-927539.2664799397,7994886.1298162155],[-918719.1672437298,8045301.159953789],[-910294.4116346072,8092749.576234344],[-902303.1399483738,8137139.99927289],[-894783.1316927793,8178382.104936021],[-887771.3900333581,8216387.4944266565],[-881303.7073280168,8251070.636102893],[-875414.2199982001,8282349.86257064],[-870134.9619714766,8310148.402121711],[-865495.4266659816,8334395.419523179],[-861522.1479154357,8355027.037838977],[-858238.3103092937,8371987.310718428],[-855663.3991156463,8385229.113717247],[-853812.8992528848,8394714.923947474],[-852698.05168845,8400417.459798094],[-852325.6742000412,8402320.156603986]]},"properties":{"type":"meridian","value":-15}},
{"type":"Feature","geometry":{"type":"LineString","coordinates":[[0,-8402320.156603986],[0,-8400417.459798094],[0,-8394714.923947474],[0,-8385229.113717247],[0,-8371987.310718428],[0,-8355027.037838977],[0,-8334395.419523179],[0,-8310148.402121711],[0,-8282349.86257064],[0,-8251070.636102893],[0,-8216387.4944266565],[0,-8178382.104936021],[0,-8137139.99927289],[0,-8092749.576234344],[0,-8045301.159953789],[0,-7994886.1298162155],[0,-7941596.134010552],[0,-7885522.394240124],[0,-7826755.105110008],[0,-7765382.928228237],[0,-7701492.578175636],[0,-7635168.495243091],[0,-7566492.59818795],[0,-7495544.109175055],[0,-7422399.442473785],[0,-7347132.14830048],[0,-7269812.903343736],[0,-7190509.539908321],[0,-7109287.106189509],[0,-7026207.950880407],[0,-6941331.826067392],[0,-6854716.003141147],[0,-6766415.397210219],[0,-6676482.696227428],[0,-6584968.491710236],[0,-6491921.40854492],[0,-6397388.231906093],[0,-6301414.0297965845],[0,-6204042.27011972],[0,-6105314.931540248],[0,-6005272.607676391],[0,-5903954.604399321],[0,-5801399.030203694],[0,-5697642.879759457],[0,-5592722.110866824],[0,-5486671.715118098],[0,-5379525.782627044],[0,-5271317.561222768],[0,-5162079.510524753],[0,-5051843.351321989],[0,-4940640.110674775],[0,-4828500.163145723],[0,-4715453.2685481645],[0,-4601528.60657797],[0,-4486754.808669574],[0,-4371159.987390338],[0,-4254771.763660034],[0,-4137617.2920548622],[0,-4019723.2844288326],[0,-3901116.0320596504],[0,-3781821.4265020713],[0,-3661864.9793090634],[0,-3541271.840760147],[0,-3420066.8177172625],[0,-3298274.390711172],[0,-3175918.7303459775],[0,-3053023.7130956333],[0,-2929612.9365543006],[0,-2805709.7341920207],[0,-2681337.1896582544],[0,-2556518.150668355],[0,-2431275.2425018097],[0,-2305630.8811360416],[0,-2179607.2860355764],[0,-2053226.4926133042],[0,-1926510.364378373],[0,-1799480.6047837401],[0,-1672158.768785557],[0,-1544566.274126222],[0,-1416724.4123530413],[0,-1288654.3595849262],[0,-1160377.1870402796],[0,-1031913.8713402031],[0,-903285.3046022527],[0,-774512.3043411546],[0,-645615.6231941206],[0,-516615.9584895947],[0,-387533.9616794132],[0,-258390.2476553977],[0,-129205.40397232801],[0,0],[0,129205.40397232801],[0,258390.2476553977],[0,387533.9616794132],[0,516615.9584895947],[0,645615.6231941206],[0,774512.3043411546],[0,903285.3046022527],[0,1031913.8713402031],[0,1160377.1870402796],[0,1288654.3595849262],[0,1416724.4123530413],[0,1544566.274126222],[0,1672158.768785557],[0,1799480.6047837401],[0,1926510.364378373],[0,2053226.4926133042],[0,2179607.2860355764],[0,2305630.8811360416],[0,2431275.2425018097],[0,2556518.150668355],[0,2681337.1896582544],[0,2805709.7341920207],[0,2929612.9365543006],[0,3053023.7130956333],[0,3175918.7303459775],[0,3298274.390711172],[0,3420066.8177172625],[0,3541271.840760147],[0,3661864.9793090634],[0,3781821.4265020713],[0,3901116.0320596504],[0,4019723.2844288326],[0,4137617.2920548622],[0,4254771.763660034],[0,4371159.987390338],[0,4486754.808669574],[0,4601528.60657797],[0,4715453.2685481645],[0,4828500.163145723],[0,4940640.110674775],[0,5051843.351321989],[0,5162079.510524753],[0,5271317.561222768],[0,5379525.782627044],[0,5486671.715118098],[0,5592722.110866824],[0,5697642.879759457],[0,5801399.030203694],[0,5903954.604399321],[0,6005272.607676391],[0,6105314.931540248],[0,6204042.27011972],[0,6301414.0297965845],[0,6397388.231906093],[0,6491921.40854492],[0,6584968.491710236],[0,6676482.696227428],[0,6766415.397210219],[0,6854716.003141147],[0,6941331.826067392],[0,7026207.950880407],[0,7109287.106189509],[0,7190509.539908321],[0,7269812.903343736],[0,7347132.14830048],[0,7422399.442473785],[0,7495544.109175055],[0,7566492.59818795],[0,7635168.495243091],[0,7701492.578175636],[0,7765382.928228237],[0,7826755.105110008],[0,7885522.394240124],[0,7941596.134010552],[0,7994886.1298162155],[0,8045301.159953789],[0,8092749.576234344],[0,8137139.99927289],[0,8178382.104936021],[0,8216387.4944266565],[0,8251070.636102893],[0,8282349.86257064],[0,8310148.402121711],[0,8334395.419523179],[0,8355027.037838977],[0,8371987.310718428],[0,8385229.113717247],[0,8394714.923947474],[0,8400417.459798094],[0,8402320.156603986]]},"properties":{"type":"meridian","value":0}},
{"type":"Feature","geometry":{"type":"LineString","coordinates":[[852325.6742000412,-8402320.156603986],[852698.05168845,-8400417.459798094],[853812.8992528848,-8394714.923947474],[855663.3991156463,-8385229.113717247],[858238.3103092937,-8371987.310718428],[861522.1479154357,-8355027.037838977],[865495.4266659816,-8334395.419523179],[870134.9619714766,-8310148.402121711],[875414.2199982001,-8282349.86257064],[881303.7073280168,-8251070.636102893],[887771.3900333581,-8216387.4944266565],[894783.1316927793,-8178382.104936021],[902303.1399483738,-8137139.99927289],[910294.4116346072,-8092749.576234344],[918719.1672437298,-8045301.159953789],[927539.2664799397,-7994886.1298162155],[936716.5978305271,-7941596.134010552],[946213.4363824042,-7885522.394240124],[955992.7654732175,-7826755.105110008],[966018.559128623,-7765382.928228237],[976256.0235490398,-7701492.578175636],[986671.7971270072,-7635168.495243091],[997234.1095663212,-7566492.59818795],[1007912.901612863,-7495544.109175055],[1018679.9076805285,-7422399.442473785],[1029508.7042590723,-7347132.14830048],[1040374.7274270328,-7269812.903343736],[1051255.2630716045,-7190509.539908321],[1062129.4135529047,-7109287.106189509],[1072978.0445603442,-7026207.950880407],[1083783.715813617,-6941331.826067392],[1094530.5990808187,-6854716.003141147],[1105204.3867415625,-6766415.397210219],[1115792.1938326778,-6676482.696227428],[1126282.4561954497,-6584968.491710236],[1136664.8270112402,-6491921.40854492],[1146930.0736794316,-6397388.231906093],[1157069.9766679525,-6301414.0297965845],[1167077.2316600622,-6204042.27011972],[1176945.3560371206,-6105314.931540248],[1186668.6004794461,-6005272.607676391],[1196241.8662381289,-5903954.604399321],[1205660.6284304739,-5801399.030203694],[1214920.8655401878,-5697642.879759457],[1224018.9951593669,-5592722.110866824],[1232951.8158908677,-5486671.715118098],[1241716.455234727,-5379525.782627044],[1250310.3232084222,-5271317.561222768],[1258731.0713955525,-5162079.510524753],[1266976.5570784742,-5051843.351321989],[1275044.8120851954,-4940640.110674775],[1282934.0159672399,-4828500.163145723],[1290642.4731211956,-4715453.2685481645],[1298168.5934704344,-4601528.60657797],[1305510.876333444,-4486754.808669574],[1312667.8971199403,-4371159.987390338],[1319638.2965141686,-4254771.763660034],[1326420.771825621,-4137617.2920548622],[1333014.070209825,-4019723.2844288326],[1339416.983485274,-3901116.0320596504],[1345628.3442963236,-3781821.4265020713],[1351647.0233955404,-3661864.9793090634],[1357471.9278421928,-3541271.840760147],[1363101.9999359858,-3420066.8177172625],[1368536.216726623,-3298274.390711172],[1373773.589960097,-3175918.7303459775],[1378813.1663417115,-3053023.7130956333],[1383654.028013617,-2929612.9365543006],[1388295.293161089,-2805709.7341920207],[1392736.1166768533,-2681337.1896582544],[1396975.6908264954,-2556518.150668355],[1401013.2458703977,-2431275.2425018097],[1404848.0506087474,-2305630.8811360416],[1408479.4128260252,-2179607.2860355764],[1411906.6796200345,-2053226.4926133042],[1415129.2376080554,-1926510.364378373],[1418146.5130091272,-1799480.6047837401],[1420957.9716068665,-1672158.768785557],[1423563.1186016672,-1544566.274126222],[1425961.4983646723,-1416724.4123530413],[1428152.6941085963,-1288654.3595849262],[1430136.3274924105,-1160377.1870402796],[1431912.058178103,-1031913.8713402031],[1433479.5833583057,-903285.3046022527],[1434838.6372735065,-774512.3043411546],[1435988.9907370533,-645615.6231941206],[1436930.4506850638,-516615.9584895947],[1437662.85976694,-387533.9616794132],[1438186.095990353,-258390.2476553977],[1438500.072432465,-129205.40397232801],[1438604.7370267776,0],[1438500.072432465,129205.40397232801],[1438186.095990353,258390.2476553977],[1437662.85976694,387533.9616794132],[1436930.4506850638,516615.9584895947],[1435988.9907370533,645615.6231941206],[1434838.6372735065,774512.3043411546],[1433479.5833583057,903285.3046022527],[1431912.058178103,1031913.8713402031],[1430136.3274924105,1160377.1870402796],[1428152.6941085963,1288654.3595849262],[1425961.4983646723,1416724.4123530413],[1423563.1186016672,1544566.274126222],[1420957.9716068665,1672158.768785557],[1418146.5130091272,1799480.6047837401],[1415129.2376080554,1926510.364378373],[1411906.6796200345,2053226.4926133042],[1408479.4128260252,2179607.2860355764],[1404848.0506087474,2305630.8811360416],[1401013.2458703977,2431275.2425018097],[1396975.6908264954,2556518.150668355],[1392736.1166768533,2681337.1896582544],[1388295.293161089,2805709.7341920207],[1383654.028013617,2929612.9365543006],[1378813.1663417115,3053023.7130956333],[1373773.589960097,3175918.7303459775],[1368536.216726623,3298274.390711172],[1363101.9999359858,3420066.8177172625],[1357471.9278421928,3541271.840760147],[1351647.0233955404,3661864.9793090634],[1345628.3442963236,3781821.4265020713],[1339416.983485274,3901116.0320596504],[1333014.070209825,4019723.2844288326],[1326420.771825621,4137617.2920548622],[1319638.2965141686,4254771.763660034],[1312667.8971199403,4371159.987390338],[1305510.876333444,4486754.808669574],[1298168.5934704344,4601528.60657797],[1290642.4731211956,4715453.2685481645],[1282934.0159672399,4828500.163145723],[1275044.8120851954,4940640.110674775],[1266976.5570784742,5051843.351321989],[1258731.0713955525,5162079.510524753],[1250310.3232084222,5271317.561222768],[1241716.455234727,5379525.782627044],[1232951.8158908677,5486671.715118098],[1224018.9951593669,5592722.110866824],[1214920.8655401878,5697642.879759457],[1205660.6284304739,5801399.030203694],[1196241.8662381289,5903954.604399321],[1186668.6004794461,6005272.607676391],[1176945.3560371206,6105314.931540248],[1167077.2316600622,6204042.27011972],[1157069.9766679525,6301414.0297965845],[1146930.0736794316,6397388.231906093],[1136664.8270112402,6491921.40854492],[1126282.4561954497,6584968.491710236],[1115792.1938326778,6676482.696227428],[1105204.3867415625,6766415.397210219],[1094530.5990808187,6854716.003141147],[1083783.715813617,6941331.826067392],[1072978.0445603442,7026207.950880407],[1062129.4135529047,7109287.106189509],[1051255.2630716045,7190509.539908321],[1040374.7274270328,7269812.903343736],[1029508.7042590723,7347132.14830048],[1018679.9076805285,7422399.442473785],[1007912.901612863,7495544.109175055],[997234.1095663212,7566492.59818795],[986671.7971270072,7635168.495243091],[976256.0235490398,7701492.578175636],[966018.559128623,7765382.928228237],[955992.7654732175,7826755.105110008],[946213.4363824042,7885522.394240124],[936716.5978305271,7941596.134010552],[927539.2664799397,7994886.1298162155],[918719.1672437298,8045301.159953789],[910294.4116346072,8092749.576234344],[902303.1399483738,8137139.99927289],[894783.1316927793,8178382.104936021],[887771.3900333581,8216387.4944266565],[881303.7073280168,8251070.636102893],[875414.2199982001,8282349.86257064],[870134.9619714766,8310148.402121711],[865495.4266659816,8334395.419523179],[861522.1479154357,8355027.037838977],[858238.3103092937,8371987.310718428],[855663.3991156463,8385229.113717247],[853812.8992528848,8394714.923947474],[852698.05168845,8400417.459798094],[852325.6742000412,8402320.156603986]]},"properties":{"type":"meridian","value":15}},
{"type":"Feature","geometry":{"type":"LineString","coordinates":[[1704651.3484000824,-8402320.156603986],[1705396.1033769,-8400417.459798094],[1707625.7985057696,-8394714.923947474],[1711326.7982312925,-8385229.113717247],[1716476.6206185874,-8371987.310718428],[1723044.2958308714,-8355027.037838977],[1730990.8533319633,-8334395.419523179],[1740269.923942953,-8310148.402121711],[1750828.4399964001,-8282349.86257064],[1762607.4146560335,-8251070.636102893],[1775542.7800667163,-8216387.4944266565],[1789566.2633855585,-8178382.104936021],[1804606.2798967476,-8137139.99927289],[1820588.8232692145,-8092749.576234344],[1837438.3344874596,-8045301.159953789],[1855078.5329598794,-7994886.1298162155],[1873433.1956610542,-7941596.134010552],[1892426.8727648084,-7885522.394240124],[1911985.530946435,-7826755.105110008],[1932037.118257246,-7765382.928228237],[1952512.0470980797,-7701492.578175636],[1973343.5942540143,-7635168.495243091],[1994468.2191326425,-7566492.59818795],[2015825.803225726,-7495544.109175055],[2037359.815361057,-7422399.442473785],[2059017.4085181446,-7347132.14830048],[2080749.4548540656,-7269812.903343736],[2102510.526143209,-7190509.539908321],[2124258.8271058095,-7109287.106189509],[2145956.0891206884,-7026207.950880407],[2167567.431627234,-6941331.826067392],[2189061.1981616374,-6854716.003141147],[2210408.773483125,-6766415.397210219],[2231584.3876653556,-6676482.696227428],[2252564.9123908994,-6584968.491710236],[2273329.6540224804,-6491921.40854492],[2293860.147358863,-6397388.231906093],[2314139.953335905,-6301414.0297965845],[2334154.4633201244,-6204042.27011972],[2353890.712074241,-6105314.931540248],[2373337.2009588922,-6005272.607676391],[2392483.7324762577,-5903954.604399321],[2411321.2568609477,-5801399.030203694],[2429841.7310803756,-5697642.879759457],[2448037.9903187337,-5592722.110866824],[2465903.6317817355,-5486671.715118098],[2483432.910469454,-5379525.782627044],[2500620.6464168443,-5271317.561222768],[2517462.142791105,-5162079.510524753],[2533953.1141569484,-5051843.351321989],[2550089.624170391,-4940640.110674775],[2565868.0319344797,-4828500.163145723],[2581284.946242391,-4715453.2685481645],[2596337.186940869,-4601528.60657797],[2611021.752666888,-4486754.808669574],[2625335.7942398805,-4371159.987390338],[2639276.593028337,-4254771.763660034],[2652841.543651242,-4137617.2920548622],[2666028.14041965,-4019723.2844288326],[2678833.966970548,-3901116.0320596504],[2691256.688592647,-3781821.4265020713],[2703294.046791081,-3661864.9793090634],[2714943.8556843856,-3541271.840760147],[2726203.9998719716,-3420066.8177172625],[2737072.433453246,-3298274.390711172],[2747547.179920194,-3175918.7303459775],[2757626.332683423,-3053023.7130956333],[2767308.056027234,-2929612.9365543006],[2776590.586322178,-2805709.7341920207],[2785472.2333537065,-2681337.1896582544],[2793951.381652991,-2556518.150668355],[2802026.4917407953,-2431275.2425018097],[2809696.101217495,-2305630.8811360416],[2816958.8256520503,-2179607.2860355764],[2823813.359240069,-2053226.4926133042],[2830258.4752161107,-1926510.364378373],[2836293.0260182545,-1799480.6047837401],[2841915.943213733,-1672158.768785557],[2847126.2372033345,-1544566.274126222],[2851922.9967293446,-1416724.4123530413],[2856305.3882171926,-1288654.3595849262],[2860272.654984821,-1160377.1870402796],[2863824.116356206,-1031913.8713402031],[2866959.1667166115,-903285.3046022527],[2869677.274547013,-774512.3043411546],[2871977.9814741067,-645615.6231941206],[2873860.9013701277,-516615.9584895947],[2875325.71953388,-387533.9616794132],[2876372.191980706,-258390.2476553977],[2877000.14486493,-129205.40397232801],[2877209.474053555,0],[2877000.14486493,129205.40397232801],[2876372.191980706,258390.2476553977],[2875325.71953388,387533.9616794132],[2873860.9013701277,516615.9584895947],[2871977.9814741067,645615.6231941206],[2869677.274547013,774512.3043411546],[2866959.1667166115,903285.3046022527],[2863824.116356206,1031913.8713402031],[2860272.654984821,1160377.1870402796],[2856305.3882171926,1288654.3595849262],[2851922.9967293446,1416724.4123530413],[2847126.2372033345,1544566.274126222],[2841915.943213733,1672158.768785557],[2836293.0260182545,1799480.6047837401],[2830258.4752161107,1926510.364378373],[2823813.359240069,2053226.4926133042],[2816958.8256520503,2179607.2860355764],[2809696.101217495,2305630.8811360416],[2802026.4917407953,2431275.2425018097],[2793951.381652991,2556518.150668355],[2785472.2333537065,2681337.1896582544],[2776590.586322178,2805709.7341920207],[2767308.056027234,2929612.9365543006],[2757626.332683423,3053023.7130956333],[2747547.179920194,3175918.7303459775],[2737072.433453246,3298274.390711172],[2726203.9998719716,3420066.8177172625],[2714943.8556843856,3541271.840760147],[2703294.046791081,3661864.9793090634],[2691256.688592647,3781821.4265020713],[2678833.966970548,3901116.0320596504],[2666028.14041965,4019723.2844288326],[2652841.543651242,4137617.2920548622],[2639276.593028337,4254771.763660034],[2625335.7942398805,4371159.987390338],[2611021.752666888,4486754.808669574],[2596337.186940869,4601528.60657797],[2581284.946242391,4715453.2685481645],[2565868.0319344797,4828500.163145723],[2550089.624170391,4940640.110674775],[2533953.1141569484,5051843.351321989],[2517462.142791105,5162079.510524753],[2500620.6464168443,5271317.561222768],[2483432.910469454,5379525.782627044],[2465903.6317817355,5486671.715118098],[2448037.9903187337,5592722.110866824],[2429841.7310803756,5697642.879759457],[2411321.2568609477,5801399.030203694],[2392483.7324762577,5903954.604399321],[2373337.2009588922,6005272.607676391],[2353890.712074241,6105314.931540248],[2334154.4633201244,6204042.27011972],[2314139.953335905,6301414.0297965845],[2293860.147358863,6397388.231906093],[2273329.6540224804,6491921.40854492],[2252564.9123908994,6584968.491710236],[2231584.3876653556,6676482.696227428],[2210408.773483125,6766415.397210219],[2189061.1981616374,6854716.003141147],[2167567.431627234,6941331.826067392],[2145956.0891206884,7026207.950880407],[2124258.8271058095,7109287.106189509],[2102510.526143209,7190509.539908321],[2080749.4548540656,7269812.903343736],[2059017.4085181446,7347132.14830048],[2037359.815361057,7422399.442473785],[2015825.803225726,7495544.109175055],[1994468.2191326425,7566492.59818795],[1973343.5942540143,7635168.495243091],[1952512.0470980797,7701492.578175636],[1932037.118257246,7765382.928228237],[1911985.530946435,7826755.105110008],[1892426.8727648084,7885522.394240124],[1873433.1956610542,7941596.134010552],[1855078.5329598794,7994886.1298162155],[1837438.3344874596,8045301.159953789],[1820588.8232692145,8092749.576234344],[1804606.2798967476,8137139.99927289],[1789566.2633855585,8178382.104936021],[1775542.7800667163,8216387.4944266565],[1762607.4146560335,8251070.636102893],[1750828.4399964001,8282349.86257064],[1740269.923942953,8310148.402121711],[1730990.8533319633,8334395.419523179],[1723044.2958308714,8355027.037838977],[1716476.6206185874,8371987.310718428],[1711326.7982312925,8385229.113717247],[1707625.7985057696,8394714.923947474],[1705396.1033769,8400417.459798094],[1704651.3484000824,8402320.156603986]]},"properties":{"type":"meridian","value":30}},
{"type":"Feature","geometry":{"type":"LineString","coordinates":[[2556977.022600124,-8402320.156603986],[2558094.15506535,-8400417.459798094],[2561438.6977586546,-8394714.923947474],[2566990.197346939,-8385229.113717247],[2574714.930927882,-8371987.310718428],[2584566.4437463074,-8355027.037838977],[2596486.279997945,-8334395.419523179],[2610404.88591443,-8310148.402121711],[2626242.6599946,-8282349.86257064],[2643911.1219840506,-8251070.636102893],[2663314.1701000747,-8216387.4944266565],[2684349.3950783378,-8178382.104936021],[2706909.4198451205,-8137139.99927289],[2730883.234903822,-8092749.576234344],[2756157.50173119,-8045301.159953789],[2782617.7994398186,-7994886.1298162155],[2810149.7934915815,-7941596.134010552],[2838640.309147212,-7885522.394240124],[2867978.2964196526,-7826755.105110008],[2898055.6773858694,-7765382.928228237],[2928768.0706471195,-7701492.578175636],[2960015.391381022,-7635168.495243091],[2991702.3286989643,-7566492.59818795],[3023738.7048385893,-7495544.109175055],[3056039.723041585,-7422399.442473785],[3088526.112777217,-7347132.14830048],[3121124.182281099,-7269812.903343736],[3153765.7892148136,-7190509.539908321],[3186388.2406587144,-7109287.106189509],[3218934.1336810333,-7026207.950880407],[3251351.1474408507,-6941331.826067392],[3283591.7972424566,-6854716.003141147],[3315613.1602246873,-6766415.397210219],[3347376.581498033,-6676482.696227428],[3378847.3685863493,-6584968.491710236],[3409994.481033721,-6491921.40854492],[3440790.2210382954,-6397388.231906093],[3471209.9300038572,-6301414.0297965845],[3501231.6949801864,-6204042.27011972],[3530836.0681113615,-6105314.931540248],[3560005.801438338,-6005272.607676391],[3588725.5987143866,-5903954.604399321],[3616981.8852914213,-5801399.030203694],[3644762.5966205634,-5697642.879759457],[3672056.985478101,-5592722.110866824],[3698855.447672603,-5486671.715118098],[3725149.365704181,-5379525.782627044],[3750930.969625267,-5271317.561222768],[3776193.214186657,-5162079.510524753],[3800929.671235423,-5051843.351321989],[3825134.436255586,-4940640.110674775],[3848802.0479017203,-4828500.163145723],[3871927.4193635876,-4715453.2685481645],[3894505.780411303,-4601528.60657797],[3916532.6290003317,-4486754.808669574],[3938003.691359821,-4371159.987390338],[3958914.8895425065,-4254771.763660034],[3979262.3154768627,-4137617.2920548622],[3999042.210629476,-4019723.2844288326],[4018250.950455823,-3901116.0320596504],[4036885.0328889717,-3781821.4265020713],[4054941.0701866224,-3661864.9793090634],[4072415.7835265794,-3541271.840760147],[4089305.9998079576,-3420066.8177172625],[4105608.6501798704,-3298274.390711172],[4121320.769880292,-3175918.7303459775],[4136439.499025135,-3053023.7130956333],[4150962.0840408513,-2929612.9365543006],[4164885.879483268,-2805709.7341920207],[4178208.3500305596,-2681337.1896582544],[4190927.0724794865,-2556518.150668355],[4203039.737611193,-2431275.2425018097],[4214544.151826243,-2305630.8811360416],[4225438.238478077,-2179607.2860355764],[4235720.038860104,-2053226.4926133042],[4245387.712824167,-1926510.364378373],[4254439.539027383,-1799480.6047837401],[4262873.914820599,-1672158.768785557],[4270689.355805002,-1544566.274126222],[4277884.495094016,-1416724.4123530413],[4284458.08232579,-1288654.3595849262],[4290408.982477232,-1160377.1870402796],[4295736.17453431,-1031913.8713402031],[4300438.7500749165,-903285.3046022527],[4304515.91182052,-774512.3043411546],[4307966.972211161,-645615.6231941206],[4310791.352055192,-516615.9584895947],[4312988.57930082,-387533.9616794132],[4314558.287971059,-258390.2476553977],[4315500.217297396,-129205.40397232801],[4315814.211080333,0],[4315500.217297396,129205.40397232801],[4314558.287971059,258390.2476553977],[4312988.57930082,387533.9616794132],[4310791.352055192,516615.9584895947],[4307966.972211161,645615.6231941206],[4304515.91182052,774512.3043411546],[4300438.7500749165,903285.3046022527],[4295736.17453431,1031913.8713402031],[4290408.982477232,1160377.1870402796],[4284458.08232579,1288654.3595849262],[4277884.495094016,1416724.4123530413],[4270689.355805002,1544566.274126222],[4262873.914820599,1672158.768785557],[4254439.539027383,1799480.6047837401],[4245387.712824167,1926510.364378373],[4235720.038860104,2053226.4926133042],[4225438.238478077,2179607.2860355764],[4214544.151826243,2305630.8811360416],[4203039.737611193,2431275.2425018097],[4190927.0724794865,2556518.150668355],[4178208.3500305596,2681337.1896582544],[4164885.879483268,2805709.7341920207],[4150962.0840408513,2929612.9365543006],[4136439.499025135,3053023.7130956333],[4121320.769880292,3175918.7303459775],[4105608.6501798704,3298274.390711172],[4089305.9998079576,3420066.8177172625],[4072415.7835265794,3541271.840760147],[4054941.0701866224,3661864.9793090634],[4036885.0328889717,3781821.4265020713],[4018250.950455823,3901116.0320596504],[3999042.210629476,4019723.2844288326],[3979262.3154768627,4137617.2920548622],[3958914.8895425065,4254771.763660034],[3938003.691359821,4371159.987390338],[3916532.6290003317,4486754.808669574],[3894505.780411303,4601528.60657797],[3871927.4193635876,4715453.2685481645],[3848802.0479017203,4828500.163145723],[3825134.436255586,4940640.110674775],[3800929.671235423,5051843.351321989],[3776193.214186657,5162079.510524753],[3750930.969625267,5271317.561222768],[3725149.365704181,5379525.782627044],[3698855.447672603,5486671.715118098],[3672056.985478101,5592722.110866824],[3644762.5966205634,5697642.879759457],[3616981.8852914213,5801399.030203694],[3588725.5987143866,5903954.604399321],[3560005.801438338,6005272.607676391],[3530836.0681113615,6105314.931540248],[3501231.6949801864,6204042.27011972],[3471209.9300038572,6301414.0297965845],[3440790.2210382954,6397388.231906093],[3409994.481033721,6491921.40854492],[3378847.3685863493,6584968.491710236],[3347376.581498033,6676482.696227428],[3315613.1602246873,6766415.397210219],[3283591.7972424566,6854716.003141147],[3251351.1474408507,6941331.826067392],[3218934.1336810333,7026207.950880407],[3186388.2406587144,7109287.106189509],[3153765.7892148136,7190509.539908321],[3121124.182281099,7269812.903343736],[3088526.112777217,7347132.14830048],[3056039.723041585,7422399.442473785],[3023738.7048385893,7495544.109175055],[2991702.3286989643,7566492.59818795],[2960015.391381022,7635168.495243091],[2928768.0706471195,7701492.578175636],[2898055.6773858694,7765382.928228237],[2867978.2964196526,7826755.105110008],[2838640.309147212,7885522.394240124],[2810149.7934915815,7941596.134010552],[2782617.7994398186,7994886.1298162155],[2756157.50173119,8045301.159953789],[2730883.234903822,8092749.576234344],[2706909.4198451205,8137139.99927289],[2684349.3950783378,8178382.104936021],[2663314.1701000747,8216387.4944266565],[2643911.1219840506,8251070.636102893],[2626242.6599946,8282349.86257064],[2610404.88591443,8310148.402121711],[2596486.279997945,8334395.419523179],[2584566.4437463074,8355027.037838977],[2574714.930927882,8371987.310718428],[2566990.197346939,8385229.113717247],[2561438.6977586546,8394714.923947474],[2558094.15506535,8400417.459798094],[2556977.022600124,8402320.156603986]]},"properties":{"type":"meridian","value":45}},
{"type":"Feature","geometry":{"type":"LineString","coordinates":[[3409302.696800165,-8402320.156603986],[3410792.2067538,-8400417.459798094],[3415251.597011539,-8394714.923947474],[3422653.596462585,-8385229.113717247],[3432953.2412371747,-8371987.310718428],[3446088.591661743,-8355027.037838977],[3461981.7066639266,-8334395.419523179],[3480539.847885906,-8310148.402121711],[3501656.8799928003,-8282349.86257064],[3525214.829312067,-8251070.636102893],[3551085.5601334325,-8216387.4944266565],[3579132.526771117,-8178382.104936021],[3609212.559793495,-8137139.99927289],[3641177.646538429,-8092749.576234344],[3674876.6689749192,-8045301.159953789],[3710157.0659197588,-7994886.1298162155],[3746866.3913221085,-7941596.134010552],[3784853.7455296167,-7885522.394240124],[3823971.06189287,-7826755.105110008],[3864074.236514492,-7765382.928228237],[3905024.0941961594,-7701492.578175636],[3946687.1885080286,-7635168.495243091],[3988936.438265285,-7566492.59818795],[4031651.606451452,-7495544.109175055],[4074719.630722114,-7422399.442473785],[4118034.8170362893,-7347132.14830048],[4161498.909708131,-7269812.903343736],[4205021.052286418,-7190509.539908321],[4248517.654211619,-7109287.106189509],[4291912.178241377,-7026207.950880407],[4335134.863254468,-6941331.826067392],[4378122.396323275,-6854716.003141147],[4420817.54696625,-6766415.397210219],[4463168.775330711,-6676482.696227428],[4505129.824781799,-6584968.491710236],[4546659.308044961,-6491921.40854492],[4587720.294717726,-6397388.231906093],[4628279.90667181,-6301414.0297965845],[4668308.926640249,-6204042.27011972],[4707781.424148482,-6105314.931540248],[4746674.4019177845,-6005272.607676391],[4784967.464952515,-5903954.604399321],[4822642.513721895,-5801399.030203694],[4859683.462160751,-5697642.879759457],[4896075.9806374675,-5592722.110866824],[4931807.263563471,-5486671.715118098],[4966865.820938908,-5379525.782627044],[5001241.292833689,-5271317.561222768],[5034924.28558221,-5162079.510524753],[5067906.228313897,-5051843.351321989],[5100179.248340782,-4940640.110674775],[5131736.063868959,-4828500.163145723],[5162569.892484782,-4715453.2685481645],[5192674.373881738,-4601528.60657797],[5222043.505333776,-4486754.808669574],[5250671.588479761,-4371159.987390338],[5278553.186056674,-4254771.763660034],[5305683.087302484,-4137617.2920548622],[5332056.2808393,-4019723.2844288326],[5357667.933941096,-3901116.0320596504],[5382513.377185294,-3781821.4265020713],[5406588.093582162,-3661864.9793090634],[5429887.711368771,-3541271.840760147],[5452407.999743943,-3420066.8177172625],[5474144.866906492,-3298274.390711172],[5495094.359840388,-3175918.7303459775],[5515252.665366846,-3053023.7130956333],[5534616.112054468,-2929612.9365543006],[5553181.172644356,-2805709.7341920207],[5570944.466707413,-2681337.1896582544],[5587902.763305982,-2556518.150668355],[5604052.983481591,-2431275.2425018097],[5619392.20243499,-2305630.8811360416],[5633917.651304101,-2179607.2860355764],[5647626.718480138,-2053226.4926133042],[5660516.950432221,-1926510.364378373],[5672586.052036509,-1799480.6047837401],[5683831.886427466,-1672158.768785557],[5694252.474406669,-1544566.274126222],[5703845.993458689,-1416724.4123530413],[5712610.776434385,-1288654.3595849262],[5720545.309969642,-1160377.1870402796],[5727648.232712412,-1031913.8713402031],[5733918.333433223,-903285.3046022527],[5739354.549094026,-774512.3043411546],[5743955.962948213,-645615.6231941206],[5747721.802740255,-516615.9584895947],[5750651.43906776,-387533.9616794132],[5752744.383961412,-258390.2476553977],[5754000.28972986,-129205.40397232801],[5754418.94810711,0],[5754000.28972986,129205.40397232801],[5752744.383961412,258390.2476553977],[5750651.43906776,387533.9616794132],[5747721.802740255,516615.9584895947],[5743955.962948213,645615.6231941206],[5739354.549094026,774512.3043411546],[5733918.333433223,903285.3046022527],[5727648.232712412,1031913.8713402031],[5720545.309969642,1160377.1870402796],[5712610.776434385,1288654.3595849262],[5703845.993458689,1416724.4123530413],[5694252.474406669,1544566.274126222],[5683831.886427466,1672158.768785557],[5672586.052036509,1799480.6047837401],[5660516.950432221,1926510.364378373],[5647626.718480138,2053226.4926133042],[5633917.651304101,2179607.2860355764],[5619392.20243499,2305630.8811360416],[5604052.983481591,2431275.2425018097],[5587902.763305982,2556518.150668355],[5570944.466707413,2681337.1896582544],[5553181.172644356,2805709.7341920207],[5534616.112054468,2929612.9365543006],[5515252.665366846,3053023.7130956333],[5495094.359840388,3175918.7303459775],[5474144.866906492,3298274.390711172],[5452407.999743943,3420066.8177172625],[5429887.711368771,3541271.840760147],[5406588.093582162,3661864.9793090634],[5382513.377185294,3781821.4265020713],[5357667.933941096,3901116.0320596504],[5332056.2808393,4019723.2844288326],[5305683.087302484,4137617.2920548622],[5278553.186056674,4254771.763660034],[5250671.588479761,4371159.987390338],[5222043.505333776,4486754.808669574],[5192674.373881738,4601528.60657797],[5162569.892484782,4715453.2685481645],[5131736.063868959,4828500.163145723],[5100179.248340782,4940640.110674775],[5067906.228313897,5051843.351321989],[5034924.28558221,5162079.510524753],[5001241.292833689,5271317.561222768],[4966865.820938908,5379525.782627044],[4931807.263563471,5486671.715118098],[4896075.9806374675,5592722.110866824],[4859683.462160751,5697642.879759457],[4822642.513721895,5801399.030203694],[4784967.464952515,5903954.604399321],[4746674.4019177845,6005272.607676391],[4707781.424148482,6105314.931540248],[4668308.926640249,6204042.27011972],[4628279.90667181,6301414.0297965845],[4587720.294717726,6397388.231906093],[4546659.308044961,6491921.40854492],[4505129.824781799,6584968.491710236],[4463168.775330711,6676482.696227428],[4420817.54696625,6766415.397210219],[4378122.396323275,6854716.003141147],[4335134.863254468,6941331.826067392],[4291912.178241377,7026207.950880407],[4248517.654211619,7109287.106189509],[4205021.052286418,7190509.539908321],[4161498.909708131,7269812.903343736],[4118034.8170362893,7347132.14830048],[4074719.630722114,7422399.442473785],[4031651.606451452,7495544.109175055],[3988936.438265285,7566492.59818795],[3946687.1885080286,7635168.495243091],[3905024.0941961594,7701492.578175636],[3864074.236514492,7765382.928228237],[3823971.06189287,7826755.105110008],[3784853.7455296167,7885522.394240124],[3746866.3913221085,7941596.134010552],[3710157.0659197588,7994886.1298162155],[3674876.6689749192,8045301.159953789],[3641177.646538429,8092749.576234344],[3609212.559793495,8137139.99927289],[3579132.526771117,8178382.104936021],[3551085.5601334325,8216387.4944266565],[3525214.829312067,8251070.636102893],[3501656.8799928003,8282349.86257064],[3480539.847885906,8310148.402121711],[3461981.7066639266,8334395.419523179],[3446088.591661743,8355027.037838977],[3432953.2412371747,8371987.310718428],[3422653.596462585,8385229.113717247],[3415251.597011539,8394714.923947474],[3410792.2067538,8400417.459798094],[3409302.696800165,8402320.156603986]]},"properties":{"type":"meridian","value":60}},
{"type":"Feature","geometry":{"type":"LineString","coordinates":[[4261628.371000206,-8402320.156603986],[4263490.25844225,-8400417.459798094],[4269064.496264424,-8394714.923947474],[4278316.995578232,-8385229.113717247],[4291191.551546469,-8371987.310718428],[4307610.73957718,-8355027.037838977],[4327477.133329908,-8334395.419523179],[4350674.809857383,-8310148.402121711],[4377071.099991001,-8282349.86257064],[4406518.536640084,-8251070.636102893],[4438856.950166791,-8216387.4944266565],[4473915.658463896,-8178382.104936021],[4511515.699741867,-8137139.99927289],[4551472.058173037,-8092749.576234344],[4593595.83621865,-8045301.159953789],[4637696.332399699,-7994886.1298162155],[4683582.989152636,-7941596.134010552],[4731067.181912021,-7885522.394240124],[4779963.8273660885,-7826755.105110008],[4830092.795643115,-7765382.928228237],[4881280.117745199,-7701492.578175636],[4933358.9856350375,-7635168.495243091],[4986170.547831608,-7566492.59818795],[5039564.508064316,-7495544.109175055],[5093399.538402642,-7422399.442473785],[5147543.521295361,-7347132.14830048],[5201873.637135165,-7269812.903343736],[5256276.315358022,-7190509.539908321],[5310647.067764524,-7109287.106189509],[5364890.222801723,-7026207.950880407],[5418918.579068085,-6941331.826067392],[5472652.995404094,-6854716.003141147],[5526021.933707813,-6766415.397210219],[5578960.969163389,-6676482.696227428],[5631412.280977249,-6584968.491710236],[5683324.135056202,-6491921.40854492],[5734650.3683971595,-6397388.231906093],[5785349.883339763,-6301414.0297965845],[5835386.158300311,-6204042.27011972],[5884726.780185604,-6105314.931540248],[5933343.00239723,-6005272.607676391],[5981209.331190645,-5903954.604399321],[6028303.142152369,-5801399.030203694],[6074604.327700939,-5697642.879759457],[6120094.9757968355,-5592722.110866824],[6164759.079454339,-5486671.715118098],[6208582.276173636,-5379525.782627044],[6251551.616042111,-5271317.561222768],[6293655.356977764,-5162079.510524753],[6334882.785392373,-5051843.351321989],[6375224.060425977,-4940640.110674775],[6414670.079836202,-4828500.163145723],[6453212.365605978,-4715453.2685481645],[6490842.967352172,-4601528.60657797],[6527554.381667221,-4486754.808669574],[6563339.485599702,-4371159.987390338],[6598191.482570845,-4254771.763660034],[6632103.859128105,-4137617.2920548622],[6665070.351049126,-4019723.2844288326],[6697084.917426372,-3901116.0320596504],[6728141.721481619,-3781821.4265020713],[6758235.116977703,-3661864.9793090634],[6787359.639210965,-3541271.840760147],[6815509.99967993,-3420066.8177172625],[6842681.083633116,-3298274.390711172],[6868867.949800487,-3175918.7303459775],[6894065.83170856,-3053023.7130956333],[6918270.140068086,-2929612.9365543006],[6941476.465805446,-2805709.7341920207],[6963680.583384268,-2681337.1896582544],[6984878.454132479,-2556518.150668355],[7005066.229351988,-2431275.2425018097],[7024240.253043738,-2305630.8811360416],[7042397.064130128,-2179607.2860355764],[7059533.398100172,-2053226.4926133042],[7075646.188040278,-1926510.364378373],[7090732.565045638,-1799480.6047837401],[7104789.858034334,-1672158.768785557],[7117815.593008338,-1544566.274126222],[7129807.491823361,-1416724.4123530413],[7140763.470542984,-1288654.3595849262],[7150681.637462053,-1160377.1870402796],[7159560.290890516,-1031913.8713402031],[7167397.9167915275,-903285.3046022527],[7174193.186367533,-774512.3043411546],[7179944.953685267,-645615.6231941206],[7184652.253425321,-516615.9584895947],[7188314.2988347,-387533.9616794132],[7190930.479951766,-258390.2476553977],[7192500.362162326,-129205.40397232801],[7193023.685133889,0],[7192500.362162326,129205.40397232801],[7190930.479951766,258390.2476553977],[7188314.2988347,387533.9616794132],[7184652.253425321,516615.9584895947],[7179944.953685267,645615.6231941206],[7174193.186367533,774512.3043411546],[7167397.9167915275,903285.3046022527],[7159560.290890516,1031913.8713402031],[7150681.637462053,1160377.1870402796],[7140763.470542984,1288654.3595849262],[7129807.491823361,1416724.4123530413],[7117815.593008338,1544566.274126222],[7104789.858034334,1672158.768785557],[7090732.565045638,1799480.6047837401],[7075646.188040278,1926510.364378373],[7059533.398100172,2053226.4926133042],[7042397.064130128,2179607.2860355764],[7024240.253043738,2305630.8811360416],[7005066.229351988,2431275.2425018097],[6984878.454132479,2556518.150668355],[6963680.583384268,2681337.1896582544],[6941476.465805446,2805709.7341920207],[6918270.140068086,2929612.9365543006],[6894065.83170856,3053023.7130956333],[6868867.949800487,3175918.7303459775],[6842681.083633116,3298274.390711172],[6815509.99967993,3420066.8177172625],[6787359.639210965,3541271.840760147],[6758235.116977703,3661864.9793090634],[6728141.721481619,3781821.4265020713],[6697084.917426372,3901116.0320596504],[6665070.351049126,4019723.2844288326],[6632103.859128105,4137617.2920548622],[6598191.482570845,4254771.763660034],[6563339.485599702,4371159.987390338],[6527554.381667221,4486754.808669574],[6490842.967352172,4601528.60657797],[6453212.365605978,4715453.2685481645],[6414670.079836202,4828500.163145723],[6375224.060425977,4940640.110674775],[6334882.785392373,5051843.351321989],[6293655.356977764,5162079.510524753],[6251551.616042111,5271317.561222768],[6208582.276173636,5379525.782627044],[6164759.079454339,5486671.715118098],[6120094.9757968355,5592722.110866824],[6074604.327700939,5697642.879759457],[6028303.142152369,5801399.030203694],[5981209.331190645,5903954.604399321],[5933343.00239723,6005272.607676391],[5884726.780185604,6105314.931540248],[5835386.158300311,6204042.27011972],[5785349.883339763,6301414.0297965845],[5734650.3683971595,6397388.231906093],[5683324.135056202,6491921.40854492],[5631412.280977249,6584968.491710236],[5578960.969163389,6676482.696227428],[5526021.933707813,6766415.397210219],[5472652.995404094,6854716.003141147],[5418918.579068085,6941331.826067392],[5364890.222801723,7026207.950880407],[5310647.067764524,7109287.106189509],[5256276.315358022,7190509.539908321],[5201873.637135165,7269812.903343736],[5147543.521295361,7347132.14830048],[5093399.538402642,7422399.442473785],[5039564.508064316,7495544.109175055],[4986170.547831608,7566492.59818795],[4933358.9856350375,7635168.495243091],[4881280.117745199,7701492.578175636],[4830092.795643115,7765382.928228237],[4779963.8273660885,7826755.105110008],[4731067.181912021,7885522.394240124],[4683582.989152636,7941596.134010552],[4637696.332399699,7994886.1298162155],[4593595.83621865,8045301.159953789],[4551472.058173037,8092749.576234344],[4511515.699741867,8137139.99927289],[4473915.658463896,8178382.104936021],[4438856.950166791,8216387.4944266565],[4406518.536640084,8251070.636102893],[4377071.099991001,8282349.86257064],[4350674.809857383,8310148.402121711],[4327477.133329908,8334395.419523179],[4307610.73957718,8355027.037838977],[4291191.551546469,8371987.310718428],[4278316.995578232,8385229.113717247],[4269064.496264424,8394714.923947474],[4263490.25844225,8400417.459798094],[4261628.371000206,8402320.156603986]]},"properties":{"type":"meridian","value":75}},
{"type":"Feature","geometry":{"type":"LineString","coordinates":[[5113954.045200248,-8402320.156603986],[5116188.3101307,-8400417.459798094],[5122877.395517309,-8394714.923947474],[5133980.394693878,-8385229.113717247],[5149429.861855764,-8371987.310718428],[5169132.887492615,-8355027.037838977],[5192972.55999589,-8334395.419523179],[5220809.77182886,-8310148.402121711],[5252485.3199892,-8282349.86257064],[5287822.243968101,-8251070.636102893],[5326628.340200149,-8216387.4944266565],[5368698.7901566755,-8178382.104936021],[5413818.839690241,-8137139.99927289],[5461766.469807644,-8092749.576234344],[5512315.00346238,-8045301.159953789],[5565235.598879637,-7994886.1298162155],[5620299.586983163,-7941596.134010552],[5677280.618294424,-7885522.394240124],[5735956.592839305,-7826755.105110008],[5796111.354771739,-7765382.928228237],[5857536.141294239,-7701492.578175636],[5920030.782762044,-7635168.495243091],[5983404.657397929,-7566492.59818795],[6047477.409677179,-7495544.109175055],[6112079.44608317,-7422399.442473785],[6177052.225554434,-7347132.14830048],[6242248.364562198,-7269812.903343736],[6307531.578429627,-7190509.539908321],[6372776.481317429,-7109287.106189509],[6437868.267362067,-7026207.950880407],[6502702.2948817015,-6941331.826067392],[6567183.594484913,-6854716.003141147],[6631226.320449375,-6766415.397210219],[6694753.162996066,-6676482.696227428],[6757694.737172699,-6584968.491710236],[6819988.962067442,-6491921.40854492],[6881580.442076591,-6397388.231906093],[6942419.8600077145,-6301414.0297965845],[7002463.389960373,-6204042.27011972],[7061672.136222723,-6105314.931540248],[7120011.602876676,-6005272.607676391],[7177451.197428773,-5903954.604399321],[7233963.770582843,-5801399.030203694],[7289525.193241127,-5697642.879759457],[7344113.970956202,-5592722.110866824],[7397710.895345206,-5486671.715118098],[7450298.731408362,-5379525.782627044],[7501861.939250534,-5271317.561222768],[7552386.428373314,-5162079.510524753],[7601859.342470846,-5051843.351321989],[7650268.872511172,-4940640.110674775],[7697604.095803441,-4828500.163145723],[7743854.838727175,-4715453.2685481645],[7789011.560822606,-4601528.60657797],[7833065.2580006635,-4486754.808669574],[7876007.382719642,-4371159.987390338],[7917829.779085013,-4254771.763660034],[7958524.630953725,-4137617.2920548622],[7998084.421258952,-4019723.2844288326],[8036501.900911646,-3901116.0320596504],[8073770.0657779435,-3781821.4265020713],[8109882.140373245,-3661864.9793090634],[8144831.567053159,-3541271.840760147],[8178611.999615915,-3420066.8177172625],[8211217.300359741,-3298274.390711172],[8242641.539760584,-3175918.7303459775],[8272878.99805027,-3053023.7130956333],[8301924.168081703,-2929612.9365543006],[8329771.758966536,-2805709.7341920207],[8356416.700061119,-2681337.1896582544],[8381854.144958973,-2556518.150668355],[8406079.475222386,-2431275.2425018097],[8429088.303652486,-2305630.8811360416],[8450876.476956153,-2179607.2860355764],[8471440.077720208,-2053226.4926133042],[8490775.425648334,-1926510.364378373],[8508879.078054765,-1799480.6047837401],[8525747.829641199,-1672158.768785557],[8541378.711610004,-1544566.274126222],[8555768.990188032,-1416724.4123530413],[8568916.16465158,-1288654.3595849262],[8580817.964954464,-1160377.1870402796],[8591472.34906862,-1031913.8713402031],[8600877.500149833,-903285.3046022527],[8609031.82364104,-774512.3043411546],[8615933.944422321,-645615.6231941206],[8621582.704110384,-516615.9584895947],[8625977.15860164,-387533.9616794132],[8629116.575942118,-258390.2476553977],[8631000.434594791,-129205.40397232801],[8631628.422160666,0],[8631000.434594791,129205.40397232801],[8629116.575942118,258390.2476553977],[8625977.15860164,387533.9616794132],[8621582.704110384,516615.9584895947],[8615933.944422321,645615.6231941206],[8609031.82364104,774512.3043411546],[8600877.500149833,903285.3046022527],[8591472.34906862,1031913.8713402031],[8580817.964954464,1160377.1870402796],[8568916.16465158,1288654.3595849262],[8555768.990188032,1416724.4123530413],[8541378.711610004,1544566.274126222],[8525747.829641199,1672158.768785557],[8508879.078054765,1799480.6047837401],[8490775.425648334,1926510.364378373],[8471440.077720208,2053226.4926133042],[8450876.476956153,2179607.2860355764],[8429088.303652486,2305630.8811360416],[8406079.475222386,2431275.2425018097],[8381854.144958973,2556518.150668355],[8356416.700061119,2681337.1896582544],[8329771.758966536,2805709.7341920207],[8301924.168081703,2929612.9365543006],[8272878.99805027,3053023.7130956333],[8242641.539760584,3175918.7303459775],[8211217.300359741,3298274.390711172],[8178611.999615915,3420066.8177172625],[8144831.567053159,3541271.840760147],[8109882.140373245,3661864.9793090634],[8073770.0657779435,3781821.4265020713],[8036501.900911646,3901116.0320596504],[7998084.421258952,4019723.2844288326],[7958524.630953725,4137617.2920548622],[7917829.779085013,4254771.763660034],[7876007.382719642,4371159.987390338],[7833065.2580006635,4486754.808669574],[7789011.560822606,4601528.60657797],[7743854.838727175,4715453.2685481645],[7697604.095803441,4828500.163145723],[7650268.872511172,4940640.110674775],[7601859.342470846,5051843.351321989],[7552386.428373314,5162079.510524753],[7501861.939250534,5271317.561222768],[7450298.731408362,5379525.782627044],[7397710.895345206,5486671.715118098],[7344113.970956202,5592722.110866824],[7289525.193241127,5697642.879759457],[7233963.770582843,5801399.030203694],[7177451.197428773,5903954.604399321],[7120011.602876676,6005272.607676391],[7061672.136222723,6105314.931540248],[7002463.389960373,6204042.27011972],[6942419.8600077145,6301414.0297965845],[6881580.442076591,6397388.231906093],[6819988.962067442,6491921.40854492],[6757694.737172699,6584968.491710236],[6694753.162996066,6676482.696227428],[6631226.320449375,6766415.397210219],[6567183.594484913,6854716.003141147],[6502702.2948817015,6941331.826067392],[6437868.267362067,7026207.950880407],[6372776.481317429,7109287.106189509],[6307531.578429627,7190509.539908321],[6242248.364562198,7269812.903343736],[6177052.225554434,7347132.14830048],[6112079.44608317,7422399.442473785],[6047477.409677179,7495544.109175055],[5983404.657397929,7566492.59818795],[5920030.782762044,7635168.495243091],[5857536.141294239,7701492.578175636],[5796111.354771739,7765382.928228237],[5735956.592839305,7826755.105110008],[5677280.618294424,7885522.394240124],[5620299.586983163,7941596.134010552],[5565235.598879637,7994886.1298162155],[5512315.00346238,8045301.159953789],[5461766.469807644,8092749.576234344],[5413818.839690241,8137139.99927289],[5368698.7901566755,8178382.104936021],[5326628.340200149,8216387.4944266565],[5287822.243968101,8251070.636102893],[5252485.3199892,8282349.86257064],[5220809.77182886,8310148.402121711],[5192972.55999589,8334395.419523179],[5169132.887492615,8355027.037838977],[5149429.861855764,8371987.310718428],[5133980.394693878,8385229.113717247],[5122877.395517309,8394714.923947474],[5116188.3101307,8400417.459798094],[5113954.045200248,8402320.156603986]]},"properties":{"type":"meridian","value":90}},
{"type":"Feature","geometry":{"type":"LineString","coordinates":[[5966279.7194002895,-8402320.156603986],[5968886.36181915,-8400417.459798094],[5976690.294770194,-8394714.923947474],[5989643.793809525,-8385229.113717247],[6007668.172165058,-8371987.310718428],[6030655.035408051,-8355027.037838977],[6058467.986661873,-8334395.419523179],[6090944.733800337,-8310148.402121711],[6127899.5399874,-8282349.86257064],[6169125.951296119,-8251070.636102893],[6214399.730233508,-8216387.4944266565],[6263481.921849456,-8178382.104936021],[6316121.979638616,-8137139.99927289],[6372060.881442252,-8092749.576234344],[6431034.17070611,-8045301.159953789],[6492774.865359577,-7994886.1298162155],[6557016.184813691,-7941596.134010552],[6623494.05467683,-7885522.394240124],[6691949.358312525,-7826755.105110008],[6762129.913900361,-7765382.928228237],[6833792.16484328,-7701492.578175636],[6906702.579889053,-7635168.495243091],[6980638.76696425,-7566492.59818795],[7055390.3112900425,-7495544.109175055],[7130759.3537636995,-7422399.442473785],[7206560.929813506,-7347132.14830048],[7282623.091989232,-7269812.903343736],[7358786.841501231,-7190509.539908321],[7434905.894870332,-7109287.106189509],[7510846.311922412,-7026207.950880407],[7586486.010695319,-6941331.826067392],[7661714.193565733,-6854716.003141147],[7736430.707190939,-6766415.397210219],[7810545.356828745,-6676482.696227428],[7883977.193368148,-6584968.491710236],[7956653.789078684,-6491921.40854492],[8028510.515756023,-6397388.231906093],[8099489.836675668,-6301414.0297965845],[8169540.621620437,-6204042.27011972],[8238617.492259845,-6105314.931540248],[8306680.203356123,-6005272.607676391],[8373693.0636669025,-5903954.604399321],[8439624.399013318,-5801399.030203694],[8504446.058781315,-5697642.879759457],[8568132.96611557,-5592722.110866824],[8630662.711236075,-5486671.715118098],[8692015.186643092,-5379525.782627044],[8752172.262458956,-5271317.561222768],[8811117.499768866,-5162079.510524753],[8868835.89954932,-5051843.351321989],[8925313.684596369,-4940640.110674775],[8980538.111770682,-4828500.163145723],[9034497.311848372,-4715453.2685481645],[9087180.154293042,-4601528.60657797],[9138576.13433411,-4486754.808669574],[9188675.279839583,-4371159.987390338],[9237468.075599182,-4254771.763660034],[9284945.402779348,-4137617.2920548622],[9331098.491468778,-4019723.2844288326],[9375918.88439692,-3901116.0320596504],[9419398.410074268,-3781821.4265020713],[9461529.163768785,-3661864.9793090634],[9502303.494895352,-3541271.840760147],[9541713.999551902,-3420066.8177172625],[9579753.517086362,-3298274.390711172],[9616415.129720682,-3175918.7303459775],[9651692.164391983,-3053023.7130956333],[9685578.19609532,-2929612.9365543006],[9718067.052127624,-2805709.7341920207],[9749152.816737974,-2681337.1896582544],[9778829.835785469,-2556518.150668355],[9807092.721092785,-2431275.2425018097],[9833936.354261234,-2305630.8811360416],[9859355.88978218,-2179607.2860355764],[9883346.757340243,-2053226.4926133042],[9905904.663256392,-1926510.364378373],[9927025.591063892,-1799480.6047837401],[9946705.801248068,-1672158.768785557],[9964941.830211671,-1544566.274126222],[9981730.488552706,-1416724.4123530413],[9997068.858760176,-1288654.3595849262],[10010954.292446876,-1160377.1870402796],[10023384.407246724,-1031913.8713402031],[10034357.08350814,-903285.3046022527],[10043870.460914547,-774512.3043411546],[10051922.935159374,-645615.6231941206],[10058513.154795447,-516615.9584895947],[10063640.018368581,-387533.9616794132],[10067302.671932472,-258390.2476553977],[10069500.507027257,-129205.40397232801],[10070233.159187444,0],[10069500.507027257,129205.40397232801],[10067302.671932472,258390.2476553977],[10063640.018368581,387533.9616794132],[10058513.154795447,516615.9584895947],[10051922.935159374,645615.6231941206],[10043870.460914547,774512.3043411546],[10034357.08350814,903285.3046022527],[10023384.407246724,1031913.8713402031],[10010954.292446876,1160377.1870402796],[9997068.858760176,1288654.3595849262],[9981730.488552706,1416724.4123530413],[9964941.830211671,1544566.274126222],[9946705.801248068,1672158.768785557],[9927025.591063892,1799480.6047837401],[9905904.663256392,1926510.364378373],[9883346.757340243,2053226.4926133042],[9859355.88978218,2179607.2860355764],[9833936.354261234,2305630.8811360416],[9807092.721092785,2431275.2425018097],[9778829.835785469,2556518.150668355],[9749152.816737974,2681337.1896582544],[9718067.052127624,2805709.7341920207],[9685578.19609532,2929612.9365543006],[9651692.164391983,3053023.7130956333],[9616415.129720682,3175918.7303459775],[9579753.517086362,3298274.390711172],[9541713.999551902,3420066.8177172625],[9502303.494895352,3541271.840760147],[9461529.163768785,3661864.9793090634],[9419398.410074268,3781821.4265020713],[9375918.88439692,3901116.0320596504],[9331098.491468778,4019723.2844288326],[9284945.402779348,4137617.2920548622],[9237468.075599182,4254771.763660034],[9188675.279839583,4371159.987390338],[9138576.13433411,4486754.808669574],[9087180.154293042,4601528.60657797],[9034497.311848372,4715453.2685481645],[8980538.111770682,4828500.163145723],[8925313.684596369,4940640.110674775],[8868835.89954932,5051843.351321989],[8811117.499768866,5162079.510524753],[8752172.262458956,5271317.561222768],[8692015.186643092,5379525.782627044],[8630662.711236075,5486671.715118098],[8568132.96611557,5592722.110866824],[8504446.058781315,5697642.879759457],[8439624.399013318,5801399.030203694],[8373693.0636669025,5903954.604399321],[8306680.203356123,6005272.607676391],[8238617.492259845,6105314.931540248],[8169540.621620437,6204042.27011972],[8099489.836675668,6301414.0297965845],[8028510.515756023,6397388.231906093],[7956653.789078684,6491921.40854492],[7883977.193368148,6584968.491710236],[7810545.356828745,6676482.696227428],[7736430.707190939,6766415.397210219],[7661714.193565733,6854716.003141147],[7586486.010695319,6941331.826067392],[7510846.311922412,7026207.950880407],[7434905.894870332,7109287.106189509],[7358786.841501231,7190509.539908321],[7282623.091989232,7269812.903343736],[7206560.929813506,7347132.14830048],[7130759.3537636995,7422399.442473785],[7055390.3112900425,7495544.109175055],[6980638.76696425,7566492.59818795],[6906702.579889053,7635168.495243091],[6833792.16484328,7701492.578175636],[6762129.913900361,7765382.928228237],[6691949.358312525,7826755.105110008],[6623494.05467683,7885522.394240124],[6557016.184813691,7941596.134010552],[6492774.865359577,7994886.1298162155],[6431034.17070611,8045301.159953789],[6372060.881442252,8092749.576234344],[6316121.979638616,8137139.99927289],[6263481.921849456,8178382.104936021],[6214399.730233508,8216387.4944266565],[6169125.951296119,8251070.636102893],[6127899.5399874,8282349.86257064],[6090944.733800337,8310148.402121711],[6058467.986661873,8334395.419523179],[6030655.035408051,8355027.037838977],[6007668.172165058,8371987.310718428],[5989643.793809525,8385229.113717247],[5976690.294770194,8394714.923947474],[5968886.36181915,8400417.459798094],[5966279.7194002895,8402320.156603986]]},"properties":{"type":"meridian","value":105}},
{"type":"Feature","geometry":{"type":"LineString","coordinates":[[6818605.39360033,-8402320.156603986],[6821584.4135076,-8400417.459798094],[6830503.194023078,-8394714.923947474],[6845307.19292517,-8385229.113717247],[6865906.482474349,-8371987.310718428],[6892177.183323486,-8355027.037838977],[6923963.413327853,-8334395.419523179],[6961079.695771812,-8310148.402121711],[7003313.759985601,-8282349.86257064],[7050429.658624134,-8251070.636102893],[7102171.120266865,-8216387.4944266565],[7158265.053542234,-8178382.104936021],[7218425.11958699,-8137139.99927289],[7282355.293076858,-8092749.576234344],[7349753.3379498385,-8045301.159953789],[7420314.1318395175,-7994886.1298162155],[7493732.782644217,-7941596.134010552],[7569707.491059233,-7885522.394240124],[7647942.12378574,-7826755.105110008],[7728148.473028984,-7765382.928228237],[7810048.188392319,-7701492.578175636],[7893374.377016057,-7635168.495243091],[7977872.87653057,-7566492.59818795],[8063303.212902904,-7495544.109175055],[8149439.261444228,-7422399.442473785],[8236069.6340725785,-7347132.14830048],[8322997.819416262,-7269812.903343736],[8410042.104572836,-7190509.539908321],[8497035.308423238,-7109287.106189509],[8583824.356482754,-7026207.950880407],[8670269.726508936,-6941331.826067392],[8756244.79264655,-6854716.003141147],[8841635.0939325,-6766415.397210219],[8926337.550661422,-6676482.696227428],[9010259.649563598,-6584968.491710236],[9093318.616089921,-6491921.40854492],[9175440.589435453,-6397388.231906093],[9256559.81334362,-6301414.0297965845],[9336617.853280498,-6204042.27011972],[9415562.848296965,-6105314.931540248],[9493348.803835569,-6005272.607676391],[9569934.92990503,-5903954.604399321],[9645285.02744379,-5801399.030203694],[9719366.924321502,-5697642.879759457],[9792151.961274935,-5592722.110866824],[9863614.527126942,-5486671.715118098],[9933731.641877815,-5379525.782627044],[10002482.585667377,-5271317.561222768],[10069848.57116442,-5162079.510524753],[10135812.456627794,-5051843.351321989],[10200358.496681564,-4940640.110674775],[10263472.127737919,-4828500.163145723],[10325139.784969565,-4715453.2685481645],[10385348.747763475,-4601528.60657797],[10444087.010667551,-4486754.808669574],[10501343.176959522,-4371159.987390338],[10557106.372113349,-4254771.763660034],[10611366.174604967,-4137617.2920548622],[10664112.5616786,-4019723.2844288326],[10715335.867882192,-3901116.0320596504],[10765026.754370589,-3781821.4265020713],[10813176.187164323,-3661864.9793090634],[10859775.422737543,-3541271.840760147],[10904815.999487886,-3420066.8177172625],[10948289.733812984,-3298274.390711172],[10990188.719680777,-3175918.7303459775],[11030505.330733692,-3053023.7130956333],[11069232.224108936,-2929612.9365543006],[11106362.345288713,-2805709.7341920207],[11141888.933414826,-2681337.1896582544],[11175805.526611963,-2556518.150668355],[11208105.966963181,-2431275.2425018097],[11238784.40486998,-2305630.8811360416],[11267835.302608201,-2179607.2860355764],[11295253.436960276,-2053226.4926133042],[11321033.900864443,-1926510.364378373],[11345172.104073018,-1799480.6047837401],[11367663.772854932,-1672158.768785557],[11388504.948813338,-1544566.274126222],[11407691.986917378,-1416724.4123530413],[11425221.55286877,-1288654.3595849262],[11441090.619939284,-1160377.1870402796],[11455296.465424825,-1031913.8713402031],[11467836.666866446,-903285.3046022527],[11478709.098188052,-774512.3043411546],[11487911.925896427,-645615.6231941206],[11495443.60548051,-516615.9584895947],[11501302.87813552,-387533.9616794132],[11505488.767922824,-258390.2476553977],[11508000.57945972,-129205.40397232801],[11508837.89621422,0],[11508000.57945972,129205.40397232801],[11505488.767922824,258390.2476553977],[11501302.87813552,387533.9616794132],[11495443.60548051,516615.9584895947],[11487911.925896427,645615.6231941206],[11478709.098188052,774512.3043411546],[11467836.666866446,903285.3046022527],[11455296.465424825,1031913.8713402031],[11441090.619939284,1160377.1870402796],[11425221.55286877,1288654.3595849262],[11407691.986917378,1416724.4123530413],[11388504.948813338,1544566.274126222],[11367663.772854932,1672158.768785557],[11345172.104073018,1799480.6047837401],[11321033.900864443,1926510.364378373],[11295253.436960276,2053226.4926133042],[11267835.302608201,2179607.2860355764],[11238784.40486998,2305630.8811360416],[11208105.966963181,2431275.2425018097],[11175805.526611963,2556518.150668355],[11141888.933414826,2681337.1896582544],[11106362.345288713,2805709.7341920207],[11069232.224108936,2929612.9365543006],[11030505.330733692,3053023.7130956333],[10990188.719680777,3175918.7303459775],[10948289.733812984,3298274.390711172],[10904815.999487886,3420066.8177172625],[10859775.422737543,3541271.840760147],[10813176.187164323,3661864.9793090634],[10765026.754370589,3781821.4265020713],[10715335.867882192,3901116.0320596504],[10664112.5616786,4019723.2844288326],[10611366.174604967,4137617.2920548622],[10557106.372113349,4254771.763660034],[10501343.176959522,4371159.987390338],[10444087.010667551,4486754.808669574],[10385348.747763475,4601528.60657797],[10325139.784969565,4715453.2685481645],[10263472.127737919,4828500.163145723],[10200358.496681564,4940640.110674775],[10135812.456627794,5051843.351321989],[10069848.57116442,5162079.510524753],[10002482.585667377,5271317.561222768],[9933731.641877815,5379525.782627044],[9863614.527126942,5486671.715118098],[9792151.961274935,5592722.110866824],[9719366.924321502,5697642.879759457],[9645285.02744379,5801399.030203694],[9569934.92990503,5903954.604399321],[9493348.803835569,6005272.607676391],[9415562.848296965,6105314.931540248],[9336617.853280498,6204042.27011972],[9256559.81334362,6301414.0297965845],[9175440.589435453,6397388.231906093],[9093318.616089921,6491921.40854492],[9010259.649563598,6584968.491710236],[8926337.550661422,6676482.696227428],[8841635.0939325,6766415.397210219],[8756244.79264655,6854716.003141147],[8670269.726508936,6941331.826067392],[8583824.356482754,7026207.950880407],[8497035.308423238,7109287.106189509],[8410042.104572836,7190509.539908321],[8322997.819416262,7269812.903343736],[8236069.6340725785,7347132.14830048],[8149439.261444228,7422399.442473785],[8063303.212902904,7495544.109175055],[7977872.87653057,7566492.59818795],[7893374.377016057,7635168.495243091],[7810048.188392319,7701492.578175636],[7728148.473028984,7765382.928228237],[7647942.12378574,7826755.105110008],[7569707.491059233,7885522.394240124],[7493732.782644217,7941596.134010552],[7420314.1318395175,7994886.1298162155],[7349753.3379498385,8045301.159953789],[7282355.293076858,8092749.576234344],[7218425.11958699,8137139.99927289],[7158265.053542234,8178382.104936021],[7102171.120266865,8216387.4944266565],[7050429.658624134,8251070.636102893],[7003313.759985601,8282349.86257064],[6961079.695771812,8310148.402121711],[6923963.413327853,8334395.419523179],[6892177.183323486,8355027.037838977],[6865906.482474349,8371987.310718428],[6845307.19292517,8385229.113717247],[6830503.194023078,8394714.923947474],[6821584.4135076,8400417.459798094],[6818605.39360033,8402320.156603986]]},"properties":{"type":"meridian","value":120}},
{"type":"Feature","geometry":{"type":"LineString","coordinates":[[7670931.067800372,-8402320.156603986],[7674282.46519605,-8400417.459798094],[7684316.093275964,-8394714.923947474],[7700970.592040817,-8385229.113717247],[7724144.792783645,-8371987.310718428],[7753699.331238923,-8355027.037838977],[7789458.839993835,-8334395.419523179],[7831214.65774329,-8310148.402121711],[7878727.9799838,-8282349.86257064],[7931733.365952153,-8251070.636102893],[7989942.510300223,-8216387.4944266565],[8053048.185235013,-8178382.104936021],[8120728.259535364,-8137139.99927289],[8192649.704711466,-8092749.576234344],[8268472.50519357,-8045301.159953789],[8347853.398319457,-7994886.1298162155],[8430449.380474746,-7941596.134010552],[8515920.927441638,-7885522.394240124],[8603934.88925896,-7826755.105110008],[8694167.032157607,-7765382.928228237],[8786304.21194136,-7701492.578175636],[8880046.174143065,-7635168.495243091],[8975106.986096894,-7566492.59818795],[9071216.114515768,-7495544.109175055],[9168119.169124756,-7422399.442473785],[9265578.338331651,-7347132.14830048],[9363372.546843298,-7269812.903343736],[9461297.36764444,-7190509.539908321],[9559164.721976142,-7109287.106189509],[9656802.4010431,-7026207.950880407],[9754053.442322554,-6941331.826067392],[9850775.39172737,-6854716.003141147],[9946839.480674062,-6766415.397210219],[10042129.744494101,-6676482.696227428],[10136542.105759047,-6584968.491710236],[10229983.443101162,-6491921.40854492],[10322370.663114887,-6397388.231906093],[10413629.790011572,-6301414.0297965845],[10503695.084940562,-6204042.27011972],[10592508.204334084,-6105314.931540248],[10680017.404315015,-6005272.607676391],[10766176.796143161,-5903954.604399321],[10850945.655874263,-5801399.030203694],[10934287.78986169,-5697642.879759457],[11016170.956434302,-5592722.110866824],[11096566.34301781,-5486671.715118098],[11175448.097112544,-5379525.782627044],[11252792.9088758,-5271317.561222768],[11328579.642559972,-5162079.510524753],[11402789.01370627,-5051843.351321989],[11475403.308766758,-4940640.110674775],[11546406.143705161,-4828500.163145723],[11615782.258090762,-4715453.2685481645],[11683517.34123391,-4601528.60657797],[11749597.887000997,-4486754.808669574],[11814011.074079463,-4371159.987390338],[11876744.66862752,-4254771.763660034],[11937786.94643059,-4137617.2920548622],[11997126.631888427,-4019723.2844288326],[12054752.851367468,-3901116.0320596504],[12110655.098666914,-3781821.4265020713],[12164823.210559864,-3661864.9793090634],[12217247.350579737,-3541271.840760147],[12267917.999423875,-3420066.8177172625],[12316825.950539608,-3298274.390711172],[12363962.309640877,-3175918.7303459775],[12409318.497075405,-3053023.7130956333],[12452886.252122555,-2929612.9365543006],[12494657.638449803,-2805709.7341920207],[12534625.050091682,-2681337.1896582544],[12572781.217438461,-2556518.150668355],[12609119.212833578,-2431275.2425018097],[12643632.455478728,-2305630.8811360416],[12676314.715434229,-2179607.2860355764],[12707160.116580311,-2053226.4926133042],[12736163.1384725,-1926510.364378373],[12763318.617082147,-1799480.6047837401],[12788621.7444618,-1672158.768785557],[12812068.067415006,-1544566.274126222],[12833653.485282049,-1416724.4123530413],[12853374.246977368,-1288654.3595849262],[12871226.947431695,-1160377.1870402796],[12887208.52360293,-1031913.8713402031],[12901316.250224752,-903285.3046022527],[12913547.735461561,-774512.3043411546],[12923900.916633481,-645615.6231941206],[12932374.056165574,-516615.9584895947],[12938965.737902459,-387533.9616794132],[12943674.863913178,-258390.2476553977],[12946500.651892185,-129205.40397232801],[12947442.633241,0],[12946500.651892185,129205.40397232801],[12943674.863913178,258390.2476553977],[12938965.737902459,387533.9616794132],[12932374.056165574,516615.9584895947],[12923900.916633481,645615.6231941206],[12913547.735461561,774512.3043411546],[12901316.250224752,903285.3046022527],[12887208.52360293,1031913.8713402031],[12871226.947431695,1160377.1870402796],[12853374.246977368,1288654.3595849262],[12833653.485282049,1416724.4123530413],[12812068.067415006,1544566.274126222],[12788621.7444618,1672158.768785557],[12763318.617082147,1799480.6047837401],[12736163.1384725,1926510.364378373],[12707160.116580311,2053226.4926133042],[12676314.715434229,2179607.2860355764],[12643632.455478728,2305630.8811360416],[12609119.212833578,2431275.2425018097],[12572781.217438461,2556518.150668355],[12534625.050091682,2681337.1896582544],[12494657.638449803,2805709.7341920207],[12452886.252122555,2929612.9365543006],[12409318.497075405,3053023.7130956333],[12363962.309640877,3175918.7303459775],[12316825.950539608,3298274.390711172],[12267917.999423875,3420066.8177172625],[12217247.350579737,3541271.840760147],[12164823.210559864,3661864.9793090634],[12110655.098666914,3781821.4265020713],[12054752.851367468,3901116.0320596504],[11997126.631888427,4019723.2844288326],[11937786.94643059,4137617.2920548622],[11876744.66862752,4254771.763660034],[11814011.074079463,4371159.987390338],[11749597.887000997,4486754.808669574],[11683517.34123391,4601528.60657797],[11615782.258090762,4715453.2685481645],[11546406.143705161,4828500.163145723],[11475403.308766758,4940640.110674775],[11402789.01370627,5051843.351321989],[11328579.642559972,5162079.510524753],[11252792.9088758,5271317.561222768],[11175448.097112544,5379525.782627044],[11096566.34301781,5486671.715118098],[11016170.956434302,5592722.110866824],[10934287.78986169,5697642.879759457],[10850945.655874263,5801399.030203694],[10766176.796143161,5903954.604399321],[10680017.404315015,6005272.607676391],[10592508.204334084,6105314.931540248],[10503695.084940562,6204042.27011972],[10413629.790011572,6301414.0297965845],[10322370.663114887,6397388.231906093],[10229983.443101162,6491921.40854492],[10136542.105759047,6584968.491710236],[10042129.744494101,6676482.696227428],[9946839.480674062,6766415.397210219],[9850775.39172737,6854716.003141147],[9754053.442322554,6941331.826067392],[9656802.4010431,7026207.950880407],[9559164.721976142,7109287.106189509],[9461297.36764444,7190509.539908321],[9363372.546843298,7269812.903343736],[9265578.338331651,7347132.14830048],[9168119.169124756,7422399.442473785],[9071216.114515768,7495544.109175055],[8975106.986096894,7566492.59818795],[8880046.174143065,7635168.495243091],[8786304.21194136,7701492.578175636],[8694167.032157607,7765382.928228237],[8603934.88925896,7826755.105110008],[8515920.927441638,7885522.394240124],[8430449.380474746,7941596.134010552],[8347853.398319457,7994886.1298162155],[8268472.50519357,8045301.159953789],[8192649.704711466,8092749.576234344],[8120728.259535364,8137139.99927289],[8053048.185235013,8178382.104936021],[7989942.510300223,8216387.4944266565],[7931733.365952153,8251070.636102893],[7878727.9799838,8282349.86257064],[7831214.65774329,8310148.402121711],[7789458.839993835,8334395.419523179],[7753699.331238923,8355027.037838977],[7724144.792783645,8371987.310718428],[7700970.592040817,8385229.113717247],[7684316.093275964,8394714.923947474],[7674282.46519605,8400417.459798094],[7670931.067800372,8402320.156603986]]},"properties":{"type":"meridian","value":135}},
{"type":"Feature","geometry":{"type":"LineString","coordinates":[[8523256.742000412,-8402320.156603986],[8526980.5168845,-8400417.459798094],[8538128.992528848,-8394714.923947474],[8556633.991156464,-8385229.113717247],[8582383.103092939,-8371987.310718428],[8615221.47915436,-8355027.037838977],[8654954.266659817,-8334395.419523179],[8701349.619714767,-8310148.402121711],[8754142.199982002,-8282349.86257064],[8813037.073280169,-8251070.636102893],[8877713.900333581,-8216387.4944266565],[8947831.316927793,-8178382.104936021],[9023031.399483735,-8137139.99927289],[9102944.116346074,-8092749.576234344],[9187191.6724373,-8045301.159953789],[9275392.664799398,-7994886.1298162155],[9367165.978305273,-7941596.134010552],[9462134.363824042,-7885522.394240124],[9559927.654732177,-7826755.105110008],[9660185.59128623,-7765382.928228237],[9762560.235490398,-7701492.578175636],[9866717.971270075,-7635168.495243091],[9972341.095663216,-7566492.59818795],[10079129.016128631,-7495544.109175055],[10186799.076805284,-7422399.442473785],[10295087.042590722,-7347132.14830048],[10403747.27427033,-7269812.903343736],[10512552.630716044,-7190509.539908321],[10621294.135529049,-7109287.106189509],[10729780.445603445,-7026207.950880407],[10837837.15813617,-6941331.826067392],[10945305.990808189,-6854716.003141147],[11052043.867415626,-6766415.397210219],[11157921.938326778,-6676482.696227428],[11262824.561954498,-6584968.491710236],[11366648.270112405,-6491921.40854492],[11469300.736794319,-6397388.231906093],[11570699.766679525,-6301414.0297965845],[11670772.316600623,-6204042.27011972],[11769453.560371207,-6105314.931540248],[11866686.00479446,-6005272.607676391],[11962418.66238129,-5903954.604399321],[12056606.284304738,-5801399.030203694],[12149208.655401878,-5697642.879759457],[12240189.951593671,-5592722.110866824],[12329518.158908678,-5486671.715118098],[12417164.552347273,-5379525.782627044],[12503103.232084222,-5271317.561222768],[12587310.713955527,-5162079.510524753],[12669765.570784746,-5051843.351321989],[12750448.120851954,-4940640.110674775],[12829340.159672404,-4828500.163145723],[12906424.731211957,-4715453.2685481645],[12981685.934704345,-4601528.60657797],[13055108.763334442,-4486754.808669574],[13126678.971199404,-4371159.987390338],[13196382.96514169,-4254771.763660034],[13264207.71825621,-4137617.2920548622],[13330140.702098252,-4019723.2844288326],[13394169.834852744,-3901116.0320596504],[13456283.442963239,-3781821.4265020713],[13516470.233955406,-3661864.9793090634],[13574719.27842193,-3541271.840760147],[13631019.99935986,-3420066.8177172625],[13685362.167266233,-3298274.390711172],[13737735.899600973,-3175918.7303459775],[13788131.66341712,-3053023.7130956333],[13836540.280136172,-2929612.9365543006],[13882952.931610892,-2805709.7341920207],[13927361.166768536,-2681337.1896582544],[13969756.908264957,-2556518.150668355],[14010132.458703976,-2431275.2425018097],[14048480.506087476,-2305630.8811360416],[14084794.128260257,-2179607.2860355764],[14119066.796200344,-2053226.4926133042],[14151292.376080556,-1926510.364378373],[14181465.130091276,-1799480.6047837401],[14209579.716068668,-1672158.768785557],[14235631.186016675,-1544566.274126222],[14259614.983646723,-1416724.4123530413],[14281526.941085968,-1288654.3595849262],[14301363.274924107,-1160377.1870402796],[14319120.581781032,-1031913.8713402031],[14334795.833583055,-903285.3046022527],[14348386.372735066,-774512.3043411546],[14359889.907370534,-645615.6231941206],[14369304.506850641,-516615.9584895947],[14376628.5976694,-387533.9616794132],[14381860.959903533,-258390.2476553977],[14385000.724324653,-129205.40397232801],[14386047.370267779,0],[14385000.724324653,129205.40397232801],[14381860.959903533,258390.2476553977],[14376628.5976694,387533.9616794132],[14369304.506850641,516615.9584895947],[14359889.907370534,645615.6231941206],[14348386.372735066,774512.3043411546],[14334795.833583055,903285.3046022527],[14319120.581781032,1031913.8713402031],[14301363.274924107,1160377.1870402796],[14281526.941085968,1288654.3595849262],[14259614.983646723,1416724.4123530413],[14235631.186016675,1544566.274126222],[14209579.716068668,1672158.768785557],[14181465.130091276,1799480.6047837401],[14151292.376080556,1926510.364378373],[14119066.796200344,2053226.4926133042],[14084794.128260257,2179607.2860355764],[14048480.506087476,2305630.8811360416],[14010132.458703976,2431275.2425018097],[13969756.908264957,2556518.150668355],[13927361.166768536,2681337.1896582544],[13882952.931610892,2805709.7341920207],[13836540.280136172,2929612.9365543006],[13788131.66341712,3053023.7130956333],[13737735.899600973,3175918.7303459775],[13685362.167266233,3298274.390711172],[13631019.99935986,3420066.8177172625],[13574719.27842193,3541271.840760147],[13516470.233955406,3661864.9793090634],[13456283.442963239,3781821.4265020713],[13394169.834852744,3901116.0320596504],[13330140.702098252,4019723.2844288326],[13264207.71825621,4137617.2920548622],[13196382.96514169,4254771.763660034],[13126678.971199404,4371159.987390338],[13055108.763334442,4486754.808669574],[12981685.934704345,4601528.60657797],[12906424.731211957,4715453.2685481645],[12829340.159672404,4828500.163145723],[12750448.120851954,4940640.110674775],[12669765.570784746,5051843.351321989],[12587310.713955527,5162079.510524753],[12503103.232084222,5271317.561222768],[12417164.552347273,5379525.782627044],[12329518.158908678,5486671.715118098],[12240189.951593671,5592722.110866824],[12149208.655401878,5697642.879759457],[12056606.284304738,5801399.030203694],[11962418.66238129,5903954.604399321],[11866686.00479446,6005272.607676391],[11769453.560371207,6105314.931540248],[11670772.316600623,6204042.27011972],[11570699.766679525,6301414.0297965845],[11469300.736794319,6397388.231906093],[11366648.270112405,6491921.40854492],[11262824.561954498,6584968.491710236],[11157921.938326778,6676482.696227428],[11052043.867415626,6766415.397210219],[10945305.990808189,6854716.003141147],[10837837.15813617,6941331.826067392],[10729780.445603445,7026207.950880407],[10621294.135529049,7109287.106189509],[10512552.630716044,7190509.539908321],[10403747.27427033,7269812.903343736],[10295087.042590722,7347132.14830048],[10186799.076805284,7422399.442473785],[10079129.016128631,7495544.109175055],[9972341.095663216,7566492.59818795],[9866717.971270075,7635168.495243091],[9762560.235490398,7701492.578175636],[9660185.59128623,7765382.928228237],[9559927.654732177,7826755.105110008],[9462134.363824042,7885522.394240124],[9367165.978305273,7941596.134010552],[9275392.664799398,7994886.1298162155],[9187191.6724373,8045301.159953789],[9102944.116346074,8092749.576234344],[9023031.399483735,8137139.99927289],[8947831.316927793,8178382.104936021],[8877713.900333581,8216387.4944266565],[8813037.073280169,8251070.636102893],[8754142.199982002,8282349.86257064],[8701349.619714767,8310148.402121711],[8654954.266659817,8334395.419523179],[8615221.47915436,8355027.037838977],[8582383.103092939,8371987.310718428],[8556633.991156464,8385229.113717247],[8538128.992528848,8394714.923947474],[8526980.5168845,8400417.459798094],[8523256.742000412,8402320.156603986]]},"properties":{"type":"meridian","value":150}},
{"type":"Feature","geometry":{"type":"LineString","coordinates":[[9375582.416200453,-8402320.156603986],[9379678.568572948,-8400417.459798094],[9391941.891781732,-8394714.923947474],[9412297.390272109,-8385229.113717247],[9440621.413402233,-8371987.310718428],[9476743.627069794,-8355027.037838977],[9520449.693325799,-8334395.419523179],[9571484.581686242,-8310148.402121711],[9629556.4199802,-8282349.86257064],[9694340.780608186,-8251070.636102893],[9765485.290366938,-8216387.4944266565],[9842614.448620573,-8178382.104936021],[9925334.539432108,-8137139.99927289],[10013238.527980682,-8092749.576234344],[10105910.83968103,-8045301.159953789],[10202931.931279335,-7994886.1298162155],[10303882.5761358,-7941596.134010552],[10408347.800206445,-7885522.394240124],[10515920.420205394,-7826755.105110008],[10626204.150414852,-7765382.928228237],[10738816.259039437,-7701492.578175636],[10853389.76839708,-7635168.495243091],[10969575.205229536,-7566492.59818795],[11087041.917741492,-7495544.109175055],[11205478.98448581,-7422399.442473785],[11324595.746849794,-7347132.14830048],[11444122.001697361,-7269812.903343736],[11563807.89378765,-7190509.539908321],[11683423.549081951,-7109287.106189509],[11802758.490163788,-7026207.950880407],[11921620.873949785,-6941331.826067392],[12039836.589889007,-6854716.003141147],[12157248.254157187,-6766415.397210219],[12273714.132159455,-6676482.696227428],[12389107.018149946,-6584968.491710236],[12503313.097123643,-6491921.40854492],[12616230.81047375,-6397388.231906093],[12727769.743347477,-6301414.0297965845],[12837849.548260687,-6204042.27011972],[12946398.916408325,-6105314.931540248],[13053354.605273906,-6005272.607676391],[13158660.528619418,-5903954.604399321],[13262266.91273521,-5801399.030203694],[13364129.520942066,-5697642.879759457],[13464208.946753033,-5592722.110866824],[13562469.974799544,-5486671.715118098],[13658881.007581998,-5379525.782627044],[13753413.555292644,-5271317.561222768],[13846041.785351075,-5162079.510524753],[13936742.127863219,-5051843.351321989],[14025492.932937147,-4940640.110674775],[14112274.17563964,-4828500.163145723],[14197067.204333153,-4715453.2685481645],[14279854.528174777,-4601528.60657797],[14360619.639667885,-4486754.808669574],[14439346.868319344,-4371159.987390338],[14516021.261655854,-4254771.763660034],[14590628.490081832,-4137617.2920548622],[14663154.772308074,-4019723.2844288326],[14733586.818338016,-3901116.0320596504],[14801911.78725956,-3781821.4265020713],[14868117.257350944,-3661864.9793090634],[14932191.206264121,-3541271.840760147],[14994121.999295844,-3420066.8177172625],[15053898.383992855,-3298274.390711172],[15111509.48956107,-3175918.7303459775],[15166944.829758829,-3053023.7130956333],[15220194.308149789,-2929612.9365543006],[15271248.22477198,-2805709.7341920207],[15320097.283445386,-2681337.1896582544],[15366732.59909145,-2556518.150668355],[15411145.704574374,-2431275.2425018097],[15453328.556696223,-2305630.8811360416],[15493273.54108628,-2179607.2860355764],[15530973.475820381,-2053226.4926133042],[15566421.61368861,-1926510.364378373],[15599611.6431004,-1799480.6047837401],[15630537.687675532,-1672158.768785557],[15659194.304618342,-1544566.274126222],[15685576.482011393,-1416724.4123530413],[15709679.635194562,-1288654.3595849262],[15731499.602416515,-1160377.1870402796],[15751032.639959132,-1031913.8713402031],[15768275.416941362,-903285.3046022527],[15783225.010008572,-774512.3043411546],[15795878.898107588,-645615.6231941206],[15806234.957535705,-516615.9584895947],[15814291.457436336,-387533.9616794132],[15820047.055893883,-258390.2476553977],[15823500.796757113,-129205.40397232801],[15824652.107294556,0],[15823500.796757113,129205.40397232801],[15820047.055893883,258390.2476553977],[15814291.457436336,387533.9616794132],[15806234.957535705,516615.9584895947],[15795878.898107588,645615.6231941206],[15783225.010008572,774512.3043411546],[15768275.416941362,903285.3046022527],[15751032.639959132,1031913.8713402031],[15731499.602416515,1160377.1870402796],[15709679.635194562,1288654.3595849262],[15685576.482011393,1416724.4123530413],[15659194.304618342,1544566.274126222],[15630537.687675532,1672158.768785557],[15599611.6431004,1799480.6047837401],[15566421.61368861,1926510.364378373],[15530973.475820381,2053226.4926133042],[15493273.54108628,2179607.2860355764],[15453328.556696223,2305630.8811360416],[15411145.704574374,2431275.2425018097],[15366732.59909145,2556518.150668355],[15320097.283445386,2681337.1896582544],[15271248.22477198,2805709.7341920207],[15220194.308149789,2929612.9365543006],[15166944.829758829,3053023.7130956333],[15111509.48956107,3175918.7303459775],[15053898.383992855,3298274.390711172],[14994121.999295844,3420066.8177172625],[14932191.206264121,3541271.840760147],[14868117.257350944,3661864.9793090634],[14801911.78725956,3781821.4265020713],[14733586.818338016,3901116.0320596504],[14663154.772308074,4019723.2844288326],[14590628.490081832,4137617.2920548622],[14516021.261655854,4254771.763660034],[14439346.868319344,4371159.987390338],[14360619.639667885,4486754.808669574],[14279854.528174777,4601528.60657797],[14197067.204333153,4715453.2685481645],[14112274.17563964,4828500.163145723],[14025492.932937147,4940640.110674775],[13936742.127863219,5051843.351321989],[13846041.785351075,5162079.510524753],[13753413.555292644,5271317.561222768],[13658881.007581998,5379525.782627044],[13562469.974799544,5486671.715118098],[13464208.946753033,5592722.110866824],[13364129.520942066,5697642.879759457],[13262266.91273521,5801399.030203694],[13158660.528619418,5903954.604399321],[13053354.605273906,6005272.607676391],[12946398.916408325,6105314.931540248],[12837849.548260687,6204042.27011972],[12727769.743347477,6301414.0297965845],[12616230.81047375,6397388.231906093],[12503313.097123643,6491921.40854492],[12389107.018149946,6584968.491710236],[12273714.132159455,6676482.696227428],[12157248.254157187,6766415.397210219],[12039836.589889007,6854716.003141147],[11921620.873949785,6941331.826067392],[11802758.490163788,7026207.950880407],[11683423.549081951,7109287.106189509],[11563807.89378765,7190509.539908321],[11444122.001697361,7269812.903343736],[11324595.746849794,7347132.14830048],[11205478.98448581,7422399.442473785],[11087041.917741492,7495544.109175055],[10969575.205229536,7566492.59818795],[10853389.76839708,7635168.495243091],[10738816.259039437,7701492.578175636],[10626204.150414852,7765382.928228237],[10515920.420205394,7826755.105110008],[10408347.800206445,7885522.394240124],[10303882.5761358,7941596.134010552],[10202931.931279335,7994886.1298162155],[10105910.83968103,8045301.159953789],[10013238.527980682,8092749.576234344],[9925334.539432108,8137139.99927289],[9842614.448620573,8178382.104936021],[9765485.290366938,8216387.4944266565],[9694340.780608186,8251070.636102893],[9629556.4199802,8282349.86257064],[9571484.581686242,8310148.402121711],[9520449.693325799,8334395.419523179],[9476743.627069794,8355027.037838977],[9440621.413402233,8371987.310718428],[9412297.390272109,8385229.113717247],[9391941.891781732,8394714.923947474],[9379678.568572948,8400417.459798094],[9375582.416200453,8402320.156603986]]},"properties":{"type":"meridian","value":165}},
{"type":"Feature","geometry":{"type":"LineString","coordinates":[[10227908.090400496,-8402320.156603986],[10232376.6202614,-8400417.459798094],[10245754.791034618,-8394714.923947474],[10267960.789387755,-8385229.113717247],[10298859.723711528,-8371987.310718428],[10338265.77498523,-8355027.037838977],[10385945.11999178,-8334395.419523179],[10441619.54365772,-8310148.402121711],[10504970.6399784,-8282349.86257064],[10575644.487936202,-8251070.636102893],[10653256.680400299,-8216387.4944266565],[10737397.580313351,-8178382.104936021],[10827637.679380482,-8137139.99927289],[10923532.939615289,-8092749.576234344],[11024630.00692476,-8045301.159953789],[11130471.197759274,-7994886.1298162155],[11240599.173966326,-7941596.134010552],[11354561.236588849,-7885522.394240124],[11471913.18567861,-7826755.105110008],[11592222.709543478,-7765382.928228237],[11715072.282588478,-7701492.578175636],[11840061.565524088,-7635168.495243091],[11966809.314795857,-7566492.59818795],[12094954.819354357,-7495544.109175055],[12224158.89216634,-7422399.442473785],[12354104.451108867,-7347132.14830048],[12484496.729124395,-7269812.903343736],[12615063.156859254,-7190509.539908321],[12745552.962634858,-7109287.106189509],[12875736.534724133,-7026207.950880407],[13005404.589763403,-6941331.826067392],[13134367.188969826,-6854716.003141147],[13262452.64089875,-6766415.397210219],[13389506.325992132,-6676482.696227428],[13515389.474345397,-6584968.491710236],[13639977.924134884,-6491921.40854492],[13763160.884153182,-6397388.231906093],[13884839.720015429,-6301414.0297965845],[14004926.779920746,-6204042.27011972],[14123344.272445446,-6105314.931540248],[14240023.205753352,-6005272.607676391],[14354902.394857546,-5903954.604399321],[14467927.541165685,-5801399.030203694],[14579050.386482254,-5697642.879759457],[14688227.941912403,-5592722.110866824],[14795421.790690413,-5486671.715118098],[14900597.462816725,-5379525.782627044],[15003723.878501069,-5271317.561222768],[15104772.856746629,-5162079.510524753],[15203718.684941692,-5051843.351321989],[15300537.745022343,-4940640.110674775],[15395208.191606881,-4828500.163145723],[15487709.67745435,-4715453.2685481645],[15578023.121645212,-4601528.60657797],[15666130.516001327,-4486754.808669574],[15752014.765439283,-4371159.987390338],[15835659.558170026,-4254771.763660034],[15917049.26190745,-4137617.2920548622],[15996168.842517903,-4019723.2844288326],[16073003.801823292,-3901116.0320596504],[16147540.131555887,-3781821.4265020713],[16219764.28074649,-3661864.9793090634],[16289663.134106318,-3541271.840760147],[16357223.99923183,-3420066.8177172625],[16422434.600719482,-3298274.390711172],[16485283.079521168,-3175918.7303459775],[16545757.99610054,-3053023.7130956333],[16603848.336163405,-2929612.9365543006],[16659543.517933073,-2805709.7341920207],[16712833.400122238,-2681337.1896582544],[16763708.289917946,-2556518.150668355],[16812158.950444773,-2431275.2425018097],[16858176.60730497,-2305630.8811360416],[16901752.953912307,-2179607.2860355764],[16942880.155440416,-2053226.4926133042],[16981550.851296667,-1926510.364378373],[17017758.15610953,-1799480.6047837401],[17051495.659282397,-1672158.768785557],[17082757.42322001,-1544566.274126222],[17111537.980376065,-1416724.4123530413],[17137832.32930316,-1288654.3595849262],[17161635.929908928,-1160377.1870402796],[17182944.69813724,-1031913.8713402031],[17201755.000299666,-903285.3046022527],[17218063.64728208,-774512.3043411546],[17231867.888844643,-645615.6231941206],[17243165.408220768,-516615.9584895947],[17251954.31720328,-387533.9616794132],[17258233.151884235,-258390.2476553977],[17262000.869189583,-129205.40397232801],[17263256.844321333,0],[17262000.869189583,129205.40397232801],[17258233.151884235,258390.2476553977],[17251954.31720328,387533.9616794132],[17243165.408220768,516615.9584895947],[17231867.888844643,645615.6231941206],[17218063.64728208,774512.3043411546],[17201755.000299666,903285.3046022527],[17182944.69813724,1031913.8713402031],[17161635.929908928,1160377.1870402796],[17137832.32930316,1288654.3595849262],[17111537.980376065,1416724.4123530413],[17082757.42322001,1544566.274126222],[17051495.659282397,1672158.768785557],[17017758.15610953,1799480.6047837401],[16981550.851296667,1926510.364378373],[16942880.155440416,2053226.4926133042],[16901752.953912307,2179607.2860355764],[16858176.60730497,2305630.8811360416],[16812158.950444773,2431275.2425018097],[16763708.289917946,2556518.150668355],[16712833.400122238,2681337.1896582544],[16659543.517933073,2805709.7341920207],[16603848.336163405,2929612.9365543006],[16545757.99610054,3053023.7130956333],[16485283.079521168,3175918.7303459775],[16422434.600719482,3298274.390711172],[16357223.99923183,3420066.8177172625],[16289663.134106318,3541271.840760147],[16219764.28074649,3661864.9793090634],[16147540.131555887,3781821.4265020713],[16073003.801823292,3901116.0320596504],[15996168.842517903,4019723.2844288326],[15917049.26190745,4137617.2920548622],[15835659.558170026,4254771.763660034],[15752014.765439283,4371159.987390338],[15666130.516001327,4486754.808669574],[15578023.121645212,4601528.60657797],[15487709.67745435,4715453.2685481645],[15395208.191606881,4828500.163145723],[15300537.745022343,4940640.110674775],[15203718.684941692,5051843.351321989],[15104772.856746629,5162079.510524753],[15003723.878501069,5271317.561222768],[14900597.462816725,5379525.782627044],[14795421.790690413,5486671.715118098],[14688227.941912403,5592722.110866824],[14579050.386482254,5697642.879759457],[14467927.541165685,5801399.030203694],[14354902.394857546,5903954.604399321],[14240023.205753352,6005272.607676391],[14123344.272445446,6105314.931540248],[14004926.779920746,6204042.27011972],[13884839.720015429,6301414.0297965845],[13763160.884153182,6397388.231906093],[13639977.924134884,6491921.40854492],[13515389.474345397,6584968.491710236],[13389506.325992132,6676482.696227428],[13262452.64089875,6766415.397210219],[13134367.188969826,6854716.003141147],[13005404.589763403,6941331.826067392],[12875736.534724133,7026207.950880407],[12745552.962634858,7109287.106189509],[12615063.156859254,7190509.539908321],[12484496.729124395,7269812.903343736],[12354104.451108867,7347132.14830048],[12224158.89216634,7422399.442473785],[12094954.819354357,7495544.109175055],[11966809.314795857,7566492.59818795],[11840061.565524088,7635168.495243091],[11715072.282588478,7701492.578175636],[11592222.709543478,7765382.928228237],[11471913.18567861,7826755.105110008],[11354561.236588849,7885522.394240124],[11240599.173966326,7941596.134010552],[11130471.197759274,7994886.1298162155],[11024630.00692476,8045301.159953789],[10923532.939615289,8092749.576234344],[10827637.679380482,8137139.99927289],[10737397.580313351,8178382.104936021],[10653256.680400299,8216387.4944266565],[10575644.487936202,8251070.636102893],[10504970.6399784,8282349.86257064],[10441619.54365772,8310148.402121711],[10385945.11999178,8334395.419523179],[10338265.77498523,8355027.037838977],[10298859.723711528,8371987.310718428],[10267960.789387755,8385229.113717247],[10245754.791034618,8394714.923947474],[10232376.6202614,8400417.459798094],[10227908.090400496,8402320.156603986]]},"properties":{"type":"meridian","value":180}},
{"type":"Feature","geometry":{"type":"LineString","coordinates":[[-10227908.090400496,-8402320.156603986],[-10171086.37878716,-8402320.156603986],[-10114264.667173823,-8402320.156603986],[-10057442.955560489,-8402320.156603986],[-10000621.243947152,-8402320.156603986],[-9943799.532333815,-8402320.156603986],[-9886977.820720479,-8402320.156603986],[-9830156.109107144,-8402320.156603986],[-9773334.397493808,-8402320.156603986],[-9716512.685880471,-8402320.156603986],[-9659690.974267134,-8402320.156603986],[-9602869.262653798,-8402320.156603986],[-9546047.551040461,-8402320.156603986],[-9489225.839427125,-8402320.156603986],[-9432404.12781379,-8402320.156603986],[-9375582.416200453,-8402320.156603986],[-9318760.704587119,-8402320.156603986],[-9261938.992973782,-8402320.156603986],[-9205117.281360446,-8402320.156603986],[-9148295.569747109,-8402320.156603986],[-9091473.858133772,-8402320.156603986],[-9034652.146520438,-8402320.156603986],[-8977830.434907101,-8402320.156603986],[-8921008.723293765,-8402320.156603986],[-8864187.011680428,-8402320.156603986],[-8807365.300067093,-8402320.156603986],[-8750543.588453759,-8402320.156603986],[-8693721.876840422,-8402320.156603986],[-8636900.165227085,-8402320.156603986],[-8580078.453613749,-8402320.156603986],[-8523256.742000412,-8402320.156603986],[-8466435.030387076,-8402320.156603986],[-8409613.31877374,-8402320.156603986],[-8352791.607160404,-8402320.156603986],[-8295969.895547069,-8402320.156603986],[-8239148.183933732,-8402320.156603986],[-8182326.4723203955,-8402320.156603986],[-8125504.760707061,-8402320.156603986],[-8068683.049093724,-8402320.156603986],[-8011861.337480389,-8402320.156603986],[-7955039.625867052,-8402320.156603986],[-7898217.914253715,-8402320.156603986],[-7841396.202640379,-8402320.156603986],[-7784574.491027044,-8402320.156603986],[-7727752.7794137085,-8402320.156603986],[-7670931.067800372,-8402320.156603986],[-7614109.356187036,-8402320.156603986],[-7557287.644573699,-8402320.156603986],[-7500465.932960363,-8402320.156603986],[-7443644.2213470265,-8402320.156603986],[-7386822.509733692,-8402320.156603986],[-7330000.798120355,-8402320.156603986],[-7273179.08650702,-8402320.156603986],[-7216357.374893683,-8402320.156603986],[-7159535.663280346,-8402320.156603986],[-7102713.951667012,-8402320.156603986],[-7045892.240053674,-8402320.156603986],[-6989070.5284403395,-8402320.156603986],[-6932248.816827003,-8402320.156603986],[-6875427.105213666,-8402320.156603986],[-6818605.39360033,-8402320.156603986],[-6761783.681986994,-8402320.156603986],[-6704961.970373659,-8402320.156603986],[-6648140.258760323,-8402320.156603986],[-6591318.547146987,-8402320.156603986],[-6534496.83553365,-8402320.156603986],[-6477675.123920314,-8402320.156603986],[-6420853.412306979,-8402320.156603986],[-6364031.700693643,-8402320.156603986],[-6307209.989080305,-8402320.156603986],[-6250388.27746697,-8402320.156603986],[-6193566.565853634,-8402320.156603986],[-6136744.854240297,-8402320.156603986],[-6079923.142626962,-8402320.156603986],[-6023101.431013625,-8402320.156603986],[-5966279.7194002895,-8402320.156603986],[-5909458.007786954,-8402320.156603986],[-5852636.296173617,-8402320.156603986],[-5795814.584560281,-8402320.156603986],[-5738992.872946945,-8402320.156603986],[-5682171.161333609,-8402320.156603986],[-5625349.449720273,-8402320.156603986],[-5568527.738106936,-8402320.156603986],[-5511706.026493601,-8402320.156603986],[-5454884.314880265,-8402320.156603986],[-5398062.603266929,-8402320.156603986],[-5341240.891653593,-8402320.156603986],[-5284419.180040256,-8402320.156603986],[-5227597.4684269205,-8402320.156603986],[-5170775.756813585,-8402320.156603986],[-5113954.045200248,-8402320.156603986],[-5057132.333586912,-8402320.156603986],[-5000310.621973576,-8402320.156603986],[-4943488.910360239,-8402320.156603986],[-4886667.198746904,-8402320.156603986],[-4829845.487133567,-8402320.156603986],[-4773023.775520231,-8402320.156603986],[-4716202.063906895,-8402320.156603986],[-4659380.352293559,-8402320.156603986],[-4602558.640680223,-8402320.156603986],[-4545736.929066886,-8402320.156603986],[-4488915.217453551,-8402320.156603986],[-4432093.505840214,-8402320.156603986],[-4375271.794226879,-8402320.156603986],[-4318450.082613543,-8402320.156603986],[-4261628.371000206,-8402320.156603986],[-4204806.65938687,-8402320.156603986],[-4147984.9477735343,-8402320.156603986],[-4091163.2361601978,-8402320.156603986],[-4034341.524546862,-8402320.156603986],[-3977519.812933526,-8402320.156603986],[-3920698.1013201894,-8402320.156603986],[-3863876.3897068542,-8402320.156603986],[-3807054.678093518,-8402320.156603986],[-3750232.9664801816,-8402320.156603986],[-3693411.254866846,-8402320.156603986],[-3636589.54325351,-8402320.156603986],[-3579767.831640173,-8402320.156603986],[-3522946.120026837,-8402320.156603986],[-3466124.4084135015,-8402320.156603986],[-3409302.696800165,-8402320.156603986],[-3352480.9851868297,-8402320.156603986],[-3295659.2735734936,-8402320.156603986],[-3238837.561960157,-8402320.156603986],[-3182015.8503468214,-8402320.156603986],[-3125194.138733485,-8402320.156603986],[-3068372.4271201487,-8402320.156603986],[-3011550.7155068126,-8402320.156603986],[-2954729.003893477,-8402320.156603986],[-2897907.2922801403,-8402320.156603986],[-2841085.5806668047,-8402320.156603986],[-2784263.869053468,-8402320.156603986],[-2727442.1574401325,-8402320.156603986],[-2670620.4458267963,-8402320.156603986],[-2613798.7342134602,-8402320.156603986],[-2556977.022600124,-8402320.156603986],[-2500155.310986788,-8402320.156603986],[-2443333.599373452,-8402320.156603986],[-2386511.8877601153,-8402320.156603986],[-2329690.1761467797,-8402320.156603986],[-2272868.464533443,-8402320.156603986],[-2216046.752920107,-8402320.156603986],[-2159225.0413067713,-8402320.156603986],[-2102403.329693435,-8402320.156603986],[-2045581.6180800989,-8402320.156603986],[-1988759.906466763,-8402320.156603986],[-1931938.1948534271,-8402320.156603986],[-1875116.4832400908,-8402320.156603986],[-1818294.771626755,-8402320.156603986],[-1761473.0600134186,-8402320.156603986],[-1704651.3484000824,-8402320.156603986],[-1647829.6367867468,-8402320.156603986],[-1591007.9251734107,-8402320.156603986],[-1534186.2135600743,-8402320.156603986],[-1477364.5019467385,-8402320.156603986],[-1420542.7903334023,-8402320.156603986],[-1363721.0787200662,-8402320.156603986],[-1306899.3671067301,-8402320.156603986],[-1250077.655493394,-8402320.156603986],[-1193255.9438800577,-8402320.156603986],[-1136434.2322667215,-8402320.156603986],[-1079612.5206533857,-8402320.156603986],[-1022790.8090400494,-8402320.156603986],[-965969.0974267136,-8402320.156603986],[-909147.3858133774,-8402320.156603986],[-852325.6742000412,-8402320.156603986],[-795503.9625867053,-8402320.156603986],[-738682.2509733692,-8402320.156603986],[-681860.5393600331,-8402320.156603986],[-625038.827746697,-8402320.156603986],[-568217.1161333608,-8402320.156603986],[-511395.4045200247,-8402320.156603986],[-454573.6929066887,-8402320.156603986],[-397751.98129335267,-8402320.156603986],[-340930.26968001656,-8402320.156603986],[-284108.5580666804,-8402320.156603986],[-227286.84645334436,-8402320.156603986],[-170465.13484000828,-8402320.156603986],[-113643.42322667218,-8402320.156603986],[-56821.71161333609,-8402320.156603986],[0,-8402320.156603986],[56821.71161333609,-8402320.156603986],[113643.42322667218,-8402320.156603986],[170465.13484000828,-8402320.156603986],[227286.84645334436,-8402320.156603986],[284108.5580666804,-8402320.156603986],[340930.26968001656,-8402320.156603986],[397751.98129335267,-8402320.156603986],[454573.6929066887,-8402320.156603986],[511395.4045200247,-8402320.156603986],[568217.1161333608,-8402320.156603986],[625038.827746697,-8402320.156603986],[681860.5393600331,-8402320.156603986],[738682.2509733692,-8402320.156603986],[795503.9625867053,-8402320.156603986],[852325.6742000412,-8402320.156603986],[909147.3858133774,-8402320.156603986],[965969.0974267136,-8402320.156603986],[1022790.8090400494,-8402320.156603986],[1079612.5206533857,-8402320.156603986],[1136434.2322667215,-8402320.156603986],[1193255.9438800577,-8402320.156603986],[1250077.655493394,-8402320.156603986],[1306899.3671067301,-8402320.156603986],[1363721.0787200662,-8402320.156603986],[1420542.7903334023,-8402320.156603986],[1477364.5019467385,-8402320.156603986],[1534186.2135600743,-8402320.156603986],[1591007.9251734107,-8402320.156603986],[1647829.6367867468,-8402320.156603986],[1704651.3484000824,-8402320.156603986],[1761473.0600134186,-8402320.156603986],[1818294.771626755,-8402320.156603986],[1875116.4832400908,-8402320.156603986],[1931938.1948534271,-8402320.156603986],[1988759.906466763,-8402320.156603986],[2045581.6180800989,-8402320.156603986],[2102403.329693435,-8402320.156603986],[2159225.0413067713,-8402320.156603986],[2216046.752920107,-8402320.156603986],[2272868.464533443,-8402320.156603986],[2329690.1761467797,-8402320.156603986],[2386511.8877601153,-8402320.156603986],[2443333.599373452,-8402320.156603986],[2500155.310986788,-8402320.156603986],[2556977.022600124,-8402320.156603986],[2613798.7342134602,-8402320.156603986],[2670620.4458267963,-8402320.156603986],[2727442.1574401325,-8402320.156603986],[2784263.869053468,-8402320.156603986],[2841085.5806668047,-8402320.156603986],[2897907.2922801403,-8402320.156603986],[2954729.003893477,-8402320.156603986],[3011550.7155068126,-8402320.156603986],[3068372.4271201487,-8402320.156603986],[3125194.138733485,-8402320.156603986],[3182015.8503468214,-8402320.156603986],[3238837.561960157,-8402320.156603986],[3295659.2735734936,-8402320.156603986],[3352480.9851868297,-8402320.156603986],[3409302.696800165,-8402320.156603986],[3466124.4084135015,-8402320.156603986],[3522946.120026837,-8402320.156603986],[3579767.831640173,-8402320.156603986],[3636589.54325351,-8402320.156603986],[3693411.254866846,-8402320.156603986],[3750232.9664801816,-8402320.156603986],[3807054.678093518,-8402320.156603986],[3863876.3897068542,-8402320.156603986],[3920698.1013201894,-8402320.156603986],[3977519.812933526,-8402320.156603986],[4034341.524546862,-8402320.156603986],[4091163.2361601978,-8402320.156603986],[4147984.9477735343,-8402320.156603986],[4204806.65938687,-8402320.156603986],[4261628.371000206,-8402320.156603986],[4318450.082613543,-8402320.156603986],[4375271.794226879,-8402320.156603986],[4432093.505840214,-8402320.156603986],[4488915.217453551,-8402320.156603986],[4545736.929066886,-8402320.156603986],[4602558.640680223,-8402320.156603986],[4659380.352293559,-8402320.156603986],[4716202.063906895,-8402320.156603986],[4773023.775520231,-8402320.156603986],[4829845.487133567,-8402320.156603986],[4886667.198746904,-8402320.156603986],[4943488.910360239,-8402320.156603986],[5000310.621973576,-8402320.156603986],[5057132.333586912,-8402320.156603986],[5113954.045200248,-8402320.156603986],[5170775.756813585,-8402320.156603986],[5227597.4684269205,-8402320.156603986],[5284419.180040256,-8402320.156603986],[5341240.891653593,-8402320.156603986],[5398062.603266929,-8402320.156603986],[5454884.314880265,-8402320.156603986],[5511706.026493601,-8402320.156603986],[5568527.738106936,-8402320.156603986],[5625349.449720273,-8402320.156603986],[5682171.161333609,-8402320.156603986],[5738992.872946945,-8402320.156603986],[5795814.584560281,-8402320.156603986],[5852636.296173617,-8402320.156603986],[5909458.007786954,-8402320.156603986],[5966279.7194002895,-8402320.156603986],[6023101.431013625,-8402320.156603986],[6079923.142626962,-8402320.156603986],[6136744.854240297,-8402320.156603986],[6193566.565853634,-8402320.156603986],[6250388.27746697,-8402320.156603986],[6307209.989080305,-8402320.156603986],[6364031.700693643,-8402320.156603986],[6420853.412306979,-8402320.156603986],[6477675.123920314,-8402320.156603986],[6534496.83553365,-8402320.156603986],[6591318.547146987,-8402320.156603986],[6648140.258760323,-8402320.156603986],[6704961.970373659,-8402320.156603986],[6761783.681986994,-8402320.156603986],[6818605.39360033,-8402320.156603986],[6875427.105213666,-8402320.156603986],[6932248.816827003,-8402320.156603986],[6989070.5284403395,-8402320.156603986],[7045892.240053674,-8402320.156603986],[7102713.951667012,-8402320.156603986],[7159535.663280346,-8402320.156603986],[7216357.374893683,-8402320.156603986],[7273179.08650702,-8402320.156603986],[7330000.798120355,-8402320.156603986],[7386822.509733692,-8402320.156603986],[7443644.2213470265,-8402320.156603986],[7500465.932960363,-8402320.156603986],[7557287.644573699,-8402320.156603986],[7614109.356187036,-8402320.156603986],[7670931.067800372,-8402320.156603986],[7727752.7794137085,-8402320.156603986],[7784574.491027044,-8402320.156603986],[7841396.202640379,-8402320.156603986],[7898217.914253715,-8402320.156603986],[7955039.625867052,-8402320.156603986],[8011861.337480389,-8402320.156603986],[8068683.049093724,-8402320.156603986],[8125504.760707061,-8402320.156603986],[8182326.4723203955,-8402320.156603986],[8239148.183933732,-8402320.156603986],[8295969.895547069,-8402320.156603986],[8352791.607160404,-8402320.156603986],[8409613.31877374,-8402320.156603986],[8466435.030387076,-8402320.156603986],[8523256.742000412,-8402320.156603986],[8580078.453613749,-8402320.156603986],[8636900.165227085,-8402320.156603986],[8693721.876840422,-8402320.156603986],[8750543.588453759,-8402320.156603986],[8807365.300067093,-8402320.156603986],[8864187.011680428,-8402320.156603986],[8921008.723293765,-8402320.156603986],[8977830.434907101,-8402320.156603986],[9034652.146520438,-8402320.156603986],[9091473.858133772,-8402320.156603986],[9148295.569747109,-8402320.156603986],[9205117.281360446,-8402320.156603986],[9261938.992973782,-8402320.156603986],[9318760.704587119,-8402320.156603986],[9375582.416200453,-8402320.156603986],[9432404.12781379,-8402320.156603986],[9489225.839427125,-8402320.156603986],[9546047.551040461,-8402320.156603986],[9602869.262653798,-8402320.156603986],[9659690.974267134,-8402320.156603986],[9716512.685880471,-8402320.156603986],[9773334.397493808,-8402320.156603986],[9830156.109107144,-8402320.156603986],[9886977.820720479,-8402320.156603986],[9943799.532333815,-8402320.156603986],[10000621.243947152,-8402320.156603986],[10057442.955560489,-8402320.156603986],[10114264.667173823,-8402320.156603986],[10171086.37878716,-8402320.156603986],[10227908.090400496,-8402320.156603986]]},"properties":{"type":"parallel","value":-90}},
{"type":"Feature","geometry":{"type":"LineString","coordinates":[[-11130471.197759274,-7994886.1298162155],[-11068635.246660614,-7994886.1298162155],[-11006799.295561949,-7994886.1298162155],[-10944963.344463289,-7994886.1298162155],[-10883127.393364623,-7994886.1298162155],[-10821291.442265963,-7994886.1298162155],[-10759455.491167298,-7994886.1298162155],[-10697619.540068638,-7994886.1298162155],[-10635783.588969974,-7994886.1298162155],[-10573947.637871312,-7994886.1298162155],[-10512111.686772648,-7994886.1298162155],[-10450275.735673986,-7994886.1298162155],[-10388439.784575323,-7994886.1298162155],[-10326603.83347666,-7994886.1298162155],[-10264767.882377999,-7994886.1298162155],[-10202931.931279335,-7994886.1298162155],[-10141095.980180673,-7994886.1298162155],[-10079260.029082011,-7994886.1298162155],[-10017424.077983348,-7994886.1298162155],[-9955588.126884686,-7994886.1298162155],[-9893752.175786022,-7994886.1298162155],[-9831916.22468736,-7994886.1298162155],[-9770080.273588696,-7994886.1298162155],[-9708244.322490035,-7994886.1298162155],[-9646408.37139137,-7994886.1298162155],[-9584572.420292709,-7994886.1298162155],[-9522736.469194047,-7994886.1298162155],[-9460900.518095383,-7994886.1298162155],[-9399064.566996723,-7994886.1298162155],[-9337228.61589806,-7994886.1298162155],[-9275392.664799398,-7994886.1298162155],[-9213556.713700734,-7994886.1298162155],[-9151720.762602072,-7994886.1298162155],[-9089884.811503408,-7994886.1298162155],[-9028048.860404747,-7994886.1298162155],[-8966212.909306083,-7994886.1298162155],[-8904376.958207421,-7994886.1298162155],[-8842541.007108757,-7994886.1298162155],[-8780705.056010095,-7994886.1298162155],[-8718869.104911432,-7994886.1298162155],[-8657033.15381277,-7994886.1298162155],[-8595197.202714106,-7994886.1298162155],[-8533361.251615444,-7994886.1298162155],[-8471525.300516782,-7994886.1298162155],[-8409689.34941812,-7994886.1298162155],[-8347853.398319457,-7994886.1298162155],[-8286017.447220795,-7994886.1298162155],[-8224181.496122131,-7994886.1298162155],[-8162345.545023469,-7994886.1298162155],[-8100509.5939248055,-7994886.1298162155],[-8038673.642826144,-7994886.1298162155],[-7976837.69172748,-7994886.1298162155],[-7915001.740628818,-7994886.1298162155],[-7853165.789530155,-7994886.1298162155],[-7791329.838431492,-7994886.1298162155],[-7729493.88733283,-7994886.1298162155],[-7667657.936234167,-7994886.1298162155],[-7605821.985135506,-7994886.1298162155],[-7543986.034036843,-7994886.1298162155],[-7482150.08293818,-7994886.1298162155],[-7420314.1318395175,-7994886.1298162155],[-7358478.180740855,-7994886.1298162155],[-7296642.229642193,-7994886.1298162155],[-7234806.278543529,-7994886.1298162155],[-7172970.327444867,-7994886.1298162155],[-7111134.3763462035,-7994886.1298162155],[-7049298.425247542,-7994886.1298162155],[-6987462.474148879,-7994886.1298162155],[-6925626.523050216,-7994886.1298162155],[-6863790.571951553,-7994886.1298162155],[-6801954.62085289,-7994886.1298162155],[-6740118.669754228,-7994886.1298162155],[-6678282.718655566,-7994886.1298162155],[-6616446.767556902,-7994886.1298162155],[-6554610.81645824,-7994886.1298162155],[-6492774.865359577,-7994886.1298162155],[-6430938.914260915,-7994886.1298162155],[-6369102.963162252,-7994886.1298162155],[-6307267.012063589,-7994886.1298162155],[-6245431.060964926,-7994886.1298162155],[-6183595.109866263,-7994886.1298162155],[-6121759.158767601,-7994886.1298162155],[-6059923.207668938,-7994886.1298162155],[-5998087.256570276,-7994886.1298162155],[-5936251.305471614,-7994886.1298162155],[-5874415.354372951,-7994886.1298162155],[-5812579.403274288,-7994886.1298162155],[-5750743.452175626,-7994886.1298162155],[-5688907.501076963,-7994886.1298162155],[-5627071.5499783,-7994886.1298162155],[-5565235.598879637,-7994886.1298162155],[-5503399.647780974,-7994886.1298162155],[-5441563.696682312,-7994886.1298162155],[-5379727.745583649,-7994886.1298162155],[-5317891.794484987,-7994886.1298162155],[-5256055.843386324,-7994886.1298162155],[-5194219.892287661,-7994886.1298162155],[-5132383.941188999,-7994886.1298162155],[-5070547.990090337,-7994886.1298162155],[-5008712.038991674,-7994886.1298162155],[-4946876.087893011,-7994886.1298162155],[-4885040.136794348,-7994886.1298162155],[-4823204.185695685,-7994886.1298162155],[-4761368.234597024,-7994886.1298162155],[-4699532.283498362,-7994886.1298162155],[-4637696.332399699,-7994886.1298162155],[-4575860.381301036,-7994886.1298162155],[-4514024.430202373,-7994886.1298162155],[-4452188.4791037105,-7994886.1298162155],[-4390352.528005048,-7994886.1298162155],[-4328516.576906385,-7994886.1298162155],[-4266680.625807722,-7994886.1298162155],[-4204844.67470906,-7994886.1298162155],[-4143008.7236103974,-7994886.1298162155],[-4081172.7725117346,-7994886.1298162155],[-4019336.821413072,-7994886.1298162155],[-3957500.870314409,-7994886.1298162155],[-3895664.919215746,-7994886.1298162155],[-3833828.9681170834,-7994886.1298162155],[-3771993.0170184216,-7994886.1298162155],[-3710157.0659197588,-7994886.1298162155],[-3648321.1148210964,-7994886.1298162155],[-3586485.1637224336,-7994886.1298162155],[-3524649.212623771,-7994886.1298162155],[-3462813.261525108,-7994886.1298162155],[-3400977.310426445,-7994886.1298162155],[-3339141.359327783,-7994886.1298162155],[-3277305.40822912,-7994886.1298162155],[-3215469.4571304573,-7994886.1298162155],[-3153633.5060317945,-7994886.1298162155],[-3091797.5549331317,-7994886.1298162155],[-3029961.603834469,-7994886.1298162155],[-2968125.652735807,-7994886.1298162155],[-2906289.701637144,-7994886.1298162155],[-2844453.7505384814,-7994886.1298162155],[-2782617.7994398186,-7994886.1298162155],[-2720781.848341156,-7994886.1298162155],[-2658945.8972424935,-7994886.1298162155],[-2597109.9461438307,-7994886.1298162155],[-2535273.9950451683,-7994886.1298162155],[-2473438.0439465055,-7994886.1298162155],[-2411602.0928478427,-7994886.1298162155],[-2349766.141749181,-7994886.1298162155],[-2287930.190650518,-7994886.1298162155],[-2226094.2395518553,-7994886.1298162155],[-2164258.2884531925,-7994886.1298162155],[-2102422.33735453,-7994886.1298162155],[-2040586.3862558673,-7994886.1298162155],[-1978750.4351572045,-7994886.1298162155],[-1916914.4840585417,-7994886.1298162155],[-1855078.5329598794,-7994886.1298162155],[-1793242.5818612168,-7994886.1298162155],[-1731406.630762554,-7994886.1298162155],[-1669570.6796638914,-7994886.1298162155],[-1607734.7285652286,-7994886.1298162155],[-1545898.7774665658,-7994886.1298162155],[-1484062.8263679035,-7994886.1298162155],[-1422226.8752692407,-7994886.1298162155],[-1360390.924170578,-7994886.1298162155],[-1298554.9730719153,-7994886.1298162155],[-1236719.0219732528,-7994886.1298162155],[-1174883.0708745904,-7994886.1298162155],[-1113047.1197759276,-7994886.1298162155],[-1051211.168677265,-7994886.1298162155],[-989375.2175786023,-7994886.1298162155],[-927539.2664799397,-7994886.1298162155],[-865703.315381277,-7994886.1298162155],[-803867.3642826143,-7994886.1298162155],[-742031.4131839518,-7994886.1298162155],[-680195.462085289,-7994886.1298162155],[-618359.5109866264,-7994886.1298162155],[-556523.5598879638,-7994886.1298162155],[-494687.6087893011,-7994886.1298162155],[-432851.6576906385,-7994886.1298162155],[-371015.7065919759,-7994886.1298162155],[-309179.7554933132,-7994886.1298162155],[-247343.80439465056,-7994886.1298162155],[-185507.85329598794,-7994886.1298162155],[-123671.90219732528,-7994886.1298162155],[-61835.95109866264,-7994886.1298162155],[0,-7994886.1298162155],[61835.95109866264,-7994886.1298162155],[123671.90219732528,-7994886.1298162155],[185507.85329598794,-7994886.1298162155],[247343.80439465056,-7994886.1298162155],[309179.7554933132,-7994886.1298162155],[371015.7065919759,-7994886.1298162155],[432851.6576906385,-7994886.1298162155],[494687.6087893011,-7994886.1298162155],[556523.5598879638,-7994886.1298162155],[618359.5109866264,-7994886.1298162155],[680195.462085289,-7994886.1298162155],[742031.4131839518,-7994886.1298162155],[803867.3642826143,-7994886.1298162155],[865703.315381277,-7994886.1298162155],[927539.2664799397,-7994886.1298162155],[989375.2175786023,-7994886.1298162155],[1051211.168677265,-7994886.1298162155],[1113047.1197759276,-7994886.1298162155],[1174883.0708745904,-7994886.1298162155],[1236719.0219732528,-7994886.1298162155],[1298554.9730719153,-7994886.1298162155],[1360390.924170578,-7994886.1298162155],[1422226.8752692407,-7994886.1298162155],[1484062.8263679035,-7994886.1298162155],[1545898.7774665658,-7994886.1298162155],[1607734.7285652286,-7994886.1298162155],[1669570.6796638914,-7994886.1298162155],[1731406.630762554,-7994886.1298162155],[1793242.5818612168,-7994886.1298162155],[1855078.5329598794,-7994886.1298162155],[1916914.4840585417,-7994886.1298162155],[1978750.4351572045,-7994886.1298162155],[2040586.3862558673,-7994886.1298162155],[2102422.33735453,-7994886.1298162155],[2164258.2884531925,-7994886.1298162155],[2226094.2395518553,-7994886.1298162155],[2287930.190650518,-7994886.1298162155],[2349766.141749181,-7994886.1298162155],[2411602.0928478427,-7994886.1298162155],[2473438.0439465055,-7994886.1298162155],[2535273.9950451683,-7994886.1298162155],[2597109.9461438307,-7994886.1298162155],[2658945.8972424935,-7994886.1298162155],[2720781.848341156,-7994886.1298162155],[2782617.7994398186,-7994886.1298162155],[2844453.7505384814,-7994886.1298162155],[2906289.701637144,-7994886.1298162155],[2968125.652735807,-7994886.1298162155],[3029961.603834469,-7994886.1298162155],[3091797.5549331317,-7994886.1298162155],[3153633.5060317945,-7994886.1298162155],[3215469.4571304573,-7994886.1298162155],[3277305.40822912,-7994886.1298162155],[3339141.359327783,-7994886.1298162155],[3400977.310426445,-7994886.1298162155],[3462813.261525108,-7994886.1298162155],[3524649.212623771,-7994886.1298162155],[3586485.1637224336,-7994886.1298162155],[3648321.1148210964,-7994886.1298162155],[3710157.0659197588,-7994886.1298162155],[3771993.0170184216,-7994886.1298162155],[3833828.9681170834,-7994886.1298162155],[3895664.919215746,-7994886.1298162155],[3957500.870314409,-7994886.1298162155],[4019336.821413072,-7994886.1298162155],[4081172.7725117346,-7994886.1298162155],[4143008.7236103974,-7994886.1298162155],[4204844.67470906,-7994886.1298162155],[4266680.625807722,-7994886.1298162155],[4328516.576906385,-7994886.1298162155],[4390352.528005048,-7994886.1298162155],[4452188.4791037105,-7994886.1298162155],[4514024.430202373,-7994886.1298162155],[4575860.381301036,-7994886.1298162155],[4637696.332399699,-7994886.1298162155],[4699532.283498362,-7994886.1298162155],[4761368.234597024,-7994886.1298162155],[4823204.185695685,-7994886.1298162155],[4885040.136794348,-7994886.1298162155],[4946876.087893011,-7994886.1298162155],[5008712.038991674,-7994886.1298162155],[5070547.990090337,-7994886.1298162155],[5132383.941188999,-7994886.1298162155],[5194219.892287661,-7994886.1298162155],[5256055.843386324,-7994886.1298162155],[5317891.794484987,-7994886.1298162155],[5379727.745583649,-7994886.1298162155],[5441563.696682312,-7994886.1298162155],[5503399.647780974,-7994886.1298162155],[5565235.598879637,-7994886.1298162155],[5627071.5499783,-7994886.1298162155],[5688907.501076963,-7994886.1298162155],[5750743.452175626,-7994886.1298162155],[5812579.403274288,-7994886.1298162155],[5874415.354372951,-7994886.1298162155],[5936251.305471614,-7994886.1298162155],[5998087.256570276,-7994886.1298162155],[6059923.207668938,-7994886.1298162155],[6121759.158767601,-7994886.1298162155],[6183595.109866263,-7994886.1298162155],[6245431.060964926,-7994886.1298162155],[6307267.012063589,-7994886.1298162155],[6369102.963162252,-7994886.1298162155],[6430938.914260915,-7994886.1298162155],[6492774.865359577,-7994886.1298162155],[6554610.81645824,-7994886.1298162155],[6616446.767556902,-7994886.1298162155],[6678282.718655566,-7994886.1298162155],[6740118.669754228,-7994886.1298162155],[6801954.62085289,-7994886.1298162155],[6863790.571951553,-7994886.1298162155],[6925626.523050216,-7994886.1298162155],[6987462.474148879,-7994886.1298162155],[7049298.425247542,-7994886.1298162155],[7111134.3763462035,-7994886.1298162155],[7172970.327444867,-7994886.1298162155],[7234806.278543529,-7994886.1298162155],[7296642.229642193,-7994886.1298162155],[7358478.180740855,-7994886.1298162155],[7420314.1318395175,-7994886.1298162155],[7482150.08293818,-7994886.1298162155],[7543986.034036843,-7994886.1298162155],[7605821.985135506,-7994886.1298162155],[7667657.936234167,-7994886.1298162155],[7729493.88733283,-7994886.1298162155],[7791329.838431492,-7994886.1298162155],[7853165.789530155,-7994886.1298162155],[7915001.740628818,-7994886.1298162155],[7976837.69172748,-7994886.1298162155],[8038673.642826144,-7994886.1298162155],[8100509.5939248055,-7994886.1298162155],[8162345.545023469,-7994886.1298162155],[8224181.496122131,-7994886.1298162155],[8286017.447220795,-7994886.1298162155],[8347853.398319457,-7994886.1298162155],[8409689.34941812,-7994886.1298162155],[8471525.300516782,-7994886.1298162155],[8533361.251615444,-7994886.1298162155],[8595197.202714106,-7994886.1298162155],[8657033.15381277,-7994886.1298162155],[8718869.104911432,-7994886.1298162155],[8780705.056010095,-7994886.1298162155],[8842541.007108757,-7994886.1298162155],[8904376.958207421,-7994886.1298162155],[8966212.909306083,-7994886.1298162155],[9028048.860404747,-7994886.1298162155],[9089884.811503408,-7994886.1298162155],[9151720.762602072,-7994886.1298162155],[9213556.713700734,-7994886.1298162155],[9275392.664799398,-7994886.1298162155],[9337228.61589806,-7994886.1298162155],[9399064.566996723,-7994886.1298162155],[9460900.518095383,-7994886.1298162155],[9522736.469194047,-7994886.1298162155],[9584572.420292709,-7994886.1298162155],[9646408.37139137,-7994886.1298162155],[9708244.322490035,-7994886.1298162155],[9770080.273588696,-7994886.1298162155],[9831916.22468736,-7994886.1298162155],[9893752.175786022,-7994886.1298162155],[9955588.126884686,-7994886.1298162155],[10017424.077983348,-7994886.1298162155],[10079260.029082011,-7994886.1298162155],[10141095.980180673,-7994886.1298162155],[10202931.931279335,-7994886.1298162155],[10264767.882377999,-7994886.1298162155],[10326603.83347666,-7994886.1298162155],[10388439.784575323,-7994886.1298162155],[10450275.735673986,-7994886.1298162155],[10512111.686772648,-7994886.1298162155],[10573947.637871312,-7994886.1298162155],[10635783.588969974,-7994886.1298162155],[10697619.540068638,-7994886.1298162155],[10759455.491167298,-7994886.1298162155],[10821291.442265963,-7994886.1298162155],[10883127.393364623,-7994886.1298162155],[10944963.344463289,-7994886.1298162155],[11006799.295561949,-7994886.1298162155],[11068635.246660614,-7994886.1298162155],[11130471.197759274,-7994886.1298162155]]},"properties":{"type":"parallel","value":-75}},
{"type":"Feature","geometry":{"type":"LineString","coordinates":[[-13005404.589763403,-6941331.826067392],[-12933152.342042498,-6941331.826067392],[-12860900.094321588,-6941331.826067392],[-12788647.84660068,-6941331.826067392],[-12716395.598879773,-6941331.826067392],[-12644143.351158867,-6941331.826067392],[-12571891.103437956,-6941331.826067392],[-12499638.85571705,-6941331.826067392],[-12427386.607996142,-6941331.826067392],[-12355134.360275233,-6941331.826067392],[-12282882.112554327,-6941331.826067392],[-12210629.864833418,-6941331.826067392],[-12138377.617112512,-6941331.826067392],[-12066125.369391602,-6941331.826067392],[-11993873.121670695,-6941331.826067392],[-11921620.873949785,-6941331.826067392],[-11849368.626228878,-6941331.826067392],[-11777116.378507972,-6941331.826067392],[-11704864.130787062,-6941331.826067392],[-11632611.883066155,-6941331.826067392],[-11560359.635345249,-6941331.826067392],[-11488107.387624342,-6941331.826067392],[-11415855.139903432,-6941331.826067392],[-11343602.892182525,-6941331.826067392],[-11271350.644461615,-6941331.826067392],[-11199098.396740707,-6941331.826067392],[-11126846.149019802,-6941331.826067392],[-11054593.901298894,-6941331.826067392],[-10982341.653577985,-6941331.826067392],[-10910089.405857077,-6941331.826067392],[-10837837.15813617,-6941331.826067392],[-10765584.910415262,-6941331.826067392],[-10693332.662694355,-6941331.826067392],[-10621080.414973445,-6941331.826067392],[-10548828.167252539,-6941331.826067392],[-10476575.919531632,-6941331.826067392],[-10404323.671810724,-6941331.826067392],[-10332071.424089815,-6941331.826067392],[-10259819.176368907,-6941331.826067392],[-10187566.928648,-6941331.826067392],[-10115314.68092709,-6941331.826067392],[-10043062.433206184,-6941331.826067392],[-9970810.185485275,-6941331.826067392],[-9898557.937764367,-6941331.826067392],[-9826305.69004346,-6941331.826067392],[-9754053.442322554,-6941331.826067392],[-9681801.194601646,-6941331.826067392],[-9609548.946880737,-6941331.826067392],[-9537296.69915983,-6941331.826067392],[-9465044.45143892,-6941331.826067392],[-9392792.203718012,-6941331.826067392],[-9320539.955997106,-6941331.826067392],[-9248287.708276197,-6941331.826067392],[-9176035.46055529,-6941331.826067392],[-9103783.212834382,-6941331.826067392],[-9031530.965113476,-6941331.826067392],[-8959278.717392568,-6941331.826067392],[-8887026.46967166,-6941331.826067392],[-8814774.22195075,-6941331.826067392],[-8742521.974229844,-6941331.826067392],[-8670269.726508936,-6941331.826067392],[-8598017.478788028,-6941331.826067392],[-8525765.231067121,-6941331.826067392],[-8453512.983346213,-6941331.826067392],[-8381260.735625305,-6941331.826067392],[-8309008.487904396,-6941331.826067392],[-8236756.240183489,-6941331.826067392],[-8164503.992462581,-6941331.826067392],[-8092251.744741674,-6941331.826067392],[-8019999.497020765,-6941331.826067392],[-7947747.249299859,-6941331.826067392],[-7875495.00157895,-6941331.826067392],[-7803242.753858041,-6941331.826067392],[-7730990.5061371345,-6941331.826067392],[-7658738.258416226,-6941331.826067392],[-7586486.010695319,-6941331.826067392],[-7514233.762974412,-6941331.826067392],[-7441981.515253504,-6941331.826067392],[-7369729.267532595,-6941331.826067392],[-7297477.019811688,-6941331.826067392],[-7225224.77209078,-6941331.826067392],[-7152972.524369873,-6941331.826067392],[-7080720.276648964,-6941331.826067392],[-7008468.028928055,-6941331.826067392],[-6936215.781207149,-6941331.826067392],[-6863963.533486242,-6941331.826067392],[-6791711.285765332,-6941331.826067392],[-6719459.038044426,-6941331.826067392],[-6647206.790323518,-6941331.826067392],[-6574954.54260261,-6941331.826067392],[-6502702.2948817015,-6941331.826067392],[-6430450.047160794,-6941331.826067392],[-6358197.799439887,-6941331.826067392],[-6285945.551718978,-6941331.826067392],[-6213693.303998071,-6941331.826067392],[-6141441.056277163,-6941331.826067392],[-6069188.808556256,-6941331.826067392],[-5996936.5608353475,-6941331.826067392],[-5924684.313114439,-6941331.826067392],[-5852432.065393531,-6941331.826067392],[-5780179.817672624,-6941331.826067392],[-5707927.569951716,-6941331.826067392],[-5635675.3222308075,-6941331.826067392],[-5563423.074509901,-6941331.826067392],[-5491170.826788993,-6941331.826067392],[-5418918.579068085,-6941331.826067392],[-5346666.331347178,-6941331.826067392],[-5274414.083626269,-6941331.826067392],[-5202161.835905362,-6941331.826067392],[-5129909.588184454,-6941331.826067392],[-5057657.340463545,-6941331.826067392],[-4985405.092742638,-6941331.826067392],[-4913152.84502173,-6941331.826067392],[-4840900.597300823,-6941331.826067392],[-4768648.349579915,-6941331.826067392],[-4696396.101859006,-6941331.826067392],[-4624143.854138099,-6941331.826067392],[-4551891.606417191,-6941331.826067392],[-4479639.358696284,-6941331.826067392],[-4407387.110975375,-6941331.826067392],[-4335134.863254468,-6941331.826067392],[-4262882.6155335605,-6941331.826067392],[-4190630.3678126526,-6941331.826067392],[-4118378.1200917447,-6941331.826067392],[-4046125.872370837,-6941331.826067392],[-3973873.6246499293,-6941331.826067392],[-3901621.3769290205,-6941331.826067392],[-3829369.129208113,-6941331.826067392],[-3757116.881487206,-6941331.826067392],[-3684864.6337662977,-6941331.826067392],[-3612612.38604539,-6941331.826067392],[-3540360.138324482,-6941331.826067392],[-3468107.8906035745,-6941331.826067392],[-3395855.642882666,-6941331.826067392],[-3323603.395161759,-6941331.826067392],[-3251351.1474408507,-6941331.826067392],[-3179098.8997199433,-6941331.826067392],[-3106846.6519990354,-6941331.826067392],[-3034594.404278128,-6941331.826067392],[-2962342.1565572196,-6941331.826067392],[-2890089.908836312,-6941331.826067392],[-2817837.6611154038,-6941331.826067392],[-2745585.4133944963,-6941331.826067392],[-2673333.165673589,-6941331.826067392],[-2601080.917952681,-6941331.826067392],[-2528828.6702317726,-6941331.826067392],[-2456576.422510865,-6941331.826067392],[-2384324.1747899577,-6941331.826067392],[-2312071.9270690493,-6941331.826067392],[-2239819.679348142,-6941331.826067392],[-2167567.431627234,-6941331.826067392],[-2095315.1839063263,-6941331.826067392],[-2023062.9361854184,-6941331.826067392],[-1950810.6884645103,-6941331.826067392],[-1878558.440743603,-6941331.826067392],[-1806306.193022695,-6941331.826067392],[-1734053.9453017872,-6941331.826067392],[-1661801.6975808796,-6941331.826067392],[-1589549.4498599716,-6941331.826067392],[-1517297.202139064,-6941331.826067392],[-1445044.954418156,-6941331.826067392],[-1372792.7066972482,-6941331.826067392],[-1300540.4589763405,-6941331.826067392],[-1228288.2112554326,-6941331.826067392],[-1156035.9635345247,-6941331.826067392],[-1083783.715813617,-6941331.826067392],[-1011531.4680927092,-6941331.826067392],[-939279.2203718015,-6941331.826067392],[-867026.9726508936,-6941331.826067392],[-794774.7249299858,-6941331.826067392],[-722522.477209078,-6941331.826067392],[-650270.2294881702,-6941331.826067392],[-578017.9817672623,-6941331.826067392],[-505765.7340463546,-6941331.826067392],[-433513.4863254468,-6941331.826067392],[-361261.238604539,-6941331.826067392],[-289008.99088363117,-6941331.826067392],[-216756.7431627234,-6941331.826067392],[-144504.49544181558,-6941331.826067392],[-72252.24772090779,-6941331.826067392],[0,-6941331.826067392],[72252.24772090779,-6941331.826067392],[144504.49544181558,-6941331.826067392],[216756.7431627234,-6941331.826067392],[289008.99088363117,-6941331.826067392],[361261.238604539,-6941331.826067392],[433513.4863254468,-6941331.826067392],[505765.7340463546,-6941331.826067392],[578017.9817672623,-6941331.826067392],[650270.2294881702,-6941331.826067392],[722522.477209078,-6941331.826067392],[794774.7249299858,-6941331.826067392],[867026.9726508936,-6941331.826067392],[939279.2203718015,-6941331.826067392],[1011531.4680927092,-6941331.826067392],[1083783.715813617,-6941331.826067392],[1156035.9635345247,-6941331.826067392],[1228288.2112554326,-6941331.826067392],[1300540.4589763405,-6941331.826067392],[1372792.7066972482,-6941331.826067392],[1445044.954418156,-6941331.826067392],[1517297.202139064,-6941331.826067392],[1589549.4498599716,-6941331.826067392],[1661801.6975808796,-6941331.826067392],[1734053.9453017872,-6941331.826067392],[1806306.193022695,-6941331.826067392],[1878558.440743603,-6941331.826067392],[1950810.6884645103,-6941331.826067392],[2023062.9361854184,-6941331.826067392],[2095315.1839063263,-6941331.826067392],[2167567.431627234,-6941331.826067392],[2239819.679348142,-6941331.826067392],[2312071.9270690493,-6941331.826067392],[2384324.1747899577,-6941331.826067392],[2456576.422510865,-6941331.826067392],[2528828.6702317726,-6941331.826067392],[2601080.917952681,-6941331.826067392],[2673333.165673589,-6941331.826067392],[2745585.4133944963,-6941331.826067392],[2817837.6611154038,-6941331.826067392],[2890089.908836312,-6941331.826067392],[2962342.1565572196,-6941331.826067392],[3034594.404278128,-6941331.826067392],[3106846.6519990354,-6941331.826067392],[3179098.8997199433,-6941331.826067392],[3251351.1474408507,-6941331.826067392],[3323603.395161759,-6941331.826067392],[3395855.642882666,-6941331.826067392],[3468107.8906035745,-6941331.826067392],[3540360.138324482,-6941331.826067392],[3612612.38604539,-6941331.826067392],[3684864.6337662977,-6941331.826067392],[3757116.881487206,-6941331.826067392],[3829369.129208113,-6941331.826067392],[3901621.3769290205,-6941331.826067392],[3973873.6246499293,-6941331.826067392],[4046125.872370837,-6941331.826067392],[4118378.1200917447,-6941331.826067392],[4190630.3678126526,-6941331.826067392],[4262882.6155335605,-6941331.826067392],[4335134.863254468,-6941331.826067392],[4407387.110975375,-6941331.826067392],[4479639.358696284,-6941331.826067392],[4551891.606417191,-6941331.826067392],[4624143.854138099,-6941331.826067392],[4696396.101859006,-6941331.826067392],[4768648.349579915,-6941331.826067392],[4840900.597300823,-6941331.826067392],[4913152.84502173,-6941331.826067392],[4985405.092742638,-6941331.826067392],[5057657.340463545,-6941331.826067392],[5129909.588184454,-6941331.826067392],[5202161.835905362,-6941331.826067392],[5274414.083626269,-6941331.826067392],[5346666.331347178,-6941331.826067392],[5418918.579068085,-6941331.826067392],[5491170.826788993,-6941331.826067392],[5563423.074509901,-6941331.826067392],[5635675.3222308075,-6941331.826067392],[5707927.569951716,-6941331.826067392],[5780179.817672624,-6941331.826067392],[5852432.065393531,-6941331.826067392],[5924684.313114439,-6941331.826067392],[5996936.5608353475,-6941331.826067392],[6069188.808556256,-6941331.826067392],[6141441.056277163,-6941331.826067392],[6213693.303998071,-6941331.826067392],[6285945.551718978,-6941331.826067392],[6358197.799439887,-6941331.826067392],[6430450.047160794,-6941331.826067392],[6502702.2948817015,-6941331.826067392],[6574954.54260261,-6941331.826067392],[6647206.790323518,-6941331.826067392],[6719459.038044426,-6941331.826067392],[6791711.285765332,-6941331.826067392],[6863963.533486242,-6941331.826067392],[6936215.781207149,-6941331.826067392],[7008468.028928055,-6941331.826067392],[7080720.276648964,-6941331.826067392],[7152972.524369873,-6941331.826067392],[7225224.77209078,-6941331.826067392],[7297477.019811688,-6941331.826067392],[7369729.267532595,-6941331.826067392],[7441981.515253504,-6941331.826067392],[7514233.762974412,-6941331.826067392],[7586486.010695319,-6941331.826067392],[7658738.258416226,-6941331.826067392],[7730990.5061371345,-6941331.826067392],[7803242.753858041,-6941331.826067392],[7875495.00157895,-6941331.826067392],[7947747.249299859,-6941331.826067392],[8019999.497020765,-6941331.826067392],[8092251.744741674,-6941331.826067392],[8164503.992462581,-6941331.826067392],[8236756.240183489,-6941331.826067392],[8309008.487904396,-6941331.826067392],[8381260.735625305,-6941331.826067392],[8453512.983346213,-6941331.826067392],[8525765.231067121,-6941331.826067392],[8598017.478788028,-6941331.826067392],[8670269.726508936,-6941331.826067392],[8742521.974229844,-6941331.826067392],[8814774.22195075,-6941331.826067392],[8887026.46967166,-6941331.826067392],[8959278.717392568,-6941331.826067392],[9031530.965113476,-6941331.826067392],[9103783.212834382,-6941331.826067392],[9176035.46055529,-6941331.826067392],[9248287.708276197,-6941331.826067392],[9320539.955997106,-6941331.826067392],[9392792.203718012,-6941331.826067392],[9465044.45143892,-6941331.826067392],[9537296.69915983,-6941331.826067392],[9609548.946880737,-6941331.826067392],[9681801.194601646,-6941331.826067392],[9754053.442322554,-6941331.826067392],[9826305.69004346,-6941331.826067392],[9898557.937764367,-6941331.826067392],[9970810.185485275,-6941331.826067392],[10043062.433206184,-6941331.826067392],[10115314.68092709,-6941331.826067392],[10187566.928648,-6941331.826067392],[10259819.176368907,-6941331.826067392],[10332071.424089815,-6941331.826067392],[10404323.671810724,-6941331.826067392],[10476575.919531632,-6941331.826067392],[10548828.167252539,-6941331.826067392],[10621080.414973445,-6941331.826067392],[10693332.662694355,-6941331.826067392],[10765584.910415262,-6941331.826067392],[10837837.15813617,-6941331.826067392],[10910089.405857077,-6941331.826067392],[10982341.653577985,-6941331.826067392],[11054593.901298894,-6941331.826067392],[11126846.149019802,-6941331.826067392],[11199098.396740707,-6941331.826067392],[11271350.644461615,-6941331.826067392],[11343602.892182525,-6941331.826067392],[11415855.139903432,-6941331.826067392],[11488107.387624342,-6941331.826067392],[11560359.635345249,-6941331.826067392],[11632611.883066155,-6941331.826067392],[11704864.130787062,-6941331.826067392],[11777116.378507972,-6941331.826067392],[11849368.626228878,-6941331.826067392],[11921620.873949785,-6941331.826067392],[11993873.121670695,-6941331.826067392],[12066125.369391602,-6941331.826067392],[12138377.617112512,-6941331.826067392],[12210629.864833418,-6941331.826067392],[12282882.112554327,-6941331.826067392],[12355134.360275233,-6941331.826067392],[12427386.607996142,-6941331.826067392],[12499638.85571705,-6941331.826067392],[12571891.103437956,-6941331.826067392],[12644143.351158867,-6941331.826067392],[12716395.598879773,-6941331.826067392],[12788647.84660068,-6941331.826067392],[12860900.094321588,-6941331.826067392],[12933152.342042498,-6941331.826067392],[13005404.589763403,-6941331.826067392]]},"properties":{"type":"parallel","value":-60}},
{"type":"Feature","geometry":{"type":"LineString","coordinates":[[-14795421.790690413,-5486671.715118098],[-14713225.002964353,-5486671.715118098],[-14631028.215238297,-5486671.715118098],[-14548831.42751224,-5486671.715118098],[-14466634.63978618,-5486671.715118098],[-14384437.852060124,-5486671.715118098],[-14302241.064334067,-5486671.715118098],[-14220044.276608007,-5486671.715118098],[-14137847.488881951,-5486671.715118098],[-14055650.701155894,-5486671.715118098],[-13973453.913429834,-5486671.715118098],[-13891257.125703776,-5486671.715118098],[-13809060.33797772,-5486671.715118098],[-13726863.550251659,-5486671.715118098],[-13644666.762525605,-5486671.715118098],[-13562469.974799544,-5486671.715118098],[-13480273.187073486,-5486671.715118098],[-13398076.399347432,-5486671.715118098],[-13315879.61162137,-5486671.715118098],[-13233682.823895315,-5486671.715118098],[-13151486.036169257,-5486671.715118098],[-13069289.248443197,-5486671.715118098],[-12987092.46071714,-5486671.715118098],[-12904895.67299108,-5486671.715118098],[-12822698.885265024,-5486671.715118098],[-12740502.097538967,-5486671.715118098],[-12658305.309812909,-5486671.715118098],[-12576108.522086851,-5486671.715118098],[-12493911.734360794,-5486671.715118098],[-12411714.946634736,-5486671.715118098],[-12329518.158908678,-5486671.715118098],[-12247321.37118262,-5486671.715118098],[-12165124.583456563,-5486671.715118098],[-12082927.795730501,-5486671.715118098],[-12000731.008004447,-5486671.715118098],[-11918534.22027839,-5486671.715118098],[-11836337.43255233,-5486671.715118098],[-11754140.644826274,-5486671.715118098],[-11671943.857100215,-5486671.715118098],[-11589747.069374157,-5486671.715118098],[-11507550.281648098,-5486671.715118098],[-11425353.493922042,-5486671.715118098],[-11343156.706195982,-5486671.715118098],[-11260959.918469924,-5486671.715118098],[-11178763.130743869,-5486671.715118098],[-11096566.34301781,-5486671.715118098],[-11014369.555291753,-5486671.715118098],[-10932172.767565694,-5486671.715118098],[-10849975.979839636,-5486671.715118098],[-10767779.192113578,-5486671.715118098],[-10685582.40438752,-5486671.715118098],[-10603385.616661461,-5486671.715118098],[-10521188.828935405,-5486671.715118098],[-10438992.041209348,-5486671.715118098],[-10356795.253483288,-5486671.715118098],[-10274598.465757232,-5486671.715118098],[-10192401.678031173,-5486671.715118098],[-10110204.890305117,-5486671.715118098],[-10028008.102579057,-5486671.715118098],[-9945811.314853,-5486671.715118098],[-9863614.527126942,-5486671.715118098],[-9781417.739400884,-5486671.715118098],[-9699220.951674826,-5486671.715118098],[-9617024.163948769,-5486671.715118098],[-9534827.376222711,-5486671.715118098],[-9452630.588496652,-5486671.715118098],[-9370433.800770596,-5486671.715118098],[-9288237.013044538,-5486671.715118098],[-9206040.225318478,-5486671.715118098],[-9123843.437592423,-5486671.715118098],[-9041646.649866363,-5486671.715118098],[-8959449.862140305,-5486671.715118098],[-8877253.074414248,-5486671.715118098],[-8795056.28668819,-5486671.715118098],[-8712859.498962132,-5486671.715118098],[-8630662.711236075,-5486671.715118098],[-8548465.923510017,-5486671.715118098],[-8466269.13578396,-5486671.715118098],[-8384072.3480579,-5486671.715118098],[-8301875.560331843,-5486671.715118098],[-8219678.772605785,-5486671.715118098],[-8137481.984879727,-5486671.715118098],[-8055285.19715367,-5486671.715118098],[-7973088.409427612,-5486671.715118098],[-7890891.621701553,-5486671.715118098],[-7808694.833975497,-5486671.715118098],[-7726498.046249438,-5486671.715118098],[-7644301.25852338,-5486671.715118098],[-7562104.470797322,-5486671.715118098],[-7479907.683071263,-5486671.715118098],[-7397710.895345206,-5486671.715118098],[-7315514.107619149,-5486671.715118098],[-7233317.31989309,-5486671.715118098],[-7151120.532167033,-5486671.715118098],[-7068923.744440976,-5486671.715118098],[-6986726.956714917,-5486671.715118098],[-6904530.16898886,-5486671.715118098],[-6822333.3812628025,-5486671.715118098],[-6740136.593536743,-5486671.715118098],[-6657939.805810685,-5486671.715118098],[-6575743.0180846285,-5486671.715118098],[-6493546.23035857,-5486671.715118098],[-6411349.442632512,-5486671.715118098],[-6329152.6549064545,-5486671.715118098],[-6246955.867180397,-5486671.715118098],[-6164759.079454339,-5486671.715118098],[-6082562.291728281,-5486671.715118098],[-6000365.504002224,-5486671.715118098],[-5918168.716276165,-5486671.715118098],[-5835971.928550107,-5486671.715118098],[-5753775.140824049,-5486671.715118098],[-5671578.353097991,-5486671.715118098],[-5589381.565371934,-5486671.715118098],[-5507184.777645877,-5486671.715118098],[-5424987.989919818,-5486671.715118098],[-5342791.20219376,-5486671.715118098],[-5260594.414467703,-5486671.715118098],[-5178397.626741644,-5486671.715118098],[-5096200.839015586,-5486671.715118098],[-5014004.051289529,-5486671.715118098],[-4931807.263563471,-5486671.715118098],[-4849610.475837413,-5486671.715118098],[-4767413.6881113555,-5486671.715118098],[-4685216.900385298,-5486671.715118098],[-4603020.112659239,-5486671.715118098],[-4520823.3249331815,-5486671.715118098],[-4438626.537207124,-5486671.715118098],[-4356429.749481066,-5486671.715118098],[-4274232.961755008,-5486671.715118098],[-4192036.17402895,-5486671.715118098],[-4109839.3863028926,-5486671.715118098],[-4027642.598576835,-5486671.715118098],[-3945445.8108507767,-5486671.715118098],[-3863249.023124719,-5486671.715118098],[-3781052.235398661,-5486671.715118098],[-3698855.447672603,-5486671.715118098],[-3616658.659946545,-5486671.715118098],[-3534461.872220488,-5486671.715118098],[-3452265.08449443,-5486671.715118098],[-3370068.2967683715,-5486671.715118098],[-3287871.5090423143,-5486671.715118098],[-3205674.721316256,-5486671.715118098],[-3123477.9335901984,-5486671.715118098],[-3041281.1458641407,-5486671.715118098],[-2959084.3581380825,-5486671.715118098],[-2876887.5704120244,-5486671.715118098],[-2794690.782685967,-5486671.715118098],[-2712493.994959909,-5486671.715118098],[-2630297.2072338513,-5486671.715118098],[-2548100.419507793,-5486671.715118098],[-2465903.6317817355,-5486671.715118098],[-2383706.8440556778,-5486671.715118098],[-2301510.0563296196,-5486671.715118098],[-2219313.268603562,-5486671.715118098],[-2137116.480877504,-5486671.715118098],[-2054919.6931514463,-5486671.715118098],[-1972722.9054253884,-5486671.715118098],[-1890526.1176993304,-5486671.715118098],[-1808329.3299732725,-5486671.715118098],[-1726132.542247215,-5486671.715118098],[-1643935.7545211571,-5486671.715118098],[-1561738.9667950992,-5486671.715118098],[-1479542.1790690413,-5486671.715118098],[-1397345.3913429836,-5486671.715118098],[-1315148.6036169257,-5486671.715118098],[-1232951.8158908677,-5486671.715118098],[-1150755.0281648098,-5486671.715118098],[-1068558.240438752,-5486671.715118098],[-986361.4527126942,-5486671.715118098],[-904164.6649866363,-5486671.715118098],[-821967.8772605786,-5486671.715118098],[-739771.0895345206,-5486671.715118098],[-657574.3018084628,-5486671.715118098],[-575377.5140824049,-5486671.715118098],[-493180.7263563471,-5486671.715118098],[-410983.9386302893,-5486671.715118098],[-328787.1509042314,-5486671.715118098],[-246590.36317817355,-5486671.715118098],[-164393.5754521157,-5486671.715118098],[-82196.78772605785,-5486671.715118098],[0,-5486671.715118098],[82196.78772605785,-5486671.715118098],[164393.5754521157,-5486671.715118098],[246590.36317817355,-5486671.715118098],[328787.1509042314,-5486671.715118098],[410983.9386302893,-5486671.715118098],[493180.7263563471,-5486671.715118098],[575377.5140824049,-5486671.715118098],[657574.3018084628,-5486671.715118098],[739771.0895345206,-5486671.715118098],[821967.8772605786,-5486671.715118098],[904164.6649866363,-5486671.715118098],[986361.4527126942,-5486671.715118098],[1068558.240438752,-5486671.715118098],[1150755.0281648098,-5486671.715118098],[1232951.8158908677,-5486671.715118098],[1315148.6036169257,-5486671.715118098],[1397345.3913429836,-5486671.715118098],[1479542.1790690413,-5486671.715118098],[1561738.9667950992,-5486671.715118098],[1643935.7545211571,-5486671.715118098],[1726132.542247215,-5486671.715118098],[1808329.3299732725,-5486671.715118098],[1890526.1176993304,-5486671.715118098],[1972722.9054253884,-5486671.715118098],[2054919.6931514463,-5486671.715118098],[2137116.480877504,-5486671.715118098],[2219313.268603562,-5486671.715118098],[2301510.0563296196,-5486671.715118098],[2383706.8440556778,-5486671.715118098],[2465903.6317817355,-5486671.715118098],[2548100.419507793,-5486671.715118098],[2630297.2072338513,-5486671.715118098],[2712493.994959909,-5486671.715118098],[2794690.782685967,-5486671.715118098],[2876887.5704120244,-5486671.715118098],[2959084.3581380825,-5486671.715118098],[3041281.1458641407,-5486671.715118098],[3123477.9335901984,-5486671.715118098],[3205674.721316256,-5486671.715118098],[3287871.5090423143,-5486671.715118098],[3370068.2967683715,-5486671.715118098],[3452265.08449443,-5486671.715118098],[3534461.872220488,-5486671.715118098],[3616658.659946545,-5486671.715118098],[3698855.447672603,-5486671.715118098],[3781052.235398661,-5486671.715118098],[3863249.023124719,-5486671.715118098],[3945445.8108507767,-5486671.715118098],[4027642.598576835,-5486671.715118098],[4109839.3863028926,-5486671.715118098],[4192036.17402895,-5486671.715118098],[4274232.961755008,-5486671.715118098],[4356429.749481066,-5486671.715118098],[4438626.537207124,-5486671.715118098],[4520823.3249331815,-5486671.715118098],[4603020.112659239,-5486671.715118098],[4685216.900385298,-5486671.715118098],[4767413.6881113555,-5486671.715118098],[4849610.475837413,-5486671.715118098],[4931807.263563471,-5486671.715118098],[5014004.051289529,-5486671.715118098],[5096200.839015586,-5486671.715118098],[5178397.626741644,-5486671.715118098],[5260594.414467703,-5486671.715118098],[5342791.20219376,-5486671.715118098],[5424987.989919818,-5486671.715118098],[5507184.777645877,-5486671.715118098],[5589381.565371934,-5486671.715118098],[5671578.353097991,-5486671.715118098],[5753775.140824049,-5486671.715118098],[5835971.928550107,-5486671.715118098],[5918168.716276165,-5486671.715118098],[6000365.504002224,-5486671.715118098],[6082562.291728281,-5486671.715118098],[6164759.079454339,-5486671.715118098],[6246955.867180397,-5486671.715118098],[6329152.6549064545,-5486671.715118098],[6411349.442632512,-5486671.715118098],[6493546.23035857,-5486671.715118098],[6575743.0180846285,-5486671.715118098],[6657939.805810685,-5486671.715118098],[6740136.593536743,-5486671.715118098],[6822333.3812628025,-5486671.715118098],[6904530.16898886,-5486671.715118098],[6986726.956714917,-5486671.715118098],[7068923.744440976,-5486671.715118098],[7151120.532167033,-5486671.715118098],[7233317.31989309,-5486671.715118098],[7315514.107619149,-5486671.715118098],[7397710.895345206,-5486671.715118098],[7479907.683071263,-5486671.715118098],[7562104.470797322,-5486671.715118098],[7644301.25852338,-5486671.715118098],[7726498.046249438,-5486671.715118098],[7808694.833975497,-5486671.715118098],[7890891.621701553,-5486671.715118098],[7973088.409427612,-5486671.715118098],[8055285.19715367,-5486671.715118098],[8137481.984879727,-5486671.715118098],[8219678.772605785,-5486671.715118098],[8301875.560331843,-5486671.715118098],[8384072.3480579,-5486671.715118098],[8466269.13578396,-5486671.715118098],[8548465.923510017,-5486671.715118098],[8630662.711236075,-5486671.715118098],[8712859.498962132,-5486671.715118098],[8795056.28668819,-5486671.715118098],[8877253.074414248,-5486671.715118098],[8959449.862140305,-5486671.715118098],[9041646.649866363,-5486671.715118098],[9123843.437592423,-5486671.715118098],[9206040.225318478,-5486671.715118098],[9288237.013044538,-5486671.715118098],[9370433.800770596,-5486671.715118098],[9452630.588496652,-5486671.715118098],[9534827.376222711,-5486671.715118098],[9617024.163948769,-5486671.715118098],[9699220.951674826,-5486671.715118098],[9781417.739400884,-5486671.715118098],[9863614.527126942,-5486671.715118098],[9945811.314853,-5486671.715118098],[10028008.102579057,-5486671.715118098],[10110204.890305117,-5486671.715118098],[10192401.678031173,-5486671.715118098],[10274598.465757232,-5486671.715118098],[10356795.253483288,-5486671.715118098],[10438992.041209348,-5486671.715118098],[10521188.828935405,-5486671.715118098],[10603385.616661461,-5486671.715118098],[10685582.40438752,-5486671.715118098],[10767779.192113578,-5486671.715118098],[10849975.979839636,-5486671.715118098],[10932172.767565694,-5486671.715118098],[11014369.555291753,-5486671.715118098],[11096566.34301781,-5486671.715118098],[11178763.130743869,-5486671.715118098],[11260959.918469924,-5486671.715118098],[11343156.706195982,-5486671.715118098],[11425353.493922042,-5486671.715118098],[11507550.281648098,-5486671.715118098],[11589747.069374157,-5486671.715118098],[11671943.857100215,-5486671.715118098],[11754140.644826274,-5486671.715118098],[11836337.43255233,-5486671.715118098],[11918534.22027839,-5486671.715118098],[12000731.008004447,-5486671.715118098],[12082927.795730501,-5486671.715118098],[12165124.583456563,-5486671.715118098],[12247321.37118262,-5486671.715118098],[12329518.158908678,-5486671.715118098],[12411714.946634736,-5486671.715118098],[12493911.734360794,-5486671.715118098],[12576108.522086851,-5486671.715118098],[12658305.309812909,-5486671.715118098],[12740502.097538967,-5486671.715118098],[12822698.885265024,-5486671.715118098],[12904895.67299108,-5486671.715118098],[12987092.46071714,-5486671.715118098],[13069289.248443197,-5486671.715118098],[13151486.036169257,-5486671.715118098],[13233682.823895315,-5486671.715118098],[13315879.61162137,-5486671.715118098],[13398076.399347432,-5486671.715118098],[13480273.187073486,-5486671.715118098],[13562469.974799544,-5486671.715118098],[13644666.762525605,-5486671.715118098],[13726863.550251659,-5486671.715118098],[13809060.33797772,-5486671.715118098],[13891257.125703776,-5486671.715118098],[13973453.913429834,-5486671.715118098],[14055650.701155894,-5486671.715118098],[14137847.488881951,-5486671.715118098],[14220044.276608007,-5486671.715118098],[14302241.064334067,-5486671.715118098],[14384437.852060124,-5486671.715118098],[14466634.63978618,-5486671.715118098],[14548831.42751224,-5486671.715118098],[14631028.215238297,-5486671.715118098],[14713225.002964353,-5486671.715118098],[14795421.790690413,-5486671.715118098]]},"properties":{"type":"parallel","value":-45}},
{"type":"Feature","geometry":{"type":"LineString","coordinates":[[-16147540.131555887,-3781821.4265020713],[-16057831.575269463,-3781821.4265020713],[-15968123.018983042,-3781821.4265020713],[-15878414.462696621,-3781821.4265020713],[-15788705.906410199,-3781821.4265020713],[-15698997.350123778,-3781821.4265020713],[-15609288.793837354,-3781821.4265020713],[-15519580.237550933,-3781821.4265020713],[-15429871.681264512,-3781821.4265020713],[-15340163.12497809,-3781821.4265020713],[-15250454.568691673,-3781821.4265020713],[-15160746.012405246,-3781821.4265020713],[-15071037.456118828,-3781821.4265020713],[-14981328.899832401,-3781821.4265020713],[-14891620.343545984,-3781821.4265020713],[-14801911.78725956,-3781821.4265020713],[-14712203.23097314,-3781821.4265020713],[-14622494.67468672,-3781821.4265020713],[-14532786.118400296,-3781821.4265020713],[-14443077.562113876,-3781821.4265020713],[-14353369.005827455,-3781821.4265020713],[-14263660.449541032,-3781821.4265020713],[-14173951.893254612,-3781821.4265020713],[-14084243.336968187,-3781821.4265020713],[-13994534.780681767,-3781821.4265020713],[-13904826.224395346,-3781821.4265020713],[-13815117.668108927,-3781821.4265020713],[-13725409.111822503,-3781821.4265020713],[-13635700.555536082,-3781821.4265020713],[-13545991.99924966,-3781821.4265020713],[-13456283.442963239,-3781821.4265020713],[-13366574.886676814,-3781821.4265020713],[-13276866.330390397,-3781821.4265020713],[-13187157.774103971,-3781821.4265020713],[-13097449.217817554,-3781821.4265020713],[-13007740.66153113,-3781821.4265020713],[-12918032.10524471,-3781821.4265020713],[-12828323.548958289,-3781821.4265020713],[-12738614.992671866,-3781821.4265020713],[-12648906.436385443,-3781821.4265020713],[-12559197.880099023,-3781821.4265020713],[-12469489.3238126,-3781821.4265020713],[-12379780.76752618,-3781821.4265020713],[-12290072.211239757,-3781821.4265020713],[-12200363.654953334,-3781821.4265020713],[-12110655.098666914,-3781821.4265020713],[-12020946.542380493,-3781821.4265020713],[-11931237.98609407,-3781821.4265020713],[-11841529.429807648,-3781821.4265020713],[-11751820.873521227,-3781821.4265020713],[-11662112.317234807,-3781821.4265020713],[-11572403.760948384,-3781821.4265020713],[-11482695.204661962,-3781821.4265020713],[-11392986.648375543,-3781821.4265020713],[-11303278.09208912,-3781821.4265020713],[-11213569.5358027,-3781821.4265020713],[-11123860.979516277,-3781821.4265020713],[-11034152.423229856,-3781821.4265020713],[-10944443.866943434,-3781821.4265020713],[-10854735.310657013,-3781821.4265020713],[-10765026.754370589,-3781821.4265020713],[-10675318.198084168,-3781821.4265020713],[-10585609.64179775,-3781821.4265020713],[-10495901.085511327,-3781821.4265020713],[-10406192.529224906,-3781821.4265020713],[-10316483.972938482,-3781821.4265020713],[-10226775.416652061,-3781821.4265020713],[-10137066.86036564,-3781821.4265020713],[-10047358.30407922,-3781821.4265020713],[-9957649.747792795,-3781821.4265020713],[-9867941.191506375,-3781821.4265020713],[-9778232.635219952,-3781821.4265020713],[-9688524.078933531,-3781821.4265020713],[-9598815.522647109,-3781821.4265020713],[-9509106.966360688,-3781821.4265020713],[-9419398.410074268,-3781821.4265020713],[-9329689.853787845,-3781821.4265020713],[-9239981.297501422,-3781821.4265020713],[-9150272.741215002,-3781821.4265020713],[-9060564.184928581,-3781821.4265020713],[-8970855.628642159,-3781821.4265020713],[-8881147.072355736,-3781821.4265020713],[-8791438.516069315,-3781821.4265020713],[-8701729.959782895,-3781821.4265020713],[-8612021.403496474,-3781821.4265020713],[-8522312.847210051,-3781821.4265020713],[-8432604.290923629,-3781821.4265020713],[-8342895.734637207,-3781821.4265020713],[-8253187.178350786,-3781821.4265020713],[-8163478.622064365,-3781821.4265020713],[-8073770.0657779435,-3781821.4265020713],[-7984061.509491521,-3781821.4265020713],[-7894352.953205099,-3781821.4265020713],[-7804644.396918677,-3781821.4265020713],[-7714935.840632256,-3781821.4265020713],[-7625227.284345836,-3781821.4265020713],[-7535518.728059414,-3781821.4265020713],[-7445810.171772992,-3781821.4265020713],[-7356101.61548657,-3781821.4265020713],[-7266393.059200148,-3781821.4265020713],[-7176684.502913727,-3781821.4265020713],[-7086975.946627306,-3781821.4265020713],[-6997267.390340883,-3781821.4265020713],[-6907558.834054464,-3781821.4265020713],[-6817850.277768041,-3781821.4265020713],[-6728141.721481619,-3781821.4265020713],[-6638433.165195199,-3781821.4265020713],[-6548724.608908777,-3781821.4265020713],[-6459016.052622355,-3781821.4265020713],[-6369307.496335933,-3781821.4265020713],[-6279598.940049511,-3781821.4265020713],[-6189890.38376309,-3781821.4265020713],[-6100181.827476667,-3781821.4265020713],[-6010473.271190247,-3781821.4265020713],[-5920764.714903824,-3781821.4265020713],[-5831056.158617403,-3781821.4265020713],[-5741347.602330981,-3781821.4265020713],[-5651639.04604456,-3781821.4265020713],[-5561930.489758139,-3781821.4265020713],[-5472221.933471717,-3781821.4265020713],[-5382513.377185294,-3781821.4265020713],[-5292804.820898875,-3781821.4265020713],[-5203096.264612453,-3781821.4265020713],[-5113387.7083260305,-3781821.4265020713],[-5023679.15203961,-3781821.4265020713],[-4933970.595753187,-3781821.4265020713],[-4844262.039466766,-3781821.4265020713],[-4754553.483180344,-3781821.4265020713],[-4664844.9268939225,-3781821.4265020713],[-4575136.370607501,-3781821.4265020713],[-4485427.814321079,-3781821.4265020713],[-4395719.258034658,-3781821.4265020713],[-4306010.701748237,-3781821.4265020713],[-4216302.1454618145,-3781821.4265020713],[-4126593.589175393,-3781821.4265020713],[-4036885.0328889717,-3781821.4265020713],[-3947176.4766025497,-3781821.4265020713],[-3857467.920316128,-3781821.4265020713],[-3767759.364029707,-3781821.4265020713],[-3678050.807743285,-3781821.4265020713],[-3588342.2514568637,-3781821.4265020713],[-3498633.6951704416,-3781821.4265020713],[-3408925.1388840205,-3781821.4265020713],[-3319216.5825975994,-3781821.4265020713],[-3229508.0263111773,-3781821.4265020713],[-3139799.4700247557,-3781821.4265020713],[-3050090.9137383336,-3781821.4265020713],[-2960382.357451912,-3781821.4265020713],[-2870673.8011654904,-3781821.4265020713],[-2780965.2448790693,-3781821.4265020713],[-2691256.688592647,-3781821.4265020713],[-2601548.1323062265,-3781821.4265020713],[-2511839.576019805,-3781821.4265020713],[-2422131.019733383,-3781821.4265020713],[-2332422.4634469613,-3781821.4265020713],[-2242713.9071605396,-3781821.4265020713],[-2153005.3508741185,-3781821.4265020713],[-2063296.7945876964,-3781821.4265020713],[-1973588.2383012748,-3781821.4265020713],[-1883879.6820148535,-3781821.4265020713],[-1794171.1257284319,-3781821.4265020713],[-1704462.5694420103,-3781821.4265020713],[-1614754.0131555886,-3781821.4265020713],[-1525045.4568691668,-3781821.4265020713],[-1435336.9005827452,-3781821.4265020713],[-1345628.3442963236,-3781821.4265020713],[-1255919.7880099025,-3781821.4265020713],[-1166211.2317234806,-3781821.4265020713],[-1076502.6754370593,-3781821.4265020713],[-986794.1191506374,-3781821.4265020713],[-897085.5628642159,-3781821.4265020713],[-807377.0065777943,-3781821.4265020713],[-717668.4502913726,-3781821.4265020713],[-627959.8940049512,-3781821.4265020713],[-538251.3377185296,-3781821.4265020713],[-448542.78143210796,-3781821.4265020713],[-358834.2251456863,-3781821.4265020713],[-269125.6688592648,-3781821.4265020713],[-179417.11257284315,-3781821.4265020713],[-89708.55628642158,-3781821.4265020713],[0,-3781821.4265020713],[89708.55628642158,-3781821.4265020713],[179417.11257284315,-3781821.4265020713],[269125.6688592648,-3781821.4265020713],[358834.2251456863,-3781821.4265020713],[448542.78143210796,-3781821.4265020713],[538251.3377185296,-3781821.4265020713],[627959.8940049512,-3781821.4265020713],[717668.4502913726,-3781821.4265020713],[807377.0065777943,-3781821.4265020713],[897085.5628642159,-3781821.4265020713],[986794.1191506374,-3781821.4265020713],[1076502.6754370593,-3781821.4265020713],[1166211.2317234806,-3781821.4265020713],[1255919.7880099025,-3781821.4265020713],[1345628.3442963236,-3781821.4265020713],[1435336.9005827452,-3781821.4265020713],[1525045.4568691668,-3781821.4265020713],[1614754.0131555886,-3781821.4265020713],[1704462.5694420103,-3781821.4265020713],[1794171.1257284319,-3781821.4265020713],[1883879.6820148535,-3781821.4265020713],[1973588.2383012748,-3781821.4265020713],[2063296.7945876964,-3781821.4265020713],[2153005.3508741185,-3781821.4265020713],[2242713.9071605396,-3781821.4265020713],[2332422.4634469613,-3781821.4265020713],[2422131.019733383,-3781821.4265020713],[2511839.576019805,-3781821.4265020713],[2601548.1323062265,-3781821.4265020713],[2691256.688592647,-3781821.4265020713],[2780965.2448790693,-3781821.4265020713],[2870673.8011654904,-3781821.4265020713],[2960382.357451912,-3781821.4265020713],[3050090.9137383336,-3781821.4265020713],[3139799.4700247557,-3781821.4265020713],[3229508.0263111773,-3781821.4265020713],[3319216.5825975994,-3781821.4265020713],[3408925.1388840205,-3781821.4265020713],[3498633.6951704416,-3781821.4265020713],[3588342.2514568637,-3781821.4265020713],[3678050.807743285,-3781821.4265020713],[3767759.364029707,-3781821.4265020713],[3857467.920316128,-3781821.4265020713],[3947176.4766025497,-3781821.4265020713],[4036885.0328889717,-3781821.4265020713],[4126593.589175393,-3781821.4265020713],[4216302.1454618145,-3781821.4265020713],[4306010.701748237,-3781821.4265020713],[4395719.258034658,-3781821.4265020713],[4485427.814321079,-3781821.4265020713],[4575136.370607501,-3781821.4265020713],[4664844.9268939225,-3781821.4265020713],[4754553.483180344,-3781821.4265020713],[4844262.039466766,-3781821.4265020713],[4933970.595753187,-3781821.4265020713],[5023679.15203961,-3781821.4265020713],[5113387.7083260305,-3781821.4265020713],[5203096.264612453,-3781821.4265020713],[5292804.820898875,-3781821.4265020713],[5382513.377185294,-3781821.4265020713],[5472221.933471717,-3781821.4265020713],[5561930.489758139,-3781821.4265020713],[5651639.04604456,-3781821.4265020713],[5741347.602330981,-3781821.4265020713],[5831056.158617403,-3781821.4265020713],[5920764.714903824,-3781821.4265020713],[6010473.271190247,-3781821.4265020713],[6100181.827476667,-3781821.4265020713],[6189890.38376309,-3781821.4265020713],[6279598.940049511,-3781821.4265020713],[6369307.496335933,-3781821.4265020713],[6459016.052622355,-3781821.4265020713],[6548724.608908777,-3781821.4265020713],[6638433.165195199,-3781821.4265020713],[6728141.721481619,-3781821.4265020713],[6817850.277768041,-3781821.4265020713],[6907558.834054464,-3781821.4265020713],[6997267.390340883,-3781821.4265020713],[7086975.946627306,-3781821.4265020713],[7176684.502913727,-3781821.4265020713],[7266393.059200148,-3781821.4265020713],[7356101.61548657,-3781821.4265020713],[7445810.171772992,-3781821.4265020713],[7535518.728059414,-3781821.4265020713],[7625227.284345836,-3781821.4265020713],[7714935.840632256,-3781821.4265020713],[7804644.396918677,-3781821.4265020713],[7894352.953205099,-3781821.4265020713],[7984061.509491521,-3781821.4265020713],[8073770.0657779435,-3781821.4265020713],[8163478.622064365,-3781821.4265020713],[8253187.178350786,-3781821.4265020713],[8342895.734637207,-3781821.4265020713],[8432604.290923629,-3781821.4265020713],[8522312.847210051,-3781821.4265020713],[8612021.403496474,-3781821.4265020713],[8701729.959782895,-3781821.4265020713],[8791438.516069315,-3781821.4265020713],[8881147.072355736,-3781821.4265020713],[8970855.628642159,-3781821.4265020713],[9060564.184928581,-3781821.4265020713],[9150272.741215002,-3781821.4265020713],[9239981.297501422,-3781821.4265020713],[9329689.853787845,-3781821.4265020713],[9419398.410074268,-3781821.4265020713],[9509106.966360688,-3781821.4265020713],[9598815.522647109,-3781821.4265020713],[9688524.078933531,-3781821.4265020713],[9778232.635219952,-3781821.4265020713],[9867941.191506375,-3781821.4265020713],[9957649.747792795,-3781821.4265020713],[10047358.30407922,-3781821.4265020713],[10137066.86036564,-3781821.4265020713],[10226775.416652061,-3781821.4265020713],[10316483.972938482,-3781821.4265020713],[10406192.529224906,-3781821.4265020713],[10495901.085511327,-3781821.4265020713],[10585609.64179775,-3781821.4265020713],[10675318.198084168,-3781821.4265020713],[10765026.754370589,-3781821.4265020713],[10854735.310657013,-3781821.4265020713],[10944443.866943434,-3781821.4265020713],[11034152.423229856,-3781821.4265020713],[11123860.979516277,-3781821.4265020713],[11213569.5358027,-3781821.4265020713],[11303278.09208912,-3781821.4265020713],[11392986.648375543,-3781821.4265020713],[11482695.204661962,-3781821.4265020713],[11572403.760948384,-3781821.4265020713],[11662112.317234807,-3781821.4265020713],[11751820.873521227,-3781821.4265020713],[11841529.429807648,-3781821.4265020713],[11931237.98609407,-3781821.4265020713],[12020946.542380493,-3781821.4265020713],[12110655.098666914,-3781821.4265020713],[12200363.654953334,-3781821.4265020713],[12290072.211239757,-3781821.4265020713],[12379780.76752618,-3781821.4265020713],[12469489.3238126,-3781821.4265020713],[12559197.880099023,-3781821.4265020713],[12648906.436385443,-3781821.4265020713],[12738614.992671866,-3781821.4265020713],[12828323.548958289,-3781821.4265020713],[12918032.10524471,-3781821.4265020713],[13007740.66153113,-3781821.4265020713],[13097449.217817554,-3781821.4265020713],[13187157.774103971,-3781821.4265020713],[13276866.330390397,-3781821.4265020713],[13366574.886676814,-3781821.4265020713],[13456283.442963239,-3781821.4265020713],[13545991.99924966,-3781821.4265020713],[13635700.555536082,-3781821.4265020713],[13725409.111822503,-3781821.4265020713],[13815117.668108927,-3781821.4265020713],[13904826.224395346,-3781821.4265020713],[13994534.780681767,-3781821.4265020713],[14084243.336968187,-3781821.4265020713],[14173951.893254612,-3781821.4265020713],[14263660.449541032,-3781821.4265020713],[14353369.005827455,-3781821.4265020713],[14443077.562113876,-3781821.4265020713],[14532786.118400296,-3781821.4265020713],[14622494.67468672,-3781821.4265020713],[14712203.23097314,-3781821.4265020713],[14801911.78725956,-3781821.4265020713],[14891620.343545984,-3781821.4265020713],[14981328.899832401,-3781821.4265020713],[15071037.456118828,-3781821.4265020713],[15160746.012405246,-3781821.4265020713],[15250454.568691673,-3781821.4265020713],[15340163.12497809,-3781821.4265020713],[15429871.681264512,-3781821.4265020713],[15519580.237550933,-3781821.4265020713],[15609288.793837354,-3781821.4265020713],[15698997.350123778,-3781821.4265020713],[15788705.906410199,-3781821.4265020713],[15878414.462696621,-3781821.4265020713],[15968123.018983042,-3781821.4265020713],[16057831.575269463,-3781821.4265020713],[16147540.131555887,-3781821.4265020713]]},"properties":{"type":"parallel","value":-30}},
{"type":"Feature","geometry":{"type":"LineString","coordinates":[[-16981550.851296667,-1926510.364378373],[-16887208.9021228,-1926510.364378373],[-16792866.952948924,-1926510.364378373],[-16698525.003775058,-1926510.364378373],[-16604183.054601185,-1926510.364378373],[-16509841.105427315,-1926510.364378373],[-16415499.156253444,-1926510.364378373],[-16321157.207079576,-1926510.364378373],[-16226815.257905705,-1926510.364378373],[-16132473.308731835,-1926510.364378373],[-16038131.359557966,-1926510.364378373],[-15943789.410384092,-1926510.364378373],[-15849447.461210223,-1926510.364378373],[-15755105.512036353,-1926510.364378373],[-15660763.562862484,-1926510.364378373],[-15566421.61368861,-1926510.364378373],[-15472079.66451474,-1926510.364378373],[-15377737.715340871,-1926510.364378373],[-15283395.766167002,-1926510.364378373],[-15189053.81699313,-1926510.364378373],[-15094711.86781926,-1926510.364378373],[-15000369.918645391,-1926510.364378373],[-14906027.969471518,-1926510.364378373],[-14811686.020297648,-1926510.364378373],[-14717344.071123779,-1926510.364378373],[-14623002.12194991,-1926510.364378373],[-14528660.17277604,-1926510.364378373],[-14434318.223602166,-1926510.364378373],[-14339976.2744283,-1926510.364378373],[-14245634.325254427,-1926510.364378373],[-14151292.376080556,-1926510.364378373],[-14056950.426906686,-1926510.364378373],[-13962608.477732815,-1926510.364378373],[-13868266.528558943,-1926510.364378373],[-13773924.579385074,-1926510.364378373],[-13679582.630211206,-1926510.364378373],[-13585240.681037335,-1926510.364378373],[-13490898.731863465,-1926510.364378373],[-13396556.782689592,-1926510.364378373],[-13302214.833515726,-1926510.364378373],[-13207872.884341853,-1926510.364378373],[-13113530.935167983,-1926510.364378373],[-13019188.98599411,-1926510.364378373],[-12924847.03682024,-1926510.364378373],[-12830505.08764637,-1926510.364378373],[-12736163.1384725,-1926510.364378373],[-12641821.189298632,-1926510.364378373],[-12547479.240124758,-1926510.364378373],[-12453137.29095089,-1926510.364378373],[-12358795.341777017,-1926510.364378373],[-12264453.39260315,-1926510.364378373],[-12170111.443429276,-1926510.364378373],[-12075769.494255409,-1926510.364378373],[-11981427.54508154,-1926510.364378373],[-11887085.595907668,-1926510.364378373],[-11792743.646733798,-1926510.364378373],[-11698401.697559927,-1926510.364378373],[-11604059.748386057,-1926510.364378373],[-11509717.799212184,-1926510.364378373],[-11415375.850038316,-1926510.364378373],[-11321033.900864443,-1926510.364378373],[-11226691.951690575,-1926510.364378373],[-11132350.002516706,-1926510.364378373],[-11038008.053342832,-1926510.364378373],[-10943666.104168965,-1926510.364378373],[-10849324.154995091,-1926510.364378373],[-10754982.205821224,-1926510.364378373],[-10660640.256647352,-1926510.364378373],[-10566298.307473483,-1926510.364378373],[-10471956.358299611,-1926510.364378373],[-10377614.409125742,-1926510.364378373],[-10283272.45995187,-1926510.364378373],[-10188930.510778,-1926510.364378373],[-10094588.561604131,-1926510.364378373],[-10000246.61243026,-1926510.364378373],[-9905904.663256392,-1926510.364378373],[-9811562.71408252,-1926510.364378373],[-9717220.764908649,-1926510.364378373],[-9622878.815734778,-1926510.364378373],[-9528536.866560908,-1926510.364378373],[-9434194.917387037,-1926510.364378373],[-9339852.968213165,-1926510.364378373],[-9245511.019039296,-1926510.364378373],[-9151169.069865426,-1926510.364378373],[-9056827.120691556,-1926510.364378373],[-8962485.171517687,-1926510.364378373],[-8868143.222343815,-1926510.364378373],[-8773801.273169946,-1926510.364378373],[-8679459.323996076,-1926510.364378373],[-8585117.374822205,-1926510.364378373],[-8490775.425648334,-1926510.364378373],[-8396433.476474462,-1926510.364378373],[-8302091.5273005925,-1926510.364378373],[-8207749.578126722,-1926510.364378373],[-8113407.628952852,-1926510.364378373],[-8019065.679778983,-1926510.364378373],[-7924723.730605111,-1926510.364378373],[-7830381.781431242,-1926510.364378373],[-7736039.83225737,-1926510.364378373],[-7641697.883083501,-1926510.364378373],[-7547355.93390963,-1926510.364378373],[-7453013.984735759,-1926510.364378373],[-7358672.035561889,-1926510.364378373],[-7264330.08638802,-1926510.364378373],[-7169988.13721415,-1926510.364378373],[-7075646.188040278,-1926510.364378373],[-6981304.238866407,-1926510.364378373],[-6886962.289692537,-1926510.364378373],[-6792620.340518667,-1926510.364378373],[-6698278.391344796,-1926510.364378373],[-6603936.442170926,-1926510.364378373],[-6509594.492997055,-1926510.364378373],[-6415252.543823185,-1926510.364378373],[-6320910.594649316,-1926510.364378373],[-6226568.645475445,-1926510.364378373],[-6132226.696301575,-1926510.364378373],[-6037884.747127704,-1926510.364378373],[-5943542.797953834,-1926510.364378373],[-5849200.848779963,-1926510.364378373],[-5754858.899606092,-1926510.364378373],[-5660516.950432221,-1926510.364378373],[-5566175.001258353,-1926510.364378373],[-5471833.052084482,-1926510.364378373],[-5377491.102910612,-1926510.364378373],[-5283149.153736741,-1926510.364378373],[-5188807.204562871,-1926510.364378373],[-5094465.255389,-1926510.364378373],[-5000123.30621513,-1926510.364378373],[-4905781.35704126,-1926510.364378373],[-4811439.407867389,-1926510.364378373],[-4717097.458693518,-1926510.364378373],[-4622755.509519648,-1926510.364378373],[-4528413.560345778,-1926510.364378373],[-4434071.611171908,-1926510.364378373],[-4339729.661998038,-1926510.364378373],[-4245387.712824167,-1926510.364378373],[-4151045.7636502963,-1926510.364378373],[-4056703.814476426,-1926510.364378373],[-3962361.8653025557,-1926510.364378373],[-3868019.916128685,-1926510.364378373],[-3773677.966954815,-1926510.364378373],[-3679336.0177809447,-1926510.364378373],[-3584994.068607075,-1926510.364378373],[-3490652.1194332037,-1926510.364378373],[-3396310.1702593337,-1926510.364378373],[-3301968.221085463,-1926510.364378373],[-3207626.2719115927,-1926510.364378373],[-3113284.3227377227,-1926510.364378373],[-3018942.373563852,-1926510.364378373],[-2924600.4243899817,-1926510.364378373],[-2830258.4752161107,-1926510.364378373],[-2735916.526042241,-1926510.364378373],[-2641574.5768683706,-1926510.364378373],[-2547232.6276945,-1926510.364378373],[-2452890.67852063,-1926510.364378373],[-2358548.729346759,-1926510.364378373],[-2264206.780172889,-1926510.364378373],[-2169864.830999019,-1926510.364378373],[-2075522.8818251481,-1926510.364378373],[-1981180.9326512779,-1926510.364378373],[-1886838.9834774076,-1926510.364378373],[-1792497.0343035376,-1926510.364378373],[-1698155.0851296668,-1926510.364378373],[-1603813.1359557963,-1926510.364378373],[-1509471.186781926,-1926510.364378373],[-1415129.2376080554,-1926510.364378373],[-1320787.2884341853,-1926510.364378373],[-1226445.339260315,-1926510.364378373],[-1132103.3900864446,-1926510.364378373],[-1037761.4409125741,-1926510.364378373],[-943419.4917387038,-1926510.364378373],[-849077.5425648334,-1926510.364378373],[-754735.593390963,-1926510.364378373],[-660393.6442170927,-1926510.364378373],[-566051.6950432223,-1926510.364378373],[-471709.7458693519,-1926510.364378373],[-377367.7966954815,-1926510.364378373],[-283025.84752161114,-1926510.364378373],[-188683.89834774076,-1926510.364378373],[-94341.94917387038,-1926510.364378373],[0,-1926510.364378373],[94341.94917387038,-1926510.364378373],[188683.89834774076,-1926510.364378373],[283025.84752161114,-1926510.364378373],[377367.7966954815,-1926510.364378373],[471709.7458693519,-1926510.364378373],[566051.6950432223,-1926510.364378373],[660393.6442170927,-1926510.364378373],[754735.593390963,-1926510.364378373],[849077.5425648334,-1926510.364378373],[943419.4917387038,-1926510.364378373],[1037761.4409125741,-1926510.364378373],[1132103.3900864446,-1926510.364378373],[1226445.339260315,-1926510.364378373],[1320787.2884341853,-1926510.364378373],[1415129.2376080554,-1926510.364378373],[1509471.186781926,-1926510.364378373],[1603813.1359557963,-1926510.364378373],[1698155.0851296668,-1926510.364378373],[1792497.0343035376,-1926510.364378373],[1886838.9834774076,-1926510.364378373],[1981180.9326512779,-1926510.364378373],[2075522.8818251481,-1926510.364378373],[2169864.830999019,-1926510.364378373],[2264206.780172889,-1926510.364378373],[2358548.729346759,-1926510.364378373],[2452890.67852063,-1926510.364378373],[2547232.6276945,-1926510.364378373],[2641574.5768683706,-1926510.364378373],[2735916.526042241,-1926510.364378373],[2830258.4752161107,-1926510.364378373],[2924600.4243899817,-1926510.364378373],[3018942.373563852,-1926510.364378373],[3113284.3227377227,-1926510.364378373],[3207626.2719115927,-1926510.364378373],[3301968.221085463,-1926510.364378373],[3396310.1702593337,-1926510.364378373],[3490652.1194332037,-1926510.364378373],[3584994.068607075,-1926510.364378373],[3679336.0177809447,-1926510.364378373],[3773677.966954815,-1926510.364378373],[3868019.916128685,-1926510.364378373],[3962361.8653025557,-1926510.364378373],[4056703.814476426,-1926510.364378373],[4151045.7636502963,-1926510.364378373],[4245387.712824167,-1926510.364378373],[4339729.661998038,-1926510.364378373],[4434071.611171908,-1926510.364378373],[4528413.560345778,-1926510.364378373],[4622755.509519648,-1926510.364378373],[4717097.458693518,-1926510.364378373],[4811439.407867389,-1926510.364378373],[4905781.35704126,-1926510.364378373],[5000123.30621513,-1926510.364378373],[5094465.255389,-1926510.364378373],[5188807.204562871,-1926510.364378373],[5283149.153736741,-1926510.364378373],[5377491.102910612,-1926510.364378373],[5471833.052084482,-1926510.364378373],[5566175.001258353,-1926510.364378373],[5660516.950432221,-1926510.364378373],[5754858.899606092,-1926510.364378373],[5849200.848779963,-1926510.364378373],[5943542.797953834,-1926510.364378373],[6037884.747127704,-1926510.364378373],[6132226.696301575,-1926510.364378373],[6226568.645475445,-1926510.364378373],[6320910.594649316,-1926510.364378373],[6415252.543823185,-1926510.364378373],[6509594.492997055,-1926510.364378373],[6603936.442170926,-1926510.364378373],[6698278.391344796,-1926510.364378373],[6792620.340518667,-1926510.364378373],[6886962.289692537,-1926510.364378373],[6981304.238866407,-1926510.364378373],[7075646.188040278,-1926510.364378373],[7169988.13721415,-1926510.364378373],[7264330.08638802,-1926510.364378373],[7358672.035561889,-1926510.364378373],[7453013.984735759,-1926510.364378373],[7547355.93390963,-1926510.364378373],[7641697.883083501,-1926510.364378373],[7736039.83225737,-1926510.364378373],[7830381.781431242,-1926510.364378373],[7924723.730605111,-1926510.364378373],[8019065.679778983,-1926510.364378373],[8113407.628952852,-1926510.364378373],[8207749.578126722,-1926510.364378373],[8302091.5273005925,-1926510.364378373],[8396433.476474462,-1926510.364378373],[8490775.425648334,-1926510.364378373],[8585117.374822205,-1926510.364378373],[8679459.323996076,-1926510.364378373],[8773801.273169946,-1926510.364378373],[8868143.222343815,-1926510.364378373],[8962485.171517687,-1926510.364378373],[9056827.120691556,-1926510.364378373],[9151169.069865426,-1926510.364378373],[9245511.019039296,-1926510.364378373],[9339852.968213165,-1926510.364378373],[9434194.917387037,-1926510.364378373],[9528536.866560908,-1926510.364378373],[9622878.815734778,-1926510.364378373],[9717220.764908649,-1926510.364378373],[9811562.71408252,-1926510.364378373],[9905904.663256392,-1926510.364378373],[10000246.61243026,-1926510.364378373],[10094588.561604131,-1926510.364378373],[10188930.510778,-1926510.364378373],[10283272.45995187,-1926510.364378373],[10377614.409125742,-1926510.364378373],[10471956.358299611,-1926510.364378373],[10566298.307473483,-1926510.364378373],[10660640.256647352,-1926510.364378373],[10754982.205821224,-1926510.364378373],[10849324.154995091,-1926510.364378373],[10943666.104168965,-1926510.364378373],[11038008.053342832,-1926510.364378373],[11132350.002516706,-1926510.364378373],[11226691.951690575,-1926510.364378373],[11321033.900864443,-1926510.364378373],[11415375.850038316,-1926510.364378373],[11509717.799212184,-1926510.364378373],[11604059.748386057,-1926510.364378373],[11698401.697559927,-1926510.364378373],[11792743.646733798,-1926510.364378373],[11887085.595907668,-1926510.364378373],[11981427.54508154,-1926510.364378373],[12075769.494255409,-1926510.364378373],[12170111.443429276,-1926510.364378373],[12264453.39260315,-1926510.364378373],[12358795.341777017,-1926510.364378373],[12453137.29095089,-1926510.364378373],[12547479.240124758,-1926510.364378373],[12641821.189298632,-1926510.364378373],[12736163.1384725,-1926510.364378373],[12830505.08764637,-1926510.364378373],[12924847.03682024,-1926510.364378373],[13019188.98599411,-1926510.364378373],[13113530.935167983,-1926510.364378373],[13207872.884341853,-1926510.364378373],[13302214.833515726,-1926510.364378373],[13396556.782689592,-1926510.364378373],[13490898.731863465,-1926510.364378373],[13585240.681037335,-1926510.364378373],[13679582.630211206,-1926510.364378373],[13773924.579385074,-1926510.364378373],[13868266.528558943,-1926510.364378373],[13962608.477732815,-1926510.364378373],[14056950.426906686,-1926510.364378373],[14151292.376080556,-1926510.364378373],[14245634.325254427,-1926510.364378373],[14339976.2744283,-1926510.364378373],[14434318.223602166,-1926510.364378373],[14528660.17277604,-1926510.364378373],[14623002.12194991,-1926510.364378373],[14717344.071123779,-1926510.364378373],[14811686.020297648,-1926510.364378373],[14906027.969471518,-1926510.364378373],[15000369.918645391,-1926510.364378373],[15094711.86781926,-1926510.364378373],[15189053.81699313,-1926510.364378373],[15283395.766167002,-1926510.364378373],[15377737.715340871,-1926510.364378373],[15472079.66451474,-1926510.364378373],[15566421.61368861,-1926510.364378373],[15660763.562862484,-1926510.364378373],[15755105.512036353,-1926510.364378373],[15849447.461210223,-1926510.364378373],[15943789.410384092,-1926510.364378373],[16038131.359557966,-1926510.364378373],[16132473.308731835,-1926510.364378373],[16226815.257905705,-1926510.364378373],[16321157.207079576,-1926510.364378373],[16415499.156253444,-1926510.364378373],[16509841.105427315,-1926510.364378373],[16604183.054601185,-1926510.364378373],[16698525.003775058,-1926510.364378373],[16792866.952948924,-1926510.364378373],[16887208.9021228,-1926510.364378373],[16981550.851296667,-1926510.364378373]]},"properties":{"type":"parallel","value":-15}},
{"type":"Feature","geometry":{"type":"LineString","coordinates":[[-17263256.844321333,0],[-17167349.86185288,0],[-17071442.87938443,0],[-16975535.89691598,0],[-16879628.914447524,0],[-16783721.93197907,0],[-16687814.94951062,0],[-16591907.967042169,0],[-16496000.98457372,0],[-16400094.002105266,0],[-16304187.019636814,0],[-16208280.037168363,0],[-16112373.05469991,0],[-16016466.072231459,0],[-15920559.089763006,0],[-15824652.107294556,0],[-15728745.124826103,0],[-15632838.142357651,0],[-15536931.1598892,0],[-15441024.177420748,0],[-15345117.194952296,0],[-15249210.212483846,0],[-15153303.23001539,0],[-15057396.247546941,0],[-14961489.265078487,0],[-14865582.282610038,0],[-14769675.300141586,0],[-14673768.317673132,0],[-14577861.335204683,0],[-14481954.35273623,0],[-14386047.370267779,0],[-14290140.387799324,0],[-14194233.405330872,0],[-14098326.422862422,0],[-14002419.44039397,0],[-13906512.457925517,0],[-13810605.475457067,0],[-13714698.492988614,0],[-13618791.510520162,0],[-13522884.528051712,0],[-13426977.54558326,0],[-13331070.563114807,0],[-13235163.580646353,0],[-13139256.598177904,0],[-13043349.615709452,0],[-12947442.633241,0],[-12851535.65077255,0],[-12755628.668304095,0],[-12659721.685835645,0],[-12563814.70336719,0],[-12467907.72089874,0],[-12372000.738430288,0],[-12276093.755961837,0],[-12180186.773493385,0],[-12084279.791024933,0],[-11988372.808556482,0],[-11892465.826088028,0],[-11796558.843619578,0],[-11700651.861151125,0],[-11604744.878682673,0],[-11508837.89621422,0],[-11412930.91374577,0],[-11317023.93127732,0],[-11221116.948808867,0],[-11125209.966340415,0],[-11029302.983871961,0],[-10933396.00140351,0],[-10837489.01893506,0],[-10741582.036466608,0],[-10645675.053998156,0],[-10549768.071529703,0],[-10453861.08906125,0],[-10357954.1065928,0],[-10262047.124124348,0],[-10166140.141655896,0],[-10070233.159187444,0],[-9974326.176718993,0],[-9878419.19425054,0],[-9782512.211782089,0],[-9686605.229313638,0],[-9590698.246845184,0],[-9494791.264376733,0],[-9398884.281908281,0],[-9302977.299439829,0],[-9207070.316971378,0],[-9111163.334502926,0],[-9015256.352034474,0],[-8919349.369566021,0],[-8823442.387097571,0],[-8727535.404629119,0],[-8631628.422160666,0],[-8535721.439692214,0],[-8439814.457223762,0],[-8343907.47475531,0],[-8248000.49228686,0],[-8152093.509818407,0],[-8056186.527349955,0],[-7960279.544881503,0],[-7864372.562413052,0],[-7768465.5799446,0],[-7672558.597476148,0],[-7576651.615007695,0],[-7480744.632539243,0],[-7384837.650070793,0],[-7288930.667602342,0],[-7193023.685133889,0],[-7097116.702665436,0],[-7001209.720196985,0],[-6905302.737728533,0],[-6809395.755260081,0],[-6713488.77279163,0],[-6617581.790323176,0],[-6521674.807854726,0],[-6425767.825386275,0],[-6329860.842917822,0],[-6233953.86044937,0],[-6138046.877980919,0],[-6042139.895512466,0],[-5946232.913044014,0],[-5850325.930575563,0],[-5754418.94810711,0],[-5658511.96563866,0],[-5562604.983170208,0],[-5466698.000701755,0],[-5370791.018233304,0],[-5274884.035764852,0],[-5178977.0532964,0],[-5083070.070827948,0],[-4987163.088359497,0],[-4891256.105891044,0],[-4795349.123422592,0],[-4699442.140954141,0],[-4603535.158485689,0],[-4507628.176017237,0],[-4411721.1935487855,0],[-4315814.211080333,0],[-4219907.228611881,0],[-4124000.24614343,0],[-4028093.2636749777,0],[-3932186.281206526,0],[-3836279.298738074,0],[-3740372.3162696217,0],[-3644465.333801171,0],[-3548558.351332718,0],[-3452651.3688642667,0],[-3356744.386395815,0],[-3260837.403927363,0],[-3164930.421458911,0],[-3069023.4389904593,0],[-2973116.456522007,0],[-2877209.474053555,0],[-2781302.491585104,0],[-2685395.509116652,0],[-2589488.5266482,0],[-2493581.5441797483,0],[-2397674.561711296,0],[-2301767.5792428446,0],[-2205860.5967743928,0],[-2109953.6143059405,0],[-2014046.6318374889,0],[-1918139.649369037,0],[-1822232.6669005854,0],[-1726325.6844321333,0],[-1630418.7019636815,0],[-1534511.7194952297,0],[-1438604.7370267776,0],[-1342697.754558326,0],[-1246790.7720898741,0],[-1150883.7896214223,0],[-1054976.8071529702,0],[-959069.8246845185,0],[-863162.8422160667,0],[-767255.8597476148,0],[-671348.877279163,0],[-575441.8948107112,0],[-479534.91234225925,0],[-383627.9298738074,0],[-287720.9474053556,0],[-191813.9649369037,0],[-95906.98246845185,0],[0,0],[95906.98246845185,0],[191813.9649369037,0],[287720.9474053556,0],[383627.9298738074,0],[479534.91234225925,0],[575441.8948107112,0],[671348.877279163,0],[767255.8597476148,0],[863162.8422160667,0],[959069.8246845185,0],[1054976.8071529702,0],[1150883.7896214223,0],[1246790.7720898741,0],[1342697.754558326,0],[1438604.7370267776,0],[1534511.7194952297,0],[1630418.7019636815,0],[1726325.6844321333,0],[1822232.6669005854,0],[1918139.649369037,0],[2014046.6318374889,0],[2109953.6143059405,0],[2205860.5967743928,0],[2301767.5792428446,0],[2397674.561711296,0],[2493581.5441797483,0],[2589488.5266482,0],[2685395.509116652,0],[2781302.491585104,0],[2877209.474053555,0],[2973116.456522007,0],[3069023.4389904593,0],[3164930.421458911,0],[3260837.403927363,0],[3356744.386395815,0],[3452651.3688642667,0],[3548558.351332718,0],[3644465.333801171,0],[3740372.3162696217,0],[3836279.298738074,0],[3932186.281206526,0],[4028093.2636749777,0],[4124000.24614343,0],[4219907.228611881,0],[4315814.211080333,0],[4411721.1935487855,0],[4507628.176017237,0],[4603535.158485689,0],[4699442.140954141,0],[4795349.123422592,0],[4891256.105891044,0],[4987163.088359497,0],[5083070.070827948,0],[5178977.0532964,0],[5274884.035764852,0],[5370791.018233304,0],[5466698.000701755,0],[5562604.983170208,0],[5658511.96563866,0],[5754418.94810711,0],[5850325.930575563,0],[5946232.913044014,0],[6042139.895512466,0],[6138046.877980919,0],[6233953.86044937,0],[6329860.842917822,0],[6425767.825386275,0],[6521674.807854726,0],[6617581.790323176,0],[6713488.77279163,0],[6809395.755260081,0],[6905302.737728533,0],[7001209.720196985,0],[7097116.702665436,0],[7193023.685133889,0],[7288930.667602342,0],[7384837.650070793,0],[7480744.632539243,0],[7576651.615007695,0],[7672558.597476148,0],[7768465.5799446,0],[7864372.562413052,0],[7960279.544881503,0],[8056186.527349955,0],[8152093.509818407,0],[8248000.49228686,0],[8343907.47475531,0],[8439814.457223762,0],[8535721.439692214,0],[8631628.422160666,0],[8727535.404629119,0],[8823442.387097571,0],[8919349.369566021,0],[9015256.352034474,0],[9111163.334502926,0],[9207070.316971378,0],[9302977.299439829,0],[9398884.281908281,0],[9494791.264376733,0],[9590698.246845184,0],[9686605.229313638,0],[9782512.211782089,0],[9878419.19425054,0],[9974326.176718993,0],[10070233.159187444,0],[10166140.141655896,0],[10262047.124124348,0],[10357954.1065928,0],[10453861.08906125,0],[10549768.071529703,0],[10645675.053998156,0],[10741582.036466608,0],[10837489.01893506,0],[10933396.00140351,0],[11029302.983871961,0],[11125209.966340415,0],[11221116.948808867,0],[11317023.93127732,0],[11412930.91374577,0],[11508837.89621422,0],[11604744.878682673,0],[11700651.861151125,0],[11796558.843619578,0],[11892465.826088028,0],[11988372.808556482,0],[12084279.791024933,0],[12180186.773493385,0],[12276093.755961837,0],[12372000.738430288,0],[12467907.72089874,0],[12563814.70336719,0],[12659721.685835645,0],[12755628.668304095,0],[12851535.65077255,0],[12947442.633241,0],[13043349.615709452,0],[13139256.598177904,0],[13235163.580646353,0],[13331070.563114807,0],[13426977.54558326,0],[13522884.528051712,0],[13618791.510520162,0],[13714698.492988614,0],[13810605.475457067,0],[13906512.457925517,0],[14002419.44039397,0],[14098326.422862422,0],[14194233.405330872,0],[14290140.387799324,0],[14386047.370267779,0],[14481954.35273623,0],[14577861.335204683,0],[14673768.317673132,0],[14769675.300141586,0],[14865582.282610038,0],[14961489.265078487,0],[15057396.247546941,0],[15153303.23001539,0],[15249210.212483846,0],[15345117.194952296,0],[15441024.177420748,0],[15536931.1598892,0],[15632838.142357651,0],[15728745.124826103,0],[15824652.107294556,0],[15920559.089763006,0],[16016466.072231459,0],[16112373.05469991,0],[16208280.037168363,0],[16304187.019636814,0],[16400094.002105266,0],[16496000.98457372,0],[16591907.967042169,0],[16687814.94951062,0],[16783721.93197907,0],[16879628.914447524,0],[16975535.89691598,0],[17071442.87938443,0],[17167349.86185288,0],[17263256.844321333,0]]},"properties":{"type":"parallel","value":0}},
{"type":"Feature","geometry":{"type":"LineString","coordinates":[[-16981550.851296667,1926510.364378373],[-16887208.9021228,1926510.364378373],[-16792866.952948924,1926510.364378373],[-16698525.003775058,1926510.364378373],[-16604183.054601185,1926510.364378373],[-16509841.105427315,1926510.364378373],[-16415499.156253444,1926510.364378373],[-16321157.207079576,1926510.364378373],[-16226815.257905705,1926510.364378373],[-16132473.308731835,1926510.364378373],[-16038131.359557966,1926510.364378373],[-15943789.410384092,1926510.364378373],[-15849447.461210223,1926510.364378373],[-15755105.512036353,1926510.364378373],[-15660763.562862484,1926510.364378373],[-15566421.61368861,1926510.364378373],[-15472079.66451474,1926510.364378373],[-15377737.715340871,1926510.364378373],[-15283395.766167002,1926510.364378373],[-15189053.81699313,1926510.364378373],[-15094711.86781926,1926510.364378373],[-15000369.918645391,1926510.364378373],[-14906027.969471518,1926510.364378373],[-14811686.020297648,1926510.364378373],[-14717344.071123779,1926510.364378373],[-14623002.12194991,1926510.364378373],[-14528660.17277604,1926510.364378373],[-14434318.223602166,1926510.364378373],[-14339976.2744283,1926510.364378373],[-14245634.325254427,1926510.364378373],[-14151292.376080556,1926510.364378373],[-14056950.426906686,1926510.364378373],[-13962608.477732815,1926510.364378373],[-13868266.528558943,1926510.364378373],[-13773924.579385074,1926510.364378373],[-13679582.630211206,1926510.364378373],[-13585240.681037335,1926510.364378373],[-13490898.731863465,1926510.364378373],[-13396556.782689592,1926510.364378373],[-13302214.833515726,1926510.364378373],[-13207872.884341853,1926510.364378373],[-13113530.935167983,1926510.364378373],[-13019188.98599411,1926510.364378373],[-12924847.03682024,1926510.364378373],[-12830505.08764637,1926510.364378373],[-12736163.1384725,1926510.364378373],[-12641821.189298632,1926510.364378373],[-12547479.240124758,1926510.364378373],[-12453137.29095089,1926510.364378373],[-12358795.341777017,1926510.364378373],[-12264453.39260315,1926510.364378373],[-12170111.443429276,1926510.364378373],[-12075769.494255409,1926510.364378373],[-11981427.54508154,1926510.364378373],[-11887085.595907668,1926510.364378373],[-11792743.646733798,1926510.364378373],[-11698401.697559927,1926510.364378373],[-11604059.748386057,1926510.364378373],[-11509717.799212184,1926510.364378373],[-11415375.850038316,1926510.364378373],[-11321033.900864443,1926510.364378373],[-11226691.951690575,1926510.364378373],[-11132350.002516706,1926510.364378373],[-11038008.053342832,1926510.364378373],[-10943666.104168965,1926510.364378373],[-10849324.154995091,1926510.364378373],[-10754982.205821224,1926510.364378373],[-10660640.256647352,1926510.364378373],[-10566298.307473483,1926510.364378373],[-10471956.358299611,1926510.364378373],[-10377614.409125742,1926510.364378373],[-10283272.45995187,1926510.364378373],[-10188930.510778,1926510.364378373],[-10094588.561604131,1926510.364378373],[-10000246.61243026,1926510.364378373],[-9905904.663256392,1926510.364378373],[-9811562.71408252,1926510.364378373],[-9717220.764908649,1926510.364378373],[-9622878.815734778,1926510.364378373],[-9528536.866560908,1926510.364378373],[-9434194.917387037,1926510.364378373],[-9339852.968213165,1926510.364378373],[-9245511.019039296,1926510.364378373],[-9151169.069865426,1926510.364378373],[-9056827.120691556,1926510.364378373],[-8962485.171517687,1926510.364378373],[-8868143.222343815,1926510.364378373],[-8773801.273169946,1926510.364378373],[-8679459.323996076,1926510.364378373],[-8585117.374822205,1926510.364378373],[-8490775.425648334,1926510.364378373],[-8396433.476474462,1926510.364378373],[-8302091.5273005925,1926510.364378373],[-8207749.578126722,1926510.364378373],[-8113407.628952852,1926510.364378373],[-8019065.679778983,1926510.364378373],[-7924723.730605111,1926510.364378373],[-7830381.781431242,1926510.364378373],[-7736039.83225737,1926510.364378373],[-7641697.883083501,1926510.364378373],[-7547355.93390963,1926510.364378373],[-7453013.984735759,1926510.364378373],[-7358672.035561889,1926510.364378373],[-7264330.08638802,1926510.364378373],[-7169988.13721415,1926510.364378373],[-7075646.188040278,1926510.364378373],[-6981304.238866407,1926510.364378373],[-6886962.289692537,1926510.364378373],[-6792620.340518667,1926510.364378373],[-6698278.391344796,1926510.364378373],[-6603936.442170926,1926510.364378373],[-6509594.492997055,1926510.364378373],[-6415252.543823185,1926510.364378373],[-6320910.594649316,1926510.364378373],[-6226568.645475445,1926510.364378373],[-6132226.696301575,1926510.364378373],[-6037884.747127704,1926510.364378373],[-5943542.797953834,1926510.364378373],[-5849200.848779963,1926510.364378373],[-5754858.899606092,1926510.364378373],[-5660516.950432221,1926510.364378373],[-5566175.001258353,1926510.364378373],[-5471833.052084482,1926510.364378373],[-5377491.102910612,1926510.364378373],[-5283149.153736741,1926510.364378373],[-5188807.204562871,1926510.364378373],[-5094465.255389,1926510.364378373],[-5000123.30621513,1926510.364378373],[-4905781.35704126,1926510.364378373],[-4811439.407867389,1926510.364378373],[-4717097.458693518,1926510.364378373],[-4622755.509519648,1926510.364378373],[-4528413.560345778,1926510.364378373],[-4434071.611171908,1926510.364378373],[-4339729.661998038,1926510.364378373],[-4245387.712824167,1926510.364378373],[-4151045.7636502963,1926510.364378373],[-4056703.814476426,1926510.364378373],[-3962361.8653025557,1926510.364378373],[-3868019.916128685,1926510.364378373],[-3773677.966954815,1926510.364378373],[-3679336.0177809447,1926510.364378373],[-3584994.068607075,1926510.364378373],[-3490652.1194332037,1926510.364378373],[-3396310.1702593337,1926510.364378373],[-3301968.221085463,1926510.364378373],[-3207626.2719115927,1926510.364378373],[-3113284.3227377227,1926510.364378373],[-3018942.373563852,1926510.364378373],[-2924600.4243899817,1926510.364378373],[-2830258.4752161107,1926510.364378373],[-2735916.526042241,1926510.364378373],[-2641574.5768683706,1926510.364378373],[-2547232.6276945,1926510.364378373],[-2452890.67852063,1926510.364378373],[-2358548.729346759,1926510.364378373],[-2264206.780172889,1926510.364378373],[-2169864.830999019,1926510.364378373],[-2075522.8818251481,1926510.364378373],[-1981180.9326512779,1926510.364378373],[-1886838.9834774076,1926510.364378373],[-1792497.0343035376,1926510.364378373],[-1698155.0851296668,1926510.364378373],[-1603813.1359557963,1926510.364378373],[-1509471.186781926,1926510.364378373],[-1415129.2376080554,1926510.364378373],[-1320787.2884341853,1926510.364378373],[-1226445.339260315,1926510.364378373],[-1132103.3900864446,1926510.364378373],[-1037761.4409125741,1926510.364378373],[-943419.4917387038,1926510.364378373],[-849077.5425648334,1926510.364378373],[-754735.593390963,1926510.364378373],[-660393.6442170927,1926510.364378373],[-566051.6950432223,1926510.364378373],[-471709.7458693519,1926510.364378373],[-377367.7966954815,1926510.364378373],[-283025.84752161114,1926510.364378373],[-188683.89834774076,1926510.364378373],[-94341.94917387038,1926510.364378373],[0,1926510.364378373],[94341.94917387038,1926510.364378373],[188683.89834774076,1926510.364378373],[283025.84752161114,1926510.364378373],[377367.7966954815,1926510.364378373],[471709.7458693519,1926510.364378373],[566051.6950432223,1926510.364378373],[660393.6442170927,1926510.364378373],[754735.593390963,1926510.364378373],[849077.5425648334,1926510.364378373],[943419.4917387038,1926510.364378373],[1037761.4409125741,1926510.364378373],[1132103.3900864446,1926510.364378373],[1226445.339260315,1926510.364378373],[1320787.2884341853,1926510.364378373],[1415129.2376080554,1926510.364378373],[1509471.186781926,1926510.364378373],[1603813.1359557963,1926510.364378373],[1698155.0851296668,1926510.364378373],[1792497.0343035376,1926510.364378373],[1886838.9834774076,1926510.364378373],[1981180.9326512779,1926510.364378373],[2075522.8818251481,1926510.364378373],[2169864.830999019,1926510.364378373],[2264206.780172889,1926510.364378373],[2358548.729346759,1926510.364378373],[2452890.67852063,1926510.364378373],[2547232.6276945,1926510.364378373],[2641574.5768683706,1926510.364378373],[2735916.526042241,1926510.364378373],[2830258.4752161107,1926510.364378373],[2924600.4243899817,1926510.364378373],[3018942.373563852,1926510.364378373],[3113284.3227377227,1926510.364378373],[3207626.2719115927,1926510.364378373],[3301968.221085463,1926510.364378373],[3396310.1702593337,1926510.364378373],[3490652.1194332037,1926510.364378373],[3584994.068607075,1926510.364378373],[3679336.0177809447,1926510.364378373],[3773677.966954815,1926510.364378373],[3868019.916128685,1926510.364378373],[3962361.8653025557,1926510.364378373],[4056703.814476426,1926510.364378373],[4151045.7636502963,1926510.364378373],[4245387.712824167,1926510.364378373],[4339729.661998038,1926510.364378373],[4434071.611171908,1926510.364378373],[4528413.560345778,1926510.364378373],[4622755.509519648,1926510.364378373],[4717097.458693518,1926510.364378373],[4811439.407867389,1926510.364378373],[4905781.35704126,1926510.364378373],[5000123.30621513,1926510.364378373],[5094465.255389,1926510.364378373],[5188807.204562871,1926510.364378373],[5283149.153736741,1926510.364378373],[5377491.102910612,1926510.364378373],[5471833.052084482,1926510.364378373],[5566175.001258353,1926510.364378373],[5660516.950432221,1926510.364378373],[5754858.899606092,1926510.364378373],[5849200.848779963,1926510.364378373],[5943542.797953834,1926510.364378373],[6037884.747127704,1926510.364378373],[6132226.696301575,1926510.364378373],[6226568.645475445,1926510.364378373],[6320910.594649316,1926510.364378373],[6415252.543823185,1926510.364378373],[6509594.492997055,1926510.364378373],[6603936.442170926,1926510.364378373],[6698278.391344796,1926510.364378373],[6792620.340518667,1926510.364378373],[6886962.289692537,1926510.364378373],[6981304.238866407,1926510.364378373],[7075646.188040278,1926510.364378373],[7169988.13721415,1926510.364378373],[7264330.08638802,1926510.364378373],[7358672.035561889,1926510.364378373],[7453013.984735759,1926510.364378373],[7547355.93390963,1926510.364378373],[7641697.883083501,1926510.364378373],[7736039.83225737,1926510.364378373],[7830381.781431242,1926510.364378373],[7924723.730605111,1926510.364378373],[8019065.679778983,1926510.364378373],[8113407.628952852,1926510.364378373],[8207749.578126722,1926510.364378373],[8302091.5273005925,1926510.364378373],[8396433.476474462,1926510.364378373],[8490775.425648334,1926510.364378373],[8585117.374822205,1926510.364378373],[8679459.323996076,1926510.364378373],[8773801.273169946,1926510.364378373],[8868143.222343815,1926510.364378373],[8962485.171517687,1926510.364378373],[9056827.120691556,1926510.364378373],[9151169.069865426,1926510.364378373],[9245511.019039296,1926510.364378373],[9339852.968213165,1926510.364378373],[9434194.917387037,1926510.364378373],[9528536.866560908,1926510.364378373],[9622878.815734778,1926510.364378373],[9717220.764908649,1926510.364378373],[9811562.71408252,1926510.364378373],[9905904.663256392,1926510.364378373],[10000246.61243026,1926510.364378373],[10094588.561604131,1926510.364378373],[10188930.510778,1926510.364378373],[10283272.45995187,1926510.364378373],[10377614.409125742,1926510.364378373],[10471956.358299611,1926510.364378373],[10566298.307473483,1926510.364378373],[10660640.256647352,1926510.364378373],[10754982.205821224,1926510.364378373],[10849324.154995091,1926510.364378373],[10943666.104168965,1926510.364378373],[11038008.053342832,1926510.364378373],[11132350.002516706,1926510.364378373],[11226691.951690575,1926510.364378373],[11321033.900864443,1926510.364378373],[11415375.850038316,1926510.364378373],[11509717.799212184,1926510.364378373],[11604059.748386057,1926510.364378373],[11698401.697559927,1926510.364378373],[11792743.646733798,1926510.364378373],[11887085.595907668,1926510.364378373],[11981427.54508154,1926510.364378373],[12075769.494255409,1926510.364378373],[12170111.443429276,1926510.364378373],[12264453.39260315,1926510.364378373],[12358795.341777017,1926510.364378373],[12453137.29095089,1926510.364378373],[12547479.240124758,1926510.364378373],[12641821.189298632,1926510.364378373],[12736163.1384725,1926510.364378373],[12830505.08764637,1926510.364378373],[12924847.03682024,1926510.364378373],[13019188.98599411,1926510.364378373],[13113530.935167983,1926510.364378373],[13207872.884341853,1926510.364378373],[13302214.833515726,1926510.364378373],[13396556.782689592,1926510.364378373],[13490898.731863465,1926510.364378373],[13585240.681037335,1926510.364378373],[13679582.630211206,1926510.364378373],[13773924.579385074,1926510.364378373],[13868266.528558943,1926510.364378373],[13962608.477732815,1926510.364378373],[14056950.426906686,1926510.364378373],[14151292.376080556,1926510.364378373],[14245634.325254427,1926510.364378373],[14339976.2744283,1926510.364378373],[14434318.223602166,1926510.364378373],[14528660.17277604,1926510.364378373],[14623002.12194991,1926510.364378373],[14717344.071123779,1926510.364378373],[14811686.020297648,1926510.364378373],[14906027.969471518,1926510.364378373],[15000369.918645391,1926510.364378373],[15094711.86781926,1926510.364378373],[15189053.81699313,1926510.364378373],[15283395.766167002,1926510.364378373],[15377737.715340871,1926510.364378373],[15472079.66451474,1926510.364378373],[15566421.61368861,1926510.364378373],[15660763.562862484,1926510.364378373],[15755105.512036353,1926510.364378373],[15849447.461210223,1926510.364378373],[15943789.410384092,1926510.364378373],[16038131.359557966,1926510.364378373],[16132473.308731835,1926510.364378373],[16226815.257905705,1926510.364378373],[16321157.207079576,1926510.364378373],[16415499.156253444,1926510.364378373],[16509841.105427315,1926510.364378373],[16604183.054601185,1926510.364378373],[16698525.003775058,1926510.364378373],[16792866.952948924,1926510.364378373],[16887208.9021228,1926510.364378373],[16981550.851296667,1926510.364378373]]},"properties":{"type":"parallel","value":15}},
{"type":"Feature","geometry":{"type":"LineString","coordinates":[[-16147540.131555887,3781821.4265020713],[-16057831.575269463,3781821.4265020713],[-15968123.018983042,3781821.4265020713],[-15878414.462696621,3781821.4265020713],[-15788705.906410199,3781821.4265020713],[-15698997.350123778,3781821.4265020713],[-15609288.793837354,3781821.4265020713],[-15519580.237550933,3781821.4265020713],[-15429871.681264512,3781821.4265020713],[-15340163.12497809,3781821.4265020713],[-15250454.568691673,3781821.4265020713],[-15160746.012405246,3781821.4265020713],[-15071037.456118828,3781821.4265020713],[-14981328.899832401,3781821.4265020713],[-14891620.343545984,3781821.4265020713],[-14801911.78725956,3781821.4265020713],[-14712203.23097314,3781821.4265020713],[-14622494.67468672,3781821.4265020713],[-14532786.118400296,3781821.4265020713],[-14443077.562113876,3781821.4265020713],[-14353369.005827455,3781821.4265020713],[-14263660.449541032,3781821.4265020713],[-14173951.893254612,3781821.4265020713],[-14084243.336968187,3781821.4265020713],[-13994534.780681767,3781821.4265020713],[-13904826.224395346,3781821.4265020713],[-13815117.668108927,3781821.4265020713],[-13725409.111822503,3781821.4265020713],[-13635700.555536082,3781821.4265020713],[-13545991.99924966,3781821.4265020713],[-13456283.442963239,3781821.4265020713],[-13366574.886676814,3781821.4265020713],[-13276866.330390397,3781821.4265020713],[-13187157.774103971,3781821.4265020713],[-13097449.217817554,3781821.4265020713],[-13007740.66153113,3781821.4265020713],[-12918032.10524471,3781821.4265020713],[-12828323.548958289,3781821.4265020713],[-12738614.992671866,3781821.4265020713],[-12648906.436385443,3781821.4265020713],[-12559197.880099023,3781821.4265020713],[-12469489.3238126,3781821.4265020713],[-12379780.76752618,3781821.4265020713],[-12290072.211239757,3781821.4265020713],[-12200363.654953334,3781821.4265020713],[-12110655.098666914,3781821.4265020713],[-12020946.542380493,3781821.4265020713],[-11931237.98609407,3781821.4265020713],[-11841529.429807648,3781821.4265020713],[-11751820.873521227,3781821.4265020713],[-11662112.317234807,3781821.4265020713],[-11572403.760948384,3781821.4265020713],[-11482695.204661962,3781821.4265020713],[-11392986.648375543,3781821.4265020713],[-11303278.09208912,3781821.4265020713],[-11213569.5358027,3781821.4265020713],[-11123860.979516277,3781821.4265020713],[-11034152.423229856,3781821.4265020713],[-10944443.866943434,3781821.4265020713],[-10854735.310657013,3781821.4265020713],[-10765026.754370589,3781821.4265020713],[-10675318.198084168,3781821.4265020713],[-10585609.64179775,3781821.4265020713],[-10495901.085511327,3781821.4265020713],[-10406192.529224906,3781821.4265020713],[-10316483.972938482,3781821.4265020713],[-10226775.416652061,3781821.4265020713],[-10137066.86036564,3781821.4265020713],[-10047358.30407922,3781821.4265020713],[-9957649.747792795,3781821.4265020713],[-9867941.191506375,3781821.4265020713],[-9778232.635219952,3781821.4265020713],[-9688524.078933531,3781821.4265020713],[-9598815.522647109,3781821.4265020713],[-9509106.966360688,3781821.4265020713],[-9419398.410074268,3781821.4265020713],[-9329689.853787845,3781821.4265020713],[-9239981.297501422,3781821.4265020713],[-9150272.741215002,3781821.4265020713],[-9060564.184928581,3781821.4265020713],[-8970855.628642159,3781821.4265020713],[-8881147.072355736,3781821.4265020713],[-8791438.516069315,3781821.4265020713],[-8701729.959782895,3781821.4265020713],[-8612021.403496474,3781821.4265020713],[-8522312.847210051,3781821.4265020713],[-8432604.290923629,3781821.4265020713],[-8342895.734637207,3781821.4265020713],[-8253187.178350786,3781821.4265020713],[-8163478.622064365,3781821.4265020713],[-8073770.0657779435,3781821.4265020713],[-7984061.509491521,3781821.4265020713],[-7894352.953205099,3781821.4265020713],[-7804644.396918677,3781821.4265020713],[-7714935.840632256,3781821.4265020713],[-7625227.284345836,3781821.4265020713],[-7535518.728059414,3781821.4265020713],[-7445810.171772992,3781821.4265020713],[-7356101.61548657,3781821.4265020713],[-7266393.059200148,3781821.4265020713],[-7176684.502913727,3781821.4265020713],[-7086975.946627306,3781821.4265020713],[-6997267.390340883,3781821.4265020713],[-6907558.834054464,3781821.4265020713],[-6817850.277768041,3781821.4265020713],[-6728141.721481619,3781821.4265020713],[-6638433.165195199,3781821.4265020713],[-6548724.608908777,3781821.4265020713],[-6459016.052622355,3781821.4265020713],[-6369307.496335933,3781821.4265020713],[-6279598.940049511,3781821.4265020713],[-6189890.38376309,3781821.4265020713],[-6100181.827476667,3781821.4265020713],[-6010473.271190247,3781821.4265020713],[-5920764.714903824,3781821.4265020713],[-5831056.158617403,3781821.4265020713],[-5741347.602330981,3781821.4265020713],[-5651639.04604456,3781821.4265020713],[-5561930.489758139,3781821.4265020713],[-5472221.933471717,3781821.4265020713],[-5382513.377185294,3781821.4265020713],[-5292804.820898875,3781821.4265020713],[-5203096.264612453,3781821.4265020713],[-5113387.7083260305,3781821.4265020713],[-5023679.15203961,3781821.4265020713],[-4933970.595753187,3781821.4265020713],[-4844262.039466766,3781821.4265020713],[-4754553.483180344,3781821.4265020713],[-4664844.9268939225,3781821.4265020713],[-4575136.370607501,3781821.4265020713],[-4485427.814321079,3781821.4265020713],[-4395719.258034658,3781821.4265020713],[-4306010.701748237,3781821.4265020713],[-4216302.1454618145,3781821.4265020713],[-4126593.589175393,3781821.4265020713],[-4036885.0328889717,3781821.4265020713],[-3947176.4766025497,3781821.4265020713],[-3857467.920316128,3781821.4265020713],[-3767759.364029707,3781821.4265020713],[-3678050.807743285,3781821.4265020713],[-3588342.2514568637,3781821.4265020713],[-3498633.6951704416,3781821.4265020713],[-3408925.1388840205,3781821.4265020713],[-3319216.5825975994,3781821.4265020713],[-3229508.0263111773,3781821.4265020713],[-3139799.4700247557,3781821.4265020713],[-3050090.9137383336,3781821.4265020713],[-2960382.357451912,3781821.4265020713],[-2870673.8011654904,3781821.4265020713],[-2780965.2448790693,3781821.4265020713],[-2691256.688592647,3781821.4265020713],[-2601548.1323062265,3781821.4265020713],[-2511839.576019805,3781821.4265020713],[-2422131.019733383,3781821.4265020713],[-2332422.4634469613,3781821.4265020713],[-2242713.9071605396,3781821.4265020713],[-2153005.3508741185,3781821.4265020713],[-2063296.7945876964,3781821.4265020713],[-1973588.2383012748,3781821.4265020713],[-1883879.6820148535,3781821.4265020713],[-1794171.1257284319,3781821.4265020713],[-1704462.5694420103,3781821.4265020713],[-1614754.0131555886,3781821.4265020713],[-1525045.4568691668,3781821.4265020713],[-1435336.9005827452,3781821.4265020713],[-1345628.3442963236,3781821.4265020713],[-1255919.7880099025,3781821.4265020713],[-1166211.2317234806,3781821.4265020713],[-1076502.6754370593,3781821.4265020713],[-986794.1191506374,3781821.4265020713],[-897085.5628642159,3781821.4265020713],[-807377.0065777943,3781821.4265020713],[-717668.4502913726,3781821.4265020713],[-627959.8940049512,3781821.4265020713],[-538251.3377185296,3781821.4265020713],[-448542.78143210796,3781821.4265020713],[-358834.2251456863,3781821.4265020713],[-269125.6688592648,3781821.4265020713],[-179417.11257284315,3781821.4265020713],[-89708.55628642158,3781821.4265020713],[0,3781821.4265020713],[89708.55628642158,3781821.4265020713],[179417.11257284315,3781821.4265020713],[269125.6688592648,3781821.4265020713],[358834.2251456863,3781821.4265020713],[448542.78143210796,3781821.4265020713],[538251.3377185296,3781821.4265020713],[627959.8940049512,3781821.4265020713],[717668.4502913726,3781821.4265020713],[807377.0065777943,3781821.4265020713],[897085.5628642159,3781821.4265020713],[986794.1191506374,3781821.4265020713],[1076502.6754370593,3781821.4265020713],[1166211.2317234806,3781821.4265020713],[1255919.7880099025,3781821.4265020713],[1345628.3442963236,3781821.4265020713],[1435336.9005827452,3781821.4265020713],[1525045.4568691668,3781821.4265020713],[1614754.0131555886,3781821.4265020713],[1704462.5694420103,3781821.4265020713],[1794171.1257284319,3781821.4265020713],[1883879.6820148535,3781821.4265020713],[1973588.2383012748,3781821.4265020713],[2063296.7945876964,3781821.4265020713],[2153005.3508741185,3781821.4265020713],[2242713.9071605396,3781821.4265020713],[2332422.4634469613,3781821.4265020713],[2422131.019733383,3781821.4265020713],[2511839.576019805,3781821.4265020713],[2601548.1323062265,3781821.4265020713],[2691256.688592647,3781821.4265020713],[2780965.2448790693,3781821.4265020713],[2870673.8011654904,3781821.4265020713],[2960382.357451912,3781821.4265020713],[3050090.9137383336,3781821.4265020713],[3139799.4700247557,3781821.4265020713],[3229508.0263111773,3781821.4265020713],[3319216.5825975994,3781821.4265020713],[3408925.1388840205,3781821.4265020713],[3498633.6951704416,3781821.4265020713],[3588342.2514568637,3781821.4265020713],[3678050.807743285,3781821.4265020713],[3767759.364029707,3781821.4265020713],[3857467.920316128,3781821.4265020713],[3947176.4766025497,3781821.4265020713],[4036885.0328889717,3781821.4265020713],[4126593.589175393,3781821.4265020713],[4216302.1454618145,3781821.4265020713],[4306010.701748237,3781821.4265020713],[4395719.258034658,3781821.4265020713],[4485427.814321079,3781821.4265020713],[4575136.370607501,3781821.4265020713],[4664844.9268939225,3781821.4265020713],[4754553.483180344,3781821.4265020713],[4844262.039466766,3781821.4265020713],[4933970.595753187,3781821.4265020713],[5023679.15203961,3781821.4265020713],[5113387.7083260305,3781821.4265020713],[5203096.264612453,3781821.4265020713],[5292804.820898875,3781821.4265020713],[5382513.377185294,3781821.4265020713],[5472221.933471717,3781821.4265020713],[5561930.489758139,3781821.4265020713],[5651639.04604456,3781821.4265020713],[5741347.602330981,3781821.4265020713],[5831056.158617403,3781821.4265020713],[5920764.714903824,3781821.4265020713],[6010473.271190247,3781821.4265020713],[6100181.827476667,3781821.4265020713],[6189890.38376309,3781821.4265020713],[6279598.940049511,3781821.4265020713],[6369307.496335933,3781821.4265020713],[6459016.052622355,3781821.4265020713],[6548724.608908777,3781821.4265020713],[6638433.165195199,3781821.4265020713],[6728141.721481619,3781821.4265020713],[6817850.277768041,3781821.4265020713],[6907558.834054464,3781821.4265020713],[6997267.390340883,3781821.4265020713],[7086975.946627306,3781821.4265020713],[7176684.502913727,3781821.4265020713],[7266393.059200148,3781821.4265020713],[7356101.61548657,3781821.4265020713],[7445810.171772992,3781821.4265020713],[7535518.728059414,3781821.4265020713],[7625227.284345836,3781821.4265020713],[7714935.840632256,3781821.4265020713],[7804644.396918677,3781821.4265020713],[7894352.953205099,3781821.4265020713],[7984061.509491521,3781821.4265020713],[8073770.0657779435,3781821.4265020713],[8163478.622064365,3781821.4265020713],[8253187.178350786,3781821.4265020713],[8342895.734637207,3781821.4265020713],[8432604.290923629,3781821.4265020713],[8522312.847210051,3781821.4265020713],[8612021.403496474,3781821.4265020713],[8701729.959782895,3781821.4265020713],[8791438.516069315,3781821.4265020713],[8881147.072355736,3781821.4265020713],[8970855.628642159,3781821.4265020713],[9060564.184928581,3781821.4265020713],[9150272.741215002,3781821.4265020713],[9239981.297501422,3781821.4265020713],[9329689.853787845,3781821.4265020713],[9419398.410074268,3781821.4265020713],[9509106.966360688,3781821.4265020713],[9598815.522647109,3781821.4265020713],[9688524.078933531,3781821.4265020713],[9778232.635219952,3781821.4265020713],[9867941.191506375,3781821.4265020713],[9957649.747792795,3781821.4265020713],[10047358.30407922,3781821.4265020713],[10137066.86036564,3781821.4265020713],[10226775.416652061,3781821.4265020713],[10316483.972938482,3781821.4265020713],[10406192.529224906,3781821.4265020713],[10495901.085511327,3781821.4265020713],[10585609.64179775,3781821.4265020713],[10675318.198084168,3781821.4265020713],[10765026.754370589,3781821.4265020713],[10854735.310657013,3781821.4265020713],[10944443.866943434,3781821.4265020713],[11034152.423229856,3781821.4265020713],[11123860.979516277,3781821.4265020713],[11213569.5358027,3781821.4265020713],[11303278.09208912,3781821.4265020713],[11392986.648375543,3781821.4265020713],[11482695.204661962,3781821.4265020713],[11572403.760948384,3781821.4265020713],[11662112.317234807,3781821.4265020713],[11751820.873521227,3781821.4265020713],[11841529.429807648,3781821.4265020713],[11931237.98609407,3781821.4265020713],[12020946.542380493,3781821.4265020713],[12110655.098666914,3781821.4265020713],[12200363.654953334,3781821.4265020713],[12290072.211239757,3781821.4265020713],[12379780.76752618,3781821.4265020713],[12469489.3238126,3781821.4265020713],[12559197.880099023,3781821.4265020713],[12648906.436385443,3781821.4265020713],[12738614.992671866,3781821.4265020713],[12828323.548958289,3781821.4265020713],[12918032.10524471,3781821.4265020713],[13007740.66153113,3781821.4265020713],[13097449.217817554,3781821.4265020713],[13187157.774103971,3781821.4265020713],[13276866.330390397,3781821.4265020713],[13366574.886676814,3781821.4265020713],[13456283.442963239,3781821.4265020713],[13545991.99924966,3781821.4265020713],[13635700.555536082,3781821.4265020713],[13725409.111822503,3781821.4265020713],[13815117.668108927,3781821.4265020713],[13904826.224395346,3781821.4265020713],[13994534.780681767,3781821.4265020713],[14084243.336968187,3781821.4265020713],[14173951.893254612,3781821.4265020713],[14263660.449541032,3781821.4265020713],[14353369.005827455,3781821.4265020713],[14443077.562113876,3781821.4265020713],[14532786.118400296,3781821.4265020713],[14622494.67468672,3781821.4265020713],[14712203.23097314,3781821.4265020713],[14801911.78725956,3781821.4265020713],[14891620.343545984,3781821.4265020713],[14981328.899832401,3781821.4265020713],[15071037.456118828,3781821.4265020713],[15160746.012405246,3781821.4265020713],[15250454.568691673,3781821.4265020713],[15340163.12497809,3781821.4265020713],[15429871.681264512,3781821.4265020713],[15519580.237550933,3781821.4265020713],[15609288.793837354,3781821.4265020713],[15698997.350123778,3781821.4265020713],[15788705.906410199,3781821.4265020713],[15878414.462696621,3781821.4265020713],[15968123.018983042,3781821.4265020713],[16057831.575269463,3781821.4265020713],[16147540.131555887,3781821.4265020713]]},"properties":{"type":"parallel","value":30}},
{"type":"Feature","geometry":{"type":"LineString","coordinates":[[-14795421.790690413,5486671.715118098],[-14713225.002964353,5486671.715118098],[-14631028.215238297,5486671.715118098],[-14548831.42751224,5486671.715118098],[-14466634.63978618,5486671.715118098],[-14384437.852060124,5486671.715118098],[-14302241.064334067,5486671.715118098],[-14220044.276608007,5486671.715118098],[-14137847.488881951,5486671.715118098],[-14055650.701155894,5486671.715118098],[-13973453.913429834,5486671.715118098],[-13891257.125703776,5486671.715118098],[-13809060.33797772,5486671.715118098],[-13726863.550251659,5486671.715118098],[-13644666.762525605,5486671.715118098],[-13562469.974799544,5486671.715118098],[-13480273.187073486,5486671.715118098],[-13398076.399347432,5486671.715118098],[-13315879.61162137,5486671.715118098],[-13233682.823895315,5486671.715118098],[-13151486.036169257,5486671.715118098],[-13069289.248443197,5486671.715118098],[-12987092.46071714,5486671.715118098],[-12904895.67299108,5486671.715118098],[-12822698.885265024,5486671.715118098],[-12740502.097538967,5486671.715118098],[-12658305.309812909,5486671.715118098],[-12576108.522086851,5486671.715118098],[-12493911.734360794,5486671.715118098],[-12411714.946634736,5486671.715118098],[-12329518.158908678,5486671.715118098],[-12247321.37118262,5486671.715118098],[-12165124.583456563,5486671.715118098],[-12082927.795730501,5486671.715118098],[-12000731.008004447,5486671.715118098],[-11918534.22027839,5486671.715118098],[-11836337.43255233,5486671.715118098],[-11754140.644826274,5486671.715118098],[-11671943.857100215,5486671.715118098],[-11589747.069374157,5486671.715118098],[-11507550.281648098,5486671.715118098],[-11425353.493922042,5486671.715118098],[-11343156.706195982,5486671.715118098],[-11260959.918469924,5486671.715118098],[-11178763.130743869,5486671.715118098],[-11096566.34301781,5486671.715118098],[-11014369.555291753,5486671.715118098],[-10932172.767565694,5486671.715118098],[-10849975.979839636,5486671.715118098],[-10767779.192113578,5486671.715118098],[-10685582.40438752,5486671.715118098],[-10603385.616661461,5486671.715118098],[-10521188.828935405,5486671.715118098],[-10438992.041209348,5486671.715118098],[-10356795.253483288,5486671.715118098],[-10274598.465757232,5486671.715118098],[-10192401.678031173,5486671.715118098],[-10110204.890305117,5486671.715118098],[-10028008.102579057,5486671.715118098],[-9945811.314853,5486671.715118098],[-9863614.527126942,5486671.715118098],[-9781417.739400884,5486671.715118098],[-9699220.951674826,5486671.715118098],[-9617024.163948769,5486671.715118098],[-9534827.376222711,5486671.715118098],[-9452630.588496652,5486671.715118098],[-9370433.800770596,5486671.715118098],[-9288237.013044538,5486671.715118098],[-9206040.225318478,5486671.715118098],[-9123843.437592423,5486671.715118098],[-9041646.649866363,5486671.715118098],[-8959449.862140305,5486671.715118098],[-8877253.074414248,5486671.715118098],[-8795056.28668819,5486671.715118098],[-8712859.498962132,5486671.715118098],[-8630662.711236075,5486671.715118098],[-8548465.923510017,5486671.715118098],[-8466269.13578396,5486671.715118098],[-8384072.3480579,5486671.715118098],[-8301875.560331843,5486671.715118098],[-8219678.772605785,5486671.715118098],[-8137481.984879727,5486671.715118098],[-8055285.19715367,5486671.715118098],[-7973088.409427612,5486671.715118098],[-7890891.621701553,5486671.715118098],[-7808694.833975497,5486671.715118098],[-7726498.046249438,5486671.715118098],[-7644301.25852338,5486671.715118098],[-7562104.470797322,5486671.715118098],[-7479907.683071263,5486671.715118098],[-7397710.895345206,5486671.715118098],[-7315514.107619149,5486671.715118098],[-7233317.31989309,5486671.715118098],[-7151120.532167033,5486671.715118098],[-7068923.744440976,5486671.715118098],[-6986726.956714917,5486671.715118098],[-6904530.16898886,5486671.715118098],[-6822333.3812628025,5486671.715118098],[-6740136.593536743,5486671.715118098],[-6657939.805810685,5486671.715118098],[-6575743.0180846285,5486671.715118098],[-6493546.23035857,5486671.715118098],[-6411349.442632512,5486671.715118098],[-6329152.6549064545,5486671.715118098],[-6246955.867180397,5486671.715118098],[-6164759.079454339,5486671.715118098],[-6082562.291728281,5486671.715118098],[-6000365.504002224,5486671.715118098],[-5918168.716276165,5486671.715118098],[-5835971.928550107,5486671.715118098],[-5753775.140824049,5486671.715118098],[-5671578.353097991,5486671.715118098],[-5589381.565371934,5486671.715118098],[-5507184.777645877,5486671.715118098],[-5424987.989919818,5486671.715118098],[-5342791.20219376,5486671.715118098],[-5260594.414467703,5486671.715118098],[-5178397.626741644,5486671.715118098],[-5096200.839015586,5486671.715118098],[-5014004.051289529,5486671.715118098],[-4931807.263563471,5486671.715118098],[-4849610.475837413,5486671.715118098],[-4767413.6881113555,5486671.715118098],[-4685216.900385298,5486671.715118098],[-4603020.112659239,5486671.715118098],[-4520823.3249331815,5486671.715118098],[-4438626.537207124,5486671.715118098],[-4356429.749481066,5486671.715118098],[-4274232.961755008,5486671.715118098],[-4192036.17402895,5486671.715118098],[-4109839.3863028926,5486671.715118098],[-4027642.598576835,5486671.715118098],[-3945445.8108507767,5486671.715118098],[-3863249.023124719,5486671.715118098],[-3781052.235398661,5486671.715118098],[-3698855.447672603,5486671.715118098],[-3616658.659946545,5486671.715118098],[-3534461.872220488,5486671.715118098],[-3452265.08449443,5486671.715118098],[-3370068.2967683715,5486671.715118098],[-3287871.5090423143,5486671.715118098],[-3205674.721316256,5486671.715118098],[-3123477.9335901984,5486671.715118098],[-3041281.1458641407,5486671.715118098],[-2959084.3581380825,5486671.715118098],[-2876887.5704120244,5486671.715118098],[-2794690.782685967,5486671.715118098],[-2712493.994959909,5486671.715118098],[-2630297.2072338513,5486671.715118098],[-2548100.419507793,5486671.715118098],[-2465903.6317817355,5486671.715118098],[-2383706.8440556778,5486671.715118098],[-2301510.0563296196,5486671.715118098],[-2219313.268603562,5486671.715118098],[-2137116.480877504,5486671.715118098],[-2054919.6931514463,5486671.715118098],[-1972722.9054253884,5486671.715118098],[-1890526.1176993304,5486671.715118098],[-1808329.3299732725,5486671.715118098],[-1726132.542247215,5486671.715118098],[-1643935.7545211571,5486671.715118098],[-1561738.9667950992,5486671.715118098],[-1479542.1790690413,5486671.715118098],[-1397345.3913429836,5486671.715118098],[-1315148.6036169257,5486671.715118098],[-1232951.8158908677,5486671.715118098],[-1150755.0281648098,5486671.715118098],[-1068558.240438752,5486671.715118098],[-986361.4527126942,5486671.715118098],[-904164.6649866363,5486671.715118098],[-821967.8772605786,5486671.715118098],[-739771.0895345206,5486671.715118098],[-657574.3018084628,5486671.715118098],[-575377.5140824049,5486671.715118098],[-493180.7263563471,5486671.715118098],[-410983.9386302893,5486671.715118098],[-328787.1509042314,5486671.715118098],[-246590.36317817355,5486671.715118098],[-164393.5754521157,5486671.715118098],[-82196.78772605785,5486671.715118098],[0,5486671.715118098],[82196.78772605785,5486671.715118098],[164393.5754521157,5486671.715118098],[246590.36317817355,5486671.715118098],[328787.1509042314,5486671.715118098],[410983.9386302893,5486671.715118098],[493180.7263563471,5486671.715118098],[575377.5140824049,5486671.715118098],[657574.3018084628,5486671.715118098],[739771.0895345206,5486671.715118098],[821967.8772605786,5486671.715118098],[904164.6649866363,5486671.715118098],[986361.4527126942,5486671.715118098],[1068558.240438752,5486671.715118098],[1150755.0281648098,5486671.715118098],[1232951.8158908677,5486671.715118098],[1315148.6036169257,5486671.715118098],[1397345.3913429836,5486671.715118098],[1479542.1790690413,5486671.715118098],[1561738.9667950992,5486671.715118098],[1643935.7545211571,5486671.715118098],[1726132.542247215,5486671.715118098],[1808329.3299732725,5486671.715118098],[1890526.1176993304,5486671.715118098],[1972722.9054253884,5486671.715118098],[2054919.6931514463,5486671.715118098],[2137116.480877504,5486671.715118098],[2219313.268603562,5486671.715118098],[2301510.0563296196,5486671.715118098],[2383706.8440556778,5486671.715118098],[2465903.6317817355,5486671.715118098],[2548100.419507793,5486671.715118098],[2630297.2072338513,5486671.715118098],[2712493.994959909,5486671.715118098],[2794690.782685967,5486671.715118098],[2876887.5704120244,5486671.715118098],[2959084.3581380825,5486671.715118098],[3041281.1458641407,5486671.715118098],[3123477.9335901984,5486671.715118098],[3205674.721316256,5486671.715118098],[3287871.5090423143,5486671.715118098],[3370068.2967683715,5486671.715118098],[3452265.08449443,5486671.715118098],[3534461.872220488,5486671.715118098],[3616658.659946545,5486671.715118098],[3698855.447672603,5486671.715118098],[3781052.235398661,5486671.715118098],[3863249.023124719,5486671.715118098],[3945445.8108507767,5486671.715118098],[4027642.598576835,5486671.715118098],[4109839.3863028926,5486671.715118098],[4192036.17402895,5486671.715118098],[4274232.961755008,5486671.715118098],[4356429.749481066,5486671.715118098],[4438626.537207124,5486671.715118098],[4520823.3249331815,5486671.715118098],[4603020.112659239,5486671.715118098],[4685216.900385298,5486671.715118098],[4767413.6881113555,5486671.715118098],[4849610.475837413,5486671.715118098],[4931807.263563471,5486671.715118098],[5014004.051289529,5486671.715118098],[5096200.839015586,5486671.715118098],[5178397.626741644,5486671.715118098],[5260594.414467703,5486671.715118098],[5342791.20219376,5486671.715118098],[5424987.989919818,5486671.715118098],[5507184.777645877,5486671.715118098],[5589381.565371934,5486671.715118098],[5671578.353097991,5486671.715118098],[5753775.140824049,5486671.715118098],[5835971.928550107,5486671.715118098],[5918168.716276165,5486671.715118098],[6000365.504002224,5486671.715118098],[6082562.291728281,5486671.715118098],[6164759.079454339,5486671.715118098],[6246955.867180397,5486671.715118098],[6329152.6549064545,5486671.715118098],[6411349.442632512,5486671.715118098],[6493546.23035857,5486671.715118098],[6575743.0180846285,5486671.715118098],[6657939.805810685,5486671.715118098],[6740136.593536743,5486671.715118098],[6822333.3812628025,5486671.715118098],[6904530.16898886,5486671.715118098],[6986726.956714917,5486671.715118098],[7068923.744440976,5486671.715118098],[7151120.532167033,5486671.715118098],[7233317.31989309,5486671.715118098],[7315514.107619149,5486671.715118098],[7397710.895345206,5486671.715118098],[7479907.683071263,5486671.715118098],[7562104.470797322,5486671.715118098],[7644301.25852338,5486671.715118098],[7726498.046249438,5486671.715118098],[7808694.833975497,5486671.715118098],[7890891.621701553,5486671.715118098],[7973088.409427612,5486671.715118098],[8055285.19715367,5486671.715118098],[8137481.984879727,5486671.715118098],[8219678.772605785,5486671.715118098],[8301875.560331843,5486671.715118098],[8384072.3480579,5486671.715118098],[8466269.13578396,5486671.715118098],[8548465.923510017,5486671.715118098],[8630662.711236075,5486671.715118098],[8712859.498962132,5486671.715118098],[8795056.28668819,5486671.715118098],[8877253.074414248,5486671.715118098],[8959449.862140305,5486671.715118098],[9041646.649866363,5486671.715118098],[9123843.437592423,5486671.715118098],[9206040.225318478,5486671.715118098],[9288237.013044538,5486671.715118098],[9370433.800770596,5486671.715118098],[9452630.588496652,5486671.715118098],[9534827.376222711,5486671.715118098],[9617024.163948769,5486671.715118098],[9699220.951674826,5486671.715118098],[9781417.739400884,5486671.715118098],[9863614.527126942,5486671.715118098],[9945811.314853,5486671.715118098],[10028008.102579057,5486671.715118098],[10110204.890305117,5486671.715118098],[10192401.678031173,5486671.715118098],[10274598.465757232,5486671.715118098],[10356795.253483288,5486671.715118098],[10438992.041209348,5486671.715118098],[10521188.828935405,5486671.715118098],[10603385.616661461,5486671.715118098],[10685582.40438752,5486671.715118098],[10767779.192113578,5486671.715118098],[10849975.979839636,5486671.715118098],[10932172.767565694,5486671.715118098],[11014369.555291753,5486671.715118098],[11096566.34301781,5486671.715118098],[11178763.130743869,5486671.715118098],[11260959.918469924,5486671.715118098],[11343156.706195982,5486671.715118098],[11425353.493922042,5486671.715118098],[11507550.281648098,5486671.715118098],[11589747.069374157,5486671.715118098],[11671943.857100215,5486671.715118098],[11754140.644826274,5486671.715118098],[11836337.43255233,5486671.715118098],[11918534.22027839,5486671.715118098],[12000731.008004447,5486671.715118098],[12082927.795730501,5486671.715118098],[12165124.583456563,5486671.715118098],[12247321.37118262,5486671.715118098],[12329518.158908678,5486671.715118098],[12411714.946634736,5486671.715118098],[12493911.734360794,5486671.715118098],[12576108.522086851,5486671.715118098],[12658305.309812909,5486671.715118098],[12740502.097538967,5486671.715118098],[12822698.885265024,5486671.715118098],[12904895.67299108,5486671.715118098],[12987092.46071714,5486671.715118098],[13069289.248443197,5486671.715118098],[13151486.036169257,5486671.715118098],[13233682.823895315,5486671.715118098],[13315879.61162137,5486671.715118098],[13398076.399347432,5486671.715118098],[13480273.187073486,5486671.715118098],[13562469.974799544,5486671.715118098],[13644666.762525605,5486671.715118098],[13726863.550251659,5486671.715118098],[13809060.33797772,5486671.715118098],[13891257.125703776,5486671.715118098],[13973453.913429834,5486671.715118098],[14055650.701155894,5486671.715118098],[14137847.488881951,5486671.715118098],[14220044.276608007,5486671.715118098],[14302241.064334067,5486671.715118098],[14384437.852060124,5486671.715118098],[14466634.63978618,5486671.715118098],[14548831.42751224,5486671.715118098],[14631028.215238297,5486671.715118098],[14713225.002964353,5486671.715118098],[14795421.790690413,5486671.715118098]]},"properties":{"type":"parallel","value":45}},
{"type":"Feature","geometry":{"type":"LineString","coordinates":[[-13005404.589763403,6941331.826067392],[-12933152.342042498,6941331.826067392],[-12860900.094321588,6941331.826067392],[-12788647.84660068,6941331.826067392],[-12716395.598879773,6941331.826067392],[-12644143.351158867,6941331.826067392],[-12571891.103437956,6941331.826067392],[-12499638.85571705,6941331.826067392],[-12427386.607996142,6941331.826067392],[-12355134.360275233,6941331.826067392],[-12282882.112554327,6941331.826067392],[-12210629.864833418,6941331.826067392],[-12138377.617112512,6941331.826067392],[-12066125.369391602,6941331.826067392],[-11993873.121670695,6941331.826067392],[-11921620.873949785,6941331.826067392],[-11849368.626228878,6941331.826067392],[-11777116.378507972,6941331.826067392],[-11704864.130787062,6941331.826067392],[-11632611.883066155,6941331.826067392],[-11560359.635345249,6941331.826067392],[-11488107.387624342,6941331.826067392],[-11415855.139903432,6941331.826067392],[-11343602.892182525,6941331.826067392],[-11271350.644461615,6941331.826067392],[-11199098.396740707,6941331.826067392],[-11126846.149019802,6941331.826067392],[-11054593.901298894,6941331.826067392],[-10982341.653577985,6941331.826067392],[-10910089.405857077,6941331.826067392],[-10837837.15813617,6941331.826067392],[-10765584.910415262,6941331.826067392],[-10693332.662694355,6941331.826067392],[-10621080.414973445,6941331.826067392],[-10548828.167252539,6941331.826067392],[-10476575.919531632,6941331.826067392],[-10404323.671810724,6941331.826067392],[-10332071.424089815,6941331.826067392],[-10259819.176368907,6941331.826067392],[-10187566.928648,6941331.826067392],[-10115314.68092709,6941331.826067392],[-10043062.433206184,6941331.826067392],[-9970810.185485275,6941331.826067392],[-9898557.937764367,6941331.826067392],[-9826305.69004346,6941331.826067392],[-9754053.442322554,6941331.826067392],[-9681801.194601646,6941331.826067392],[-9609548.946880737,6941331.826067392],[-9537296.69915983,6941331.826067392],[-9465044.45143892,6941331.826067392],[-9392792.203718012,6941331.826067392],[-9320539.955997106,6941331.826067392],[-9248287.708276197,6941331.826067392],[-9176035.46055529,6941331.826067392],[-9103783.212834382,6941331.826067392],[-9031530.965113476,6941331.826067392],[-8959278.717392568,6941331.826067392],[-8887026.46967166,6941331.826067392],[-8814774.22195075,6941331.826067392],[-8742521.974229844,6941331.826067392],[-8670269.726508936,6941331.826067392],[-8598017.478788028,6941331.826067392],[-8525765.231067121,6941331.826067392],[-8453512.983346213,6941331.826067392],[-8381260.735625305,6941331.826067392],[-8309008.487904396,6941331.826067392],[-8236756.240183489,6941331.826067392],[-8164503.992462581,6941331.826067392],[-8092251.744741674,6941331.826067392],[-8019999.497020765,6941331.826067392],[-7947747.249299859,6941331.826067392],[-7875495.00157895,6941331.826067392],[-7803242.753858041,6941331.826067392],[-7730990.5061371345,6941331.826067392],[-7658738.258416226,6941331.826067392],[-7586486.010695319,6941331.826067392],[-7514233.762974412,6941331.826067392],[-7441981.515253504,6941331.826067392],[-7369729.267532595,6941331.826067392],[-7297477.019811688,6941331.826067392],[-7225224.77209078,6941331.826067392],[-7152972.524369873,6941331.826067392],[-7080720.276648964,6941331.826067392],[-7008468.028928055,6941331.826067392],[-6936215.781207149,6941331.826067392],[-6863963.533486242,6941331.826067392],[-6791711.285765332,6941331.826067392],[-6719459.038044426,6941331.826067392],[-6647206.790323518,6941331.826067392],[-6574954.54260261,6941331.826067392],[-6502702.2948817015,6941331.826067392],[-6430450.047160794,6941331.826067392],[-6358197.799439887,6941331.826067392],[-6285945.551718978,6941331.826067392],[-6213693.303998071,6941331.826067392],[-6141441.056277163,6941331.826067392],[-6069188.808556256,6941331.826067392],[-5996936.5608353475,6941331.826067392],[-5924684.313114439,6941331.826067392],[-5852432.065393531,6941331.826067392],[-5780179.817672624,6941331.826067392],[-5707927.569951716,6941331.826067392],[-5635675.3222308075,6941331.826067392],[-5563423.074509901,6941331.826067392],[-5491170.826788993,6941331.826067392],[-5418918.579068085,6941331.826067392],[-5346666.331347178,6941331.826067392],[-5274414.083626269,6941331.826067392],[-5202161.835905362,6941331.826067392],[-5129909.588184454,6941331.826067392],[-5057657.340463545,6941331.826067392],[-4985405.092742638,6941331.826067392],[-4913152.84502173,6941331.826067392],[-4840900.597300823,6941331.826067392],[-4768648.349579915,6941331.826067392],[-4696396.101859006,6941331.826067392],[-4624143.854138099,6941331.826067392],[-4551891.606417191,6941331.826067392],[-4479639.358696284,6941331.826067392],[-4407387.110975375,6941331.826067392],[-4335134.863254468,6941331.826067392],[-4262882.6155335605,6941331.826067392],[-4190630.3678126526,6941331.826067392],[-4118378.1200917447,6941331.826067392],[-4046125.872370837,6941331.826067392],[-3973873.6246499293,6941331.826067392],[-3901621.3769290205,6941331.826067392],[-3829369.129208113,6941331.826067392],[-3757116.881487206,6941331.826067392],[-3684864.6337662977,6941331.826067392],[-3612612.38604539,6941331.826067392],[-3540360.138324482,6941331.826067392],[-3468107.8906035745,6941331.826067392],[-3395855.642882666,6941331.826067392],[-3323603.395161759,6941331.826067392],[-3251351.1474408507,6941331.826067392],[-3179098.8997199433,6941331.826067392],[-3106846.6519990354,6941331.826067392],[-3034594.404278128,6941331.826067392],[-2962342.1565572196,6941331.826067392],[-2890089.908836312,6941331.826067392],[-2817837.6611154038,6941331.826067392],[-2745585.4133944963,6941331.826067392],[-2673333.165673589,6941331.826067392],[-2601080.917952681,6941331.826067392],[-2528828.6702317726,6941331.826067392],[-2456576.422510865,6941331.826067392],[-2384324.1747899577,6941331.826067392],[-2312071.9270690493,6941331.826067392],[-2239819.679348142,6941331.826067392],[-2167567.431627234,6941331.826067392],[-2095315.1839063263,6941331.826067392],[-2023062.9361854184,6941331.826067392],[-1950810.6884645103,6941331.826067392],[-1878558.440743603,6941331.826067392],[-1806306.193022695,6941331.826067392],[-1734053.9453017872,6941331.826067392],[-1661801.6975808796,6941331.826067392],[-1589549.4498599716,6941331.826067392],[-1517297.202139064,6941331.826067392],[-1445044.954418156,6941331.826067392],[-1372792.7066972482,6941331.826067392],[-1300540.4589763405,6941331.826067392],[-1228288.2112554326,6941331.826067392],[-1156035.9635345247,6941331.826067392],[-1083783.715813617,6941331.826067392],[-1011531.4680927092,6941331.826067392],[-939279.2203718015,6941331.826067392],[-867026.9726508936,6941331.826067392],[-794774.7249299858,6941331.826067392],[-722522.477209078,6941331.826067392],[-650270.2294881702,6941331.826067392],[-578017.9817672623,6941331.826067392],[-505765.7340463546,6941331.826067392],[-433513.4863254468,6941331.826067392],[-361261.238604539,6941331.826067392],[-289008.99088363117,6941331.826067392],[-216756.7431627234,6941331.826067392],[-144504.49544181558,6941331.826067392],[-72252.24772090779,6941331.826067392],[0,6941331.826067392],[72252.24772090779,6941331.826067392],[144504.49544181558,6941331.826067392],[216756.7431627234,6941331.826067392],[289008.99088363117,6941331.826067392],[361261.238604539,6941331.826067392],[433513.4863254468,6941331.826067392],[505765.7340463546,6941331.826067392],[578017.9817672623,6941331.826067392],[650270.2294881702,6941331.826067392],[722522.477209078,6941331.826067392],[794774.7249299858,6941331.826067392],[867026.9726508936,6941331.826067392],[939279.2203718015,6941331.826067392],[1011531.4680927092,6941331.826067392],[1083783.715813617,6941331.826067392],[1156035.9635345247,6941331.826067392],[1228288.2112554326,6941331.826067392],[1300540.4589763405,6941331.826067392],[1372792.7066972482,6941331.826067392],[1445044.954418156,6941331.826067392],[1517297.202139064,6941331.826067392],[1589549.4498599716,6941331.826067392],[1661801.6975808796,6941331.826067392],[1734053.9453017872,6941331.826067392],[1806306.193022695,6941331.826067392],[1878558.440743603,6941331.826067392],[1950810.6884645103,6941331.826067392],[2023062.9361854184,6941331.826067392],[2095315.1839063263,6941331.826067392],[2167567.431627234,6941331.826067392],[2239819.679348142,6941331.826067392],[2312071.9270690493,6941331.826067392],[2384324.1747899577,6941331.826067392],[2456576.422510865,6941331.826067392],[2528828.6702317726,6941331.826067392],[2601080.917952681,6941331.826067392],[2673333.165673589,6941331.826067392],[2745585.4133944963,6941331.826067392],[2817837.6611154038,6941331.826067392],[2890089.908836312,6941331.826067392],[2962342.1565572196,6941331.826067392],[3034594.404278128,6941331.826067392],[3106846.6519990354,6941331.826067392],[3179098.8997199433,6941331.826067392],[3251351.1474408507,6941331.826067392],[3323603.395161759,6941331.826067392],[3395855.642882666,6941331.826067392],[3468107.8906035745,6941331.826067392],[3540360.138324482,6941331.826067392],[3612612.38604539,6941331.826067392],[3684864.6337662977,6941331.826067392],[3757116.881487206,6941331.826067392],[3829369.129208113,6941331.826067392],[3901621.3769290205,6941331.826067392],[3973873.6246499293,6941331.826067392],[4046125.872370837,6941331.826067392],[4118378.1200917447,6941331.826067392],[4190630.3678126526,6941331.826067392],[4262882.6155335605,6941331.826067392],[4335134.863254468,6941331.826067392],[4407387.110975375,6941331.826067392],[4479639.358696284,6941331.826067392],[4551891.606417191,6941331.826067392],[4624143.854138099,6941331.826067392],[4696396.101859006,6941331.826067392],[4768648.349579915,6941331.826067392],[4840900.597300823,6941331.826067392],[4913152.84502173,6941331.826067392],[4985405.092742638,6941331.826067392],[5057657.340463545,6941331.826067392],[5129909.588184454,6941331.826067392],[5202161.835905362,6941331.826067392],[5274414.083626269,6941331.826067392],[5346666.331347178,6941331.826067392],[5418918.579068085,6941331.826067392],[5491170.826788993,6941331.826067392],[5563423.074509901,6941331.826067392],[5635675.3222308075,6941331.826067392],[5707927.569951716,6941331.826067392],[5780179.817672624,6941331.826067392],[5852432.065393531,6941331.826067392],[5924684.313114439,6941331.826067392],[5996936.5608353475,6941331.826067392],[6069188.808556256,6941331.826067392],[6141441.056277163,6941331.826067392],[6213693.303998071,6941331.826067392],[6285945.551718978,6941331.826067392],[6358197.799439887,6941331.826067392],[6430450.047160794,6941331.826067392],[6502702.2948817015,6941331.826067392],[6574954.54260261,6941331.826067392],[6647206.790323518,6941331.826067392],[6719459.038044426,6941331.826067392],[6791711.285765332,6941331.826067392],[6863963.533486242,6941331.826067392],[6936215.781207149,6941331.826067392],[7008468.028928055,6941331.826067392],[7080720.276648964,6941331.826067392],[7152972.524369873,6941331.826067392],[7225224.77209078,6941331.826067392],[7297477.019811688,6941331.826067392],[7369729.267532595,6941331.826067392],[7441981.515253504,6941331.826067392],[7514233.762974412,6941331.826067392],[7586486.010695319,6941331.826067392],[7658738.258416226,6941331.826067392],[7730990.5061371345,6941331.826067392],[7803242.753858041,6941331.826067392],[7875495.00157895,6941331.826067392],[7947747.249299859,6941331.826067392],[8019999.497020765,6941331.826067392],[8092251.744741674,6941331.826067392],[8164503.992462581,6941331.826067392],[8236756.240183489,6941331.826067392],[8309008.487904396,6941331.826067392],[8381260.735625305,6941331.826067392],[8453512.983346213,6941331.826067392],[8525765.231067121,6941331.826067392],[8598017.478788028,6941331.826067392],[8670269.726508936,6941331.826067392],[8742521.974229844,6941331.826067392],[8814774.22195075,6941331.826067392],[8887026.46967166,6941331.826067392],[8959278.717392568,6941331.826067392],[9031530.965113476,6941331.826067392],[9103783.212834382,6941331.826067392],[9176035.46055529,6941331.826067392],[9248287.708276197,6941331.826067392],[9320539.955997106,6941331.826067392],[9392792.203718012,6941331.826067392],[9465044.45143892,6941331.826067392],[9537296.69915983,6941331.826067392],[9609548.946880737,6941331.826067392],[9681801.194601646,6941331.826067392],[9754053.442322554,6941331.826067392],[9826305.69004346,6941331.826067392],[9898557.937764367,6941331.826067392],[9970810.185485275,6941331.826067392],[10043062.433206184,6941331.826067392],[10115314.68092709,6941331.826067392],[10187566.928648,6941331.826067392],[10259819.176368907,6941331.826067392],[10332071.424089815,6941331.826067392],[10404323.671810724,6941331.826067392],[10476575.919531632,6941331.826067392],[10548828.167252539,6941331.826067392],[10621080.414973445,6941331.826067392],[10693332.662694355,6941331.826067392],[10765584.910415262,6941331.826067392],[10837837.15813617,6941331.826067392],[10910089.405857077,6941331.826067392],[10982341.653577985,6941331.826067392],[11054593.901298894,6941331.826067392],[11126846.149019802,6941331.826067392],[11199098.396740707,6941331.826067392],[11271350.644461615,6941331.826067392],[11343602.892182525,6941331.826067392],[11415855.139903432,6941331.826067392],[11488107.387624342,6941331.826067392],[11560359.635345249,6941331.826067392],[11632611.883066155,6941331.826067392],[11704864.130787062,6941331.826067392],[11777116.378507972,6941331.826067392],[11849368.626228878,6941331.826067392],[11921620.873949785,6941331.826067392],[11993873.121670695,6941331.826067392],[12066125.369391602,6941331.826067392],[12138377.617112512,6941331.826067392],[12210629.864833418,6941331.826067392],[12282882.112554327,6941331.826067392],[12355134.360275233,6941331.826067392],[12427386.607996142,6941331.826067392],[12499638.85571705,6941331.826067392],[12571891.103437956,6941331.826067392],[12644143.351158867,6941331.826067392],[12716395.598879773,6941331.826067392],[12788647.84660068,6941331.826067392],[12860900.094321588,6941331.826067392],[12933152.342042498,6941331.826067392],[13005404.589763403,6941331.826067392]]},"properties":{"type":"parallel","value":60}},
{"type":"Feature","geometry":{"type":"LineString","coordinates":[[-11130471.197759274,7994886.1298162155],[-11068635.246660614,7994886.1298162155],[-11006799.295561949,7994886.1298162155],[-10944963.344463289,7994886.1298162155],[-10883127.393364623,7994886.1298162155],[-10821291.442265963,7994886.1298162155],[-10759455.491167298,7994886.1298162155],[-10697619.540068638,7994886.1298162155],[-10635783.588969974,7994886.1298162155],[-10573947.637871312,7994886.1298162155],[-10512111.686772648,7994886.1298162155],[-10450275.735673986,7994886.1298162155],[-10388439.784575323,7994886.1298162155],[-10326603.83347666,7994886.1298162155],[-10264767.882377999,7994886.1298162155],[-10202931.931279335,7994886.1298162155],[-10141095.980180673,7994886.1298162155],[-10079260.029082011,7994886.1298162155],[-10017424.077983348,7994886.1298162155],[-9955588.126884686,7994886.1298162155],[-9893752.175786022,7994886.1298162155],[-9831916.22468736,7994886.1298162155],[-9770080.273588696,7994886.1298162155],[-9708244.322490035,7994886.1298162155],[-9646408.37139137,7994886.1298162155],[-9584572.420292709,7994886.1298162155],[-9522736.469194047,7994886.1298162155],[-9460900.518095383,7994886.1298162155],[-9399064.566996723,7994886.1298162155],[-9337228.61589806,7994886.1298162155],[-9275392.664799398,7994886.1298162155],[-9213556.713700734,7994886.1298162155],[-9151720.762602072,7994886.1298162155],[-9089884.811503408,7994886.1298162155],[-9028048.860404747,7994886.1298162155],[-8966212.909306083,7994886.1298162155],[-8904376.958207421,7994886.1298162155],[-8842541.007108757,7994886.1298162155],[-8780705.056010095,7994886.1298162155],[-8718869.104911432,7994886.1298162155],[-8657033.15381277,7994886.1298162155],[-8595197.202714106,7994886.1298162155],[-8533361.251615444,7994886.1298162155],[-8471525.300516782,7994886.1298162155],[-8409689.34941812,7994886.1298162155],[-8347853.398319457,7994886.1298162155],[-8286017.447220795,7994886.1298162155],[-8224181.496122131,7994886.1298162155],[-8162345.545023469,7994886.1298162155],[-8100509.5939248055,7994886.1298162155],[-8038673.642826144,7994886.1298162155],[-7976837.69172748,7994886.1298162155],[-7915001.740628818,7994886.1298162155],[-7853165.789530155,7994886.1298162155],[-7791329.838431492,7994886.1298162155],[-7729493.88733283,7994886.1298162155],[-7667657.936234167,7994886.1298162155],[-7605821.985135506,7994886.1298162155],[-7543986.034036843,7994886.1298162155],[-7482150.08293818,7994886.1298162155],[-7420314.1318395175,7994886.1298162155],[-7358478.180740855,7994886.1298162155],[-7296642.229642193,7994886.1298162155],[-7234806.278543529,7994886.1298162155],[-7172970.327444867,7994886.1298162155],[-7111134.3763462035,7994886.1298162155],[-7049298.425247542,7994886.1298162155],[-6987462.474148879,7994886.1298162155],[-6925626.523050216,7994886.1298162155],[-6863790.571951553,7994886.1298162155],[-6801954.62085289,7994886.1298162155],[-6740118.669754228,7994886.1298162155],[-6678282.718655566,7994886.1298162155],[-6616446.767556902,7994886.1298162155],[-6554610.81645824,7994886.1298162155],[-6492774.865359577,7994886.1298162155],[-6430938.914260915,7994886.1298162155],[-6369102.963162252,7994886.1298162155],[-6307267.012063589,7994886.1298162155],[-6245431.060964926,7994886.1298162155],[-6183595.109866263,7994886.1298162155],[-6121759.158767601,7994886.1298162155],[-6059923.207668938,7994886.1298162155],[-5998087.256570276,7994886.1298162155],[-5936251.305471614,7994886.1298162155],[-5874415.354372951,7994886.1298162155],[-5812579.403274288,7994886.1298162155],[-5750743.452175626,7994886.1298162155],[-5688907.501076963,7994886.1298162155],[-5627071.5499783,7994886.1298162155],[-5565235.598879637,7994886.1298162155],[-5503399.647780974,7994886.1298162155],[-5441563.696682312,7994886.1298162155],[-5379727.745583649,7994886.1298162155],[-5317891.794484987,7994886.1298162155],[-5256055.843386324,7994886.1298162155],[-5194219.892287661,7994886.1298162155],[-5132383.941188999,7994886.1298162155],[-5070547.990090337,7994886.1298162155],[-5008712.038991674,7994886.1298162155],[-4946876.087893011,7994886.1298162155],[-4885040.136794348,7994886.1298162155],[-4823204.185695685,7994886.1298162155],[-4761368.234597024,7994886.1298162155],[-4699532.283498362,7994886.1298162155],[-4637696.332399699,7994886.1298162155],[-4575860.381301036,7994886.1298162155],[-4514024.430202373,7994886.1298162155],[-4452188.4791037105,7994886.1298162155],[-4390352.528005048,7994886.1298162155],[-4328516.576906385,7994886.1298162155],[-4266680.625807722,7994886.1298162155],[-4204844.67470906,7994886.1298162155],[-4143008.7236103974,7994886.1298162155],[-4081172.7725117346,7994886.1298162155],[-4019336.821413072,7994886.1298162155],[-3957500.870314409,7994886.1298162155],[-3895664.919215746,7994886.1298162155],[-3833828.9681170834,7994886.1298162155],[-3771993.0170184216,7994886.1298162155],[-3710157.0659197588,7994886.1298162155],[-3648321.1148210964,7994886.1298162155],[-3586485.1637224336,7994886.1298162155],[-3524649.212623771,7994886.1298162155],[-3462813.261525108,7994886.1298162155],[-3400977.310426445,7994886.1298162155],[-3339141.359327783,7994886.1298162155],[-3277305.40822912,7994886.1298162155],[-3215469.4571304573,7994886.1298162155],[-3153633.5060317945,7994886.1298162155],[-3091797.5549331317,7994886.1298162155],[-3029961.603834469,7994886.1298162155],[-2968125.652735807,7994886.1298162155],[-2906289.701637144,7994886.1298162155],[-2844453.7505384814,7994886.1298162155],[-2782617.7994398186,7994886.1298162155],[-2720781.848341156,7994886.1298162155],[-2658945.8972424935,7994886.1298162155],[-2597109.9461438307,7994886.1298162155],[-2535273.9950451683,7994886.1298162155],[-2473438.0439465055,7994886.1298162155],[-2411602.0928478427,7994886.1298162155],[-2349766.141749181,7994886.1298162155],[-2287930.190650518,7994886.1298162155],[-2226094.2395518553,7994886.1298162155],[-2164258.2884531925,7994886.1298162155],[-2102422.33735453,7994886.1298162155],[-2040586.3862558673,7994886.1298162155],[-1978750.4351572045,7994886.1298162155],[-1916914.4840585417,7994886.1298162155],[-1855078.5329598794,7994886.1298162155],[-1793242.5818612168,7994886.1298162155],[-1731406.630762554,7994886.1298162155],[-1669570.6796638914,7994886.1298162155],[-1607734.7285652286,7994886.1298162155],[-1545898.7774665658,7994886.1298162155],[-1484062.8263679035,7994886.1298162155],[-1422226.8752692407,7994886.1298162155],[-1360390.924170578,7994886.1298162155],[-1298554.9730719153,7994886.1298162155],[-1236719.0219732528,7994886.1298162155],[-1174883.0708745904,7994886.1298162155],[-1113047.1197759276,7994886.1298162155],[-1051211.168677265,7994886.1298162155],[-989375.2175786023,7994886.1298162155],[-927539.2664799397,7994886.1298162155],[-865703.315381277,7994886.1298162155],[-803867.3642826143,7994886.1298162155],[-742031.4131839518,7994886.1298162155],[-680195.462085289,7994886.1298162155],[-618359.5109866264,7994886.1298162155],[-556523.5598879638,7994886.1298162155],[-494687.6087893011,7994886.1298162155],[-432851.6576906385,7994886.1298162155],[-371015.7065919759,7994886.1298162155],[-309179.7554933132,7994886.1298162155],[-247343.80439465056,7994886.1298162155],[-185507.85329598794,7994886.1298162155],[-123671.90219732528,7994886.1298162155],[-61835.95109866264,7994886.1298162155],[0,7994886.1298162155],[61835.95109866264,7994886.1298162155],[123671.90219732528,7994886.1298162155],[185507.85329598794,7994886.1298162155],[247343.80439465056,7994886.1298162155],[309179.7554933132,7994886.1298162155],[371015.7065919759,7994886.1298162155],[432851.6576906385,7994886.1298162155],[494687.6087893011,7994886.1298162155],[556523.5598879638,7994886.1298162155],[618359.5109866264,7994886.1298162155],[680195.462085289,7994886.1298162155],[742031.4131839518,7994886.1298162155],[803867.3642826143,7994886.1298162155],[865703.315381277,7994886.1298162155],[927539.2664799397,7994886.1298162155],[989375.2175786023,7994886.1298162155],[1051211.168677265,7994886.1298162155],[1113047.1197759276,7994886.1298162155],[1174883.0708745904,7994886.1298162155],[1236719.0219732528,7994886.1298162155],[1298554.9730719153,7994886.1298162155],[1360390.924170578,7994886.1298162155],[1422226.8752692407,7994886.1298162155],[1484062.8263679035,7994886.1298162155],[1545898.7774665658,7994886.1298162155],[1607734.7285652286,7994886.1298162155],[1669570.6796638914,7994886.1298162155],[1731406.630762554,7994886.1298162155],[1793242.5818612168,7994886.1298162155],[1855078.5329598794,7994886.1298162155],[1916914.4840585417,7994886.1298162155],[1978750.4351572045,7994886.1298162155],[2040586.3862558673,7994886.1298162155],[2102422.33735453,7994886.1298162155],[2164258.2884531925,7994886.1298162155],[2226094.2395518553,7994886.1298162155],[2287930.190650518,7994886.1298162155],[2349766.141749181,7994886.1298162155],[2411602.0928478427,7994886.1298162155],[2473438.0439465055,7994886.1298162155],[2535273.9950451683,7994886.1298162155],[2597109.9461438307,7994886.1298162155],[2658945.8972424935,7994886.1298162155],[2720781.848341156,7994886.1298162155],[2782617.7994398186,7994886.1298162155],[2844453.7505384814,7994886.1298162155],[2906289.701637144,7994886.1298162155],[2968125.652735807,7994886.1298162155],[3029961.603834469,7994886.1298162155],[3091797.5549331317,7994886.1298162155],[3153633.5060317945,7994886.1298162155],[3215469.4571304573,7994886.1298162155],[3277305.40822912,7994886.1298162155],[3339141.359327783,7994886.1298162155],[3400977.310426445,7994886.1298162155],[3462813.261525108,7994886.1298162155],[3524649.212623771,7994886.1298162155],[3586485.1637224336,7994886.1298162155],[3648321.1148210964,7994886.1298162155],[3710157.0659197588,7994886.1298162155],[3771993.0170184216,7994886.1298162155],[3833828.9681170834,7994886.1298162155],[3895664.919215746,7994886.1298162155],[3957500.870314409,7994886.1298162155],[4019336.821413072,7994886.1298162155],[4081172.7725117346,7994886.1298162155],[4143008.7236103974,7994886.1298162155],[4204844.67470906,7994886.1298162155],[4266680.625807722,7994886.1298162155],[4328516.576906385,7994886.1298162155],[4390352.528005048,7994886.1298162155],[4452188.4791037105,7994886.1298162155],[4514024.430202373,7994886.1298162155],[4575860.381301036,7994886.1298162155],[4637696.332399699,7994886.1298162155],[4699532.283498362,7994886.1298162155],[4761368.234597024,7994886.1298162155],[4823204.185695685,7994886.1298162155],[4885040.136794348,7994886.1298162155],[4946876.087893011,7994886.1298162155],[5008712.038991674,7994886.1298162155],[5070547.990090337,7994886.1298162155],[5132383.941188999,7994886.1298162155],[5194219.892287661,7994886.1298162155],[5256055.843386324,7994886.1298162155],[5317891.794484987,7994886.1298162155],[5379727.745583649,7994886.1298162155],[5441563.696682312,7994886.1298162155],[5503399.647780974,7994886.1298162155],[5565235.598879637,7994886.1298162155],[5627071.5499783,7994886.1298162155],[5688907.501076963,7994886.1298162155],[5750743.452175626,7994886.1298162155],[5812579.403274288,7994886.1298162155],[5874415.354372951,7994886.1298162155],[5936251.305471614,7994886.1298162155],[5998087.256570276,7994886.1298162155],[6059923.207668938,7994886.1298162155],[6121759.158767601,7994886.1298162155],[6183595.109866263,7994886.1298162155],[6245431.060964926,7994886.1298162155],[6307267.012063589,7994886.1298162155],[6369102.963162252,7994886.1298162155],[6430938.914260915,7994886.1298162155],[6492774.865359577,7994886.1298162155],[6554610.81645824,7994886.1298162155],[6616446.767556902,7994886.1298162155],[6678282.718655566,7994886.1298162155],[6740118.669754228,7994886.1298162155],[6801954.62085289,7994886.1298162155],[6863790.571951553,7994886.1298162155],[6925626.523050216,7994886.1298162155],[6987462.474148879,7994886.1298162155],[7049298.425247542,7994886.1298162155],[7111134.3763462035,7994886.1298162155],[7172970.327444867,7994886.1298162155],[7234806.278543529,7994886.1298162155],[7296642.229642193,7994886.1298162155],[7358478.180740855,7994886.1298162155],[7420314.1318395175,7994886.1298162155],[7482150.08293818,7994886.1298162155],[7543986.034036843,7994886.1298162155],[7605821.985135506,7994886.1298162155],[7667657.936234167,7994886.1298162155],[7729493.88733283,7994886.1298162155],[7791329.838431492,7994886.1298162155],[7853165.789530155,7994886.1298162155],[7915001.740628818,7994886.1298162155],[7976837.69172748,7994886.1298162155],[8038673.642826144,7994886.1298162155],[8100509.5939248055,7994886.1298162155],[8162345.545023469,7994886.1298162155],[8224181.496122131,7994886.1298162155],[8286017.447220795,7994886.1298162155],[8347853.398319457,7994886.1298162155],[8409689.34941812,7994886.1298162155],[8471525.300516782,7994886.1298162155],[8533361.251615444,7994886.1298162155],[8595197.202714106,7994886.1298162155],[8657033.15381277,7994886.1298162155],[8718869.104911432,7994886.1298162155],[8780705.056010095,7994886.1298162155],[8842541.007108757,7994886.1298162155],[8904376.958207421,7994886.1298162155],[8966212.909306083,7994886.1298162155],[9028048.860404747,7994886.1298162155],[9089884.811503408,7994886.1298162155],[9151720.762602072,7994886.1298162155],[9213556.713700734,7994886.1298162155],[9275392.664799398,7994886.1298162155],[9337228.61589806,7994886.1298162155],[9399064.566996723,7994886.1298162155],[9460900.518095383,7994886.1298162155],[9522736.469194047,7994886.1298162155],[9584572.420292709,7994886.1298162155],[9646408.37139137,7994886.1298162155],[9708244.322490035,7994886.1298162155],[9770080.273588696,7994886.1298162155],[9831916.22468736,7994886.1298162155],[9893752.175786022,7994886.1298162155],[9955588.126884686,7994886.1298162155],[10017424.077983348,7994886.1298162155],[10079260.029082011,7994886.1298162155],[10141095.980180673,7994886.1298162155],[10202931.931279335,7994886.1298162155],[10264767.882377999,7994886.1298162155],[10326603.83347666,7994886.1298162155],[10388439.784575323,7994886.1298162155],[10450275.735673986,7994886.1298162155],[10512111.686772648,7994886.1298162155],[10573947.637871312,7994886.1298162155],[10635783.588969974,7994886.1298162155],[10697619.540068638,7994886.1298162155],[10759455.491167298,7994886.1298162155],[10821291.442265963,7994886.1298162155],[10883127.393364623,7994886.1298162155],[10944963.344463289,7994886.1298162155],[11006799.295561949,7994886.1298162155],[11068635.246660614,7994886.1298162155],[11130471.197759274,7994886.1298162155]]},"properties":{"type":"parallel","value":75}},
{"type":"Feature","geometry":{"type":"LineString","coordinates":[[-10227908.090400496,8402320.156603986],[-10171086.37878716,8402320.156603986],[-10114264.667173823,8402320.156603986],[-10057442.955560489,8402320.156603986],[-10000621.243947152,8402320.156603986],[-9943799.532333815,8402320.156603986],[-9886977.820720479,8402320.156603986],[-9830156.109107144,8402320.156603986],[-9773334.397493808,8402320.156603986],[-9716512.685880471,8402320.156603986],[-9659690.974267134,8402320.156603986],[-9602869.262653798,8402320.156603986],[-9546047.551040461,8402320.156603986],[-9489225.839427125,8402320.156603986],[-9432404.12781379,8402320.156603986],[-9375582.416200453,8402320.156603986],[-9318760.704587119,8402320.156603986],[-9261938.992973782,8402320.156603986],[-9205117.281360446,8402320.156603986],[-9148295.569747109,8402320.156603986],[-9091473.858133772,8402320.156603986],[-9034652.146520438,8402320.156603986],[-8977830.434907101,8402320.156603986],[-8921008.723293765,8402320.156603986],[-8864187.011680428,8402320.156603986],[-8807365.300067093,8402320.156603986],[-8750543.588453759,8402320.156603986],[-8693721.876840422,8402320.156603986],[-8636900.165227085,8402320.156603986],[-8580078.453613749,8402320.156603986],[-8523256.742000412,8402320.156603986],[-8466435.030387076,8402320.156603986],[-8409613.31877374,8402320.156603986],[-8352791.607160404,8402320.156603986],[-8295969.895547069,8402320.156603986],[-8239148.183933732,8402320.156603986],[-8182326.4723203955,8402320.156603986],[-8125504.760707061,8402320.156603986],[-8068683.049093724,8402320.156603986],[-8011861.337480389,8402320.156603986],[-7955039.625867052,8402320.156603986],[-7898217.914253715,8402320.156603986],[-7841396.202640379,8402320.156603986],[-7784574.491027044,8402320.156603986],[-7727752.7794137085,8402320.156603986],[-7670931.067800372,8402320.156603986],[-7614109.356187036,8402320.156603986],[-7557287.644573699,8402320.156603986],[-7500465.932960363,8402320.156603986],[-7443644.2213470265,8402320.156603986],[-7386822.509733692,8402320.156603986],[-7330000.798120355,8402320.156603986],[-7273179.08650702,8402320.156603986],[-7216357.374893683,8402320.156603986],[-7159535.663280346,8402320.156603986],[-7102713.951667012,8402320.156603986],[-7045892.240053674,8402320.156603986],[-6989070.5284403395,8402320.156603986],[-6932248.816827003,8402320.156603986],[-6875427.105213666,8402320.156603986],[-6818605.39360033,8402320.156603986],[-6761783.681986994,8402320.156603986],[-6704961.970373659,8402320.156603986],[-6648140.258760323,8402320.156603986],[-6591318.547146987,8402320.156603986],[-6534496.83553365,8402320.156603986],[-6477675.123920314,8402320.156603986],[-6420853.412306979,8402320.156603986],[-6364031.700693643,8402320.156603986],[-6307209.989080305,8402320.156603986],[-6250388.27746697,8402320.156603986],[-6193566.565853634,8402320.156603986],[-6136744.854240297,8402320.156603986],[-6079923.142626962,8402320.156603986],[-6023101.431013625,8402320.156603986],[-5966279.7194002895,8402320.156603986],[-5909458.007786954,8402320.156603986],[-5852636.296173617,8402320.156603986],[-5795814.584560281,8402320.156603986],[-5738992.872946945,8402320.156603986],[-5682171.161333609,8402320.156603986],[-5625349.449720273,8402320.156603986],[-5568527.738106936,8402320.156603986],[-5511706.026493601,8402320.156603986],[-5454884.314880265,8402320.156603986],[-5398062.603266929,8402320.156603986],[-5341240.891653593,8402320.156603986],[-5284419.180040256,8402320.156603986],[-5227597.4684269205,8402320.156603986],[-5170775.756813585,8402320.156603986],[-5113954.045200248,8402320.156603986],[-5057132.333586912,8402320.156603986],[-5000310.621973576,8402320.156603986],[-4943488.910360239,8402320.156603986],[-4886667.198746904,8402320.156603986],[-4829845.487133567,8402320.156603986],[-4773023.775520231,8402320.156603986],[-4716202.063906895,8402320.156603986],[-4659380.352293559,8402320.156603986],[-4602558.640680223,8402320.156603986],[-4545736.929066886,8402320.156603986],[-4488915.217453551,8402320.156603986],[-4432093.505840214,8402320.156603986],[-4375271.794226879,8402320.156603986],[-4318450.082613543,8402320.156603986],[-4261628.371000206,8402320.156603986],[-4204806.65938687,8402320.156603986],[-4147984.9477735343,8402320.156603986],[-4091163.2361601978,8402320.156603986],[-4034341.524546862,8402320.156603986],[-3977519.812933526,8402320.156603986],[-3920698.1013201894,8402320.156603986],[-3863876.3897068542,8402320.156603986],[-3807054.678093518,8402320.156603986],[-3750232.9664801816,8402320.156603986],[-3693411.254866846,8402320.156603986],[-3636589.54325351,8402320.156603986],[-3579767.831640173,8402320.156603986],[-3522946.120026837,8402320.156603986],[-3466124.4084135015,8402320.156603986],[-3409302.696800165,8402320.156603986],[-3352480.9851868297,8402320.156603986],[-3295659.2735734936,8402320.156603986],[-3238837.561960157,8402320.156603986],[-3182015.8503468214,8402320.156603986],[-3125194.138733485,8402320.156603986],[-3068372.4271201487,8402320.156603986],[-3011550.7155068126,8402320.156603986],[-2954729.003893477,8402320.156603986],[-2897907.2922801403,8402320.156603986],[-2841085.5806668047,8402320.156603986],[-2784263.869053468,8402320.156603986],[-2727442.1574401325,8402320.156603986],[-2670620.4458267963,8402320.156603986],[-2613798.7342134602,8402320.156603986],[-2556977.022600124,8402320.156603986],[-2500155.310986788,8402320.156603986],[-2443333.599373452,8402320.156603986],[-2386511.8877601153,8402320.156603986],[-2329690.1761467797,8402320.156603986],[-2272868.464533443,8402320.156603986],[-2216046.752920107,8402320.156603986],[-2159225.0413067713,8402320.156603986],[-2102403.329693435,8402320.156603986],[-2045581.6180800989,8402320.156603986],[-1988759.906466763,8402320.156603986],[-1931938.1948534271,8402320.156603986],[-1875116.4832400908,8402320.156603986],[-1818294.771626755,8402320.156603986],[-1761473.0600134186,8402320.156603986],[-1704651.3484000824,8402320.156603986],[-1647829.6367867468,8402320.156603986],[-1591007.9251734107,8402320.156603986],[-1534186.2135600743,8402320.156603986],[-1477364.5019467385,8402320.156603986],[-1420542.7903334023,8402320.156603986],[-1363721.0787200662,8402320.156603986],[-1306899.3671067301,8402320.156603986],[-1250077.655493394,8402320.156603986],[-1193255.9438800577,8402320.156603986],[-1136434.2322667215,8402320.156603986],[-1079612.5206533857,8402320.156603986],[-1022790.8090400494,8402320.156603986],[-965969.0974267136,8402320.156603986],[-909147.3858133774,8402320.156603986],[-852325.6742000412,8402320.156603986],[-795503.9625867053,8402320.156603986],[-738682.2509733692,8402320.156603986],[-681860.5393600331,8402320.156603986],[-625038.827746697,8402320.156603986],[-568217.1161333608,8402320.156603986],[-511395.4045200247,8402320.156603986],[-454573.6929066887,8402320.156603986],[-397751.98129335267,8402320.156603986],[-340930.26968001656,8402320.156603986],[-284108.5580666804,8402320.156603986],[-227286.84645334436,8402320.156603986],[-170465.13484000828,8402320.156603986],[-113643.42322667218,8402320.156603986],[-56821.71161333609,8402320.156603986],[0,8402320.156603986],[56821.71161333609,8402320.156603986],[113643.42322667218,8402320.156603986],[170465.13484000828,8402320.156603986],[227286.84645334436,8402320.156603986],[284108.5580666804,8402320.156603986],[340930.26968001656,8402320.156603986],[397751.98129335267,8402320.156603986],[454573.6929066887,8402320.156603986],[511395.4045200247,8402320.156603986],[568217.1161333608,8402320.156603986],[625038.827746697,8402320.156603986],[681860.5393600331,8402320.156603986],[738682.2509733692,8402320.156603986],[795503.9625867053,8402320.156603986],[852325.6742000412,8402320.156603986],[909147.3858133774,8402320.156603986],[965969.0974267136,8402320.156603986],[1022790.8090400494,8402320.156603986],[1079612.5206533857,8402320.156603986],[1136434.2322667215,8402320.156603986],[1193255.9438800577,8402320.156603986],[1250077.655493394,8402320.156603986],[1306899.3671067301,8402320.156603986],[1363721.0787200662,8402320.156603986],[1420542.7903334023,8402320.156603986],[1477364.5019467385,8402320.156603986],[1534186.2135600743,8402320.156603986],[1591007.9251734107,8402320.156603986],[1647829.6367867468,8402320.156603986],[1704651.3484000824,8402320.156603986],[1761473.0600134186,8402320.156603986],[1818294.771626755,8402320.156603986],[1875116.4832400908,8402320.156603986],[1931938.1948534271,8402320.156603986],[1988759.906466763,8402320.156603986],[2045581.6180800989,8402320.156603986],[2102403.329693435,8402320.156603986],[2159225.0413067713,8402320.156603986],[2216046.752920107,8402320.156603986],[2272868.464533443,8402320.156603986],[2329690.1761467797,8402320.156603986],[2386511.8877601153,8402320.156603986],[2443333.599373452,8402320.156603986],[2500155.310986788,8402320.156603986],[2556977.022600124,8402320.156603986],[2613798.7342134602,8402320.156603986],[2670620.4458267963,8402320.156603986],[2727442.1574401325,8402320.156603986],[2784263.869053468,8402320.156603986],[2841085.5806668047,8402320.156603986],[2897907.2922801403,8402320.156603986],[2954729.003893477,8402320.156603986],[3011550.7155068126,8402320.156603986],[3068372.4271201487,8402320.156603986],[3125194.138733485,8402320.156603986],[3182015.8503468214,8402320.156603986],[3238837.561960157,8402320.156603986],[3295659.2735734936,8402320.156603986],[3352480.9851868297,8402320.156603986],[3409302.696800165,8402320.156603986],[3466124.4084135015,8402320.156603986],[3522946.120026837,8402320.156603986],[3579767.831640173,8402320.156603986],[3636589.54325351,8402320.156603986],[3693411.254866846,8402320.156603986],[3750232.9664801816,8402320.156603986],[3807054.678093518,8402320.156603986],[3863876.3897068542,8402320.156603986],[3920698.1013201894,8402320.156603986],[3977519.812933526,8402320.156603986],[4034341.524546862,8402320.156603986],[4091163.2361601978,8402320.156603986],[4147984.9477735343,8402320.156603986],[4204806.65938687,8402320.156603986],[4261628.371000206,8402320.156603986],[4318450.082613543,8402320.156603986],[4375271.794226879,8402320.156603986],[4432093.505840214,8402320.156603986],[4488915.217453551,8402320.156603986],[4545736.929066886,8402320.156603986],[4602558.640680223,8402320.156603986],[4659380.352293559,8402320.156603986],[4716202.063906895,8402320.156603986],[4773023.775520231,8402320.156603986],[4829845.487133567,8402320.156603986],[4886667.198746904,8402320.156603986],[4943488.910360239,8402320.156603986],[5000310.621973576,8402320.156603986],[5057132.333586912,8402320.156603986],[5113954.045200248,8402320.156603986],[5170775.756813585,8402320.156603986],[5227597.4684269205,8402320.156603986],[5284419.180040256,8402320.156603986],[5341240.891653593,8402320.156603986],[5398062.603266929,8402320.156603986],[5454884.314880265,8402320.156603986],[5511706.026493601,8402320.156603986],[5568527.738106936,8402320.156603986],[5625349.449720273,8402320.156603986],[5682171.161333609,8402320.156603986],[5738992.872946945,8402320.156603986],[5795814.584560281,8402320.156603986],[5852636.296173617,8402320.156603986],[5909458.007786954,8402320.156603986],[5966279.7194002895,8402320.156603986],[6023101.431013625,8402320.156603986],[6079923.142626962,8402320.156603986],[6136744.854240297,8402320.156603986],[6193566.565853634,8402320.156603986],[6250388.27746697,8402320.156603986],[6307209.989080305,8402320.156603986],[6364031.700693643,8402320.156603986],[6420853.412306979,8402320.156603986],[6477675.123920314,8402320.156603986],[6534496.83553365,8402320.156603986],[6591318.547146987,8402320.156603986],[6648140.258760323,8402320.156603986],[6704961.970373659,8402320.156603986],[6761783.681986994,8402320.156603986],[6818605.39360033,8402320.156603986],[6875427.105213666,8402320.156603986],[6932248.816827003,8402320.156603986],[6989070.5284403395,8402320.156603986],[7045892.240053674,8402320.156603986],[7102713.951667012,8402320.156603986],[7159535.663280346,8402320.156603986],[7216357.374893683,8402320.156603986],[7273179.08650702,8402320.156603986],[7330000.798120355,8402320.156603986],[7386822.509733692,8402320.156603986],[7443644.2213470265,8402320.156603986],[7500465.932960363,8402320.156603986],[7557287.644573699,8402320.156603986],[7614109.356187036,8402320.156603986],[7670931.067800372,8402320.156603986],[7727752.7794137085,8402320.156603986],[7784574.491027044,8402320.156603986],[7841396.202640379,8402320.156603986],[7898217.914253715,8402320.156603986],[7955039.625867052,8402320.156603986],[8011861.337480389,8402320.156603986],[8068683.049093724,8402320.156603986],[8125504.760707061,8402320.156603986],[8182326.4723203955,8402320.156603986],[8239148.183933732,8402320.156603986],[8295969.895547069,8402320.156603986],[8352791.607160404,8402320.156603986],[8409613.31877374,8402320.156603986],[8466435.030387076,8402320.156603986],[8523256.742000412,8402320.156603986],[8580078.453613749,8402320.156603986],[8636900.165227085,8402320.156603986],[8693721.876840422,8402320.156603986],[8750543.588453759,8402320.156603986],[8807365.300067093,8402320.156603986],[8864187.011680428,8402320.156603986],[8921008.723293765,8402320.156603986],[8977830.434907101,8402320.156603986],[9034652.146520438,8402320.156603986],[9091473.858133772,8402320.156603986],[9148295.569747109,8402320.156603986],[9205117.281360446,8402320.156603986],[9261938.992973782,8402320.156603986],[9318760.704587119,8402320.156603986],[9375582.416200453,8402320.156603986],[9432404.12781379,8402320.156603986],[9489225.839427125,8402320.156603986],[9546047.551040461,8402320.156603986],[9602869.262653798,8402320.156603986],[9659690.974267134,8402320.156603986],[9716512.685880471,8402320.156603986],[9773334.397493808,8402320.156603986],[9830156.109107144,8402320.156603986],[9886977.820720479,8402320.156603986],[9943799.532333815,8402320.156603986],[10000621.243947152,8402320.156603986],[10057442.955560489,8402320.156603986],[10114264.667173823,8402320.156603986],[10171086.37878716,8402320.156603986],[10227908.090400496,8402320.156603986]]},"properties":{"type":"parallel","value":90}}
]}