{"type":"FeatureCollection", "features": [
{"type":"Feature","geometry":{"type":"LineString","coordinates":[[-6378137,-10018754.171394622],[-6552988.36979441,-9962331.47360437],[-6727786.4781677555,-9904383.10342958],[-6902478.079922922,-9844909.758007528],[-7077009.962305734,-9783912.598997727],[-7251328.961214096,-9721393.252228066],[-7425381.977392272,-9657353.807199577],[-7599115.992605446,-9591796.81644994],[-7772478.085789581,-9524725.294775968],[-7945415.4491717,-9456142.718315264],[-8117875.404355633,-9386053.023487354],[-8289805.418368376,-9314460.605794623],[-8461153.119662136,-9241370.318483397],[-8631866.314067215,-9166787.471065594],[-8801893.000690864,-9090717.827701403],[-8971181.387757253,-9013167.605443459],[-9139679.908383744,-8934143.472343072],[-9307337.236288676,-8853652.545419075],[-9474102.301425833,-8771702.388489902],[-9639924.305540888,-8688301.009869589],[-9804752.73764503,-8603456.859928356],[-9968537.389401115,-8517178.828518543],[-10131228.370417597,-8429476.242266675],[-10292776.123445638,-8340358.86173248],[-10453131.439474717,-8249836.878435736],[-10612245.472722176,-8157920.911751824],[-10770069.755512113,-8064622.005676969],[-10926556.213039113,-7969951.625464133],[-11081657.178012295,-7873921.654130587],[-11235325.405175233,-7776544.388838224],[-11387514.085697312,-7677832.537147734],[-11538176.861432161,-7577799.213147748],[-11687267.83903879,-7476457.933460164],[-11834741.603961144,-7373822.613122854],[-11980553.234261815,-7269907.561351009],[-12124658.314305704,-7164727.477178408],[-12267012.948289454,-7058297.444979957],[-12407573.773612535,-6950632.929876843],[-12546297.974085907,-6841749.773025695],[-12683143.292974254,-6731664.186793231],[-12818068.045867795,-6620392.749817804],[-12951031.13337975,-6507952.401959393],[-13081992.053665623,-6394360.4391395515],[-13210910.914760448,-6279634.50807291],[-13337748.44673027,-6163792.60089181],[-13462466.013634147,-6046853.049665729],[-13585025.625293037,-5928834.520817153],[-13705389.948861962,-5809756.009435605],[-13823522.32020197,-5689636.833491556],[-13939386.75504838,-5568496.627951983],[-14052947.959971929,-5446355.338799369],[-14164171.343129512,-5323233.216955961],[-14273023.024801163,-5199150.8121151505],[-14379469.847710187,-5074128.966481828],[-14483479.387123141,-4948188.808423651],[-14585019.960726768,-4821351.746035139],[-14684060.638278693,-4693639.460616559],[-14780571.251029113,-4565073.900069586],[-14874522.400910458,-4435677.272211772],[-14965885.469492353,-4305472.03801182],[-15054632.626699056,-4174480.9047477585],[-15140736.839286763,-4042726.819090083],[-15224171.879078215,-3910232.960111978],[-15304912.330952033,-3777022.73222875],[-15382933.600584429,-3643119.758068613],[-15458211.921940863,-3508547.871277008],[-15530724.364515414,-3373331.109256642],[-15600448.84031563,-3237493.7058454654],[-15667364.110590745,-3101060.0839348077],[-15731449.792301208,-2964054.8480299297],[-15792686.364327563,-2826502.7767552505],[-15851055.173416756,-2688428.8153065424],[-15906538.439864105,-2549858.0678523784],[-15959119.262929177,-2410815.7898871633],[-16008781.625983901,-2271327.380538061],[-16055510.4013914,-2131418.374828178],[-16099291.355114013,-1991114.4358983478],[-16140111.151049122,-1850441.347189886],[-16177957.355091456,-1709425.0045907092],[-16212818.438920638,-1568091.408547192],[-16244683.783512823,-1426466.6561441843],[-16273543.682375368,-1284576.9331555807],[-16299389.344503505,-1142448.5060678844],[-16322212.897058172,-1000107.7140791799],[-16342007.38776417,-857580.9610759569],[-16358766.78702788,-714894.7075902323],[-16372485.989773927,-572075.4627394145],[-16383160.817000257,-429149.7761513703],[-16390788.017051086,-286144.2298771508],[-16395365.266607393,-143085.43029384103],[-16396891.171394622,0],[-16395365.266607393,143085.43029384103],[-16390788.017051086,286144.2298771508],[-16383160.817000257,429149.7761513703],[-16372485.989773927,572075.4627394145],[-16358766.78702788,714894.7075902323],[-16342007.38776417,857580.9610759569],[-16322212.897058172,1000107.7140791799],[-16299389.344503505,1142448.5060678844],[-16273543.682375368,1284576.9331555807],[-16244683.783512823,1426466.6561441843],[-16212818.438920638,1568091.408547192],[-16177957.355091456,1709425.0045907092],[-16140111.151049122,1850441.347189886],[-16099291.355114013,1991114.4358983478],[-16055510.4013914,2131418.374828178],[-16008781.625983901,2271327.380538061],[-15959119.262929177,2410815.7898871633],[-15906538.439864105,2549858.0678523784],[-15851055.173416756,2688428.8153065424],[-15792686.364327563,2826502.7767552505],[-15731449.792301208,2964054.8480299297],[-15667364.110590745,3101060.0839348077],[-15600448.84031563,3237493.7058454654],[-15530724.364515414,3373331.109256642],[-15458211.921940863,3508547.871277008],[-15382933.600584429,3643119.758068613],[-15304912.330952033,3777022.73222875],[-15224171.879078215,3910232.960111978],[-15140736.839286763,4042726.819090083],[-15054632.626699056,4174480.9047477585],[-14965885.469492353,4305472.03801182],[-14874522.400910458,4435677.272211772],[-14780571.251029113,4565073.900069586],[-14684060.638278693,4693639.460616559],[-14585019.960726768,4821351.746035139],[-14483479.387123141,4948188.808423651],[-14379469.847710187,5074128.966481828],[-14273023.024801163,5199150.8121151505],[-14164171.343129512,5323233.216955961],[-14052947.959971929,5446355.338799369],[-13939386.75504838,5568496.627951983],[-13823522.32020197,5689636.833491556],[-13705389.948861962,5809756.009435605],[-13585025.625293037,5928834.520817153],[-13462466.013634147,6046853.049665729],[-13337748.44673027,6163792.60089181],[-13210910.914760448,6279634.50807291],[-13081992.053665623,6394360.4391395515],[-12951031.13337975,6507952.401959393],[-12818068.045867795,6620392.749817804],[-12683143.292974254,6731664.186793231],[-12546297.974085907,6841749.773025695],[-12407573.773612535,6950632.929876843],[-12267012.948289454,7058297.444979957],[-12124658.314305704,7164727.477178408],[-11980553.234261815,7269907.561351009],[-11834741.603961144,7373822.613122854],[-11687267.83903879,7476457.933460164],[-11538176.861432161,7577799.213147748],[-11387514.085697312,7677832.537147734],[-11235325.405175233,7776544.388838224],[-11081657.178012295,7873921.654130587],[-10926556.213039113,7969951.625464133],[-10770069.755512113,8064622.005676969],[-10612245.472722176,8157920.911751824],[-10453131.439474717,8249836.878435736],[-10292776.123445638,8340358.86173248],[-10131228.370417597,8429476.242266675],[-9968537.389401115,8517178.828518543],[-9804752.73764503,8603456.859928356],[-9639924.305540888,8688301.009869589],[-9474102.301425833,8771702.388489902],[-9307337.236288676,8853652.545419075],[-9139679.908383744,8934143.472343072],[-8971181.387757253,9013167.605443459],[-8801893.000690864,9090717.827701403],[-8631866.314067215,9166787.471065594],[-8461153.119662136,9241370.318483397],[-8289805.418368376,9314460.605794623],[-8117875.404355633,9386053.023487354],[-7945415.4491717,9456142.718315264],[-7772478.085789581,9524725.294775968],[-7599115.992605446,9591796.81644994],[-7425381.977392272,9657353.807199577],[-7251328.961214096,9721393.252228066],[-7077009.962305734,9783912.598997727],[-6902478.079922922,9844909.758007528],[-6727786.4781677555,9904383.10342958],[-6552988.36979441,9962331.47360437],[-6378137,10018754.171394622]]},"properties":{"type":"meridian","value":-180}},
{"type":"Feature","geometry":{"type":"LineString","coordinates":[[-5846625.583333334,-10018754.171394622],[-6019730.121195944,-9955080.864701513],[-6192282.038296142,-9889916.53674873],[-6364232.121415318,-9823270.456945486],[-6535531.764001798,-9755152.26194628],[-6706132.972743788,-9685571.945961274],[-6875988.373568601,-9614539.85115566],[-7045051.217084701,-9542066.658145068],[-7213275.3834831435,-9468163.376593715],[-7380615.386915163,-9392841.335921517],[-7547026.379362735,-9316112.176126014],[-7712464.15401892,-9237987.838724498],[-7876885.148194878,-9158480.557821415],[-8040246.44577038,-9077602.851305654],[-8202505.779204617,-8995367.51218199],[-8363621.531123976,-8911787.600040596],[-8523552.735503474,-8826876.432668144],[-8682259.078458302,-8740647.57780372],[-8839700.898661813,-8653114.845042374],[-8995839.187406216,-8564292.277888896],[-9150635.588321904,-8474194.145964],[-9304052.39677132,-8382834.937364878],[-9456052.558932869,-8290229.351181712],[-9606599.670590334,-8196392.290171554],[-9755657.975642862,-8101338.85359062],[-9903192.364350468,-8005084.330185851],[-10049168.371329607,-7907644.191346302],[-10193552.17331322,-7809034.084414727],[-10336310.58668928,-7709269.8261594735],[-10477411.064831652,-7608367.396406586],[-10616821.695236713,-7506342.93183183],[-10754511.196478957,-7403212.719912136],[-10890448.914998453,-7298993.193035785],[-11024604.821732713,-7193700.922770509],[-11156949.508605272,-7087352.614288422],[-11287454.184882918,-6979965.100946684],[-11416090.67341321,-6871555.339022508],[-11542831.406753622,-6762140.402601086],[-11667649.423203321,-6651737.478614827],[-11790518.36274831,-6540363.862032172],[-11911412.462930277,-6428036.951194186],[-12030306.554649295,-6314774.243296937],[-12147176.057910107,-6200593.330017683],[-12261996.977521494,-6085511.893282659],[-12374745.898757873,-5969547.701174308],[-12485399.982992033,-5852718.603975596],[-12593936.963307545,-5735042.530349078],[-12700335.1400992,-5616537.483648235],[-12804573.376669409,-5497221.538358594],[-12906631.094828332,-5377112.836666051],[-13006488.270505192,-5256229.585149778],[-13104125.429377917,-5134590.051597066],[-13199523.642528059,-5012212.561937357],[-13292664.522127587,-4889115.497292747],[-13383530.217164036,-4765317.291142163],[-13472103.409210082,-4640836.4265964],[-13558367.308243452,-4515691.433781171],[-13642305.648522897,-4389900.887325299],[-13723902.684525572,-4263483.403951195],[-13803143.186951095,-4136457.6401646687],[-13880012.438797222,-4008842.290041177],[-13954496.231511932,-3880656.0831055813],[-14026580.861226449,-3751917.782302459],[-14096253.12507358,-3622646.182054011],[-14163500.317595486,-3492860.1064026305],[-14228310.227244873,-3362578.407235134],[-14290671.132983332,-3231819.962585723],[-14350571.800980441,-3100603.6750146965],[-14408001.481416998,-2968948.4700599285],[-14462949.905395655,-2836873.2947581825],[-14515407.281961955,-2704397.1162332594],[-14565364.295238703,-2571538.9203480454],[-14612812.101676378,-2438317.7104174877],[-14657742.327422198,-2304752.505979557],[-14700147.065810202,-2170862.3416212276],[-14740018.874974638,-2036666.2658565647],[-14777350.775588859,-1902183.3400539476],[-14812136.24873157,-1767432.6374095196],[-14844369.23388244,-1632433.241963939],[-14874044.127048632,-1497204.2476594944],[-14901155.779023964,-1361764.7574346922],[-14925699.493782097,-1226133.8823533957],[-14947671.027005041,-1090330.740765616],[-14967066.584748287,-954374.4574970643],[-14983882.822243556,-818284.1630645664],[-14998116.842840137,-682078.9929144583],[-15009766.19708572,-545778.0866810766],[-15018828.881947404,-409400.58746246964],[-15025303.340173483,-272965.6411104504],[-15029188.459796574,-136492.39553212127],[-15030483.573778402,0],[-15029188.459796574,136492.39553212127],[-15025303.340173483,272965.6411104504],[-15018828.881947404,409400.58746246964],[-15009766.19708572,545778.0866810766],[-14998116.842840137,682078.9929144583],[-14983882.822243556,818284.1630645664],[-14967066.584748287,954374.4574970643],[-14947671.027005041,1090330.740765616],[-14925699.493782097,1226133.8823533957],[-14901155.779023964,1361764.7574346922],[-14874044.127048632,1497204.2476594944],[-14844369.23388244,1632433.241963939],[-14812136.24873157,1767432.6374095196],[-14777350.775588859,1902183.3400539476],[-14740018.874974638,2036666.2658565647],[-14700147.065810202,2170862.3416212276],[-14657742.327422198,2304752.505979557],[-14612812.101676378,2438317.7104174877],[-14565364.295238703,2571538.9203480454],[-14515407.281961955,2704397.1162332594],[-14462949.905395655,2836873.2947581825],[-14408001.481416998,2968948.4700599285],[-14350571.800980441,3100603.6750146965],[-14290671.132983332,3231819.962585723],[-14228310.227244873,3362578.407235134],[-14163500.317595486,3492860.1064026305],[-14096253.12507358,3622646.182054011],[-14026580.861226449,3751917.782302459],[-13954496.231511932,3880656.0831055813],[-13880012.438797222,4008842.290041177],[-13803143.186951095,4136457.6401646687],[-13723902.684525572,4263483.403951195],[-13642305.648522897,4389900.887325299],[-13558367.308243452,4515691.433781171],[-13472103.409210082,4640836.4265964],[-13383530.217164036,4765317.291142163],[-13292664.522127587,4889115.497292747],[-13199523.642528059,5012212.561937357],[-13104125.429377917,5134590.051597066],[-13006488.270505192,5256229.585149778],[-12906631.094828332,5377112.836666051],[-12804573.376669409,5497221.538358594],[-12700335.1400992,5616537.483648235],[-12593936.963307545,5735042.530349078],[-12485399.982992033,5852718.603975596],[-12374745.898757873,5969547.701174308],[-12261996.977521494,6085511.893282659],[-12147176.057910107,6200593.330017683],[-12030306.554649295,6314774.243296937],[-11911412.462930277,6428036.951194186],[-11790518.36274831,6540363.862032172],[-11667649.423203321,6651737.478614827],[-11542831.406753622,6762140.402601086],[-11416090.67341321,6871555.339022508],[-11287454.184882918,6979965.100946684],[-11156949.508605272,7087352.614288422],[-11024604.821732713,7193700.922770509],[-10890448.914998453,7298993.193035785],[-10754511.196478957,7403212.719912136],[-10616821.695236713,7506342.93183183],[-10477411.064831652,7608367.396406586],[-10336310.58668928,7709269.8261594735],[-10193552.17331322,7809034.084414727],[-10049168.371329607,7907644.191346302],[-9903192.364350468,8005084.330185851],[-9755657.975642862,8101338.85359062],[-9606599.670590334,8196392.290171554],[-9456052.558932869,8290229.351181712],[-9304052.39677132,8382834.937364878],[-9150635.588321904,8474194.145964],[-8995839.187406216,8564292.277888896],[-8839700.898661813,8653114.845042374],[-8682259.078458302,8740647.57780372],[-8523552.735503474,8826876.432668144],[-8363621.531123976,8911787.600040596],[-8202505.779204617,8995367.51218199],[-8040246.44577038,9077602.851305654],[-7876885.148194878,9158480.557821415],[-7712464.15401892,9237987.838724498],[-7547026.379362735,9316112.176126014],[-7380615.386915163,9392841.335921517],[-7213275.3834831435,9468163.376593715],[-7045051.217084701,9542066.658145068],[-6875988.373568601,9614539.85115566],[-6706132.972743788,9685571.945961274],[-6535531.764001798,9755152.26194628],[-6364232.121415318,9823270.456945486],[-6192282.038296142,9889916.53674873],[-6019730.121195944,9955080.864701513],[-5846625.583333334,10018754.171394622]]},"properties":{"type":"meridian","value":-165}},
{"type":"Feature","geometry":{"type":"LineString","coordinates":[[-5315114.166666668,-10018754.171394622],[-5483523.663344529,-9947979.498088162],[-5650921.198054918,-9875797.574153807],[-5817267.181308778,-9802225.017268326],[-5982523.022277457,-9727278.589259593],[-6146651.114913623,-9650975.182808824],[-6309614.823662301,-9573331.808667026],[-6471378.468806332,-9494365.583378693],[-6631907.311488587,-9414093.717505164],[-6791167.538451392,-9332533.504339593],[-6949126.24653174,-9249702.309104946],[-7105751.426949039,-9165617.558626018],[-7261011.949420312,-9080296.731466135],[-7414877.546136018,-8993757.348518819],[-7567318.795627895,-8906016.964044493],[-7718307.10655856,-8817093.157142026],[-7867814.701460967,-8727003.523644743],[-8015814.600454176,-8635765.668430408],[-8162280.604960381,-8543397.198134515],[-8307187.281446626,-8449915.714256242],[-8450509.945213163,-8355338.806646262],[-8592224.644249044,-8259684.0473657185],[-8732308.143174157,-8162968.984905561],[-8870737.907285634,-8065211.138755582],[-9007492.086725289,-7966427.994312491],[-9142549.50078355,-7866636.998116459],[-9275889.622354286,-7765855.553405683],[-9407492.562553639,-7664101.015978617],[-9537339.055515142,-7561390.690353687],[-9665410.443372278,-7457741.82621639],[-9791688.661438689,-7353171.615143897],[-9916156.223595407,-7247697.187597437],[-10038796.207893558,-7141335.610172909],[-10159592.242380178,-7034103.883100341],[-10278528.491154075,-6926018.937983058],[-10395589.64065787,-6817097.6357676005],[-10510760.886211695,-6707356.764935597],[-10624027.918793365,-6596813.039909093],[-10735376.9120693,-6485483.099661001],[-10844794.509679757,-6373383.506522516],[-10952267.812781567,-6260530.745179649],[-11057784.367850954,-6146941.221851198],[-11161332.154748572,-6032631.26364065],[-11262899.57504852,-5917617.118054843],[-11362475.440632574,-5801914.952682313],[-11460048.96255064,-5685540.85502454],[-11555609.740147935,-5568510.832473518],[-11649147.750459248,-5450840.812429218],[-11740653.337870179,-5332546.642550833],[-11830117.204045085,-5213644.091135787],[-11917530.398121195,-5094148.847620785],[-12002884.307168126,-4974076.523199302],[-12086170.646911807,-4853442.651550163],[-12167381.452721646,-4732262.6896720175],[-12246509.070859723,-4610552.018818746],[-12323546.149990367,-4488325.945530938],[-12398485.632948725,-4365599.702758844],[-12471320.748766458,-4242388.451072317],[-12542045.004952887,-4118707.279953473],[-12610652.180029621,-3994571.209167907],[-12677136.316316795,-3869995.1902105142],[-12741491.712968873,-3744994.1078220857],[-12803712.919257974,-3619582.7815730027],[-12863794.728102708,-3493775.9675105205],[-12921732.169840334,-3367588.3598662047],[-12977520.506240247,-3241034.5928203226],[-13031155.224756612,-3114129.2423199927],[-13082632.033018108,-2986886.8279481414],[-13131946.853552701,-2859321.8148403345],[-13179095.818745377,-2731448.6156467316],[-13224075.266026849,-2603281.592536473],[-13266881.73329131,-2474835.059241956],[-13307511.954541199,-2346123.283140504],[-13345962.855757255,-2217160.4873710778],[-13382231.550991902,-2087960.8529837239],[-13416315.33868437,-1958538.5211195666],[-13448211.698195767,-1828907.5952192163],[-13477918.286562525,-1699082.143257537],[-13505432.935466751,-1569076.2000028084],[-13530753.648421962,-1438903.769298347],[-13553878.598172916,-1308578.8263647503],[-13574806.124308227,-1178115.320120947],[-13593534.731084581,-1047527.1755223217],[-13610063.085461553,-916828.2959142037],[-13624390.015345892,-786032.5653990628],[-13636514.508044554,-655153.8512158003],[-13646435.708925532,-524206.00612954027],[-13654152.920285948,-393202.8708303709],[-13659665.6004267,-262158.2763395054],[-13662973.362933248,-131086.04642135167],[-13664075.976162184,0],[-13662973.362933248,131086.04642135167],[-13659665.6004267,262158.2763395054],[-13654152.920285948,393202.8708303709],[-13646435.708925532,524206.00612954027],[-13636514.508044554,655153.8512158003],[-13624390.015345892,786032.5653990628],[-13610063.085461553,916828.2959142037],[-13593534.731084581,1047527.1755223217],[-13574806.124308227,1178115.320120947],[-13553878.598172916,1308578.8263647503],[-13530753.648421962,1438903.769298347],[-13505432.935466751,1569076.2000028084],[-13477918.286562525,1699082.143257537],[-13448211.698195767,1828907.5952192163],[-13416315.33868437,1958538.5211195666],[-13382231.550991902,2087960.8529837239],[-13345962.855757255,2217160.4873710778],[-13307511.954541199,2346123.283140504],[-13266881.73329131,2474835.059241956],[-13224075.266026849,2603281.592536473],[-13179095.818745377,2731448.6156467316],[-13131946.853552701,2859321.8148403345],[-13082632.033018108,2986886.8279481414],[-13031155.224756612,3114129.2423199927],[-12977520.506240247,3241034.5928203226],[-12921732.169840334,3367588.3598662047],[-12863794.728102708,3493775.9675105205],[-12803712.919257974,3619582.7815730027],[-12741491.712968873,3744994.1078220857],[-12677136.316316795,3869995.1902105142],[-12610652.180029621,3994571.209167907],[-12542045.004952887,4118707.279953473],[-12471320.748766458,4242388.451072317],[-12398485.632948725,4365599.702758844],[-12323546.149990367,4488325.945530938],[-12246509.070859723,4610552.018818746],[-12167381.452721646,4732262.6896720175],[-12086170.646911807,4853442.651550163],[-12002884.307168126,4974076.523199302],[-11917530.398121195,5094148.847620785],[-11830117.204045085,5213644.091135787],[-11740653.337870179,5332546.642550833],[-11649147.750459248,5450840.812429218],[-11555609.740147935,5568510.832473518],[-11460048.96255064,5685540.85502454],[-11362475.440632574,5801914.952682313],[-11262899.57504852,5917617.118054843],[-11161332.154748572,6032631.26364065],[-11057784.367850954,6146941.221851198],[-10952267.812781567,6260530.745179649],[-10844794.509679757,6373383.506522516],[-10735376.9120693,6485483.099661001],[-10624027.918793365,6596813.039909093],[-10510760.886211695,6707356.764935597],[-10395589.64065787,6817097.6357676005],[-10278528.491154075,6926018.937983058],[-10159592.242380178,7034103.883100341],[-10038796.207893558,7141335.610172909],[-9916156.223595407,7247697.187597437],[-9791688.661438689,7353171.615143897],[-9665410.443372278,7457741.82621639],[-9537339.055515142,7561390.690353687],[-9407492.562553639,7664101.015978617],[-9275889.622354286,7765855.553405683],[-9142549.50078355,7866636.998116459],[-9007492.086725289,7966427.994312491],[-8870737.907285634,8065211.138755582],[-8732308.143174157,8162968.984905561],[-8592224.644249044,8259684.0473657185],[-8450509.945213163,8355338.806646262],[-8307187.281446626,8449915.714256242],[-8162280.604960381,8543397.198134515],[-8015814.600454176,8635765.668430408],[-7867814.701460967,8727003.523644743],[-7718307.10655856,8817093.157142026],[-7567318.795627895,8906016.964044493],[-7414877.546136018,8993757.348518819],[-7261011.949420312,9080296.731466135],[-7105751.426949039,9165617.558626018],[-6949126.24653174,9249702.309104946],[-6791167.538451392,9332533.504339593],[-6631907.311488587,9414093.717505164],[-6471378.468806332,9494365.583378693],[-6309614.823662301,9573331.808667026],[-6146651.114913623,9650975.182808824],[-5982523.022277457,9727278.589259593],[-5817267.181308778,9802225.017268326],[-5650921.198054918,9875797.574153807],[-5483523.663344529,9947979.498088162],[-5315114.166666668,10018754.171394622]]},"properties":{"type":"meridian","value":-150}},
{"type":"Feature","geometry":{"type":"LineString","coordinates":[[-4783602.750000001,-10018754.171394622],[-4944461.088134952,-9941146.813215472],[-5103918.685251699,-9862259.057127431],[-5261949.681114252,-9782112.85322452],[-5418529.327348661,-9700730.004926397],[-5573633.952237249,-9618132.159895113],[-5727240.926052142,-9534340.801729675],[-5879328.626958809,-9449377.242402906],[-6029876.407516426,-9363262.615405837],[-6178864.56179824,-9276017.869565802],[-6326274.293151662,-9187663.763505302],[-6472087.682614754,-9098220.860709703],[-6616287.658002711,-9007709.525172707],[-6758857.963675271,-8916149.917589737],[-6899783.130993497,-8823561.992070079],[-7039048.449471911,-8729965.493339978],[-7176639.938630008,-8635379.9544096],[-7312544.320545004,-8539824.694677973],[-7446748.993106045,-8443318.818450963],[-7579242.003968352,-8345881.21384829],[-7710012.025204305,-8247530.55207666],[-7839048.328647156,-8148285.287046986],[-7966340.761921787,-8048163.655314649],[-8091879.725155858,-7947183.6763226595],[-8215656.148363693,-7845363.152928514],[-8337661.469494409,-7742719.672196431],[-8457887.613134976,-7639270.606437443],[-8576326.969858259,-7535033.114480782],[-8692972.376205478,-7430024.143160693],[-8807817.095292034,-7324260.429003686],[-8920854.79802518,-7217758.500101914],[-9032079.544921732,-7110534.678159232],[-9141485.768513618,-7002605.080697028],[-9249068.256328905,-6893985.623407778],[-9354822.134435711,-6784692.022644833],[-9458742.851536343,-6674739.798037579],[-9560826.16359881,-6564144.275221809],[-9661068.11901295,-6452920.588675616],[-9759465.044258261,-6341083.684651791],[-9856013.530070718,-6228648.324198132],[-9950710.418095753,-6115629.086257713],[-10043552.788014786,-6002040.3708415255],[-10134537.945132803,-5887896.402266497],[-10223663.408414515,-5773211.23245223],[-10310926.898956914,-5657998.744270316],[-10396326.32888619,-5542272.654940467],[-10479859.790667096,-5426046.519468052],[-10561525.546813166,-5309333.734118066],[-10641322.019986333,-5192147.539920856],[-10719247.783474766,-5074501.02620531],[-10795301.552037995,-4956407.134155479],[-10869482.173108626,-4837878.6603869675],[-10941788.61834017,-4718928.260539658],[-11012219.975490896,-4599568.452883642],[-11080775.440633748,-4479811.621935494],[-11147454.310682703,-4359670.022082226],[-11212255.976226255,-4239155.781210533],[-11275179.914658913,-4118280.904339157],[-11336225.683601929,-3997057.2772523765],[-11395392.914604763,-3875496.6701328442],[-11452681.307119016,-3753610.741192177],[-11508090.622736888,-3631411.0402978854],[-11561620.67968653,-3508909.012595364],[-11613271.34757678,-3386116.002123863],[-11663042.542384302,-3263043.2554254658],[-11710934.221676158,-3139701.9251462617],[-11756946.380061314,-3016103.073629022],[-11801079.044864735,-2892257.676496807],[-11843332.272018062,-2768176.6262270533],[-11883706.142161036,-2643870.7357157855],[-11922200.756948268,-2519350.74183171],[-11958816.235555975,-2394627.30896003],[-11993552.7113838,-2269711.03253592],[-12026410.328946885,-2144612.4425676675],[-12057389.240953801,-2019342.0071495716],[-12086489.605566015,-1893910.1359647682],[-12113711.583834935,-1768327.1837781947],[-12139055.337312816,-1642603.4539199872],[-12162521.025833942,-1516749.2017596578],[-12184108.80546291,-1390774.6381714374],[-12203818.82660689,-1264689.932991235],[-12221651.232289135,-1138505.2184656921],[-12237606.156581134,-1012230.5926938612],[-12251683.72319109,-885876.12306207],[-12263884.044206595,-759451.8496725599],[-12274207.218989642,-632967.7887665238],[-12282653.333222307,-506433.93614219],[-12289222.458101671,-379860.27056861663],[-12293914.649682745,-253256.75719588605],[-12296729.948368473,-126633.35096240195],[-12297668.378545966,0],[-12296729.948368473,126633.35096240195],[-12293914.649682745,253256.75719588605],[-12289222.458101671,379860.27056861663],[-12282653.333222307,506433.93614219],[-12274207.218989642,632967.7887665238],[-12263884.044206595,759451.8496725599],[-12251683.72319109,885876.12306207],[-12237606.156581134,1012230.5926938612],[-12221651.232289135,1138505.2184656921],[-12203818.82660689,1264689.932991235],[-12184108.80546291,1390774.6381714374],[-12162521.025833942,1516749.2017596578],[-12139055.337312816,1642603.4539199872],[-12113711.583834935,1768327.1837781947],[-12086489.605566015,1893910.1359647682],[-12057389.240953801,2019342.0071495716],[-12026410.328946885,2144612.4425676675],[-11993552.7113838,2269711.03253592],[-11958816.235555975,2394627.30896003],[-11922200.756948268,2519350.74183171],[-11883706.142161036,2643870.7357157855],[-11843332.272018062,2768176.6262270533],[-11801079.044864735,2892257.676496807],[-11756946.380061314,3016103.073629022],[-11710934.221676158,3139701.9251462617],[-11663042.542384302,3263043.2554254658],[-11613271.34757678,3386116.002123863],[-11561620.67968653,3508909.012595364],[-11508090.622736888,3631411.0402978854],[-11452681.307119016,3753610.741192177],[-11395392.914604763,3875496.6701328442],[-11336225.683601929,3997057.2772523765],[-11275179.914658913,4118280.904339157],[-11212255.976226255,4239155.781210533],[-11147454.310682703,4359670.022082226],[-11080775.440633748,4479811.621935494],[-11012219.975490896,4599568.452883642],[-10941788.61834017,4718928.260539658],[-10869482.173108626,4837878.6603869675],[-10795301.552037995,4956407.134155479],[-10719247.783474766,5074501.02620531],[-10641322.019986333,5192147.539920856],[-10561525.546813166,5309333.734118066],[-10479859.790667096,5426046.519468052],[-10396326.32888619,5542272.654940467],[-10310926.898956914,5657998.744270316],[-10223663.408414515,5773211.23245223],[-10134537.945132803,5887896.402266497],[-10043552.788014786,6002040.3708415255],[-9950710.418095753,6115629.086257713],[-9856013.530070718,6228648.324198132],[-9759465.044258261,6341083.684651791],[-9661068.11901295,6452920.588675616],[-9560826.16359881,6564144.275221809],[-9458742.851536343,6674739.798037579],[-9354822.134435711,6784692.022644833],[-9249068.256328905,6893985.623407778],[-9141485.768513618,7002605.080697028],[-9032079.544921732,7110534.678159232],[-8920854.79802518,7217758.500101914],[-8807817.095292034,7324260.429003686],[-8692972.376205478,7430024.143160693],[-8576326.969858259,7535033.114480782],[-8457887.613134976,7639270.606437443],[-8337661.469494409,7742719.672196431],[-8215656.148363693,7845363.152928514],[-8091879.725155858,7947183.6763226595],[-7966340.761921787,8048163.655314649],[-7839048.328647156,8148285.287046986],[-7710012.025204305,8247530.55207666],[-7579242.003968352,8345881.21384829],[-7446748.993106045,8443318.818450963],[-7312544.320545004,8539824.694677973],[-7176639.938630008,8635379.9544096],[-7039048.449471911,8729965.493339978],[-6899783.130993497,8823561.992070079],[-6758857.963675271,8916149.917589737],[-6616287.658002711,9007709.525172707],[-6472087.682614754,9098220.860709703],[-6326274.293151662,9187663.763505302],[-6178864.56179824,9276017.869565802],[-6029876.407516426,9363262.615405837],[-5879328.626958809,9449377.242402906],[-5727240.926052142,9534340.801729675],[-5573633.952237249,9618132.159895113],[-5418529.327348661,9700730.004926397],[-5261949.681114252,9782112.85322452],[-5103918.685251699,9862259.057127431],[-4944461.088134952,9941146.813215472],[-4783602.750000001,10018754.171394622]]},"properties":{"type":"meridian","value":-135}},
{"type":"Feature","geometry":{"type":"LineString","coordinates":[[-4252091.333333334,-10018754.171394622],[-4402681.573028056,-9934696.545054406],[-4551578.272073556,-9849519.639327334],[-4698771.372422255,-9763248.233508926],[-4844251.741498213,-9675906.672722472],[-4988011.124960606,-9587518.869684797],[-5130042.1012408845,-9498108.307080908],[-5270338.037815408,-9407698.040493717],[-5408893.049173234,-9316310.701838417],[-5545701.956437263,-9223968.503254192],[-5680760.24859566,-9130693.241408922],[-5814064.045299496,-9036506.302175345],[-5945610.061181918,-8941428.665640006],[-6075395.571653698,-8845480.911408724],[-6203418.380129787,-8748683.224174978],[-6329676.786641506,-8651055.399519779],[-6454169.5577891385,-8552616.849913929],[-6576895.897990004,-8453386.610895636],[-6697855.421977512,-8353383.347398433],[-6817048.128507263,-8252625.360206212],[-6934474.375226934,-8151130.5925140055],[-7050134.854667376,-8048916.636574784],[-7164030.5713132415,-7946000.740414075],[-7276162.819712251,-7842399.814595737],[-7386533.163583208,-7738130.439023617],[-7495143.415883817,-7633208.8697650265],[-7601995.619800324,-7527651.045883308],[-7707092.030622116,-7421472.596267794],[-7810435.098465359,-7314688.846450661],[-7912027.451810894,-7207314.825400999],[-8011871.88182262,-7099365.272287494],[-8109971.327413728,-6990854.643201959],[-8206328.8610291155,-6881797.117836687],[-8300947.67511345,-6772206.60610941],[-8393831.069235405,-6662096.754730382],[-8484982.437839527,-6551480.953706641],[-8574405.258598346,-6440372.342779209],[-8662103.08133825,-6328783.817789534],[-8748079.51751364,-6216728.036971938],[-8832338.230204934,-6104217.427169357],[-8914882.92461678,-5991264.189970133],[-8995717.339053892,-5877880.3077639425],[-9074845.236352755,-5764077.549715404],[-9152270.39574834,-5649867.477654213],[-9227996.605155801,-5535261.4518809775],[-9302027.653847946,-5420270.636888235],[-9374367.325510113,-5304906.006996391],[-9445019.391654812,-5189178.351904553],[-9513987.605379293,-5073098.282156511],[-9581275.695449812,-4956676.234522247],[-9646887.360697268,-4839922.477295624],[-9710826.264709355,-4722847.115509017],[-9773096.030805144,-4605460.096065832],[-9833700.237278648,-4487771.212792006],[-9892642.412898434,-4369790.11140771],[-9949926.032651084,-4251526.294420558],[-10005554.513716694,-4132989.125941793],[-10059531.21166534,-4014187.836426963],[-10111859.416863773,-3895131.5273427237],[-10162542.351082293,-3775829.175761435],[-10211583.164292078,-3656289.638885352],[-10258984.931643829,-3536521.658502202],[-10304750.650619002,-3416533.8653740594],[-10348883.238345312,-3296334.7835614206],[-10391385.529068647,-3175932.8346844683],[-10432260.271773947,-3055336.3421235178],[-10471510.1279479,-2934553.5351607],[-10509137.669476824,-2813592.5530649433],[-10545145.37667332,-2692461.449122347],[-10579535.636425769,-2571168.1946140616],[-10612310.740464935,-2449720.6827438073],[-10643472.883742375,-2328126.7325171847],[-10673024.162915641,-2206394.0925749205],[-10700966.5749355,-2084530.4449822414],[-10727302.015730776,-1962543.4089765286],[-10752032.278986666,-1840440.5446754636],[-10775159.055012623,-1718229.3567478315],[-10796683.9296962,-1595917.2980491929],[-10816608.383539522,-1473511.773224612],[-10834933.790775245,-1351020.1422806436],[-10851661.41855917,-1228449.7241287734],[-10866792.426236866,-1105807.8001025184],[-10880327.86468191,-983101.6174503774],[-10892268.675703568,-860338.3928068446],[-10902615.691521997,-737525.3156436703],[-10911369.634309188,-614669.5517035754],[-10918531.115794178,-491778.24641861435],[-10924100.636931192,-368858.5283153807],[-10928078.587629618,-245917.51240925072],[-10930465.24654491,-122962.30358985944],[-10931260.780929748,0],[-10930465.24654491,122962.30358985944],[-10928078.587629618,245917.51240925072],[-10924100.636931192,368858.5283153807],[-10918531.115794178,491778.24641861435],[-10911369.634309188,614669.5517035754],[-10902615.691521997,737525.3156436703],[-10892268.675703568,860338.3928068446],[-10880327.86468191,983101.6174503774],[-10866792.426236866,1105807.8001025184],[-10851661.41855917,1228449.7241287734],[-10834933.790775245,1351020.1422806436],[-10816608.383539522,1473511.773224612],[-10796683.9296962,1595917.2980491929],[-10775159.055012623,1718229.3567478315],[-10752032.278986666,1840440.5446754636],[-10727302.015730776,1962543.4089765286],[-10700966.5749355,2084530.4449822414],[-10673024.162915641,2206394.0925749205],[-10643472.883742375,2328126.7325171847],[-10612310.740464935,2449720.6827438073],[-10579535.636425769,2571168.1946140616],[-10545145.37667332,2692461.449122347],[-10509137.669476824,2813592.5530649433],[-10471510.1279479,2934553.5351607],[-10432260.271773947,3055336.3421235178],[-10391385.529068647,3175932.8346844683],[-10348883.238345312,3296334.7835614206],[-10304750.650619002,3416533.8653740594],[-10258984.931643829,3536521.658502202],[-10211583.164292078,3656289.638885352],[-10162542.351082293,3775829.175761435],[-10111859.416863773,3895131.5273427237],[-10059531.21166534,4014187.836426963],[-10005554.513716694,4132989.125941793],[-9949926.032651084,4251526.294420558],[-9892642.412898434,4369790.11140771],[-9833700.237278648,4487771.212792006],[-9773096.030805144,4605460.096065832],[-9710826.264709355,4722847.115509017],[-9646887.360697268,4839922.477295624],[-9581275.695449812,4956676.234522247],[-9513987.605379293,5073098.282156511],[-9445019.391654812,5189178.351904553],[-9374367.325510113,5304906.006996391],[-9302027.653847946,5420270.636888235],[-9227996.605155801,5535261.4518809775],[-9152270.39574834,5649867.477654213],[-9074845.236352755,5764077.549715404],[-8995717.339053892,5877880.3077639425],[-8914882.92461678,5991264.189970133],[-8832338.230204934,6104217.427169357],[-8748079.51751364,6216728.036971938],[-8662103.08133825,6328783.817789534],[-8574405.258598346,6440372.342779209],[-8484982.437839527,6551480.953706641],[-8393831.069235405,6662096.754730382],[-8300947.67511345,6772206.60610941],[-8206328.8610291155,6881797.117836687],[-8109971.327413728,6990854.643201959],[-8011871.88182262,7099365.272287494],[-7912027.451810894,7207314.825400999],[-7810435.098465359,7314688.846450661],[-7707092.030622116,7421472.596267794],[-7601995.619800324,7527651.045883308],[-7495143.415883817,7633208.8697650265],[-7386533.163583208,7738130.439023617],[-7276162.819712251,7842399.814595737],[-7164030.5713132415,7946000.740414075],[-7050134.854667376,8048916.636574784],[-6934474.375226934,8151130.5925140055],[-6817048.128507263,8252625.360206212],[-6697855.421977512,8353383.347398433],[-6576895.897990004,8453386.610895636],[-6454169.5577891385,8552616.849913929],[-6329676.786641506,8651055.399519779],[-6203418.380129787,8748683.224174978],[-6075395.571653698,8845480.911408724],[-5945610.061181918,8941428.665640006],[-5814064.045299496,9036506.302175345],[-5680760.24859566,9130693.241408922],[-5545701.956437263,9223968.503254192],[-5408893.049173234,9316310.701838417],[-5270338.037815408,9407698.040493717],[-5130042.1012408845,9498108.307080908],[-4988011.124960606,9587518.869684797],[-4844251.741498213,9675906.672722472],[-4698771.372422255,9763248.233508926],[-4551578.272073556,9849519.639327334],[-4402681.573028056,9934696.545054406],[-4252091.333333334,10018754.171394622]]},"properties":{"type":"meridian","value":-120}},
{"type":"Feature","geometry":{"type":"LineString","coordinates":[[-3720579.9166666674,-10018754.171394622],[-3858368.344747478,-9928735.00078881],[-3994285.139712993,-9837780.977888875],[-4128335.8513994445,-9745917.08282426],[-4260526.5262640705,-9653167.643224476],[-4390863.663610113,-9559556.349644369],[-4519354.174356082,-9465106.270974765],[-4646005.342223326,-9369839.869799826],[-4770824.787220426,-9273779.017666707],[-4893820.43130753,-9176945.010237165],[-5015000.466128248,-9079358.582294244],[-5134373.322701306,-8981039.922580605],[-5251947.642968595,-8882008.68844796],[-5367732.253100692,-8782284.020300018],[-5481736.138465247,-8681884.555813693],[-5593968.420167861,-8580828.44392577],[-5704438.333079219,-8479133.358574191],[-5813155.205266274,-8376816.512185149],[-5920128.438749093,-8273894.668898774],[-6025367.491508869,-8170384.157527822],[-6128881.860676129,-8066300.8842451535],[-6230681.066831723,-7961660.344997057],[-6330774.639356576,-7856477.637640567],[-6429172.1027693935,-7750767.473804023],[-6525882.96399462,-7644544.190470907],[-6620916.700505977,-7537821.761287898],[-6714282.749293724,-7430613.807598767],[-6805990.496606521,-7322933.609206315],[-6896049.268421382,-7214794.114865234],[-6984468.32159773,-7106207.95250909],[-7071256.835673849,-6997187.439215238],[-7156423.905266401,-6887744.5909116715],[-7239978.533035734,-6777891.13183027],[-7321929.623181786,-6667638.503711064],[-7402285.975437364,-6556997.874762447],[-7481056.279527359,-6445980.148382375],[-7558249.110064275,-6334595.971645841],[-7633872.921852063,-6222855.743563934],[-7707936.045571862,-6110769.62311996],[-7780446.683824725,-5998347.537088134],[-7851412.907507854,-5885599.187640422],[-7920842.652502143,-5772534.059747119],[-7988743.716650186,-5659161.428376762],[-8055123.757005039,-5545490.365500995],[-8119990.287331207,-5431529.746909952],[-8183350.6758403545,-5317288.258843695],[-8245212.143145321,-5202774.404445239],[-8305581.760416917,-5087996.510040597],[-8364466.447728919,-4972962.731251223],[-8421872.972577557,-4857681.058944231],[-8477807.948562535,-4742159.325025589],[-8532277.834217466,-4626405.208081507],[-8585288.93197828,-4510426.238873093],[-8636847.387278823,-4394229.805689311],[-8686959.18776361,-4277823.159563152],[-8735630.162608175,-4161213.419355885],[-8782865.981938079,-4044407.576714115],[-8828672.156338274,-3927412.500904324],[-8873054.036444861,-3810234.9435294815],[-8916016.812611898,-3692881.543132179],[-8957565.514646294,-3575358.8296887223],[-8997705.011604298,-3457673.228998454],[-9036440.01164349,-3339831.06697255],[-9073775.061924484,-3221838.5738264234],[-9109714.548557075,-3103701.8881797753],[-9144262.696585726,-2985427.061068276],[-9177423.570009744,-2867020.059870754],[-9209201.071833724,-2748486.7721557217],[-9239598.94414414,-2629833.0094509507],[-9268620.76820828,-2511064.5109397853],[-9296269.964591894,-2392186.947087763],[-9322549.79329224,-2273205.9232030874],[-9347463.35388341,-2154126.9829343976],[-9371013.585671054,-2034955.6117092418],[-9393203.267853761,-1915697.240116577],[-9414035.019688675,-1796357.247236598],[-9433511.300658988,-1676940.963921099],[-9451634.410641192,-1557453.6760275546],[-9468406.490070142,-1437900.627610044],[-9483829.5201001,-1318287.0240701034],[-9497905.322760137,-1198618.0352705382],[-9510635.561102381,-1078898.7986152004],[-9522021.739341756,-959134.422097698],[-9532065.202985976,-839329.9873219563],[-9540767.138954718,-719490.5524975437],[-9548128.575686995,-599621.1554126265],[-9554150.383235898,-479726.81638740445],[-9558833.27334995,-359812.5412108562],[-9562177.799540512,-239883.3240636008],[-9564184.357134718,-119944.15042967456],[-9564853.183313528,0],[-9564184.357134718,119944.15042967456],[-9562177.799540512,239883.3240636008],[-9558833.27334995,359812.5412108562],[-9554150.383235898,479726.81638740445],[-9548128.575686995,599621.1554126265],[-9540767.138954718,719490.5524975437],[-9532065.202985976,839329.9873219563],[-9522021.739341756,959134.422097698],[-9510635.561102381,1078898.7986152004],[-9497905.322760137,1198618.0352705382],[-9483829.5201001,1318287.0240701034],[-9468406.490070142,1437900.627610044],[-9451634.410641192,1557453.6760275546],[-9433511.300658988,1676940.963921099],[-9414035.019688675,1796357.247236598],[-9393203.267853761,1915697.240116577],[-9371013.585671054,2034955.6117092418],[-9347463.35388341,2154126.9829343976],[-9322549.79329224,2273205.9232030874],[-9296269.964591894,2392186.947087763],[-9268620.76820828,2511064.5109397853],[-9239598.94414414,2629833.0094509507],[-9209201.071833724,2748486.7721557217],[-9177423.570009744,2867020.059870754],[-9144262.696585726,2985427.061068276],[-9109714.548557075,3103701.8881797753],[-9073775.061924484,3221838.5738264234],[-9036440.01164349,3339831.06697255],[-8997705.011604298,3457673.228998454],[-8957565.514646294,3575358.8296887223],[-8916016.812611898,3692881.543132179],[-8873054.036444861,3810234.9435294815],[-8828672.156338274,3927412.500904324],[-8782865.981938079,4044407.576714115],[-8735630.162608175,4161213.419355885],[-8686959.18776361,4277823.159563152],[-8636847.387278823,4394229.805689311],[-8585288.93197828,4510426.238873093],[-8532277.834217466,4626405.208081507],[-8477807.948562535,4742159.325025589],[-8421872.972577557,4857681.058944231],[-8364466.447728919,4972962.731251223],[-8305581.760416917,5087996.510040597],[-8245212.143145321,5202774.404445239],[-8183350.6758403545,5317288.258843695],[-8119990.287331207,5431529.746909952],[-8055123.757005039,5545490.365500995],[-7988743.716650186,5659161.428376762],[-7920842.652502143,5772534.059747119],[-7851412.907507854,5885599.187640422],[-7780446.683824725,5998347.537088134],[-7707936.045571862,6110769.62311996],[-7633872.921852063,6222855.743563934],[-7558249.110064275,6334595.971645841],[-7481056.279527359,6445980.148382375],[-7402285.975437364,6556997.874762447],[-7321929.623181786,6667638.503711064],[-7239978.533035734,6777891.13183027],[-7156423.905266401,6887744.5909116715],[-7071256.835673849,6997187.439215238],[-6984468.32159773,7106207.95250909],[-6896049.268421382,7214794.114865234],[-6805990.496606521,7322933.609206315],[-6714282.749293724,7430613.807598767],[-6620916.700505977,7537821.761287898],[-6525882.96399462,7644544.190470907],[-6429172.1027693935,7750767.473804023],[-6330774.639356576,7856477.637640567],[-6230681.066831723,7961660.344997057],[-6128881.860676129,8066300.8842451535],[-6025367.491508869,8170384.157527822],[-5920128.438749093,8273894.668898774],[-5813155.205266274,8376816.512185149],[-5704438.333079219,8479133.358574191],[-5593968.420167861,8580828.44392577],[-5481736.138465247,8681884.555813693],[-5367732.253100692,8782284.020300018],[-5251947.642968595,8882008.68844796],[-5134373.322701306,8981039.922580605],[-5015000.466128248,9079358.582294244],[-4893820.43130753,9176945.010237165],[-4770824.787220426,9273779.017666707],[-4646005.342223326,9369839.869799826],[-4519354.174356082,9465106.270974765],[-4390863.663610113,9559556.349644369],[-4260526.5262640705,9653167.643224476],[-4128335.8513994445,9745917.08282426],[-3994285.139712993,9837780.977888875],[-3858368.344747478,9928735.00078881],[-3720579.9166666674,10018754.171394622]]},"properties":{"type":"meridian","value":-105}},
{"type":"Feature","geometry":{"type":"LineString","coordinates":[[-3189068.500000001,-10018754.171394622],[-3311745.059203874,-9923359.519371606],[-3432497.551317149,-9827225.406192977],[-3551344.7711792574,-9730374.625442328],[-3668305.4564330955,-9632829.213809827],[-3783398.2625122713,-9534610.478151418],[-3896641.739932339,-9435739.021696733],[-4008054.3137161126,-9336234.76941627],[-4117654.264794367,-9236116.992560536],[-4225459.7132338295,-9135404.332385655],[-4331488.603154333,-9034114.823081402],[-4435758.689206376,-8932265.91391879],[-4538287.52448909,-8829874.49063538],[-4639092.449796942,-8726956.896077195],[-4738190.584091138,-8623528.950116659],[-4835598.816099016,-8519605.968866488],[-4931333.7969514495,-8415202.78320964],[-5025411.933774649,-8310333.7566655995],[-5117849.384158633,-8205012.802613344],[-5208662.051430235,-8099253.40089123],[-5297865.580663622,-7993068.61379396],[-5385475.355366151,-7886471.101486511],[-5471506.494781864,-7779473.136854735],[-5555973.851759156,-7672086.61981197],[-5638892.011132985,-7564323.091080634],[-5720275.28857569,-7456193.745467483],[-5800137.729873839,-7347709.44465069],[-5878493.110591689,-7238880.72949654],[-5955354.936084758,-7129717.83192309],[-6030736.441829746,-7020230.686327624],[-6104650.594039581,-6910428.940594333],[-6177110.090534698,-6800321.966698135],[-6248127.3618438775,-6689918.87092009],[-6317714.572509968,-6579228.503689376],[-6385883.622577733,-6468259.469066345],[-6452646.149242805,-6357020.133880671],[-6518013.528642354,-6245518.6365381805],[-6581996.877769559,-6133762.895509471],[-6644607.056495442,-6021760.617512998],[-6705854.669682837,-5909519.3054048335],[-6765750.069378509,-5797046.265786939],[-6824303.35707058,-5684348.616345313],[-6881524.385999376,-5571433.292928987],[-6937422.763510845,-5458307.056380474],[-6992007.853442531,-5344976.499127857],[-7045288.778532914,-5231448.051548355],[-7097274.4228457,-5117727.988112824],[-7147973.434201349,-5003822.433320324],[-7197394.226608733,-4889737.36743153],[-7245544.982690487,-4775478.632009464],[-7292433.656096085,-4661051.93527567],[-7338067.973897278,-4546462.857289703],[-7382455.438960899,-4431716.854959473],[-7425603.332294566,-4316819.266889737],[-7467518.715361166,-4201775.318075743],[-7508208.432358372,-4086590.124448773],[-7547679.112459819,-3971268.6972801196],[-7585937.172014818,-3855815.947449724],[-7622988.816703855,-3740236.689585575],[-7658840.043647322,-3624535.6460796553],[-7693496.643465179,-3508717.4509860747],[-7726964.202285503,-3392786.653806818],[-7759248.103700073,-3276747.723170337],[-7790353.530665251,-3160605.050408036],[-7820285.467346766,-3044362.953033558],[-7849048.700906935,-2928025.67812956],[-7876647.823233207,-2811597.4056465584],[-7903087.232606922,-2695082.251618267],[-7928371.135311291,-2578484.2712976835],[-7952503.547177848,-2461807.462218085],[-7975488.295070506,-2345055.767182931],[-7997329.018306627,-2228233.0771885877],[-8018029.170014523,-2111343.234283641],[-8037592.018426833,-1994390.0343684815],[-8056020.648109348,-1877377.229938733],[-8073317.961124932,-1760308.5327760186],[-8089486.67813214,-1643187.6165894384],[-8104529.339418269,-1526018.119611083],[-8118448.305866616,-1408803.6471488157],[-8131245.759857676,-1291547.7740994797],[-8142923.706104143,-1174254.0474256303],[-8153483.972419534,-1056925.988598826],[-8162928.210420317,-939567.0960124593],[-8171257.896161426,-822180.847367052],[-8178474.330705077,-704770.702030901],[-8184578.640622821,-587340.103378915],[-8189571.778430745,-469892.4811124448],[-8193454.522957809,-352431.2535628834],[-8196227.479647243,-234959.82998178052],[-8197891.080791018,-117481.61282019649],[-8198445.585697311,0],[-8197891.080791018,117481.61282019649],[-8196227.479647243,234959.82998178052],[-8193454.522957809,352431.2535628834],[-8189571.778430745,469892.4811124448],[-8184578.640622821,587340.103378915],[-8178474.330705077,704770.702030901],[-8171257.896161426,822180.847367052],[-8162928.210420317,939567.0960124593],[-8153483.972419534,1056925.988598826],[-8142923.706104143,1174254.0474256303],[-8131245.759857676,1291547.7740994797],[-8118448.305866616,1408803.6471488157],[-8104529.339418269,1526018.119611083],[-8089486.67813214,1643187.6165894384],[-8073317.961124932,1760308.5327760186],[-8056020.648109348,1877377.229938733],[-8037592.018426833,1994390.0343684815],[-8018029.170014523,2111343.234283641],[-7997329.018306627,2228233.0771885877],[-7975488.295070506,2345055.767182931],[-7952503.547177848,2461807.462218085],[-7928371.135311291,2578484.2712976835],[-7903087.232606922,2695082.251618267],[-7876647.823233207,2811597.4056465584],[-7849048.700906935,2928025.67812956],[-7820285.467346766,3044362.953033558],[-7790353.530665251,3160605.050408036],[-7759248.103700073,3276747.723170337],[-7726964.202285503,3392786.653806818],[-7693496.643465179,3508717.4509860747],[-7658840.043647322,3624535.6460796553],[-7622988.816703855,3740236.689585575],[-7585937.172014818,3855815.947449724],[-7547679.112459819,3971268.6972801196],[-7508208.432358372,4086590.124448773],[-7467518.715361166,4201775.318075743],[-7425603.332294566,4316819.266889737],[-7382455.438960899,4431716.854959473],[-7338067.973897278,4546462.857289703],[-7292433.656096085,4661051.93527567],[-7245544.982690487,4775478.632009464],[-7197394.226608733,4889737.36743153],[-7147973.434201349,5003822.433320324],[-7097274.4228457,5117727.988112824],[-7045288.778532914,5231448.051548355],[-6992007.853442531,5344976.499127857],[-6937422.763510845,5458307.056380474],[-6881524.385999376,5571433.292928987],[-6824303.35707058,5684348.616345313],[-6765750.069378509,5797046.265786939],[-6705854.669682837,5909519.3054048335],[-6644607.056495442,6021760.617512998],[-6581996.877769559,6133762.895509471],[-6518013.528642354,6245518.6365381805],[-6452646.149242805,6357020.133880671],[-6385883.622577733,6468259.469066345],[-6317714.572509968,6579228.503689376],[-6248127.3618438775,6689918.87092009],[-6177110.090534698,6800321.966698135],[-6104650.594039581,6910428.940594333],[-6030736.441829746,7020230.686327624],[-5955354.936084758,7129717.83192309],[-5878493.110591689,7238880.72949654],[-5800137.729873839,7347709.44465069],[-5720275.28857569,7456193.745467483],[-5638892.011132985,7564323.091080634],[-5555973.851759156,7672086.61981197],[-5471506.494781864,7779473.136854735],[-5385475.355366151,7886471.101486511],[-5297865.580663622,7993068.61379396],[-5208662.051430235,8099253.40089123],[-5117849.384158633,8205012.802613344],[-5025411.933774649,8310333.7566655995],[-4931333.7969514495,8415202.78320964],[-4835598.816099016,8519605.968866488],[-4738190.584091138,8623528.950116659],[-4639092.449796942,8726956.896077195],[-4538287.52448909,8829874.49063538],[-4435758.689206376,8932265.91391879],[-4331488.603154333,9034114.823081402],[-4225459.7132338295,9135404.332385655],[-4117654.264794367,9236116.992560536],[-4008054.3137161126,9336234.76941627],[-3896641.739932339,9435739.021696733],[-3783398.2625122713,9534610.478151418],[-3668305.4564330955,9632829.213809827],[-3551344.7711792574,9730374.625442328],[-3432497.551317149,9827225.406192977],[-3311745.059203874,9923359.519371606],[-3189068.500000001,10018754.171394622]]},"properties":{"type":"meridian","value":-90}},
{"type":"Feature","geometry":{"type":"LineString","coordinates":[[-2657557.083333334,-10018754.171394622],[-2763071.6883308725,-9918657.121092143],[-2866738.0605402733,-9818014.050604431],[-2968584.1142588533,-9716843.739034245],[-3068637.1738293106,-9615164.232006669],[-3166923.976303016,-9512992.874404564],[-3263470.67513954,-9410346.341572693],[-3358302.844813434,-9307240.669060914],[-3451445.4862115406,-9203691.280974379],[-3542923.0327153797,-9099713.016995886],[-3632759.3568733614,-8995320.158143125],[-3720977.777576918,-8890526.45132086],[-3807601.0676631154,-8785345.132725602],[-3892651.461874031,-8679788.950157866],[-3976150.6651102053,-8573870.184294675],[-4058119.860921865,-8467600.668972598],[-4138579.7201874033,-8360991.810529355],[-4217550.409933897,-8254054.606249805],[-4295051.602259193,-8146799.661959983],[-4371102.483319481,-8039237.208810828],[-4445721.762350152,-7931377.11929121],[-4518927.68069138,-7823228.922508062],[-4590738.020793035,-7714801.818769476],[-4661170.115176508,-7606104.693504998],[-4730240.855333674,-7497146.130555608],[-4797966.700545576,-7387934.424864306],[-4864363.686605652,-7278477.594596726],[-4929447.434434201,-7168783.392719681],[-4993233.158572633,-7058859.318064267],[-5055735.675547541,-6948712.625898682],[-5116969.412096186,-6838350.338034853],[-5176948.413246128,-6727779.252491579],[-5235686.350243059,-6617005.952735897],[-5293196.5283217775,-6506036.816523254],[-5349491.894316277,-6394878.024356018],[-5404585.044105722,-6283535.567578928],[-5458488.2298938185,-6172015.256129147],[-5511213.367319751,-6060322.725957678],[-5562772.042399472,-5948463.446138112],[-5613175.518296622,-5836442.725677846],[-5662434.741922831,-5724265.720046211],[-5710560.350367575,-5611937.437433164],[-5757562.677158089,-5499462.74475161],[-5803451.758350187,-5386846.373395722],[-5848237.338451077,-5274092.924767033],[-5891928.876175537,-5161206.875579514],[-5934535.550036959,-5048192.5829543155],[-5976066.263775031,-4935054.289314295],[-6016529.651621866,-4821796.127088009],[-6055934.083408612,-4708422.123232369],[-6094287.669514602,-4594936.20358271],[-6131598.265661222,-4481342.197038641],[-6167873.477552716,-4367643.8395936005],[-6203120.665366216,-4253844.778215737],[-6237346.948093316,-4139948.5745873265],[-6270559.207735469,-4025958.708709619],[-6302764.093355608,-3911878.5823797234],[-6333968.024988274,-3797711.5225457978],[-6364177.197410595,-3683460.7845465634],[-6393397.583776411,-3569129.5552408705],[-6421634.939115826,-3454720.956032815],[-6448894.803702417,-3340238.0457976474],[-6475182.506290316,-3225683.823713498],[-6500503.167223297,-3111061.2320037517],[-6524861.701418022,-2996373.158594645],[-6548262.821223436,-2881622.4396925443],[-6570711.039158387,-2766811.8622851367],[-6592210.6705293385,-2651944.166570603],[-6612765.835930099,-2537022.048318702],[-6632380.46362538,-2422048.1611675294],[-6651058.291819892,-2307025.118859579],[-6668802.8708147155,-2191955.497420606],[-6685617.565052504,-2076841.8372846667],[-6701505.555053096,-1961686.6453685875],[-6716469.839240987,-1846492.3970990137],[-6730513.2356660515,-1731261.538395096],[-6743638.383618868,-1615996.4876097487],[-6755847.74514185,-1500699.6374323657],[-6767143.606437397,-1385373.3567557666],[-6777528.0791741405,-1270019.9925100864],[-6787003.101692321,-1154641.8714662502],[-6795570.44010924,-1039241.3020116038],[-6803231.689325665,-923820.5759002252],[-6809988.273933967,-808381.9699803772],[-6815841.449028751,-692927.7479015248],[-6820792.30092057,-577460.1618032841],[-6824841.747753358,-461981.45398865413],[-6827990.540025999,-346493.85858382424],[-6830239.261018529,-230999.60318684415],[-6831588.327123258,-115500.91050740979],[-6832037.988081092,0],[-6831588.327123258,115500.91050740979],[-6830239.261018529,230999.60318684415],[-6827990.540025999,346493.85858382424],[-6824841.747753358,461981.45398865413],[-6820792.30092057,577460.1618032841],[-6815841.449028751,692927.7479015248],[-6809988.273933967,808381.9699803772],[-6803231.689325665,923820.5759002252],[-6795570.44010924,1039241.3020116038],[-6787003.101692321,1154641.8714662502],[-6777528.0791741405,1270019.9925100864],[-6767143.606437397,1385373.3567557666],[-6755847.74514185,1500699.6374323657],[-6743638.383618868,1615996.4876097487],[-6730513.2356660515,1731261.538395096],[-6716469.839240987,1846492.3970990137],[-6701505.555053096,1961686.6453685875],[-6685617.565052504,2076841.8372846667],[-6668802.8708147155,2191955.497420606],[-6651058.291819892,2307025.118859579],[-6632380.46362538,2422048.1611675294],[-6612765.835930099,2537022.048318702],[-6592210.6705293385,2651944.166570603],[-6570711.039158387,2766811.8622851367],[-6548262.821223436,2881622.4396925443],[-6524861.701418022,2996373.158594645],[-6500503.167223297,3111061.2320037517],[-6475182.506290316,3225683.823713498],[-6448894.803702417,3340238.0457976474],[-6421634.939115826,3454720.956032815],[-6393397.583776411,3569129.5552408705],[-6364177.197410595,3683460.7845465634],[-6333968.024988274,3797711.5225457978],[-6302764.093355608,3911878.5823797234],[-6270559.207735469,4025958.708709619],[-6237346.948093316,4139948.5745873265],[-6203120.665366216,4253844.778215737],[-6167873.477552716,4367643.8395936005],[-6131598.265661222,4481342.197038641],[-6094287.669514602,4594936.20358271],[-6055934.083408612,4708422.123232369],[-6016529.651621866,4821796.127088009],[-5976066.263775031,4935054.289314295],[-5934535.550036959,5048192.5829543155],[-5891928.876175537,5161206.875579514],[-5848237.338451077,5274092.924767033],[-5803451.758350187,5386846.373395722],[-5757562.677158089,5499462.74475161],[-5710560.350367575,5611937.437433164],[-5662434.741922831,5724265.720046211],[-5613175.518296622,5836442.725677846],[-5562772.042399472,5948463.446138112],[-5511213.367319751,6060322.725957678],[-5458488.2298938185,6172015.256129147],[-5404585.044105722,6283535.567578928],[-5349491.894316277,6394878.024356018],[-5293196.5283217775,6506036.816523254],[-5235686.350243059,6617005.952735897],[-5176948.413246128,6727779.252491579],[-5116969.412096186,6838350.338034853],[-5055735.675547541,6948712.625898682],[-4993233.158572633,7058859.318064267],[-4929447.434434201,7168783.392719681],[-4864363.686605652,7278477.594596726],[-4797966.700545576,7387934.424864306],[-4730240.855333674,7497146.130555608],[-4661170.115176508,7606104.693504998],[-4590738.020793035,7714801.818769476],[-4518927.68069138,7823228.922508062],[-4445721.762350152,7931377.11929121],[-4371102.483319481,8039237.208810828],[-4295051.602259193,8146799.661959983],[-4217550.409933897,8254054.606249805],[-4138579.7201874033,8360991.810529355],[-4058119.860921865,8467600.668972598],[-3976150.6651102053,8573870.184294675],[-3892651.461874031,8679788.950157866],[-3807601.0676631154,8785345.132725602],[-3720977.777576918,8890526.45132086],[-3632759.3568733614,8995320.158143125],[-3542923.0327153797,9099713.016995886],[-3451445.4862115406,9203691.280974379],[-3358302.844813434,9307240.669060914],[-3263470.67513954,9410346.341572693],[-3166923.976303016,9512992.874404564],[-3068637.1738293106,9615164.232006669],[-2968584.1142588533,9716843.739034245],[-2866738.0605402733,9818014.050604431],[-2763071.6883308725,9918657.121092143],[-2657557.083333334,10018754.171394622]]},"properties":{"type":"meridian","value":-75}},
{"type":"Feature","geometry":{"type":"LineString","coordinates":[[-2126045.666666667,-10018754.171394622],[-2212639.9995610835,-9914703.349263009],[-2297584.439571123,-9810285.34363658],[-2380910.7781580403,-9705513.878807383],[-2462649.8421317446,-9600402.078052549],[-2542831.5229014414,-9494962.494528776],[-2621484.805010805,-9389207.140409628],[-2698637.7939409614,-9283147.514373632],[-2774317.7431702027,-9176794.627544617],[-2848551.0804841826,-9070159.027978837],[-2921363.4335345337,-8963250.823787631],[-2992779.6546473987,-8856079.704978544],[-3062823.8448863775,-8748654.964092493],[-3131519.377376979,-8640985.51570972],[-3198888.9199018143,-8533079.914892497],[-3264954.456777516,-8424946.374628248],[-3329737.3100259234,-8316592.782332795],[-3393258.1598531944,-8208026.715469455],[-3455537.0644515175,-8099255.456336401],[-3516593.479138841,-7990286.006071221],[-3576446.2748525776,-7881125.097918615],[-3635113.75601371,-7771779.20980429],[-3692613.6777779497,-7662254.576255353],[-3748963.2626907923,-7552557.199705098],[-3804179.2167633516,-7442692.861217616],[-3858277.7449858566,-7332667.13066555],[-3911274.566295556,-7222485.376392246],[-3963184.9280156447,-7112152.774387594],[-4014023.619781595,-7001674.317005124],[-4063804.9869710235,-6891054.821246198],[-4112542.9436529153,-6780298.936635613],[-4160250.9850717336,-6669411.152711427],[-4206942.19968155,-6558395.806150464],[-4252629.280745005,-6447257.087549724],[-4297324.537511492,-6335999.047882615],[-4341039.905988605,-6224625.604647917],[-4383786.959320445,-6113140.547728264],[-4425576.917786002,-6001547.544973967],[-4466420.658430445,-5889850.147527107],[-4506328.724341676,-5778051.794899903],[-4545311.333584189,-5666155.819820626],[-4583378.387801806,-5554165.452859503],[-4620539.480500486,-5442083.826846409],[-4656803.905022031,-5329913.98109141],[-4692180.662219106,-5217658.865418673],[-4726678.467841614,-5105321.344023602],[-4760305.759644103,-4992904.199162568],[-4793070.704223543,-4880410.134684034],[-4824981.203596398,-4767841.779409437],[-4856044.901523643,-4655201.690371724],[-4886269.189592003,-4542492.355918974],[-4915661.213059358,-4429716.198690201],[-4944227.87647197,-4316875.578470021],[-4971975.849060866,-4203972.794928495],[-4998911.569924385,-4091010.0902521918],[-5025041.253003673,-3977989.6516721374],[-5050370.8918575505,-3864913.6138940505],[-5074906.264242961,-3751784.061436008],[-5098652.936506917,-3638603.03087841],[-5121616.267795614,-3525372.5130308415],[-5143801.414086133,-3412094.4550202726],[-5165213.332045895,-3298770.7623047545],[-5185856.782724837,-3185403.300616595],[-5205736.335085003,-3071993.897838844],[-5224856.3693720605,-2958544.3458186546],[-5243221.080333039,-2845056.402121025],[-5260834.480284337,-2731531.7917261845],[-5277700.402033927,-2617972.2086737943],[-5293822.501661393,-2504379.317656967],[-5309204.261159346,-2390754.7555689956],[-5323848.990939498,-2277100.1330055594],[-5337759.832206553,-2163417.035725057],[-5350939.759202864,-2049707.0260696174],[-5363391.58132668,-1935971.6443492416],[-5375117.945126581,-1822212.4101914258],[-5386121.336174606,-1708430.8238585556],[-5396404.080820371,-1594628.36753525],[-5405968.347828366,-1480806.5065877868],[-5414816.149900423,-1366966.690797666],[-5422949.345085258,-1253110.3555712916],[-5430369.6380767785,-1139238.923127717],[-5437078.581402816,-1025353.8036663344],[-5443077.576505647,-911456.3965163322],[-5448367.874715714,-797548.0912697284],[-5452950.578119672,-683630.268899712],[-5456826.640323853,-569704.3028660271],[-5459996.867114066,-455771.56020907324],[-5462461.917012531,-341833.4026343885],[-5464222.301732648,-227891.1875891508],[-5465278.386532118,-113946.26933231684],[-5465630.390464874,0],[-5465278.386532118,113946.26933231684],[-5464222.301732648,227891.1875891508],[-5462461.917012531,341833.4026343885],[-5459996.867114066,455771.56020907324],[-5456826.640323853,569704.3028660271],[-5452950.578119672,683630.268899712],[-5448367.874715714,797548.0912697284],[-5443077.576505647,911456.3965163322],[-5437078.581402816,1025353.8036663344],[-5430369.6380767785,1139238.923127717],[-5422949.345085258,1253110.3555712916],[-5414816.149900423,1366966.690797666],[-5405968.347828366,1480806.5065877868],[-5396404.080820371,1594628.36753525],[-5386121.336174606,1708430.8238585556],[-5375117.945126581,1822212.4101914258],[-5363391.58132668,1935971.6443492416],[-5350939.759202864,2049707.0260696174],[-5337759.832206553,2163417.035725057],[-5323848.990939498,2277100.1330055594],[-5309204.261159346,2390754.7555689956],[-5293822.501661393,2504379.317656967],[-5277700.402033927,2617972.2086737943],[-5260834.480284337,2731531.7917261845],[-5243221.080333039,2845056.402121025],[-5224856.3693720605,2958544.3458186546],[-5205736.335085003,3071993.897838844],[-5185856.782724837,3185403.300616595],[-5165213.332045895,3298770.7623047545],[-5143801.414086133,3412094.4550202726],[-5121616.267795614,3525372.5130308415],[-5098652.936506917,3638603.03087841],[-5074906.264242961,3751784.061436008],[-5050370.8918575505,3864913.6138940505],[-5025041.253003673,3977989.6516721374],[-4998911.569924385,4091010.0902521918],[-4971975.849060866,4203972.794928495],[-4944227.87647197,4316875.578470021],[-4915661.213059358,4429716.198690201],[-4886269.189592003,4542492.355918974],[-4856044.901523643,4655201.690371724],[-4824981.203596398,4767841.779409437],[-4793070.704223543,4880410.134684034],[-4760305.759644103,4992904.199162568],[-4726678.467841614,5105321.344023602],[-4692180.662219106,5217658.865418673],[-4656803.905022031,5329913.98109141],[-4620539.480500486,5442083.826846409],[-4583378.387801806,5554165.452859503],[-4545311.333584189,5666155.819820626],[-4506328.724341676,5778051.794899903],[-4466420.658430445,5889850.147527107],[-4425576.917786002,6001547.544973967],[-4383786.959320445,6113140.547728264],[-4341039.905988605,6224625.604647917],[-4297324.537511492,6335999.047882615],[-4252629.280745005,6447257.087549724],[-4206942.19968155,6558395.806150464],[-4160250.9850717336,6669411.152711427],[-4112542.9436529153,6780298.936635613],[-4063804.9869710235,6891054.821246198],[-4014023.619781595,7001674.317005124],[-3963184.9280156447,7112152.774387594],[-3911274.566295556,7222485.376392246],[-3858277.7449858566,7332667.13066555],[-3804179.2167633516,7442692.861217616],[-3748963.2626907923,7552557.199705098],[-3692613.6777779497,7662254.576255353],[-3635113.75601371,7771779.20980429],[-3576446.2748525776,7881125.097918615],[-3516593.479138841,7990286.006071221],[-3455537.0644515175,8099255.456336401],[-3393258.1598531944,8208026.715469455],[-3329737.3100259234,8316592.782332795],[-3264954.456777516,8424946.374628248],[-3198888.9199018143,8533079.914892497],[-3131519.377376979,8640985.51570972],[-3062823.8448863775,8748654.964092493],[-2992779.6546473987,8856079.704978544],[-2921363.4335345337,8963250.823787631],[-2848551.0804841826,9070159.027978837],[-2774317.7431702027,9176794.627544617],[-2698637.7939409614,9283147.514373632],[-2621484.805010805,9389207.140409628],[-2542831.5229014414,9494962.494528776],[-2462649.8421317446,9600402.078052549],[-2380910.7781580403,9705513.878807383],[-2297584.439571123,9810285.34363658],[-2212639.9995610835,9914703.349263009],[-2126045.666666667,10018754.171394622]]},"properties":{"type":"meridian","value":-60}},
{"type":"Feature","geometry":{"type":"LineString","coordinates":[[-1594534.2500000005,-10018754.171394622],[-1660768.7068068546,-9911561.302407142],[-1725660.4659799733,-9804153.88136474],[-1789239.6258853567,-9696540.434336614],[-1851535.197636272,-9588729.082777847],[-1912575.1501070545,-9480727.56638199],[-1972386.4528242962,-9372543.264472285],[-2030995.1168392645,-9264183.216035558],[-2088426.2336806392,-9155654.138494747],[-2144704.0124820382,-9046962.445308695],[-2199851.815374351,-8938114.262480924],[-2253892.1912285443,-8829115.444052974],[-2306846.907830431,-8719971.586652108],[-2358736.982564898,-8610688.043158004],[-2409582.7116832,-8501269.93554812],[-2459403.698223253,-8391722.16697713],[-2508218.878649315,-8282049.433141578],[-2556046.54827409,-8172256.232977293],[-2602904.385523023,-8062346.87873358],[-2648809.4750975394,-7952325.505464989],[-2693778.3300910266,-7842196.079978618],[-2737826.913108593,-7731962.409272136],[-2780970.6564389807,-7621628.148495211],[-2823224.4813245377,-7511196.80846477],[-2864602.81637272,-7400671.7627623575],[-2905119.615150391,-7290056.254439921],[-2944788.3730000034,-7179353.402358462],[-2983622.1431147284,-7068566.207182451],[-3021633.5519076884,-6957697.557051201],[-3058834.8137085927,-6846750.232947044],[-3095237.744819376,-6735726.913778804],[-3130853.7769587887,-6624630.181197823],[-3165693.970124332,-6513462.524162625],[-3199769.0248984797,-6402226.343267335],[-3233089.294224718,-6290923.954847817],[-3265664.7946776324,-6179557.594878782],[-3297505.2172500105,-6068129.422674105],[-3328619.9376787585,-5956641.52440189],[-3359018.026330311,-5845095.91642507],[-3388708.257665145,-5733494.548477613],[-3417699.119300006,-5621839.306685846],[-3445998.820685516,-5510132.016443729],[-3473615.3014159235,-5398374.445150436],[-3500556.2391868993,-5286568.304818035],[-3526829.057416471,-5174715.254556639],[-3552440.932543441,-5062816.902943884],[-3577398.8010168783,-4950874.810285246],[-3601709.365989609,-4838890.490771275],[-3625379.103727961,-4726865.414537487],[-3648414.269749396,-4614801.009632301],[-3670820.904699101,-4502698.663898131],[-3692604.8399760006,-4390559.72677039],[-3713771.703118178,-4278385.510998939],[-3734326.9229571423,-4166177.29429625],[-3754275.7345499294,-4053936.3209162885],[-3773623.183897546,-3941663.8031679117],[-3792374.1324578584,-3829360.9228663924],[-3810533.2614605837,-3717028.832726434],[-3828105.0760316746,-3604668.6576999035],[-3845093.9091340112,-3492281.4962613103],[-3861503.925330935,-3379868.4216439254],[-3877339.1243788404,-3267430.483029242],[-3892603.3446547315,-3154968.706692394],[-3907300.2664242866,-3042484.0971059743],[-3921433.4149557445,-2929977.6380045884],[-3935006.1634845873,-2817450.293412363],[-3948021.7360337744,-2704903.0086355284],[-3960483.21009397,-2592336.7112220745],[-3972393.51916801,-2479752.3118904154],[-3983755.4551835894,-2367150.7054288797],[-3994571.670777912,-2254532.771567771],[-4004844.6814578627,-2141899.3758256994],[-4014576.8676390243,-2029251.3703317475],[-4023770.4765666486,-1916589.594625041],[-4032427.6241215337,-1803914.876433169],[-4040550.296513538,-1691228.0324309005],[-4048140.351865294,-1578529.8689805318],[-4055199.5216885055,-1465821.1828552014],[-4061729.412255031,-1353102.7619464344],[-4067731.5058648265,-1240375.3859571435],[-4073207.162012604,-1127639.8270812791],[-4078157.6184549574,-1014896.8506712834],[-4082583.992179531,-902147.215894472],[-4086487.280277644,-789391.6763794374],[-4089868.3607216827,-676630.9808535437],[-4092727.993048372,-563865.8737725599],[-4095066.8189489488,-451097.09594345593],[-4096885.362767083,-338325.3851413711],[-4098184.0319052925,-225551.47672174888],[-4098963.1171404193,-112776.10422861938],[-4099222.7928486555,0],[-4098963.1171404193,112776.10422861938],[-4098184.0319052925,225551.47672174888],[-4096885.362767083,338325.3851413711],[-4095066.8189489488,451097.09594345593],[-4092727.993048372,563865.8737725599],[-4089868.3607216827,676630.9808535437],[-4086487.280277644,789391.6763794374],[-4082583.992179531,902147.215894472],[-4078157.6184549574,1014896.8506712834],[-4073207.162012604,1127639.8270812791],[-4067731.5058648265,1240375.3859571435],[-4061729.412255031,1353102.7619464344],[-4055199.5216885055,1465821.1828552014],[-4048140.351865294,1578529.8689805318],[-4040550.296513538,1691228.0324309005],[-4032427.6241215337,1803914.876433169],[-4023770.4765666486,1916589.594625041],[-4014576.8676390243,2029251.3703317475],[-4004844.6814578627,2141899.3758256994],[-3994571.670777912,2254532.771567771],[-3983755.4551835894,2367150.7054288797],[-3972393.51916801,2479752.3118904154],[-3960483.21009397,2592336.7112220745],[-3948021.7360337744,2704903.0086355284],[-3935006.1634845873,2817450.293412363],[-3921433.4149557445,2929977.6380045884],[-3907300.2664242866,3042484.0971059743],[-3892603.3446547315,3154968.706692394],[-3877339.1243788404,3267430.483029242],[-3861503.925330935,3379868.4216439254],[-3845093.9091340112,3492281.4962613103],[-3828105.0760316746,3604668.6576999035],[-3810533.2614605837,3717028.832726434],[-3792374.1324578584,3829360.9228663924],[-3773623.183897546,3941663.8031679117],[-3754275.7345499294,4053936.3209162885],[-3734326.9229571423,4166177.29429625],[-3713771.703118178,4278385.510998939],[-3692604.8399760006,4390559.72677039],[-3670820.904699101,4502698.663898131],[-3648414.269749396,4614801.009632301],[-3625379.103727961,4726865.414537487],[-3601709.365989609,4838890.490771275],[-3577398.8010168783,4950874.810285246],[-3552440.932543441,5062816.902943884],[-3526829.057416471,5174715.254556639],[-3500556.2391868993,5286568.304818035],[-3473615.3014159235,5398374.445150436],[-3445998.820685516,5510132.016443729],[-3417699.119300006,5621839.306685846],[-3388708.257665145,5733494.548477613],[-3359018.026330311,5845095.91642507],[-3328619.9376787585,5956641.52440189],[-3297505.2172500105,6068129.422674105],[-3265664.7946776324,6179557.594878782],[-3233089.294224718,6290923.954847817],[-3199769.0248984797,6402226.343267335],[-3165693.970124332,6513462.524162625],[-3130853.7769587887,6624630.181197823],[-3095237.744819376,6735726.913778804],[-3058834.8137085927,6846750.232947044],[-3021633.5519076884,6957697.557051201],[-2983622.1431147284,7068566.207182451],[-2944788.3730000034,7179353.402358462],[-2905119.615150391,7290056.254439921],[-2864602.81637272,7400671.7627623575],[-2823224.4813245377,7511196.80846477],[-2780970.6564389807,7621628.148495211],[-2737826.913108593,7731962.409272136],[-2693778.3300910266,7842196.079978618],[-2648809.4750975394,7952325.505464989],[-2602904.385523023,8062346.87873358],[-2556046.54827409,8172256.232977293],[-2508218.878649315,8282049.433141578],[-2459403.698223253,8391722.16697713],[-2409582.7116832,8501269.93554812],[-2358736.982564898,8610688.043158004],[-2306846.907830431,8719971.586652108],[-2253892.1912285443,8829115.444052974],[-2199851.815374351,8938114.262480924],[-2144704.0124820382,9046962.445308695],[-2088426.2336806392,9155654.138494747],[-2030995.1168392645,9264183.216035558],[-1972386.4528242962,9372543.264472285],[-1912575.1501070545,9480727.56638199],[-1851535.197636272,9588729.082777847],[-1789239.6258853567,9696540.434336614],[-1725660.4659799733,9804153.88136474],[-1660768.7068068546,9911561.302407142],[-1594534.2500000005,10018754.171394622]]},"properties":{"type":"meridian","value":-45}},
{"type":"Feature","geometry":{"type":"LineString","coordinates":[[-1063022.8333333335,-10018754.171394622],[-1107798.3639767943,-9909280.852917494],[-1151626.665118151,-9799709.573068632],[-1194531.0626051866,-9690044.392101202],[-1236533.9532308124,-9580289.166976526],[-1277656.848908624,-9470447.563568234],[-1317920.4183497468,-9360523.06802774],[-1357344.5264007137,-9250518.997375887],[-1395948.2711907602,-9140438.509380199],[-1433750.0192264807,-9030284.611771943],[-1470767.4385621205,-8920060.170852862],[-1507017.5301648548,-8809767.919537092],[-1542516.6575861652,-8699410.46487013],[-1577280.5750427777,-8588990.295063263],[-1611324.4540035904,-8478509.786078691],[-1644662.9083724634,-8367971.207797846],[-1677310.0183507132,-8257376.729802685],[-1709279.3530575323,-8146728.426797461],[-1740583.99198137,-8036028.283696309],[-1771236.5453304807,-7925278.2003999455],[-1801249.1733463854,-7814479.996283064],[-1830633.604639831,-7703635.41441227],[-1859401.1536049836,-7592746.125512968],[-1887562.7369640104,-7481813.731702146],[-1915128.8894908628,-7370839.770002808],[-1942109.7789599928,-7259825.715654582],[-1968515.2203628435,-7148772.985233963],[-1994354.6894322624,-7037682.939596716],[-2019637.3355125145,-6926556.886654001],[-2044371.9938101978,-6815396.083992954],[-2068567.1970592455,-6704201.74135175],[-2092231.18663113,-6592975.022958365],[-2115371.923119518,-6481717.049741719],[-2137997.096426845,-6370428.901423172],[-2160114.1353786504,-6259111.618495869],[-2181730.2168899504,-6147766.204098867],[-2202852.2747065,-6036393.62579254],[-2223487.0077424417,-5924994.817241288],[-2243640.888034583,-5813570.679809201],[-2263320.1683323616,-5702122.084073911],[-2282530.889341445,-5590649.871263587],[-2301278.886637885,-5479154.854621612],[-2319569.7972687744,-5367637.820703276],[-2337409.066054431,-5256099.530608487],[-2354801.9516062946,-5144540.721154234],[-2371753.532073905,-5032962.105990369],[-2388268.7106335857,-4921364.376661954],[-2404352.2207307373,-4809748.203621313],[-2420008.6310869916,-4698114.237192631],[-2435242.3504828415,-4586463.1084918985],[-2450057.632325768,-4474795.43030468],[-2464458.5790133355,-4363111.79792416],[-2478449.1461002044,-4251412.7899517035],[-2492033.146277517,-4139698.9690620634],[-2505214.2531726225,-4027970.8827352286],[-2517996.0049767178,-3916229.0639567985],[-2530381.807907505,-3804474.031888664],[-2542374.9395136293,-3692706.2925116573],[-2553978.5518272435,-3580926.339241771],[-2565195.6743707308,-3469134.6535214097],[-2576029.217023265,-3357331.705387115],[-2586481.972752571,-3245517.954015068],[-2596556.6202169782,-3133693.8482456547],[-2606255.7262425185,-3021859.827088284],[-2615581.74817963,-2910016.3202075735],[-2624537.036143697,-2798163.7483920055],[-2633123.835143467,-2686302.5240060524],[-2641344.287101129,-2574433.0514267515],[-2649200.4327676147,-2462555.7274656547],[-2656694.213536505,-2350670.9417770184],[-2663827.473159672,-2238779.0772530898],[-2670601.959367651,-2126880.5104072774],[-2677019.3253975087,-2014975.6117459694],[-2683081.13143083,-1903064.7461297421],[-2688788.845944253,-1791148.2731246462],[-2694143.846974844,-1679226.5473442548],[-2699147.4233024274,-1567299.9187831124],[-2703800.775550841,-1455368.733142203],[-2708105.0172099657,-1343433.3321470518],[-2712061.1755801956,-1231494.0538590227],[-2715670.192640928,-1119551.232980383],[-2718932.925844468,-1007605.20115367],[-2721850.148836681,-895656.2872558942],[-2724422.552105537,-783704.8176880872],[-2726650.743558614,-671751.1166606967],[-2728535.2490304885,-559795.5064753166],[-2730076.512720843,-447838.30780323315],[-2731274.8975639823,-335879.8399612559],[-2732130.6855303636,-223920.4211852986],[-2732644.0778606157,-111960.36890216591],[-2732815.195232437,0],[-2732644.0778606157,111960.36890216591],[-2732130.6855303636,223920.4211852986],[-2731274.8975639823,335879.8399612559],[-2730076.512720843,447838.30780323315],[-2728535.2490304885,559795.5064753166],[-2726650.743558614,671751.1166606967],[-2724422.552105537,783704.8176880872],[-2721850.148836681,895656.2872558942],[-2718932.925844468,1007605.20115367],[-2715670.192640928,1119551.232980383],[-2712061.1755801956,1231494.0538590227],[-2708105.0172099657,1343433.3321470518],[-2703800.775550841,1455368.733142203],[-2699147.4233024274,1567299.9187831124],[-2694143.846974844,1679226.5473442548],[-2688788.845944253,1791148.2731246462],[-2683081.13143083,1903064.7461297421],[-2677019.3253975087,2014975.6117459694],[-2670601.959367651,2126880.5104072774],[-2663827.473159672,2238779.0772530898],[-2656694.213536505,2350670.9417770184],[-2649200.4327676147,2462555.7274656547],[-2641344.287101129,2574433.0514267515],[-2633123.835143467,2686302.5240060524],[-2624537.036143697,2798163.7483920055],[-2615581.74817963,2910016.3202075735],[-2606255.7262425185,3021859.827088284],[-2596556.6202169782,3133693.8482456547],[-2586481.972752571,3245517.954015068],[-2576029.217023265,3357331.705387115],[-2565195.6743707308,3469134.6535214097],[-2553978.5518272435,3580926.339241771],[-2542374.9395136293,3692706.2925116573],[-2530381.807907505,3804474.031888664],[-2517996.0049767178,3916229.0639567985],[-2505214.2531726225,4027970.8827352286],[-2492033.146277517,4139698.9690620634],[-2478449.1461002044,4251412.7899517035],[-2464458.5790133355,4363111.79792416],[-2450057.632325768,4474795.43030468],[-2435242.3504828415,4586463.1084918985],[-2420008.6310869916,4698114.237192631],[-2404352.2207307373,4809748.203621313],[-2388268.7106335857,4921364.376661954],[-2371753.532073905,5032962.105990369],[-2354801.9516062946,5144540.721154234],[-2337409.066054431,5256099.530608487],[-2319569.7972687744,5367637.820703276],[-2301278.886637885,5479154.854621612],[-2282530.889341445,5590649.871263587],[-2263320.1683323616,5702122.084073911],[-2243640.888034583,5813570.679809201],[-2223487.0077424417,5924994.817241288],[-2202852.2747065,6036393.62579254],[-2181730.2168899504,6147766.204098867],[-2160114.1353786504,6259111.618495869],[-2137997.096426845,6370428.901423172],[-2115371.923119518,6481717.049741719],[-2092231.18663113,6592975.022958365],[-2068567.1970592455,6704201.74135175],[-2044371.9938101978,6815396.083992954],[-2019637.3355125145,6926556.886654001],[-1994354.6894322624,7037682.939596716],[-1968515.2203628435,7148772.985233963],[-1942109.7789599928,7259825.715654582],[-1915128.8894908628,7370839.770002808],[-1887562.7369640104,7481813.731702146],[-1859401.1536049836,7592746.125512968],[-1830633.604639831,7703635.41441227],[-1801249.1733463854,7814479.996283064],[-1771236.5453304807,7925278.2003999455],[-1740583.99198137,8036028.283696309],[-1709279.3530575323,8146728.426797461],[-1677310.0183507132,8257376.729802685],[-1644662.9083724634,8367971.207797846],[-1611324.4540035904,8478509.786078691],[-1577280.5750427777,8588990.295063263],[-1542516.6575861652,8699410.46487013],[-1507017.5301648548,8809767.919537092],[-1470767.4385621205,8920060.170852862],[-1433750.0192264807,9030284.611771943],[-1395948.2711907602,9140438.509380199],[-1357344.5264007137,9250518.997375887],[-1317920.4183497468,9360523.06802774],[-1277656.848908624,9470447.563568234],[-1236533.9532308124,9580289.166976526],[-1194531.0626051866,9690044.392101202],[-1151626.665118151,9799709.573068632],[-1107798.3639767943,9909280.852917494],[-1063022.8333333335,10018754.171394622]]},"properties":{"type":"meridian","value":-30}},
{"type":"Feature","geometry":{"type":"LineString","coordinates":[[-531511.4166666667,-10018754.171394622],[-554086.0641200057,-9907898.04699499],[-576171.0664661599,-9797017.035276549],[-597779.1238654221,-9686112.193483915],[-618922.4039106754,-9575184.524270115],[-639612.5686954123,-9464234.979088992],[-659860.8002273163,-9353264.461345032],[-679677.8243035607,-9242273.829320256],[-699073.932954745,-9131263.898896],[-718059.0055560082,-9020235.446085911],[-736642.5286961725,-8909189.209394941],[-754833.6148887844,-8798125.892017886],[-772641.0202024948,-8687046.163889877],[-790073.160882372,-8575950.663600069],[-807138.129028365,-8464840.000178926],[-823843.7073922091,-8353714.754768554],[-840197.3833495567,-8242575.48218476],[-856206.3620999642,-8131422.712378834],[-871877.5791435566,-8020256.951806346],[-887217.712079686,-7909078.684709683],[-902233.1917696783,-7797888.374320532],[-916930.2129027884,-7686686.463987967],[-931314.7440017522,-7575473.3782374],[-945392.5369017901,-7464249.523765214],[-959169.1357345942,-7353015.290373562],[-972649.8854466792,-7241771.051849391],[-985839.9398794766,-7130517.166791547],[-998744.2694367293,-7019253.979389435],[-1011367.6683630223,-6907981.820156483],[-1023714.7616557227,-6796701.006621452],[-1035790.011631134,-6685411.843980318],[-1047597.7241643084,-6574114.625711371],[-1059142.0546207237,-6462809.63415586],[-1070427.013496831,-6351497.14106646],[-1081456.4717854313,-6240177.408125594],[-1092234.166080799,-6128850.687435533],[-1102763.7034375528,-6017517.2219820535],[-1113048.5659963898,-5906177.246073318],[-1123092.115388992,-5794830.98575552],[-1132897.5969336533,-5683478.659206714],[-1142468.1436324664,-5572120.477110212],[-1151806.779980257,-5460756.643008743],[-1160916.4255948276,-5349387.353640584],[-1169799.8986775093,-5238012.799258729],[-1178459.9193124676,-5126633.163934132],[-1186899.1126127285,-5015248.625843938],[-1195120.011720394,-4903859.357545655],[-1203125.060668097,-4792465.526238023],[-1210916.6171083283,-4681067.294009427],[-1218496.9549168702,-4569664.81807454],[-1225868.2666762332,-4458258.250999903],[-1233032.6660446203,-4346847.740919082],[-1239992.1900156578,-4235433.431737992],[-1246748.8010738033,-4124015.4633309725],[-1253304.389250079,-4012593.9717281437],[-1259660.7740825007,-3901169.089294524],[-1265819.7064853315,-3789740.9449014133],[-1271782.8705310514,-3678309.6640904546],[-1277551.8851487078,-3566875.3692308194],[-1283128.3057421118,-3455438.179669891],[-1288513.625731139,-3343998.2118778224],[-1293709.2780192143,-3232555.5795863317],[-1298716.636389881,-3121110.3939220496],[-1303537.0168351836,-3009662.7635347587],[-1308171.6788184464,-2898212.794720786],[-1312621.826473871,-2786760.5915418644],[-1316888.6097452396,-2675306.2559397155],[-1320973.1254658692,-2563849.8878466045],[-1324876.4183818484,-2452391.585292116],[-1328599.4821204513,-2340931.444506383],[-1332143.2601055133,-2229469.5600199667],[-1335508.6464214474,-2118006.0247606314],[-1338696.48662747,-2006540.9301471696],[-1341707.5785235032,-1895074.3661805138],[-1344542.672869127,-1783606.4215322747],[-1347202.4740568628,-1672137.183630911],[-1349687.6407409813,-1560666.7387456784],[-1351998.7864229402,-1449195.1720685328],[-1354136.4799944742,-1337722.5677941332],[-1356101.2462392906,-1226249.0091980966],[-1357893.566294234,-1114774.5787136538],[-1359513.8780707202,-1003299.358006836],[-1360962.5766371593,-891823.4280503421],[-1362240.0145630303,-780346.8691962035],[-1363346.5022251867,-668869.7612473888],[-1364282.3080769212,-557392.1835284634],[-1365047.6588802394,-445914.2149554357],[-1365642.7399017457,-334435.93410490395],[-1366067.6950724577,-222957.41928262712],[-1366322.627111835,-111478.74859163618],[-1366407.597616218,0],[-1366322.627111835,111478.74859163618],[-1366067.6950724577,222957.41928262712],[-1365642.7399017457,334435.93410490395],[-1365047.6588802394,445914.2149554357],[-1364282.3080769212,557392.1835284634],[-1363346.5022251867,668869.7612473888],[-1362240.0145630303,780346.8691962035],[-1360962.5766371593,891823.4280503421],[-1359513.8780707202,1003299.358006836],[-1357893.566294234,1114774.5787136538],[-1356101.2462392906,1226249.0091980966],[-1354136.4799944742,1337722.5677941332],[-1351998.7864229402,1449195.1720685328],[-1349687.6407409813,1560666.7387456784],[-1347202.4740568628,1672137.183630911],[-1344542.672869127,1783606.4215322747],[-1341707.5785235032,1895074.3661805138],[-1338696.48662747,2006540.9301471696],[-1335508.6464214474,2118006.0247606314],[-1332143.2601055133,2229469.5600199667],[-1328599.4821204513,2340931.444506383],[-1324876.4183818484,2452391.585292116],[-1320973.1254658692,2563849.8878466045],[-1316888.6097452396,2675306.2559397155],[-1312621.826473871,2786760.5915418644],[-1308171.6788184464,2898212.794720786],[-1303537.0168351836,3009662.7635347587],[-1298716.636389881,3121110.3939220496],[-1293709.2780192143,3232555.5795863317],[-1288513.625731139,3343998.2118778224],[-1283128.3057421118,3455438.179669891],[-1277551.8851487078,3566875.3692308194],[-1271782.8705310514,3678309.6640904546],[-1265819.7064853315,3789740.9449014133],[-1259660.7740825007,3901169.089294524],[-1253304.389250079,4012593.9717281437],[-1246748.8010738033,4124015.4633309725],[-1239992.1900156578,4235433.431737992],[-1233032.6660446203,4346847.740919082],[-1225868.2666762332,4458258.250999903],[-1218496.9549168702,4569664.81807454],[-1210916.6171083283,4681067.294009427],[-1203125.060668097,4792465.526238023],[-1195120.011720394,4903859.357545655],[-1186899.1126127285,5015248.625843938],[-1178459.9193124676,5126633.163934132],[-1169799.8986775093,5238012.799258729],[-1160916.4255948276,5349387.353640584],[-1151806.779980257,5460756.643008743],[-1142468.1436324664,5572120.477110212],[-1132897.5969336533,5683478.659206714],[-1123092.115388992,5794830.98575552],[-1113048.5659963898,5906177.246073318],[-1102763.7034375528,6017517.2219820535],[-1092234.166080799,6128850.687435533],[-1081456.4717854313,6240177.408125594],[-1070427.013496831,6351497.14106646],[-1059142.0546207237,6462809.63415586],[-1047597.7241643084,6574114.625711371],[-1035790.011631134,6685411.843980318],[-1023714.7616557227,6796701.006621452],[-1011367.6683630223,6907981.820156483],[-998744.2694367293,7019253.979389435],[-985839.9398794766,7130517.166791547],[-972649.8854466792,7241771.051849391],[-959169.1357345942,7353015.290373562],[-945392.5369017901,7464249.523765214],[-931314.7440017522,7575473.3782374],[-916930.2129027884,7686686.463987967],[-902233.1917696783,7797888.374320532],[-887217.712079686,7909078.684709683],[-871877.5791435566,8020256.951806346],[-856206.3620999642,8131422.712378834],[-840197.3833495567,8242575.48218476],[-823843.7073922091,8353714.754768554],[-807138.129028365,8464840.000178926],[-790073.160882372,8575950.663600069],[-772641.0202024948,8687046.163889877],[-754833.6148887844,8798125.892017886],[-736642.5286961725,8909189.209394941],[-718059.0055560082,9020235.446085911],[-699073.932954745,9131263.898896],[-679677.8243035607,9242273.829320256],[-659860.8002273163,9353264.461345032],[-639612.5686954123,9464234.979088992],[-618922.4039106754,9575184.524270115],[-597779.1238654221,9686112.193483915],[-576171.0664661599,9797017.035276549],[-554086.0641200057,9907898.04699499],[-531511.4166666667,10018754.171394622]]},"properties":{"type":"meridian","value":-15}},
{"type":"Feature","geometry":{"type":"LineString","coordinates":[[0,-10018754.171394622],[0,-9907434.68060135],[0,-9796115.189808074],[0,-9684795.6990148],[0,-9573476.208221527],[0,-9462156.717428254],[0,-9350837.226634981],[0,-9239517.735841706],[0,-9128198.245048434],[0,-9016878.754255159],[0,-8905559.263461886],[0,-8794239.772668611],[0,-8682920.281875337],[0,-8571600.791082067],[0,-8460281.300288793],[0,-8348961.809495517],[0,-8237642.318702244],[0,-8126322.82790897],[0,-8015003.337115697],[0,-7903683.846322423],[0,-7792364.355529149],[0,-7681044.864735875],[0,-7569725.373942603],[0,-7458405.88314933],[0,-7347086.392356056],[0,-7235766.901562782],[0,-7124447.410769508],[0,-7013127.919976234],[0,-6901808.429182961],[0,-6790488.938389688],[0,-6679169.447596415],[0,-6567849.956803141],[0,-6456530.466009867],[0,-6345210.975216594],[0,-6233891.48442332],[0,-6122571.993630046],[0,-6011252.502836772],[0,-5899933.012043499],[0,-5788613.521250226],[0,-5677294.030456952],[0,-5565974.539663678],[0,-5454655.048870405],[0,-5343335.558077131],[0,-5232016.067283858],[0,-5120696.576490585],[0,-5009377.085697311],[0,-4898057.594904037],[0,-4786738.104110763],[0,-4675418.613317491],[0,-4564099.122524216],[0,-4452779.631730943],[0,-4341460.140937669],[0,-4230140.650144396],[0,-4118821.159351122],[0,-4007501.6685578483],[0,-3896182.1777645745],[0,-3784862.6869713026],[0,-3673543.196178028],[0,-3562223.705384754],[0,-3450904.2145914803],[0,-3339584.723798207],[0,-3228265.2330049337],[0,-3116945.74221166],[0,-3005626.251418386],[0,-2894306.760625113],[0,-2782987.269831839],[0,-2671667.7790385657],[0,-2560348.2882452924],[0,-2449028.7974520186],[0,-2337709.306658745],[0,-2226389.8158654715],[0,-2115070.325072198],[0,-2003750.8342789242],[0,-1892431.3434856513],[0,-1781111.852692377],[0,-1669792.3618991035],[0,-1558472.87110583],[0,-1447153.3803125564],[0,-1335833.8895192828],[0,-1224514.3987260093],[0,-1113194.9079327357],[0,-1001875.4171394621],[0,-890555.9263461885],[0,-779236.435552915],[0,-667916.9447596414],[0,-556597.4539663679],[0,-445277.96317309426],[0,-333958.4723798207],[0,-222638.98158654713],[0,-111319.49079327355],[0,0],[0,111319.49079327355],[0,222638.98158654713],[0,333958.4723798207],[0,445277.96317309426],[0,556597.4539663679],[0,667916.9447596414],[0,779236.435552915],[0,890555.9263461885],[0,1001875.4171394621],[0,1113194.9079327357],[0,1224514.3987260093],[0,1335833.8895192828],[0,1447153.3803125564],[0,1558472.87110583],[0,1669792.3618991035],[0,1781111.852692377],[0,1892431.3434856513],[0,2003750.8342789242],[0,2115070.325072198],[0,2226389.8158654715],[0,2337709.306658745],[0,2449028.7974520186],[0,2560348.2882452924],[0,2671667.7790385657],[0,2782987.269831839],[0,2894306.760625113],[0,3005626.251418386],[0,3116945.74221166],[0,3228265.2330049337],[0,3339584.723798207],[0,3450904.2145914803],[0,3562223.705384754],[0,3673543.196178028],[0,3784862.6869713026],[0,3896182.1777645745],[0,4007501.6685578483],[0,4118821.159351122],[0,4230140.650144396],[0,4341460.140937669],[0,4452779.631730943],[0,4564099.122524216],[0,4675418.613317491],[0,4786738.104110763],[0,4898057.594904037],[0,5009377.085697311],[0,5120696.576490585],[0,5232016.067283858],[0,5343335.558077131],[0,5454655.048870405],[0,5565974.539663678],[0,5677294.030456952],[0,5788613.521250226],[0,5899933.012043499],[0,6011252.502836772],[0,6122571.993630046],[0,6233891.48442332],[0,6345210.975216594],[0,6456530.466009867],[0,6567849.956803141],[0,6679169.447596415],[0,6790488.938389688],[0,6901808.429182961],[0,7013127.919976234],[0,7124447.410769508],[0,7235766.901562782],[0,7347086.392356056],[0,7458405.88314933],[0,7569725.373942603],[0,7681044.864735875],[0,7792364.355529149],[0,7903683.846322423],[0,8015003.337115697],[0,8126322.82790897],[0,8237642.318702244],[0,8348961.809495517],[0,8460281.300288793],[0,8571600.791082067],[0,8682920.281875337],[0,8794239.772668611],[0,8905559.263461886],[0,9016878.754255159],[0,9128198.245048434],[0,9239517.735841706],[0,9350837.226634981],[0,9462156.717428254],[0,9573476.208221527],[0,9684795.6990148],[0,9796115.189808074],[0,9907434.68060135],[0,10018754.171394622]]},"properties":{"type":"meridian","value":0}},
{"type":"Feature","geometry":{"type":"LineString","coordinates":[[531511.4166666667,-10018754.171394622],[554086.0641200057,-9907898.04699499],[576171.0664661599,-9797017.035276549],[597779.1238654221,-9686112.193483915],[618922.4039106754,-9575184.524270115],[639612.5686954123,-9464234.979088992],[659860.8002273163,-9353264.461345032],[679677.8243035607,-9242273.829320256],[699073.932954745,-9131263.898896],[718059.0055560082,-9020235.446085911],[736642.5286961725,-8909189.209394941],[754833.6148887844,-8798125.892017886],[772641.0202024948,-8687046.163889877],[790073.160882372,-8575950.663600069],[807138.129028365,-8464840.000178926],[823843.7073922091,-8353714.754768554],[840197.3833495567,-8242575.48218476],[856206.3620999642,-8131422.712378834],[871877.5791435566,-8020256.951806346],[887217.712079686,-7909078.684709683],[902233.1917696783,-7797888.374320532],[916930.2129027884,-7686686.463987967],[931314.7440017522,-7575473.3782374],[945392.5369017901,-7464249.523765214],[959169.1357345942,-7353015.290373562],[972649.8854466792,-7241771.051849391],[985839.9398794766,-7130517.166791547],[998744.2694367293,-7019253.979389435],[1011367.6683630223,-6907981.820156483],[1023714.7616557227,-6796701.006621452],[1035790.011631134,-6685411.843980318],[1047597.7241643084,-6574114.625711371],[1059142.0546207237,-6462809.63415586],[1070427.013496831,-6351497.14106646],[1081456.4717854313,-6240177.408125594],[1092234.166080799,-6128850.687435533],[1102763.7034375528,-6017517.2219820535],[1113048.5659963898,-5906177.246073318],[1123092.115388992,-5794830.98575552],[1132897.5969336533,-5683478.659206714],[1142468.1436324664,-5572120.477110212],[1151806.779980257,-5460756.643008743],[1160916.4255948276,-5349387.353640584],[1169799.8986775093,-5238012.799258729],[1178459.9193124676,-5126633.163934132],[1186899.1126127285,-5015248.625843938],[1195120.011720394,-4903859.357545655],[1203125.060668097,-4792465.526238023],[1210916.6171083283,-4681067.294009427],[1218496.9549168702,-4569664.81807454],[1225868.2666762332,-4458258.250999903],[1233032.6660446203,-4346847.740919082],[1239992.1900156578,-4235433.431737992],[1246748.8010738033,-4124015.4633309725],[1253304.389250079,-4012593.9717281437],[1259660.7740825007,-3901169.089294524],[1265819.7064853315,-3789740.9449014133],[1271782.8705310514,-3678309.6640904546],[1277551.8851487078,-3566875.3692308194],[1283128.3057421118,-3455438.179669891],[1288513.625731139,-3343998.2118778224],[1293709.2780192143,-3232555.5795863317],[1298716.636389881,-3121110.3939220496],[1303537.0168351836,-3009662.7635347587],[1308171.6788184464,-2898212.794720786],[1312621.826473871,-2786760.5915418644],[1316888.6097452396,-2675306.2559397155],[1320973.1254658692,-2563849.8878466045],[1324876.4183818484,-2452391.585292116],[1328599.4821204513,-2340931.444506383],[1332143.2601055133,-2229469.5600199667],[1335508.6464214474,-2118006.0247606314],[1338696.48662747,-2006540.9301471696],[1341707.5785235032,-1895074.3661805138],[1344542.672869127,-1783606.4215322747],[1347202.4740568628,-1672137.183630911],[1349687.6407409813,-1560666.7387456784],[1351998.7864229402,-1449195.1720685328],[1354136.4799944742,-1337722.5677941332],[1356101.2462392906,-1226249.0091980966],[1357893.566294234,-1114774.5787136538],[1359513.8780707202,-1003299.358006836],[1360962.5766371593,-891823.4280503421],[1362240.0145630303,-780346.8691962035],[1363346.5022251867,-668869.7612473888],[1364282.3080769212,-557392.1835284634],[1365047.6588802394,-445914.2149554357],[1365642.7399017457,-334435.93410490395],[1366067.6950724577,-222957.41928262712],[1366322.627111835,-111478.74859163618],[1366407.597616218,0],[1366322.627111835,111478.74859163618],[1366067.6950724577,222957.41928262712],[1365642.7399017457,334435.93410490395],[1365047.6588802394,445914.2149554357],[1364282.3080769212,557392.1835284634],[1363346.5022251867,668869.7612473888],[1362240.0145630303,780346.8691962035],[1360962.5766371593,891823.4280503421],[1359513.8780707202,1003299.358006836],[1357893.566294234,1114774.5787136538],[1356101.2462392906,1226249.0091980966],[1354136.4799944742,1337722.5677941332],[1351998.7864229402,1449195.1720685328],[1349687.6407409813,1560666.7387456784],[1347202.4740568628,1672137.183630911],[1344542.672869127,1783606.4215322747],[1341707.5785235032,1895074.3661805138],[1338696.48662747,2006540.9301471696],[1335508.6464214474,2118006.0247606314],[1332143.2601055133,2229469.5600199667],[1328599.4821204513,2340931.444506383],[1324876.4183818484,2452391.585292116],[1320973.1254658692,2563849.8878466045],[1316888.6097452396,2675306.2559397155],[1312621.826473871,2786760.5915418644],[1308171.6788184464,2898212.794720786],[1303537.0168351836,3009662.7635347587],[1298716.636389881,3121110.3939220496],[1293709.2780192143,3232555.5795863317],[1288513.625731139,3343998.2118778224],[1283128.3057421118,3455438.179669891],[1277551.8851487078,3566875.3692308194],[1271782.8705310514,3678309.6640904546],[1265819.7064853315,3789740.9449014133],[1259660.7740825007,3901169.089294524],[1253304.389250079,4012593.9717281437],[1246748.8010738033,4124015.4633309725],[1239992.1900156578,4235433.431737992],[1233032.6660446203,4346847.740919082],[1225868.2666762332,4458258.250999903],[1218496.9549168702,4569664.81807454],[1210916.6171083283,4681067.294009427],[1203125.060668097,4792465.526238023],[1195120.011720394,4903859.357545655],[1186899.1126127285,5015248.625843938],[1178459.9193124676,5126633.163934132],[1169799.8986775093,5238012.799258729],[1160916.4255948276,5349387.353640584],[1151806.779980257,5460756.643008743],[1142468.1436324664,5572120.477110212],[1132897.5969336533,5683478.659206714],[1123092.115388992,5794830.98575552],[1113048.5659963898,5906177.246073318],[1102763.7034375528,6017517.2219820535],[1092234.166080799,6128850.687435533],[1081456.4717854313,6240177.408125594],[1070427.013496831,6351497.14106646],[1059142.0546207237,6462809.63415586],[1047597.7241643084,6574114.625711371],[1035790.011631134,6685411.843980318],[1023714.7616557227,6796701.006621452],[1011367.6683630223,6907981.820156483],[998744.2694367293,7019253.979389435],[985839.9398794766,7130517.166791547],[972649.8854466792,7241771.051849391],[959169.1357345942,7353015.290373562],[945392.5369017901,7464249.523765214],[931314.7440017522,7575473.3782374],[916930.2129027884,7686686.463987967],[902233.1917696783,7797888.374320532],[887217.712079686,7909078.684709683],[871877.5791435566,8020256.951806346],[856206.3620999642,8131422.712378834],[840197.3833495567,8242575.48218476],[823843.7073922091,8353714.754768554],[807138.129028365,8464840.000178926],[790073.160882372,8575950.663600069],[772641.0202024948,8687046.163889877],[754833.6148887844,8798125.892017886],[736642.5286961725,8909189.209394941],[718059.0055560082,9020235.446085911],[699073.932954745,9131263.898896],[679677.8243035607,9242273.829320256],[659860.8002273163,9353264.461345032],[639612.5686954123,9464234.979088992],[618922.4039106754,9575184.524270115],[597779.1238654221,9686112.193483915],[576171.0664661599,9797017.035276549],[554086.0641200057,9907898.04699499],[531511.4166666667,10018754.171394622]]},"properties":{"type":"meridian","value":15}},
{"type":"Feature","geometry":{"type":"LineString","coordinates":[[1063022.8333333335,-10018754.171394622],[1107798.3639767943,-9909280.852917494],[1151626.665118151,-9799709.573068632],[1194531.0626051866,-9690044.392101202],[1236533.9532308124,-9580289.166976526],[1277656.848908624,-9470447.563568234],[1317920.4183497468,-9360523.06802774],[1357344.5264007137,-9250518.997375887],[1395948.2711907602,-9140438.509380199],[1433750.0192264807,-9030284.611771943],[1470767.4385621205,-8920060.170852862],[1507017.5301648548,-8809767.919537092],[1542516.6575861652,-8699410.46487013],[1577280.5750427777,-8588990.295063263],[1611324.4540035904,-8478509.786078691],[1644662.9083724634,-8367971.207797846],[1677310.0183507132,-8257376.729802685],[1709279.3530575323,-8146728.426797461],[1740583.99198137,-8036028.283696309],[1771236.5453304807,-7925278.2003999455],[1801249.1733463854,-7814479.996283064],[1830633.604639831,-7703635.41441227],[1859401.1536049836,-7592746.125512968],[1887562.7369640104,-7481813.731702146],[1915128.8894908628,-7370839.770002808],[1942109.7789599928,-7259825.715654582],[1968515.2203628435,-7148772.985233963],[1994354.6894322624,-7037682.939596716],[2019637.3355125145,-6926556.886654001],[2044371.9938101978,-6815396.083992954],[2068567.1970592455,-6704201.74135175],[2092231.18663113,-6592975.022958365],[2115371.923119518,-6481717.049741719],[2137997.096426845,-6370428.901423172],[2160114.1353786504,-6259111.618495869],[2181730.2168899504,-6147766.204098867],[2202852.2747065,-6036393.62579254],[2223487.0077424417,-5924994.817241288],[2243640.888034583,-5813570.679809201],[2263320.1683323616,-5702122.084073911],[2282530.889341445,-5590649.871263587],[2301278.886637885,-5479154.854621612],[2319569.7972687744,-5367637.820703276],[2337409.066054431,-5256099.530608487],[2354801.9516062946,-5144540.721154234],[2371753.532073905,-5032962.105990369],[2388268.7106335857,-4921364.376661954],[2404352.2207307373,-4809748.203621313],[2420008.6310869916,-4698114.237192631],[2435242.3504828415,-4586463.1084918985],[2450057.632325768,-4474795.43030468],[2464458.5790133355,-4363111.79792416],[2478449.1461002044,-4251412.7899517035],[2492033.146277517,-4139698.9690620634],[2505214.2531726225,-4027970.8827352286],[2517996.0049767178,-3916229.0639567985],[2530381.807907505,-3804474.031888664],[2542374.9395136293,-3692706.2925116573],[2553978.5518272435,-3580926.339241771],[2565195.6743707308,-3469134.6535214097],[2576029.217023265,-3357331.705387115],[2586481.972752571,-3245517.954015068],[2596556.6202169782,-3133693.8482456547],[2606255.7262425185,-3021859.827088284],[2615581.74817963,-2910016.3202075735],[2624537.036143697,-2798163.7483920055],[2633123.835143467,-2686302.5240060524],[2641344.287101129,-2574433.0514267515],[2649200.4327676147,-2462555.7274656547],[2656694.213536505,-2350670.9417770184],[2663827.473159672,-2238779.0772530898],[2670601.959367651,-2126880.5104072774],[2677019.3253975087,-2014975.6117459694],[2683081.13143083,-1903064.7461297421],[2688788.845944253,-1791148.2731246462],[2694143.846974844,-1679226.5473442548],[2699147.4233024274,-1567299.9187831124],[2703800.775550841,-1455368.733142203],[2708105.0172099657,-1343433.3321470518],[2712061.1755801956,-1231494.0538590227],[2715670.192640928,-1119551.232980383],[2718932.925844468,-1007605.20115367],[2721850.148836681,-895656.2872558942],[2724422.552105537,-783704.8176880872],[2726650.743558614,-671751.1166606967],[2728535.2490304885,-559795.5064753166],[2730076.512720843,-447838.30780323315],[2731274.8975639823,-335879.8399612559],[2732130.6855303636,-223920.4211852986],[2732644.0778606157,-111960.36890216591],[2732815.195232437,0],[2732644.0778606157,111960.36890216591],[2732130.6855303636,223920.4211852986],[2731274.8975639823,335879.8399612559],[2730076.512720843,447838.30780323315],[2728535.2490304885,559795.5064753166],[2726650.743558614,671751.1166606967],[2724422.552105537,783704.8176880872],[2721850.148836681,895656.2872558942],[2718932.925844468,1007605.20115367],[2715670.192640928,1119551.232980383],[2712061.1755801956,1231494.0538590227],[2708105.0172099657,1343433.3321470518],[2703800.775550841,1455368.733142203],[2699147.4233024274,1567299.9187831124],[2694143.846974844,1679226.5473442548],[2688788.845944253,1791148.2731246462],[2683081.13143083,1903064.7461297421],[2677019.3253975087,2014975.6117459694],[2670601.959367651,2126880.5104072774],[2663827.473159672,2238779.0772530898],[2656694.213536505,2350670.9417770184],[2649200.4327676147,2462555.7274656547],[2641344.287101129,2574433.0514267515],[2633123.835143467,2686302.5240060524],[2624537.036143697,2798163.7483920055],[2615581.74817963,2910016.3202075735],[2606255.7262425185,3021859.827088284],[2596556.6202169782,3133693.8482456547],[2586481.972752571,3245517.954015068],[2576029.217023265,3357331.705387115],[2565195.6743707308,3469134.6535214097],[2553978.5518272435,3580926.339241771],[2542374.9395136293,3692706.2925116573],[2530381.807907505,3804474.031888664],[2517996.0049767178,3916229.0639567985],[2505214.2531726225,4027970.8827352286],[2492033.146277517,4139698.9690620634],[2478449.1461002044,4251412.7899517035],[2464458.5790133355,4363111.79792416],[2450057.632325768,4474795.43030468],[2435242.3504828415,4586463.1084918985],[2420008.6310869916,4698114.237192631],[2404352.2207307373,4809748.203621313],[2388268.7106335857,4921364.376661954],[2371753.532073905,5032962.105990369],[2354801.9516062946,5144540.721154234],[2337409.066054431,5256099.530608487],[2319569.7972687744,5367637.820703276],[2301278.886637885,5479154.854621612],[2282530.889341445,5590649.871263587],[2263320.1683323616,5702122.084073911],[2243640.888034583,5813570.679809201],[2223487.0077424417,5924994.817241288],[2202852.2747065,6036393.62579254],[2181730.2168899504,6147766.204098867],[2160114.1353786504,6259111.618495869],[2137997.096426845,6370428.901423172],[2115371.923119518,6481717.049741719],[2092231.18663113,6592975.022958365],[2068567.1970592455,6704201.74135175],[2044371.9938101978,6815396.083992954],[2019637.3355125145,6926556.886654001],[1994354.6894322624,7037682.939596716],[1968515.2203628435,7148772.985233963],[1942109.7789599928,7259825.715654582],[1915128.8894908628,7370839.770002808],[1887562.7369640104,7481813.731702146],[1859401.1536049836,7592746.125512968],[1830633.604639831,7703635.41441227],[1801249.1733463854,7814479.996283064],[1771236.5453304807,7925278.2003999455],[1740583.99198137,8036028.283696309],[1709279.3530575323,8146728.426797461],[1677310.0183507132,8257376.729802685],[1644662.9083724634,8367971.207797846],[1611324.4540035904,8478509.786078691],[1577280.5750427777,8588990.295063263],[1542516.6575861652,8699410.46487013],[1507017.5301648548,8809767.919537092],[1470767.4385621205,8920060.170852862],[1433750.0192264807,9030284.611771943],[1395948.2711907602,9140438.509380199],[1357344.5264007137,9250518.997375887],[1317920.4183497468,9360523.06802774],[1277656.848908624,9470447.563568234],[1236533.9532308124,9580289.166976526],[1194531.0626051866,9690044.392101202],[1151626.665118151,9799709.573068632],[1107798.3639767943,9909280.852917494],[1063022.8333333335,10018754.171394622]]},"properties":{"type":"meridian","value":30}},
{"type":"Feature","geometry":{"type":"LineString","coordinates":[[1594534.2500000005,-10018754.171394622],[1660768.7068068546,-9911561.302407142],[1725660.4659799733,-9804153.88136474],[1789239.6258853567,-9696540.434336614],[1851535.197636272,-9588729.082777847],[1912575.1501070545,-9480727.56638199],[1972386.4528242962,-9372543.264472285],[2030995.1168392645,-9264183.216035558],[2088426.2336806392,-9155654.138494747],[2144704.0124820382,-9046962.445308695],[2199851.815374351,-8938114.262480924],[2253892.1912285443,-8829115.444052974],[2306846.907830431,-8719971.586652108],[2358736.982564898,-8610688.043158004],[2409582.7116832,-8501269.93554812],[2459403.698223253,-8391722.16697713],[2508218.878649315,-8282049.433141578],[2556046.54827409,-8172256.232977293],[2602904.385523023,-8062346.87873358],[2648809.4750975394,-7952325.505464989],[2693778.3300910266,-7842196.079978618],[2737826.913108593,-7731962.409272136],[2780970.6564389807,-7621628.148495211],[2823224.4813245377,-7511196.80846477],[2864602.81637272,-7400671.7627623575],[2905119.615150391,-7290056.254439921],[2944788.3730000034,-7179353.402358462],[2983622.1431147284,-7068566.207182451],[3021633.5519076884,-6957697.557051201],[3058834.8137085927,-6846750.232947044],[3095237.744819376,-6735726.913778804],[3130853.7769587887,-6624630.181197823],[3165693.970124332,-6513462.524162625],[3199769.0248984797,-6402226.343267335],[3233089.294224718,-6290923.954847817],[3265664.7946776324,-6179557.594878782],[3297505.2172500105,-6068129.422674105],[3328619.9376787585,-5956641.52440189],[3359018.026330311,-5845095.91642507],[3388708.257665145,-5733494.548477613],[3417699.119300006,-5621839.306685846],[3445998.820685516,-5510132.016443729],[3473615.3014159235,-5398374.445150436],[3500556.2391868993,-5286568.304818035],[3526829.057416471,-5174715.254556639],[3552440.932543441,-5062816.902943884],[3577398.8010168783,-4950874.810285246],[3601709.365989609,-4838890.490771275],[3625379.103727961,-4726865.414537487],[3648414.269749396,-4614801.009632301],[3670820.904699101,-4502698.663898131],[3692604.8399760006,-4390559.72677039],[3713771.703118178,-4278385.510998939],[3734326.9229571423,-4166177.29429625],[3754275.7345499294,-4053936.3209162885],[3773623.183897546,-3941663.8031679117],[3792374.1324578584,-3829360.9228663924],[3810533.2614605837,-3717028.832726434],[3828105.0760316746,-3604668.6576999035],[3845093.9091340112,-3492281.4962613103],[3861503.925330935,-3379868.4216439254],[3877339.1243788404,-3267430.483029242],[3892603.3446547315,-3154968.706692394],[3907300.2664242866,-3042484.0971059743],[3921433.4149557445,-2929977.6380045884],[3935006.1634845873,-2817450.293412363],[3948021.7360337744,-2704903.0086355284],[3960483.21009397,-2592336.7112220745],[3972393.51916801,-2479752.3118904154],[3983755.4551835894,-2367150.7054288797],[3994571.670777912,-2254532.771567771],[4004844.6814578627,-2141899.3758256994],[4014576.8676390243,-2029251.3703317475],[4023770.4765666486,-1916589.594625041],[4032427.6241215337,-1803914.876433169],[4040550.296513538,-1691228.0324309005],[4048140.351865294,-1578529.8689805318],[4055199.5216885055,-1465821.1828552014],[4061729.412255031,-1353102.7619464344],[4067731.5058648265,-1240375.3859571435],[4073207.162012604,-1127639.8270812791],[4078157.6184549574,-1014896.8506712834],[4082583.992179531,-902147.215894472],[4086487.280277644,-789391.6763794374],[4089868.3607216827,-676630.9808535437],[4092727.993048372,-563865.8737725599],[4095066.8189489488,-451097.09594345593],[4096885.362767083,-338325.3851413711],[4098184.0319052925,-225551.47672174888],[4098963.1171404193,-112776.10422861938],[4099222.7928486555,0],[4098963.1171404193,112776.10422861938],[4098184.0319052925,225551.47672174888],[4096885.362767083,338325.3851413711],[4095066.8189489488,451097.09594345593],[4092727.993048372,563865.8737725599],[4089868.3607216827,676630.9808535437],[4086487.280277644,789391.6763794374],[4082583.992179531,902147.215894472],[4078157.6184549574,1014896.8506712834],[4073207.162012604,1127639.8270812791],[4067731.5058648265,1240375.3859571435],[4061729.412255031,1353102.7619464344],[4055199.5216885055,1465821.1828552014],[4048140.351865294,1578529.8689805318],[4040550.296513538,1691228.0324309005],[4032427.6241215337,1803914.876433169],[4023770.4765666486,1916589.594625041],[4014576.8676390243,2029251.3703317475],[4004844.6814578627,2141899.3758256994],[3994571.670777912,2254532.771567771],[3983755.4551835894,2367150.7054288797],[3972393.51916801,2479752.3118904154],[3960483.21009397,2592336.7112220745],[3948021.7360337744,2704903.0086355284],[3935006.1634845873,2817450.293412363],[3921433.4149557445,2929977.6380045884],[3907300.2664242866,3042484.0971059743],[3892603.3446547315,3154968.706692394],[3877339.1243788404,3267430.483029242],[3861503.925330935,3379868.4216439254],[3845093.9091340112,3492281.4962613103],[3828105.0760316746,3604668.6576999035],[3810533.2614605837,3717028.832726434],[3792374.1324578584,3829360.9228663924],[3773623.183897546,3941663.8031679117],[3754275.7345499294,4053936.3209162885],[3734326.9229571423,4166177.29429625],[3713771.703118178,4278385.510998939],[3692604.8399760006,4390559.72677039],[3670820.904699101,4502698.663898131],[3648414.269749396,4614801.009632301],[3625379.103727961,4726865.414537487],[3601709.365989609,4838890.490771275],[3577398.8010168783,4950874.810285246],[3552440.932543441,5062816.902943884],[3526829.057416471,5174715.254556639],[3500556.2391868993,5286568.304818035],[3473615.3014159235,5398374.445150436],[3445998.820685516,5510132.016443729],[3417699.119300006,5621839.306685846],[3388708.257665145,5733494.548477613],[3359018.026330311,5845095.91642507],[3328619.9376787585,5956641.52440189],[3297505.2172500105,6068129.422674105],[3265664.7946776324,6179557.594878782],[3233089.294224718,6290923.954847817],[3199769.0248984797,6402226.343267335],[3165693.970124332,6513462.524162625],[3130853.7769587887,6624630.181197823],[3095237.744819376,6735726.913778804],[3058834.8137085927,6846750.232947044],[3021633.5519076884,6957697.557051201],[2983622.1431147284,7068566.207182451],[2944788.3730000034,7179353.402358462],[2905119.615150391,7290056.254439921],[2864602.81637272,7400671.7627623575],[2823224.4813245377,7511196.80846477],[2780970.6564389807,7621628.148495211],[2737826.913108593,7731962.409272136],[2693778.3300910266,7842196.079978618],[2648809.4750975394,7952325.505464989],[2602904.385523023,8062346.87873358],[2556046.54827409,8172256.232977293],[2508218.878649315,8282049.433141578],[2459403.698223253,8391722.16697713],[2409582.7116832,8501269.93554812],[2358736.982564898,8610688.043158004],[2306846.907830431,8719971.586652108],[2253892.1912285443,8829115.444052974],[2199851.815374351,8938114.262480924],[2144704.0124820382,9046962.445308695],[2088426.2336806392,9155654.138494747],[2030995.1168392645,9264183.216035558],[1972386.4528242962,9372543.264472285],[1912575.1501070545,9480727.56638199],[1851535.197636272,9588729.082777847],[1789239.6258853567,9696540.434336614],[1725660.4659799733,9804153.88136474],[1660768.7068068546,9911561.302407142],[1594534.2500000005,10018754.171394622]]},"properties":{"type":"meridian","value":45}},
{"type":"Feature","geometry":{"type":"LineString","coordinates":[[2126045.666666667,-10018754.171394622],[2212639.9995610835,-9914703.349263009],[2297584.439571123,-9810285.34363658],[2380910.7781580403,-9705513.878807383],[2462649.8421317446,-9600402.078052549],[2542831.5229014414,-9494962.494528776],[2621484.805010805,-9389207.140409628],[2698637.7939409614,-9283147.514373632],[2774317.7431702027,-9176794.627544617],[2848551.0804841826,-9070159.027978837],[2921363.4335345337,-8963250.823787631],[2992779.6546473987,-8856079.704978544],[3062823.8448863775,-8748654.964092493],[3131519.377376979,-8640985.51570972],[3198888.9199018143,-8533079.914892497],[3264954.456777516,-8424946.374628248],[3329737.3100259234,-8316592.782332795],[3393258.1598531944,-8208026.715469455],[3455537.0644515175,-8099255.456336401],[3516593.479138841,-7990286.006071221],[3576446.2748525776,-7881125.097918615],[3635113.75601371,-7771779.20980429],[3692613.6777779497,-7662254.576255353],[3748963.2626907923,-7552557.199705098],[3804179.2167633516,-7442692.861217616],[3858277.7449858566,-7332667.13066555],[3911274.566295556,-7222485.376392246],[3963184.9280156447,-7112152.774387594],[4014023.619781595,-7001674.317005124],[4063804.9869710235,-6891054.821246198],[4112542.9436529153,-6780298.936635613],[4160250.9850717336,-6669411.152711427],[4206942.19968155,-6558395.806150464],[4252629.280745005,-6447257.087549724],[4297324.537511492,-6335999.047882615],[4341039.905988605,-6224625.604647917],[4383786.959320445,-6113140.547728264],[4425576.917786002,-6001547.544973967],[4466420.658430445,-5889850.147527107],[4506328.724341676,-5778051.794899903],[4545311.333584189,-5666155.819820626],[4583378.387801806,-5554165.452859503],[4620539.480500486,-5442083.826846409],[4656803.905022031,-5329913.98109141],[4692180.662219106,-5217658.865418673],[4726678.467841614,-5105321.344023602],[4760305.759644103,-4992904.199162568],[4793070.704223543,-4880410.134684034],[4824981.203596398,-4767841.779409437],[4856044.901523643,-4655201.690371724],[4886269.189592003,-4542492.355918974],[4915661.213059358,-4429716.198690201],[4944227.87647197,-4316875.578470021],[4971975.849060866,-4203972.794928495],[4998911.569924385,-4091010.0902521918],[5025041.253003673,-3977989.6516721374],[5050370.8918575505,-3864913.6138940505],[5074906.264242961,-3751784.061436008],[5098652.936506917,-3638603.03087841],[5121616.267795614,-3525372.5130308415],[5143801.414086133,-3412094.4550202726],[5165213.332045895,-3298770.7623047545],[5185856.782724837,-3185403.300616595],[5205736.335085003,-3071993.897838844],[5224856.3693720605,-2958544.3458186546],[5243221.080333039,-2845056.402121025],[5260834.480284337,-2731531.7917261845],[5277700.402033927,-2617972.2086737943],[5293822.501661393,-2504379.317656967],[5309204.261159346,-2390754.7555689956],[5323848.990939498,-2277100.1330055594],[5337759.832206553,-2163417.035725057],[5350939.759202864,-2049707.0260696174],[5363391.58132668,-1935971.6443492416],[5375117.945126581,-1822212.4101914258],[5386121.336174606,-1708430.8238585556],[5396404.080820371,-1594628.36753525],[5405968.347828366,-1480806.5065877868],[5414816.149900423,-1366966.690797666],[5422949.345085258,-1253110.3555712916],[5430369.6380767785,-1139238.923127717],[5437078.581402816,-1025353.8036663344],[5443077.576505647,-911456.3965163322],[5448367.874715714,-797548.0912697284],[5452950.578119672,-683630.268899712],[5456826.640323853,-569704.3028660271],[5459996.867114066,-455771.56020907324],[5462461.917012531,-341833.4026343885],[5464222.301732648,-227891.1875891508],[5465278.386532118,-113946.26933231684],[5465630.390464874,0],[5465278.386532118,113946.26933231684],[5464222.301732648,227891.1875891508],[5462461.917012531,341833.4026343885],[5459996.867114066,455771.56020907324],[5456826.640323853,569704.3028660271],[5452950.578119672,683630.268899712],[5448367.874715714,797548.0912697284],[5443077.576505647,911456.3965163322],[5437078.581402816,1025353.8036663344],[5430369.6380767785,1139238.923127717],[5422949.345085258,1253110.3555712916],[5414816.149900423,1366966.690797666],[5405968.347828366,1480806.5065877868],[5396404.080820371,1594628.36753525],[5386121.336174606,1708430.8238585556],[5375117.945126581,1822212.4101914258],[5363391.58132668,1935971.6443492416],[5350939.759202864,2049707.0260696174],[5337759.832206553,2163417.035725057],[5323848.990939498,2277100.1330055594],[5309204.261159346,2390754.7555689956],[5293822.501661393,2504379.317656967],[5277700.402033927,2617972.2086737943],[5260834.480284337,2731531.7917261845],[5243221.080333039,2845056.402121025],[5224856.3693720605,2958544.3458186546],[5205736.335085003,3071993.897838844],[5185856.782724837,3185403.300616595],[5165213.332045895,3298770.7623047545],[5143801.414086133,3412094.4550202726],[5121616.267795614,3525372.5130308415],[5098652.936506917,3638603.03087841],[5074906.264242961,3751784.061436008],[5050370.8918575505,3864913.6138940505],[5025041.253003673,3977989.6516721374],[4998911.569924385,4091010.0902521918],[4971975.849060866,4203972.794928495],[4944227.87647197,4316875.578470021],[4915661.213059358,4429716.198690201],[4886269.189592003,4542492.355918974],[4856044.901523643,4655201.690371724],[4824981.203596398,4767841.779409437],[4793070.704223543,4880410.134684034],[4760305.759644103,4992904.199162568],[4726678.467841614,5105321.344023602],[4692180.662219106,5217658.865418673],[4656803.905022031,5329913.98109141],[4620539.480500486,5442083.826846409],[4583378.387801806,5554165.452859503],[4545311.333584189,5666155.819820626],[4506328.724341676,5778051.794899903],[4466420.658430445,5889850.147527107],[4425576.917786002,6001547.544973967],[4383786.959320445,6113140.547728264],[4341039.905988605,6224625.604647917],[4297324.537511492,6335999.047882615],[4252629.280745005,6447257.087549724],[4206942.19968155,6558395.806150464],[4160250.9850717336,6669411.152711427],[4112542.9436529153,6780298.936635613],[4063804.9869710235,6891054.821246198],[4014023.619781595,7001674.317005124],[3963184.9280156447,7112152.774387594],[3911274.566295556,7222485.376392246],[3858277.7449858566,7332667.13066555],[3804179.2167633516,7442692.861217616],[3748963.2626907923,7552557.199705098],[3692613.6777779497,7662254.576255353],[3635113.75601371,7771779.20980429],[3576446.2748525776,7881125.097918615],[3516593.479138841,7990286.006071221],[3455537.0644515175,8099255.456336401],[3393258.1598531944,8208026.715469455],[3329737.3100259234,8316592.782332795],[3264954.456777516,8424946.374628248],[3198888.9199018143,8533079.914892497],[3131519.377376979,8640985.51570972],[3062823.8448863775,8748654.964092493],[2992779.6546473987,8856079.704978544],[2921363.4335345337,8963250.823787631],[2848551.0804841826,9070159.027978837],[2774317.7431702027,9176794.627544617],[2698637.7939409614,9283147.514373632],[2621484.805010805,9389207.140409628],[2542831.5229014414,9494962.494528776],[2462649.8421317446,9600402.078052549],[2380910.7781580403,9705513.878807383],[2297584.439571123,9810285.34363658],[2212639.9995610835,9914703.349263009],[2126045.666666667,10018754.171394622]]},"properties":{"type":"meridian","value":60}},
{"type":"Feature","geometry":{"type":"LineString","coordinates":[[2657557.083333334,-10018754.171394622],[2763071.6883308725,-9918657.121092143],[2866738.0605402733,-9818014.050604431],[2968584.1142588533,-9716843.739034245],[3068637.1738293106,-9615164.232006669],[3166923.976303016,-9512992.874404564],[3263470.67513954,-9410346.341572693],[3358302.844813434,-9307240.669060914],[3451445.4862115406,-9203691.280974379],[3542923.0327153797,-9099713.016995886],[3632759.3568733614,-8995320.158143125],[3720977.777576918,-8890526.45132086],[3807601.0676631154,-8785345.132725602],[3892651.461874031,-8679788.950157866],[3976150.6651102053,-8573870.184294675],[4058119.860921865,-8467600.668972598],[4138579.7201874033,-8360991.810529355],[4217550.409933897,-8254054.606249805],[4295051.602259193,-8146799.661959983],[4371102.483319481,-8039237.208810828],[4445721.762350152,-7931377.11929121],[4518927.68069138,-7823228.922508062],[4590738.020793035,-7714801.818769476],[4661170.115176508,-7606104.693504998],[4730240.855333674,-7497146.130555608],[4797966.700545576,-7387934.424864306],[4864363.686605652,-7278477.594596726],[4929447.434434201,-7168783.392719681],[4993233.158572633,-7058859.318064267],[5055735.675547541,-6948712.625898682],[5116969.412096186,-6838350.338034853],[5176948.413246128,-6727779.252491579],[5235686.350243059,-6617005.952735897],[5293196.5283217775,-6506036.816523254],[5349491.894316277,-6394878.024356018],[5404585.044105722,-6283535.567578928],[5458488.2298938185,-6172015.256129147],[5511213.367319751,-6060322.725957678],[5562772.042399472,-5948463.446138112],[5613175.518296622,-5836442.725677846],[5662434.741922831,-5724265.720046211],[5710560.350367575,-5611937.437433164],[5757562.677158089,-5499462.74475161],[5803451.758350187,-5386846.373395722],[5848237.338451077,-5274092.924767033],[5891928.876175537,-5161206.875579514],[5934535.550036959,-5048192.5829543155],[5976066.263775031,-4935054.289314295],[6016529.651621866,-4821796.127088009],[6055934.083408612,-4708422.123232369],[6094287.669514602,-4594936.20358271],[6131598.265661222,-4481342.197038641],[6167873.477552716,-4367643.8395936005],[6203120.665366216,-4253844.778215737],[6237346.948093316,-4139948.5745873265],[6270559.207735469,-4025958.708709619],[6302764.093355608,-3911878.5823797234],[6333968.024988274,-3797711.5225457978],[6364177.197410595,-3683460.7845465634],[6393397.583776411,-3569129.5552408705],[6421634.939115826,-3454720.956032815],[6448894.803702417,-3340238.0457976474],[6475182.506290316,-3225683.823713498],[6500503.167223297,-3111061.2320037517],[6524861.701418022,-2996373.158594645],[6548262.821223436,-2881622.4396925443],[6570711.039158387,-2766811.8622851367],[6592210.6705293385,-2651944.166570603],[6612765.835930099,-2537022.048318702],[6632380.46362538,-2422048.1611675294],[6651058.291819892,-2307025.118859579],[6668802.8708147155,-2191955.497420606],[6685617.565052504,-2076841.8372846667],[6701505.555053096,-1961686.6453685875],[6716469.839240987,-1846492.3970990137],[6730513.2356660515,-1731261.538395096],[6743638.383618868,-1615996.4876097487],[6755847.74514185,-1500699.6374323657],[6767143.606437397,-1385373.3567557666],[6777528.0791741405,-1270019.9925100864],[6787003.101692321,-1154641.8714662502],[6795570.44010924,-1039241.3020116038],[6803231.689325665,-923820.5759002252],[6809988.273933967,-808381.9699803772],[6815841.449028751,-692927.7479015248],[6820792.30092057,-577460.1618032841],[6824841.747753358,-461981.45398865413],[6827990.540025999,-346493.85858382424],[6830239.261018529,-230999.60318684415],[6831588.327123258,-115500.91050740979],[6832037.988081092,0],[6831588.327123258,115500.91050740979],[6830239.261018529,230999.60318684415],[6827990.540025999,346493.85858382424],[6824841.747753358,461981.45398865413],[6820792.30092057,577460.1618032841],[6815841.449028751,692927.7479015248],[6809988.273933967,808381.9699803772],[6803231.689325665,923820.5759002252],[6795570.44010924,1039241.3020116038],[6787003.101692321,1154641.8714662502],[6777528.0791741405,1270019.9925100864],[6767143.606437397,1385373.3567557666],[6755847.74514185,1500699.6374323657],[6743638.383618868,1615996.4876097487],[6730513.2356660515,1731261.538395096],[6716469.839240987,1846492.3970990137],[6701505.555053096,1961686.6453685875],[6685617.565052504,2076841.8372846667],[6668802.8708147155,2191955.497420606],[6651058.291819892,2307025.118859579],[6632380.46362538,2422048.1611675294],[6612765.835930099,2537022.048318702],[6592210.6705293385,2651944.166570603],[6570711.039158387,2766811.8622851367],[6548262.821223436,2881622.4396925443],[6524861.701418022,2996373.158594645],[6500503.167223297,3111061.2320037517],[6475182.506290316,3225683.823713498],[6448894.803702417,3340238.0457976474],[6421634.939115826,3454720.956032815],[6393397.583776411,3569129.5552408705],[6364177.197410595,3683460.7845465634],[6333968.024988274,3797711.5225457978],[6302764.093355608,3911878.5823797234],[6270559.207735469,4025958.708709619],[6237346.948093316,4139948.5745873265],[6203120.665366216,4253844.778215737],[6167873.477552716,4367643.8395936005],[6131598.265661222,4481342.197038641],[6094287.669514602,4594936.20358271],[6055934.083408612,4708422.123232369],[6016529.651621866,4821796.127088009],[5976066.263775031,4935054.289314295],[5934535.550036959,5048192.5829543155],[5891928.876175537,5161206.875579514],[5848237.338451077,5274092.924767033],[5803451.758350187,5386846.373395722],[5757562.677158089,5499462.74475161],[5710560.350367575,5611937.437433164],[5662434.741922831,5724265.720046211],[5613175.518296622,5836442.725677846],[5562772.042399472,5948463.446138112],[5511213.367319751,6060322.725957678],[5458488.2298938185,6172015.256129147],[5404585.044105722,6283535.567578928],[5349491.894316277,6394878.024356018],[5293196.5283217775,6506036.816523254],[5235686.350243059,6617005.952735897],[5176948.413246128,6727779.252491579],[5116969.412096186,6838350.338034853],[5055735.675547541,6948712.625898682],[4993233.158572633,7058859.318064267],[4929447.434434201,7168783.392719681],[4864363.686605652,7278477.594596726],[4797966.700545576,7387934.424864306],[4730240.855333674,7497146.130555608],[4661170.115176508,7606104.693504998],[4590738.020793035,7714801.818769476],[4518927.68069138,7823228.922508062],[4445721.762350152,7931377.11929121],[4371102.483319481,8039237.208810828],[4295051.602259193,8146799.661959983],[4217550.409933897,8254054.606249805],[4138579.7201874033,8360991.810529355],[4058119.860921865,8467600.668972598],[3976150.6651102053,8573870.184294675],[3892651.461874031,8679788.950157866],[3807601.0676631154,8785345.132725602],[3720977.777576918,8890526.45132086],[3632759.3568733614,8995320.158143125],[3542923.0327153797,9099713.016995886],[3451445.4862115406,9203691.280974379],[3358302.844813434,9307240.669060914],[3263470.67513954,9410346.341572693],[3166923.976303016,9512992.874404564],[3068637.1738293106,9615164.232006669],[2968584.1142588533,9716843.739034245],[2866738.0605402733,9818014.050604431],[2763071.6883308725,9918657.121092143],[2657557.083333334,10018754.171394622]]},"properties":{"type":"meridian","value":75}},
{"type":"Feature","geometry":{"type":"LineString","coordinates":[[3189068.500000001,-10018754.171394622],[3311745.059203874,-9923359.519371606],[3432497.551317149,-9827225.406192977],[3551344.7711792574,-9730374.625442328],[3668305.4564330955,-9632829.213809827],[3783398.2625122713,-9534610.478151418],[3896641.739932339,-9435739.021696733],[4008054.3137161126,-9336234.76941627],[4117654.264794367,-9236116.992560536],[4225459.7132338295,-9135404.332385655],[4331488.603154333,-9034114.823081402],[4435758.689206376,-8932265.91391879],[4538287.52448909,-8829874.49063538],[4639092.449796942,-8726956.896077195],[4738190.584091138,-8623528.950116659],[4835598.816099016,-8519605.968866488],[4931333.7969514495,-8415202.78320964],[5025411.933774649,-8310333.7566655995],[5117849.384158633,-8205012.802613344],[5208662.051430235,-8099253.40089123],[5297865.580663622,-7993068.61379396],[5385475.355366151,-7886471.101486511],[5471506.494781864,-7779473.136854735],[5555973.851759156,-7672086.61981197],[5638892.011132985,-7564323.091080634],[5720275.28857569,-7456193.745467483],[5800137.729873839,-7347709.44465069],[5878493.110591689,-7238880.72949654],[5955354.936084758,-7129717.83192309],[6030736.441829746,-7020230.686327624],[6104650.594039581,-6910428.940594333],[6177110.090534698,-6800321.966698135],[6248127.3618438775,-6689918.87092009],[6317714.572509968,-6579228.503689376],[6385883.622577733,-6468259.469066345],[6452646.149242805,-6357020.133880671],[6518013.528642354,-6245518.6365381805],[6581996.877769559,-6133762.895509471],[6644607.056495442,-6021760.617512998],[6705854.669682837,-5909519.3054048335],[6765750.069378509,-5797046.265786939],[6824303.35707058,-5684348.616345313],[6881524.385999376,-5571433.292928987],[6937422.763510845,-5458307.056380474],[6992007.853442531,-5344976.499127857],[7045288.778532914,-5231448.051548355],[7097274.4228457,-5117727.988112824],[7147973.434201349,-5003822.433320324],[7197394.226608733,-4889737.36743153],[7245544.982690487,-4775478.632009464],[7292433.656096085,-4661051.93527567],[7338067.973897278,-4546462.857289703],[7382455.438960899,-4431716.854959473],[7425603.332294566,-4316819.266889737],[7467518.715361166,-4201775.318075743],[7508208.432358372,-4086590.124448773],[7547679.112459819,-3971268.6972801196],[7585937.172014818,-3855815.947449724],[7622988.816703855,-3740236.689585575],[7658840.043647322,-3624535.6460796553],[7693496.643465179,-3508717.4509860747],[7726964.202285503,-3392786.653806818],[7759248.103700073,-3276747.723170337],[7790353.530665251,-3160605.050408036],[7820285.467346766,-3044362.953033558],[7849048.700906935,-2928025.67812956],[7876647.823233207,-2811597.4056465584],[7903087.232606922,-2695082.251618267],[7928371.135311291,-2578484.2712976835],[7952503.547177848,-2461807.462218085],[7975488.295070506,-2345055.767182931],[7997329.018306627,-2228233.0771885877],[8018029.170014523,-2111343.234283641],[8037592.018426833,-1994390.0343684815],[8056020.648109348,-1877377.229938733],[8073317.961124932,-1760308.5327760186],[8089486.67813214,-1643187.6165894384],[8104529.339418269,-1526018.119611083],[8118448.305866616,-1408803.6471488157],[8131245.759857676,-1291547.7740994797],[8142923.706104143,-1174254.0474256303],[8153483.972419534,-1056925.988598826],[8162928.210420317,-939567.0960124593],[8171257.896161426,-822180.847367052],[8178474.330705077,-704770.702030901],[8184578.640622821,-587340.103378915],[8189571.778430745,-469892.4811124448],[8193454.522957809,-352431.2535628834],[8196227.479647243,-234959.82998178052],[8197891.080791018,-117481.61282019649],[8198445.585697311,0],[8197891.080791018,117481.61282019649],[8196227.479647243,234959.82998178052],[8193454.522957809,352431.2535628834],[8189571.778430745,469892.4811124448],[8184578.640622821,587340.103378915],[8178474.330705077,704770.702030901],[8171257.896161426,822180.847367052],[8162928.210420317,939567.0960124593],[8153483.972419534,1056925.988598826],[8142923.706104143,1174254.0474256303],[8131245.759857676,1291547.7740994797],[8118448.305866616,1408803.6471488157],[8104529.339418269,1526018.119611083],[8089486.67813214,1643187.6165894384],[8073317.961124932,1760308.5327760186],[8056020.648109348,1877377.229938733],[8037592.018426833,1994390.0343684815],[8018029.170014523,2111343.234283641],[7997329.018306627,2228233.0771885877],[7975488.295070506,2345055.767182931],[7952503.547177848,2461807.462218085],[7928371.135311291,2578484.2712976835],[7903087.232606922,2695082.251618267],[7876647.823233207,2811597.4056465584],[7849048.700906935,2928025.67812956],[7820285.467346766,3044362.953033558],[7790353.530665251,3160605.050408036],[7759248.103700073,3276747.723170337],[7726964.202285503,3392786.653806818],[7693496.643465179,3508717.4509860747],[7658840.043647322,3624535.6460796553],[7622988.816703855,3740236.689585575],[7585937.172014818,3855815.947449724],[7547679.112459819,3971268.6972801196],[7508208.432358372,4086590.124448773],[7467518.715361166,4201775.318075743],[7425603.332294566,4316819.266889737],[7382455.438960899,4431716.854959473],[7338067.973897278,4546462.857289703],[7292433.656096085,4661051.93527567],[7245544.982690487,4775478.632009464],[7197394.226608733,4889737.36743153],[7147973.434201349,5003822.433320324],[7097274.4228457,5117727.988112824],[7045288.778532914,5231448.051548355],[6992007.853442531,5344976.499127857],[6937422.763510845,5458307.056380474],[6881524.385999376,5571433.292928987],[6824303.35707058,5684348.616345313],[6765750.069378509,5797046.265786939],[6705854.669682837,5909519.3054048335],[6644607.056495442,6021760.617512998],[6581996.877769559,6133762.895509471],[6518013.528642354,6245518.6365381805],[6452646.149242805,6357020.133880671],[6385883.622577733,6468259.469066345],[6317714.572509968,6579228.503689376],[6248127.3618438775,6689918.87092009],[6177110.090534698,6800321.966698135],[6104650.594039581,6910428.940594333],[6030736.441829746,7020230.686327624],[5955354.936084758,7129717.83192309],[5878493.110591689,7238880.72949654],[5800137.729873839,7347709.44465069],[5720275.28857569,7456193.745467483],[5638892.011132985,7564323.091080634],[5555973.851759156,7672086.61981197],[5471506.494781864,7779473.136854735],[5385475.355366151,7886471.101486511],[5297865.580663622,7993068.61379396],[5208662.051430235,8099253.40089123],[5117849.384158633,8205012.802613344],[5025411.933774649,8310333.7566655995],[4931333.7969514495,8415202.78320964],[4835598.816099016,8519605.968866488],[4738190.584091138,8623528.950116659],[4639092.449796942,8726956.896077195],[4538287.52448909,8829874.49063538],[4435758.689206376,8932265.91391879],[4331488.603154333,9034114.823081402],[4225459.7132338295,9135404.332385655],[4117654.264794367,9236116.992560536],[4008054.3137161126,9336234.76941627],[3896641.739932339,9435739.021696733],[3783398.2625122713,9534610.478151418],[3668305.4564330955,9632829.213809827],[3551344.7711792574,9730374.625442328],[3432497.551317149,9827225.406192977],[3311745.059203874,9923359.519371606],[3189068.500000001,10018754.171394622]]},"properties":{"type":"meridian","value":90}},
{"type":"Feature","geometry":{"type":"LineString","coordinates":[[3720579.9166666674,-10018754.171394622],[3858368.344747478,-9928735.00078881],[3994285.139712993,-9837780.977888875],[4128335.8513994445,-9745917.08282426],[4260526.5262640705,-9653167.643224476],[4390863.663610113,-9559556.349644369],[4519354.174356082,-9465106.270974765],[4646005.342223326,-9369839.869799826],[4770824.787220426,-9273779.017666707],[4893820.43130753,-9176945.010237165],[5015000.466128248,-9079358.582294244],[5134373.322701306,-8981039.922580605],[5251947.642968595,-8882008.68844796],[5367732.253100692,-8782284.020300018],[5481736.138465247,-8681884.555813693],[5593968.420167861,-8580828.44392577],[5704438.333079219,-8479133.358574191],[5813155.205266274,-8376816.512185149],[5920128.438749093,-8273894.668898774],[6025367.491508869,-8170384.157527822],[6128881.860676129,-8066300.8842451535],[6230681.066831723,-7961660.344997057],[6330774.639356576,-7856477.637640567],[6429172.1027693935,-7750767.473804023],[6525882.96399462,-7644544.190470907],[6620916.700505977,-7537821.761287898],[6714282.749293724,-7430613.807598767],[6805990.496606521,-7322933.609206315],[6896049.268421382,-7214794.114865234],[6984468.32159773,-7106207.95250909],[7071256.835673849,-6997187.439215238],[7156423.905266401,-6887744.5909116715],[7239978.533035734,-6777891.13183027],[7321929.623181786,-6667638.503711064],[7402285.975437364,-6556997.874762447],[7481056.279527359,-6445980.148382375],[7558249.110064275,-6334595.971645841],[7633872.921852063,-6222855.743563934],[7707936.045571862,-6110769.62311996],[7780446.683824725,-5998347.537088134],[7851412.907507854,-5885599.187640422],[7920842.652502143,-5772534.059747119],[7988743.716650186,-5659161.428376762],[8055123.757005039,-5545490.365500995],[8119990.287331207,-5431529.746909952],[8183350.6758403545,-5317288.258843695],[8245212.143145321,-5202774.404445239],[8305581.760416917,-5087996.510040597],[8364466.447728919,-4972962.731251223],[8421872.972577557,-4857681.058944231],[8477807.948562535,-4742159.325025589],[8532277.834217466,-4626405.208081507],[8585288.93197828,-4510426.238873093],[8636847.387278823,-4394229.805689311],[8686959.18776361,-4277823.159563152],[8735630.162608175,-4161213.419355885],[8782865.981938079,-4044407.576714115],[8828672.156338274,-3927412.500904324],[8873054.036444861,-3810234.9435294815],[8916016.812611898,-3692881.543132179],[8957565.514646294,-3575358.8296887223],[8997705.011604298,-3457673.228998454],[9036440.01164349,-3339831.06697255],[9073775.061924484,-3221838.5738264234],[9109714.548557075,-3103701.8881797753],[9144262.696585726,-2985427.061068276],[9177423.570009744,-2867020.059870754],[9209201.071833724,-2748486.7721557217],[9239598.94414414,-2629833.0094509507],[9268620.76820828,-2511064.5109397853],[9296269.964591894,-2392186.947087763],[9322549.79329224,-2273205.9232030874],[9347463.35388341,-2154126.9829343976],[9371013.585671054,-2034955.6117092418],[9393203.267853761,-1915697.240116577],[9414035.019688675,-1796357.247236598],[9433511.300658988,-1676940.963921099],[9451634.410641192,-1557453.6760275546],[9468406.490070142,-1437900.627610044],[9483829.5201001,-1318287.0240701034],[9497905.322760137,-1198618.0352705382],[9510635.561102381,-1078898.7986152004],[9522021.739341756,-959134.422097698],[9532065.202985976,-839329.9873219563],[9540767.138954718,-719490.5524975437],[9548128.575686995,-599621.1554126265],[9554150.383235898,-479726.81638740445],[9558833.27334995,-359812.5412108562],[9562177.799540512,-239883.3240636008],[9564184.357134718,-119944.15042967456],[9564853.183313528,0],[9564184.357134718,119944.15042967456],[9562177.799540512,239883.3240636008],[9558833.27334995,359812.5412108562],[9554150.383235898,479726.81638740445],[9548128.575686995,599621.1554126265],[9540767.138954718,719490.5524975437],[9532065.202985976,839329.9873219563],[9522021.739341756,959134.422097698],[9510635.561102381,1078898.7986152004],[9497905.322760137,1198618.0352705382],[9483829.5201001,1318287.0240701034],[9468406.490070142,1437900.627610044],[9451634.410641192,1557453.6760275546],[9433511.300658988,1676940.963921099],[9414035.019688675,1796357.247236598],[9393203.267853761,1915697.240116577],[9371013.585671054,2034955.6117092418],[9347463.35388341,2154126.9829343976],[9322549.79329224,2273205.9232030874],[9296269.964591894,2392186.947087763],[9268620.76820828,2511064.5109397853],[9239598.94414414,2629833.0094509507],[9209201.071833724,2748486.7721557217],[9177423.570009744,2867020.059870754],[9144262.696585726,2985427.061068276],[9109714.548557075,3103701.8881797753],[9073775.061924484,3221838.5738264234],[9036440.01164349,3339831.06697255],[8997705.011604298,3457673.228998454],[8957565.514646294,3575358.8296887223],[8916016.812611898,3692881.543132179],[8873054.036444861,3810234.9435294815],[8828672.156338274,3927412.500904324],[8782865.981938079,4044407.576714115],[8735630.162608175,4161213.419355885],[8686959.18776361,4277823.159563152],[8636847.387278823,4394229.805689311],[8585288.93197828,4510426.238873093],[8532277.834217466,4626405.208081507],[8477807.948562535,4742159.325025589],[8421872.972577557,4857681.058944231],[8364466.447728919,4972962.731251223],[8305581.760416917,5087996.510040597],[8245212.143145321,5202774.404445239],[8183350.6758403545,5317288.258843695],[8119990.287331207,5431529.746909952],[8055123.757005039,5545490.365500995],[7988743.716650186,5659161.428376762],[7920842.652502143,5772534.059747119],[7851412.907507854,5885599.187640422],[7780446.683824725,5998347.537088134],[7707936.045571862,6110769.62311996],[7633872.921852063,6222855.743563934],[7558249.110064275,6334595.971645841],[7481056.279527359,6445980.148382375],[7402285.975437364,6556997.874762447],[7321929.623181786,6667638.503711064],[7239978.533035734,6777891.13183027],[7156423.905266401,6887744.5909116715],[7071256.835673849,6997187.439215238],[6984468.32159773,7106207.95250909],[6896049.268421382,7214794.114865234],[6805990.496606521,7322933.609206315],[6714282.749293724,7430613.807598767],[6620916.700505977,7537821.761287898],[6525882.96399462,7644544.190470907],[6429172.1027693935,7750767.473804023],[6330774.639356576,7856477.637640567],[6230681.066831723,7961660.344997057],[6128881.860676129,8066300.8842451535],[6025367.491508869,8170384.157527822],[5920128.438749093,8273894.668898774],[5813155.205266274,8376816.512185149],[5704438.333079219,8479133.358574191],[5593968.420167861,8580828.44392577],[5481736.138465247,8681884.555813693],[5367732.253100692,8782284.020300018],[5251947.642968595,8882008.68844796],[5134373.322701306,8981039.922580605],[5015000.466128248,9079358.582294244],[4893820.43130753,9176945.010237165],[4770824.787220426,9273779.017666707],[4646005.342223326,9369839.869799826],[4519354.174356082,9465106.270974765],[4390863.663610113,9559556.349644369],[4260526.5262640705,9653167.643224476],[4128335.8513994445,9745917.08282426],[3994285.139712993,9837780.977888875],[3858368.344747478,9928735.00078881],[3720579.9166666674,10018754.171394622]]},"properties":{"type":"meridian","value":105}},
{"type":"Feature","geometry":{"type":"LineString","coordinates":[[4252091.333333334,-10018754.171394622],[4402681.573028056,-9934696.545054406],[4551578.272073556,-9849519.639327334],[4698771.372422255,-9763248.233508926],[4844251.741498213,-9675906.672722472],[4988011.124960606,-9587518.869684797],[5130042.1012408845,-9498108.307080908],[5270338.037815408,-9407698.040493717],[5408893.049173234,-9316310.701838417],[5545701.956437263,-9223968.503254192],[5680760.24859566,-9130693.241408922],[5814064.045299496,-9036506.302175345],[5945610.061181918,-8941428.665640006],[6075395.571653698,-8845480.911408724],[6203418.380129787,-8748683.224174978],[6329676.786641506,-8651055.399519779],[6454169.5577891385,-8552616.849913929],[6576895.897990004,-8453386.610895636],[6697855.421977512,-8353383.347398433],[6817048.128507263,-8252625.360206212],[6934474.375226934,-8151130.5925140055],[7050134.854667376,-8048916.636574784],[7164030.5713132415,-7946000.740414075],[7276162.819712251,-7842399.814595737],[7386533.163583208,-7738130.439023617],[7495143.415883817,-7633208.8697650265],[7601995.619800324,-7527651.045883308],[7707092.030622116,-7421472.596267794],[7810435.098465359,-7314688.846450661],[7912027.451810894,-7207314.825400999],[8011871.88182262,-7099365.272287494],[8109971.327413728,-6990854.643201959],[8206328.8610291155,-6881797.117836687],[8300947.67511345,-6772206.60610941],[8393831.069235405,-6662096.754730382],[8484982.437839527,-6551480.953706641],[8574405.258598346,-6440372.342779209],[8662103.08133825,-6328783.817789534],[8748079.51751364,-6216728.036971938],[8832338.230204934,-6104217.427169357],[8914882.92461678,-5991264.189970133],[8995717.339053892,-5877880.3077639425],[9074845.236352755,-5764077.549715404],[9152270.39574834,-5649867.477654213],[9227996.605155801,-5535261.4518809775],[9302027.653847946,-5420270.636888235],[9374367.325510113,-5304906.006996391],[9445019.391654812,-5189178.351904553],[9513987.605379293,-5073098.282156511],[9581275.695449812,-4956676.234522247],[9646887.360697268,-4839922.477295624],[9710826.264709355,-4722847.115509017],[9773096.030805144,-4605460.096065832],[9833700.237278648,-4487771.212792006],[9892642.412898434,-4369790.11140771],[9949926.032651084,-4251526.294420558],[10005554.513716694,-4132989.125941793],[10059531.21166534,-4014187.836426963],[10111859.416863773,-3895131.5273427237],[10162542.351082293,-3775829.175761435],[10211583.164292078,-3656289.638885352],[10258984.931643829,-3536521.658502202],[10304750.650619002,-3416533.8653740594],[10348883.238345312,-3296334.7835614206],[10391385.529068647,-3175932.8346844683],[10432260.271773947,-3055336.3421235178],[10471510.1279479,-2934553.5351607],[10509137.669476824,-2813592.5530649433],[10545145.37667332,-2692461.449122347],[10579535.636425769,-2571168.1946140616],[10612310.740464935,-2449720.6827438073],[10643472.883742375,-2328126.7325171847],[10673024.162915641,-2206394.0925749205],[10700966.5749355,-2084530.4449822414],[10727302.015730776,-1962543.4089765286],[10752032.278986666,-1840440.5446754636],[10775159.055012623,-1718229.3567478315],[10796683.9296962,-1595917.2980491929],[10816608.383539522,-1473511.773224612],[10834933.790775245,-1351020.1422806436],[10851661.41855917,-1228449.7241287734],[10866792.426236866,-1105807.8001025184],[10880327.86468191,-983101.6174503774],[10892268.675703568,-860338.3928068446],[10902615.691521997,-737525.3156436703],[10911369.634309188,-614669.5517035754],[10918531.115794178,-491778.24641861435],[10924100.636931192,-368858.5283153807],[10928078.587629618,-245917.51240925072],[10930465.24654491,-122962.30358985944],[10931260.780929748,0],[10930465.24654491,122962.30358985944],[10928078.587629618,245917.51240925072],[10924100.636931192,368858.5283153807],[10918531.115794178,491778.24641861435],[10911369.634309188,614669.5517035754],[10902615.691521997,737525.3156436703],[10892268.675703568,860338.3928068446],[10880327.86468191,983101.6174503774],[10866792.426236866,1105807.8001025184],[10851661.41855917,1228449.7241287734],[10834933.790775245,1351020.1422806436],[10816608.383539522,1473511.773224612],[10796683.9296962,1595917.2980491929],[10775159.055012623,1718229.3567478315],[10752032.278986666,1840440.5446754636],[10727302.015730776,1962543.4089765286],[10700966.5749355,2084530.4449822414],[10673024.162915641,2206394.0925749205],[10643472.883742375,2328126.7325171847],[10612310.740464935,2449720.6827438073],[10579535.636425769,2571168.1946140616],[10545145.37667332,2692461.449122347],[10509137.669476824,2813592.5530649433],[10471510.1279479,2934553.5351607],[10432260.271773947,3055336.3421235178],[10391385.529068647,3175932.8346844683],[10348883.238345312,3296334.7835614206],[10304750.650619002,3416533.8653740594],[10258984.931643829,3536521.658502202],[10211583.164292078,3656289.638885352],[10162542.351082293,3775829.175761435],[10111859.416863773,3895131.5273427237],[10059531.21166534,4014187.836426963],[10005554.513716694,4132989.125941793],[9949926.032651084,4251526.294420558],[9892642.412898434,4369790.11140771],[9833700.237278648,4487771.212792006],[9773096.030805144,4605460.096065832],[9710826.264709355,4722847.115509017],[9646887.360697268,4839922.477295624],[9581275.695449812,4956676.234522247],[9513987.605379293,5073098.282156511],[9445019.391654812,5189178.351904553],[9374367.325510113,5304906.006996391],[9302027.653847946,5420270.636888235],[9227996.605155801,5535261.4518809775],[9152270.39574834,5649867.477654213],[9074845.236352755,5764077.549715404],[8995717.339053892,5877880.3077639425],[8914882.92461678,5991264.189970133],[8832338.230204934,6104217.427169357],[8748079.51751364,6216728.036971938],[8662103.08133825,6328783.817789534],[8574405.258598346,6440372.342779209],[8484982.437839527,6551480.953706641],[8393831.069235405,6662096.754730382],[8300947.67511345,6772206.60610941],[8206328.8610291155,6881797.117836687],[8109971.327413728,6990854.643201959],[8011871.88182262,7099365.272287494],[7912027.451810894,7207314.825400999],[7810435.098465359,7314688.846450661],[7707092.030622116,7421472.596267794],[7601995.619800324,7527651.045883308],[7495143.415883817,7633208.8697650265],[7386533.163583208,7738130.439023617],[7276162.819712251,7842399.814595737],[7164030.5713132415,7946000.740414075],[7050134.854667376,8048916.636574784],[6934474.375226934,8151130.5925140055],[6817048.128507263,8252625.360206212],[6697855.421977512,8353383.347398433],[6576895.897990004,8453386.610895636],[6454169.5577891385,8552616.849913929],[6329676.786641506,8651055.399519779],[6203418.380129787,8748683.224174978],[6075395.571653698,8845480.911408724],[5945610.061181918,8941428.665640006],[5814064.045299496,9036506.302175345],[5680760.24859566,9130693.241408922],[5545701.956437263,9223968.503254192],[5408893.049173234,9316310.701838417],[5270338.037815408,9407698.040493717],[5130042.1012408845,9498108.307080908],[4988011.124960606,9587518.869684797],[4844251.741498213,9675906.672722472],[4698771.372422255,9763248.233508926],[4551578.272073556,9849519.639327334],[4402681.573028056,9934696.545054406],[4252091.333333334,10018754.171394622]]},"properties":{"type":"meridian","value":120}},
{"type":"Feature","geometry":{"type":"LineString","coordinates":[[4783602.750000001,-10018754.171394622],[4944461.088134952,-9941146.813215472],[5103918.685251699,-9862259.057127431],[5261949.681114252,-9782112.85322452],[5418529.327348661,-9700730.004926397],[5573633.952237249,-9618132.159895113],[5727240.926052142,-9534340.801729675],[5879328.626958809,-9449377.242402906],[6029876.407516426,-9363262.615405837],[6178864.56179824,-9276017.869565802],[6326274.293151662,-9187663.763505302],[6472087.682614754,-9098220.860709703],[6616287.658002711,-9007709.525172707],[6758857.963675271,-8916149.917589737],[6899783.130993497,-8823561.992070079],[7039048.449471911,-8729965.493339978],[7176639.938630008,-8635379.9544096],[7312544.320545004,-8539824.694677973],[7446748.993106045,-8443318.818450963],[7579242.003968352,-8345881.21384829],[7710012.025204305,-8247530.55207666],[7839048.328647156,-8148285.287046986],[7966340.761921787,-8048163.655314649],[8091879.725155858,-7947183.6763226595],[8215656.148363693,-7845363.152928514],[8337661.469494409,-7742719.672196431],[8457887.613134976,-7639270.606437443],[8576326.969858259,-7535033.114480782],[8692972.376205478,-7430024.143160693],[8807817.095292034,-7324260.429003686],[8920854.79802518,-7217758.500101914],[9032079.544921732,-7110534.678159232],[9141485.768513618,-7002605.080697028],[9249068.256328905,-6893985.623407778],[9354822.134435711,-6784692.022644833],[9458742.851536343,-6674739.798037579],[9560826.16359881,-6564144.275221809],[9661068.11901295,-6452920.588675616],[9759465.044258261,-6341083.684651791],[9856013.530070718,-6228648.324198132],[9950710.418095753,-6115629.086257713],[10043552.788014786,-6002040.3708415255],[10134537.945132803,-5887896.402266497],[10223663.408414515,-5773211.23245223],[10310926.898956914,-5657998.744270316],[10396326.32888619,-5542272.654940467],[10479859.790667096,-5426046.519468052],[10561525.546813166,-5309333.734118066],[10641322.019986333,-5192147.539920856],[10719247.783474766,-5074501.02620531],[10795301.552037995,-4956407.134155479],[10869482.173108626,-4837878.6603869675],[10941788.61834017,-4718928.260539658],[11012219.975490896,-4599568.452883642],[11080775.440633748,-4479811.621935494],[11147454.310682703,-4359670.022082226],[11212255.976226255,-4239155.781210533],[11275179.914658913,-4118280.904339157],[11336225.683601929,-3997057.2772523765],[11395392.914604763,-3875496.6701328442],[11452681.307119016,-3753610.741192177],[11508090.622736888,-3631411.0402978854],[11561620.67968653,-3508909.012595364],[11613271.34757678,-3386116.002123863],[11663042.542384302,-3263043.2554254658],[11710934.221676158,-3139701.9251462617],[11756946.380061314,-3016103.073629022],[11801079.044864735,-2892257.676496807],[11843332.272018062,-2768176.6262270533],[11883706.142161036,-2643870.7357157855],[11922200.756948268,-2519350.74183171],[11958816.235555975,-2394627.30896003],[11993552.7113838,-2269711.03253592],[12026410.328946885,-2144612.4425676675],[12057389.240953801,-2019342.0071495716],[12086489.605566015,-1893910.1359647682],[12113711.583834935,-1768327.1837781947],[12139055.337312816,-1642603.4539199872],[12162521.025833942,-1516749.2017596578],[12184108.80546291,-1390774.6381714374],[12203818.82660689,-1264689.932991235],[12221651.232289135,-1138505.2184656921],[12237606.156581134,-1012230.5926938612],[12251683.72319109,-885876.12306207],[12263884.044206595,-759451.8496725599],[12274207.218989642,-632967.7887665238],[12282653.333222307,-506433.93614219],[12289222.458101671,-379860.27056861663],[12293914.649682745,-253256.75719588605],[12296729.948368473,-126633.35096240195],[12297668.378545966,0],[12296729.948368473,126633.35096240195],[12293914.649682745,253256.75719588605],[12289222.458101671,379860.27056861663],[12282653.333222307,506433.93614219],[12274207.218989642,632967.7887665238],[12263884.044206595,759451.8496725599],[12251683.72319109,885876.12306207],[12237606.156581134,1012230.5926938612],[12221651.232289135,1138505.2184656921],[12203818.82660689,1264689.932991235],[12184108.80546291,1390774.6381714374],[12162521.025833942,1516749.2017596578],[12139055.337312816,1642603.4539199872],[12113711.583834935,1768327.1837781947],[12086489.605566015,1893910.1359647682],[12057389.240953801,2019342.0071495716],[12026410.328946885,2144612.4425676675],[11993552.7113838,2269711.03253592],[11958816.235555975,2394627.30896003],[11922200.756948268,2519350.74183171],[11883706.142161036,2643870.7357157855],[11843332.272018062,2768176.6262270533],[11801079.044864735,2892257.676496807],[11756946.380061314,3016103.073629022],[11710934.221676158,3139701.9251462617],[11663042.542384302,3263043.2554254658],[11613271.34757678,3386116.002123863],[11561620.67968653,3508909.012595364],[11508090.622736888,3631411.0402978854],[11452681.307119016,3753610.741192177],[11395392.914604763,3875496.6701328442],[11336225.683601929,3997057.2772523765],[11275179.914658913,4118280.904339157],[11212255.976226255,4239155.781210533],[11147454.310682703,4359670.022082226],[11080775.440633748,4479811.621935494],[11012219.975490896,4599568.452883642],[10941788.61834017,4718928.260539658],[10869482.173108626,4837878.6603869675],[10795301.552037995,4956407.134155479],[10719247.783474766,5074501.02620531],[10641322.019986333,5192147.539920856],[10561525.546813166,5309333.734118066],[10479859.790667096,5426046.519468052],[10396326.32888619,5542272.654940467],[10310926.898956914,5657998.744270316],[10223663.408414515,5773211.23245223],[10134537.945132803,5887896.402266497],[10043552.788014786,6002040.3708415255],[9950710.418095753,6115629.086257713],[9856013.530070718,6228648.324198132],[9759465.044258261,6341083.684651791],[9661068.11901295,6452920.588675616],[9560826.16359881,6564144.275221809],[9458742.851536343,6674739.798037579],[9354822.134435711,6784692.022644833],[9249068.256328905,6893985.623407778],[9141485.768513618,7002605.080697028],[9032079.544921732,7110534.678159232],[8920854.79802518,7217758.500101914],[8807817.095292034,7324260.429003686],[8692972.376205478,7430024.143160693],[8576326.969858259,7535033.114480782],[8457887.613134976,7639270.606437443],[8337661.469494409,7742719.672196431],[8215656.148363693,7845363.152928514],[8091879.725155858,7947183.6763226595],[7966340.761921787,8048163.655314649],[7839048.328647156,8148285.287046986],[7710012.025204305,8247530.55207666],[7579242.003968352,8345881.21384829],[7446748.993106045,8443318.818450963],[7312544.320545004,8539824.694677973],[7176639.938630008,8635379.9544096],[7039048.449471911,8729965.493339978],[6899783.130993497,8823561.992070079],[6758857.963675271,8916149.917589737],[6616287.658002711,9007709.525172707],[6472087.682614754,9098220.860709703],[6326274.293151662,9187663.763505302],[6178864.56179824,9276017.869565802],[6029876.407516426,9363262.615405837],[5879328.626958809,9449377.242402906],[5727240.926052142,9534340.801729675],[5573633.952237249,9618132.159895113],[5418529.327348661,9700730.004926397],[5261949.681114252,9782112.85322452],[5103918.685251699,9862259.057127431],[4944461.088134952,9941146.813215472],[4783602.750000001,10018754.171394622]]},"properties":{"type":"meridian","value":135}},
{"type":"Feature","geometry":{"type":"LineString","coordinates":[[5315114.166666668,-10018754.171394622],[5483523.663344529,-9947979.498088162],[5650921.198054918,-9875797.574153807],[5817267.181308778,-9802225.017268326],[5982523.022277457,-9727278.589259593],[6146651.114913623,-9650975.182808824],[6309614.823662301,-9573331.808667026],[6471378.468806332,-9494365.583378693],[6631907.311488587,-9414093.717505164],[6791167.538451392,-9332533.504339593],[6949126.24653174,-9249702.309104946],[7105751.426949039,-9165617.558626018],[7261011.949420312,-9080296.731466135],[7414877.546136018,-8993757.348518819],[7567318.795627895,-8906016.964044493],[7718307.10655856,-8817093.157142026],[7867814.701460967,-8727003.523644743],[8015814.600454176,-8635765.668430408],[8162280.604960381,-8543397.198134515],[8307187.281446626,-8449915.714256242],[8450509.945213163,-8355338.806646262],[8592224.644249044,-8259684.0473657185],[8732308.143174157,-8162968.984905561],[8870737.907285634,-8065211.138755582],[9007492.086725289,-7966427.994312491],[9142549.50078355,-7866636.998116459],[9275889.622354286,-7765855.553405683],[9407492.562553639,-7664101.015978617],[9537339.055515142,-7561390.690353687],[9665410.443372278,-7457741.82621639],[9791688.661438689,-7353171.615143897],[9916156.223595407,-7247697.187597437],[10038796.207893558,-7141335.610172909],[10159592.242380178,-7034103.883100341],[10278528.491154075,-6926018.937983058],[10395589.64065787,-6817097.6357676005],[10510760.886211695,-6707356.764935597],[10624027.918793365,-6596813.039909093],[10735376.9120693,-6485483.099661001],[10844794.509679757,-6373383.506522516],[10952267.812781567,-6260530.745179649],[11057784.367850954,-6146941.221851198],[11161332.154748572,-6032631.26364065],[11262899.57504852,-5917617.118054843],[11362475.440632574,-5801914.952682313],[11460048.96255064,-5685540.85502454],[11555609.740147935,-5568510.832473518],[11649147.750459248,-5450840.812429218],[11740653.337870179,-5332546.642550833],[11830117.204045085,-5213644.091135787],[11917530.398121195,-5094148.847620785],[12002884.307168126,-4974076.523199302],[12086170.646911807,-4853442.651550163],[12167381.452721646,-4732262.6896720175],[12246509.070859723,-4610552.018818746],[12323546.149990367,-4488325.945530938],[12398485.632948725,-4365599.702758844],[12471320.748766458,-4242388.451072317],[12542045.004952887,-4118707.279953473],[12610652.180029621,-3994571.209167907],[12677136.316316795,-3869995.1902105142],[12741491.712968873,-3744994.1078220857],[12803712.919257974,-3619582.7815730027],[12863794.728102708,-3493775.9675105205],[12921732.169840334,-3367588.3598662047],[12977520.506240247,-3241034.5928203226],[13031155.224756612,-3114129.2423199927],[13082632.033018108,-2986886.8279481414],[13131946.853552701,-2859321.8148403345],[13179095.818745377,-2731448.6156467316],[13224075.266026849,-2603281.592536473],[13266881.73329131,-2474835.059241956],[13307511.954541199,-2346123.283140504],[13345962.855757255,-2217160.4873710778],[13382231.550991902,-2087960.8529837239],[13416315.33868437,-1958538.5211195666],[13448211.698195767,-1828907.5952192163],[13477918.286562525,-1699082.143257537],[13505432.935466751,-1569076.2000028084],[13530753.648421962,-1438903.769298347],[13553878.598172916,-1308578.8263647503],[13574806.124308227,-1178115.320120947],[13593534.731084581,-1047527.1755223217],[13610063.085461553,-916828.2959142037],[13624390.015345892,-786032.5653990628],[13636514.508044554,-655153.8512158003],[13646435.708925532,-524206.00612954027],[13654152.920285948,-393202.8708303709],[13659665.6004267,-262158.2763395054],[13662973.362933248,-131086.04642135167],[13664075.976162184,0],[13662973.362933248,131086.04642135167],[13659665.6004267,262158.2763395054],[13654152.920285948,393202.8708303709],[13646435.708925532,524206.00612954027],[13636514.508044554,655153.8512158003],[13624390.015345892,786032.5653990628],[13610063.085461553,916828.2959142037],[13593534.731084581,1047527.1755223217],[13574806.124308227,1178115.320120947],[13553878.598172916,1308578.8263647503],[13530753.648421962,1438903.769298347],[13505432.935466751,1569076.2000028084],[13477918.286562525,1699082.143257537],[13448211.698195767,1828907.5952192163],[13416315.33868437,1958538.5211195666],[13382231.550991902,2087960.8529837239],[13345962.855757255,2217160.4873710778],[13307511.954541199,2346123.283140504],[13266881.73329131,2474835.059241956],[13224075.266026849,2603281.592536473],[13179095.818745377,2731448.6156467316],[13131946.853552701,2859321.8148403345],[13082632.033018108,2986886.8279481414],[13031155.224756612,3114129.2423199927],[12977520.506240247,3241034.5928203226],[12921732.169840334,3367588.3598662047],[12863794.728102708,3493775.9675105205],[12803712.919257974,3619582.7815730027],[12741491.712968873,3744994.1078220857],[12677136.316316795,3869995.1902105142],[12610652.180029621,3994571.209167907],[12542045.004952887,4118707.279953473],[12471320.748766458,4242388.451072317],[12398485.632948725,4365599.702758844],[12323546.149990367,4488325.945530938],[12246509.070859723,4610552.018818746],[12167381.452721646,4732262.6896720175],[12086170.646911807,4853442.651550163],[12002884.307168126,4974076.523199302],[11917530.398121195,5094148.847620785],[11830117.204045085,5213644.091135787],[11740653.337870179,5332546.642550833],[11649147.750459248,5450840.812429218],[11555609.740147935,5568510.832473518],[11460048.96255064,5685540.85502454],[11362475.440632574,5801914.952682313],[11262899.57504852,5917617.118054843],[11161332.154748572,6032631.26364065],[11057784.367850954,6146941.221851198],[10952267.812781567,6260530.745179649],[10844794.509679757,6373383.506522516],[10735376.9120693,6485483.099661001],[10624027.918793365,6596813.039909093],[10510760.886211695,6707356.764935597],[10395589.64065787,6817097.6357676005],[10278528.491154075,6926018.937983058],[10159592.242380178,7034103.883100341],[10038796.207893558,7141335.610172909],[9916156.223595407,7247697.187597437],[9791688.661438689,7353171.615143897],[9665410.443372278,7457741.82621639],[9537339.055515142,7561390.690353687],[9407492.562553639,7664101.015978617],[9275889.622354286,7765855.553405683],[9142549.50078355,7866636.998116459],[9007492.086725289,7966427.994312491],[8870737.907285634,8065211.138755582],[8732308.143174157,8162968.984905561],[8592224.644249044,8259684.0473657185],[8450509.945213163,8355338.806646262],[8307187.281446626,8449915.714256242],[8162280.604960381,8543397.198134515],[8015814.600454176,8635765.668430408],[7867814.701460967,8727003.523644743],[7718307.10655856,8817093.157142026],[7567318.795627895,8906016.964044493],[7414877.546136018,8993757.348518819],[7261011.949420312,9080296.731466135],[7105751.426949039,9165617.558626018],[6949126.24653174,9249702.309104946],[6791167.538451392,9332533.504339593],[6631907.311488587,9414093.717505164],[6471378.468806332,9494365.583378693],[6309614.823662301,9573331.808667026],[6146651.114913623,9650975.182808824],[5982523.022277457,9727278.589259593],[5817267.181308778,9802225.017268326],[5650921.198054918,9875797.574153807],[5483523.663344529,9947979.498088162],[5315114.166666668,10018754.171394622]]},"properties":{"type":"meridian","value":150}},
{"type":"Feature","geometry":{"type":"LineString","coordinates":[[5846625.583333334,-10018754.171394622],[6019730.121195944,-9955080.864701513],[6192282.038296142,-9889916.53674873],[6364232.121415318,-9823270.456945486],[6535531.764001798,-9755152.26194628],[6706132.972743788,-9685571.945961274],[6875988.373568601,-9614539.85115566],[7045051.217084701,-9542066.658145068],[7213275.3834831435,-9468163.376593715],[7380615.386915163,-9392841.335921517],[7547026.379362735,-9316112.176126014],[7712464.15401892,-9237987.838724498],[7876885.148194878,-9158480.557821415],[8040246.44577038,-9077602.851305654],[8202505.779204617,-8995367.51218199],[8363621.531123976,-8911787.600040596],[8523552.735503474,-8826876.432668144],[8682259.078458302,-8740647.57780372],[8839700.898661813,-8653114.845042374],[8995839.187406216,-8564292.277888896],[9150635.588321904,-8474194.145964],[9304052.39677132,-8382834.937364878],[9456052.558932869,-8290229.351181712],[9606599.670590334,-8196392.290171554],[9755657.975642862,-8101338.85359062],[9903192.364350468,-8005084.330185851],[10049168.371329607,-7907644.191346302],[10193552.17331322,-7809034.084414727],[10336310.58668928,-7709269.8261594735],[10477411.064831652,-7608367.396406586],[10616821.695236713,-7506342.93183183],[10754511.196478957,-7403212.719912136],[10890448.914998453,-7298993.193035785],[11024604.821732713,-7193700.922770509],[11156949.508605272,-7087352.614288422],[11287454.184882918,-6979965.100946684],[11416090.67341321,-6871555.339022508],[11542831.406753622,-6762140.402601086],[11667649.423203321,-6651737.478614827],[11790518.36274831,-6540363.862032172],[11911412.462930277,-6428036.951194186],[12030306.554649295,-6314774.243296937],[12147176.057910107,-6200593.330017683],[12261996.977521494,-6085511.893282659],[12374745.898757873,-5969547.701174308],[12485399.982992033,-5852718.603975596],[12593936.963307545,-5735042.530349078],[12700335.1400992,-5616537.483648235],[12804573.376669409,-5497221.538358594],[12906631.094828332,-5377112.836666051],[13006488.270505192,-5256229.585149778],[13104125.429377917,-5134590.051597066],[13199523.642528059,-5012212.561937357],[13292664.522127587,-4889115.497292747],[13383530.217164036,-4765317.291142163],[13472103.409210082,-4640836.4265964],[13558367.308243452,-4515691.433781171],[13642305.648522897,-4389900.887325299],[13723902.684525572,-4263483.403951195],[13803143.186951095,-4136457.6401646687],[13880012.438797222,-4008842.290041177],[13954496.231511932,-3880656.0831055813],[14026580.861226449,-3751917.782302459],[14096253.12507358,-3622646.182054011],[14163500.317595486,-3492860.1064026305],[14228310.227244873,-3362578.407235134],[14290671.132983332,-3231819.962585723],[14350571.800980441,-3100603.6750146965],[14408001.481416998,-2968948.4700599285],[14462949.905395655,-2836873.2947581825],[14515407.281961955,-2704397.1162332594],[14565364.295238703,-2571538.9203480454],[14612812.101676378,-2438317.7104174877],[14657742.327422198,-2304752.505979557],[14700147.065810202,-2170862.3416212276],[14740018.874974638,-2036666.2658565647],[14777350.775588859,-1902183.3400539476],[14812136.24873157,-1767432.6374095196],[14844369.23388244,-1632433.241963939],[14874044.127048632,-1497204.2476594944],[14901155.779023964,-1361764.7574346922],[14925699.493782097,-1226133.8823533957],[14947671.027005041,-1090330.740765616],[14967066.584748287,-954374.4574970643],[14983882.822243556,-818284.1630645664],[14998116.842840137,-682078.9929144583],[15009766.19708572,-545778.0866810766],[15018828.881947404,-409400.58746246964],[15025303.340173483,-272965.6411104504],[15029188.459796574,-136492.39553212127],[15030483.573778402,0],[15029188.459796574,136492.39553212127],[15025303.340173483,272965.6411104504],[15018828.881947404,409400.58746246964],[15009766.19708572,545778.0866810766],[14998116.842840137,682078.9929144583],[14983882.822243556,818284.1630645664],[14967066.584748287,954374.4574970643],[14947671.027005041,1090330.740765616],[14925699.493782097,1226133.8823533957],[14901155.779023964,1361764.7574346922],[14874044.127048632,1497204.2476594944],[14844369.23388244,1632433.241963939],[14812136.24873157,1767432.6374095196],[14777350.775588859,1902183.3400539476],[14740018.874974638,2036666.2658565647],[14700147.065810202,2170862.3416212276],[14657742.327422198,2304752.505979557],[14612812.101676378,2438317.7104174877],[14565364.295238703,2571538.9203480454],[14515407.281961955,2704397.1162332594],[14462949.905395655,2836873.2947581825],[14408001.481416998,2968948.4700599285],[14350571.800980441,3100603.6750146965],[14290671.132983332,3231819.962585723],[14228310.227244873,3362578.407235134],[14163500.317595486,3492860.1064026305],[14096253.12507358,3622646.182054011],[14026580.861226449,3751917.782302459],[13954496.231511932,3880656.0831055813],[13880012.438797222,4008842.290041177],[13803143.186951095,4136457.6401646687],[13723902.684525572,4263483.403951195],[13642305.648522897,4389900.887325299],[13558367.308243452,4515691.433781171],[13472103.409210082,4640836.4265964],[13383530.217164036,4765317.291142163],[13292664.522127587,4889115.497292747],[13199523.642528059,5012212.561937357],[13104125.429377917,5134590.051597066],[13006488.270505192,5256229.585149778],[12906631.094828332,5377112.836666051],[12804573.376669409,5497221.538358594],[12700335.1400992,5616537.483648235],[12593936.963307545,5735042.530349078],[12485399.982992033,5852718.603975596],[12374745.898757873,5969547.701174308],[12261996.977521494,6085511.893282659],[12147176.057910107,6200593.330017683],[12030306.554649295,6314774.243296937],[11911412.462930277,6428036.951194186],[11790518.36274831,6540363.862032172],[11667649.423203321,6651737.478614827],[11542831.406753622,6762140.402601086],[11416090.67341321,6871555.339022508],[11287454.184882918,6979965.100946684],[11156949.508605272,7087352.614288422],[11024604.821732713,7193700.922770509],[10890448.914998453,7298993.193035785],[10754511.196478957,7403212.719912136],[10616821.695236713,7506342.93183183],[10477411.064831652,7608367.396406586],[10336310.58668928,7709269.8261594735],[10193552.17331322,7809034.084414727],[10049168.371329607,7907644.191346302],[9903192.364350468,8005084.330185851],[9755657.975642862,8101338.85359062],[9606599.670590334,8196392.290171554],[9456052.558932869,8290229.351181712],[9304052.39677132,8382834.937364878],[9150635.588321904,8474194.145964],[8995839.187406216,8564292.277888896],[8839700.898661813,8653114.845042374],[8682259.078458302,8740647.57780372],[8523552.735503474,8826876.432668144],[8363621.531123976,8911787.600040596],[8202505.779204617,8995367.51218199],[8040246.44577038,9077602.851305654],[7876885.148194878,9158480.557821415],[7712464.15401892,9237987.838724498],[7547026.379362735,9316112.176126014],[7380615.386915163,9392841.335921517],[7213275.3834831435,9468163.376593715],[7045051.217084701,9542066.658145068],[6875988.373568601,9614539.85115566],[6706132.972743788,9685571.945961274],[6535531.764001798,9755152.26194628],[6364232.121415318,9823270.456945486],[6192282.038296142,9889916.53674873],[6019730.121195944,9955080.864701513],[5846625.583333334,10018754.171394622]]},"properties":{"type":"meridian","value":165}},
{"type":"Feature","geometry":{"type":"LineString","coordinates":[[6378137,-10018754.171394622],[6552988.36979441,-9962331.47360437],[6727786.4781677555,-9904383.10342958],[6902478.079922922,-9844909.758007528],[7077009.962305734,-9783912.598997727],[7251328.961214096,-9721393.252228066],[7425381.977392272,-9657353.807199577],[7599115.992605446,-9591796.81644994],[7772478.085789581,-9524725.294775968],[7945415.4491717,-9456142.718315264],[8117875.404355633,-9386053.023487354],[8289805.418368376,-9314460.605794623],[8461153.119662136,-9241370.318483397],[8631866.314067215,-9166787.471065594],[8801893.000690864,-9090717.827701403],[8971181.387757253,-9013167.605443459],[9139679.908383744,-8934143.472343072],[9307337.236288676,-8853652.545419075],[9474102.301425833,-8771702.388489902],[9639924.305540888,-8688301.009869589],[9804752.73764503,-8603456.859928356],[9968537.389401115,-8517178.828518543],[10131228.370417597,-8429476.242266675],[10292776.123445638,-8340358.86173248],[10453131.439474717,-8249836.878435736],[10612245.472722176,-8157920.911751824],[10770069.755512113,-8064622.005676969],[10926556.213039113,-7969951.625464133],[11081657.178012295,-7873921.654130587],[11235325.405175233,-7776544.388838224],[11387514.085697312,-7677832.537147734],[11538176.861432161,-7577799.213147748],[11687267.83903879,-7476457.933460164],[11834741.603961144,-7373822.613122854],[11980553.234261815,-7269907.561351009],[12124658.314305704,-7164727.477178408],[12267012.948289454,-7058297.444979957],[12407573.773612535,-6950632.929876843],[12546297.974085907,-6841749.773025695],[12683143.292974254,-6731664.186793231],[12818068.045867795,-6620392.749817804],[12951031.13337975,-6507952.401959393],[13081992.053665623,-6394360.4391395515],[13210910.914760448,-6279634.50807291],[13337748.44673027,-6163792.60089181],[13462466.013634147,-6046853.049665729],[13585025.625293037,-5928834.520817153],[13705389.948861962,-5809756.009435605],[13823522.32020197,-5689636.833491556],[13939386.75504838,-5568496.627951983],[14052947.959971929,-5446355.338799369],[14164171.343129512,-5323233.216955961],[14273023.024801163,-5199150.8121151505],[14379469.847710187,-5074128.966481828],[14483479.387123141,-4948188.808423651],[14585019.960726768,-4821351.746035139],[14684060.638278693,-4693639.460616559],[14780571.251029113,-4565073.900069586],[14874522.400910458,-4435677.272211772],[14965885.469492353,-4305472.03801182],[15054632.626699056,-4174480.9047477585],[15140736.839286763,-4042726.819090083],[15224171.879078215,-3910232.960111978],[15304912.330952033,-3777022.73222875],[15382933.600584429,-3643119.758068613],[15458211.921940863,-3508547.871277008],[15530724.364515414,-3373331.109256642],[15600448.84031563,-3237493.7058454654],[15667364.110590745,-3101060.0839348077],[15731449.792301208,-2964054.8480299297],[15792686.364327563,-2826502.7767552505],[15851055.173416756,-2688428.8153065424],[15906538.439864105,-2549858.0678523784],[15959119.262929177,-2410815.7898871633],[16008781.625983901,-2271327.380538061],[16055510.4013914,-2131418.374828178],[16099291.355114013,-1991114.4358983478],[16140111.151049122,-1850441.347189886],[16177957.355091456,-1709425.0045907092],[16212818.438920638,-1568091.408547192],[16244683.783512823,-1426466.6561441843],[16273543.682375368,-1284576.9331555807],[16299389.344503505,-1142448.5060678844],[16322212.897058172,-1000107.7140791799],[16342007.38776417,-857580.9610759569],[16358766.78702788,-714894.7075902323],[16372485.989773927,-572075.4627394145],[16383160.817000257,-429149.7761513703],[16390788.017051086,-286144.2298771508],[16395365.266607393,-143085.43029384103],[16396891.171394622,0],[16395365.266607393,143085.43029384103],[16390788.017051086,286144.2298771508],[16383160.817000257,429149.7761513703],[16372485.989773927,572075.4627394145],[16358766.78702788,714894.7075902323],[16342007.38776417,857580.9610759569],[16322212.897058172,1000107.7140791799],[16299389.344503505,1142448.5060678844],[16273543.682375368,1284576.9331555807],[16244683.783512823,1426466.6561441843],[16212818.438920638,1568091.408547192],[16177957.355091456,1709425.0045907092],[16140111.151049122,1850441.347189886],[16099291.355114013,1991114.4358983478],[16055510.4013914,2131418.374828178],[16008781.625983901,2271327.380538061],[15959119.262929177,2410815.7898871633],[15906538.439864105,2549858.0678523784],[15851055.173416756,2688428.8153065424],[15792686.364327563,2826502.7767552505],[15731449.792301208,2964054.8480299297],[15667364.110590745,3101060.0839348077],[15600448.84031563,3237493.7058454654],[15530724.364515414,3373331.109256642],[15458211.921940863,3508547.871277008],[15382933.600584429,3643119.758068613],[15304912.330952033,3777022.73222875],[15224171.879078215,3910232.960111978],[15140736.839286763,4042726.819090083],[15054632.626699056,4174480.9047477585],[14965885.469492353,4305472.03801182],[14874522.400910458,4435677.272211772],[14780571.251029113,4565073.900069586],[14684060.638278693,4693639.460616559],[14585019.960726768,4821351.746035139],[14483479.387123141,4948188.808423651],[14379469.847710187,5074128.966481828],[14273023.024801163,5199150.8121151505],[14164171.343129512,5323233.216955961],[14052947.959971929,5446355.338799369],[13939386.75504838,5568496.627951983],[13823522.32020197,5689636.833491556],[13705389.948861962,5809756.009435605],[13585025.625293037,5928834.520817153],[13462466.013634147,6046853.049665729],[13337748.44673027,6163792.60089181],[13210910.914760448,6279634.50807291],[13081992.053665623,6394360.4391395515],[12951031.13337975,6507952.401959393],[12818068.045867795,6620392.749817804],[12683143.292974254,6731664.186793231],[12546297.974085907,6841749.773025695],[12407573.773612535,6950632.929876843],[12267012.948289454,7058297.444979957],[12124658.314305704,7164727.477178408],[11980553.234261815,7269907.561351009],[11834741.603961144,7373822.613122854],[11687267.83903879,7476457.933460164],[11538176.861432161,7577799.213147748],[11387514.085697312,7677832.537147734],[11235325.405175233,7776544.388838224],[11081657.178012295,7873921.654130587],[10926556.213039113,7969951.625464133],[10770069.755512113,8064622.005676969],[10612245.472722176,8157920.911751824],[10453131.439474717,8249836.878435736],[10292776.123445638,8340358.86173248],[10131228.370417597,8429476.242266675],[9968537.389401115,8517178.828518543],[9804752.73764503,8603456.859928356],[9639924.305540888,8688301.009869589],[9474102.301425833,8771702.388489902],[9307337.236288676,8853652.545419075],[9139679.908383744,8934143.472343072],[8971181.387757253,9013167.605443459],[8801893.000690864,9090717.827701403],[8631866.314067215,9166787.471065594],[8461153.119662136,9241370.318483397],[8289805.418368376,9314460.605794623],[8117875.404355633,9386053.023487354],[7945415.4491717,9456142.718315264],[7772478.085789581,9524725.294775968],[7599115.992605446,9591796.81644994],[7425381.977392272,9657353.807199577],[7251328.961214096,9721393.252228066],[7077009.962305734,9783912.598997727],[6902478.079922922,9844909.758007528],[6727786.4781677555,9904383.10342958],[6552988.36979441,9962331.47360437],[6378137,10018754.171394622]]},"properties":{"type":"meridian","value":180}},
{"type":"Feature","geometry":{"type":"LineString","coordinates":[[-6378137,-10018754.171394622],[-6342702.905555557,-10018754.171394622],[-6307268.811111112,-10018754.171394622],[-6271834.716666668,-10018754.171394622],[-6236400.622222222,-10018754.171394622],[-6200966.527777779,-10018754.171394622],[-6165532.4333333345,-10018754.171394622],[-6130098.33888889,-10018754.171394622],[-6094664.244444446,-10018754.171394622],[-6059230.150000001,-10018754.171394622],[-6023796.055555557,-10018754.171394622],[-5988361.961111112,-10018754.171394622],[-5952927.866666667,-10018754.171394622],[-5917493.772222223,-10018754.171394622],[-5882059.677777779,-10018754.171394622],[-5846625.583333334,-10018754.171394622],[-5811191.48888889,-10018754.171394622],[-5775757.394444446,-10018754.171394622],[-5740323.300000001,-10018754.171394622],[-5704889.205555556,-10018754.171394622],[-5669455.111111112,-10018754.171394622],[-5634021.016666668,-10018754.171394622],[-5598586.922222223,-10018754.171394622],[-5563152.827777779,-10018754.171394622],[-5527718.733333333,-10018754.171394622],[-5492284.63888889,-10018754.171394622],[-5456850.5444444455,-10018754.171394622],[-5421416.45,-10018754.171394622],[-5385982.355555557,-10018754.171394622],[-5350548.261111112,-10018754.171394622],[-5315114.166666668,-10018754.171394622],[-5279680.072222223,-10018754.171394622],[-5244245.977777779,-10018754.171394622],[-5208811.883333334,-10018754.171394622],[-5173377.788888889,-10018754.171394622],[-5137943.694444446,-10018754.171394622],[-5102509.600000001,-10018754.171394622],[-5067075.505555557,-10018754.171394622],[-5031641.411111112,-10018754.171394622],[-4996207.316666668,-10018754.171394622],[-4960773.222222223,-10018754.171394622],[-4925339.127777779,-10018754.171394622],[-4889905.033333333,-10018754.171394622],[-4854470.93888889,-10018754.171394622],[-4819036.844444445,-10018754.171394622],[-4783602.750000001,-10018754.171394622],[-4748168.655555557,-10018754.171394622],[-4712734.561111112,-10018754.171394622],[-4677300.466666668,-10018754.171394622],[-4641866.372222222,-10018754.171394622],[-4606432.277777779,-10018754.171394622],[-4570998.1833333345,-10018754.171394622],[-4535564.08888889,-10018754.171394622],[-4500129.994444446,-10018754.171394622],[-4464695.900000001,-10018754.171394622],[-4429261.805555557,-10018754.171394622],[-4393827.711111112,-10018754.171394622],[-4358393.616666667,-10018754.171394622],[-4322959.522222223,-10018754.171394622],[-4287525.427777779,-10018754.171394622],[-4252091.333333334,-10018754.171394622],[-4216657.23888889,-10018754.171394622],[-4181223.144444446,-10018754.171394622],[-4145789.0500000007,-10018754.171394622],[-4110354.9555555563,-10018754.171394622],[-4074920.8611111115,-10018754.171394622],[-4039486.766666668,-10018754.171394622],[-4004052.6722222236,-10018754.171394622],[-3968618.5777777787,-10018754.171394622],[-3933184.4833333343,-10018754.171394622],[-3897750.38888889,-10018754.171394622],[-3862316.2944444455,-10018754.171394622],[-3826882.2000000007,-10018754.171394622],[-3791448.1055555562,-10018754.171394622],[-3756014.011111112,-10018754.171394622],[-3720579.9166666674,-10018754.171394622],[-3685145.8222222235,-10018754.171394622],[-3649711.727777779,-10018754.171394622],[-3614277.633333334,-10018754.171394622],[-3578843.53888889,-10018754.171394622],[-3543409.4444444454,-10018754.171394622],[-3507975.350000001,-10018754.171394622],[-3472541.255555556,-10018754.171394622],[-3437107.1611111118,-10018754.171394622],[-3401673.066666668,-10018754.171394622],[-3366238.972222223,-10018754.171394622],[-3330804.8777777785,-10018754.171394622],[-3295370.783333334,-10018754.171394622],[-3259936.68888889,-10018754.171394622],[-3224502.594444445,-10018754.171394622],[-3189068.500000001,-10018754.171394622],[-3153634.405555556,-10018754.171394622],[-3118200.311111111,-10018754.171394622],[-3082766.2166666673,-10018754.171394622],[-3047332.122222223,-10018754.171394622],[-3011898.0277777785,-10018754.171394622],[-2976463.9333333336,-10018754.171394622],[-2941029.8388888896,-10018754.171394622],[-2905595.744444445,-10018754.171394622],[-2870161.6500000004,-10018754.171394622],[-2834727.555555556,-10018754.171394622],[-2799293.4611111116,-10018754.171394622],[-2763859.3666666667,-10018754.171394622],[-2728425.2722222228,-10018754.171394622],[-2692991.1777777784,-10018754.171394622],[-2657557.083333334,-10018754.171394622],[-2622122.9888888896,-10018754.171394622],[-2586688.8944444447,-10018754.171394622],[-2551254.8000000003,-10018754.171394622],[-2515820.705555556,-10018754.171394622],[-2480386.6111111115,-10018754.171394622],[-2444952.5166666666,-10018754.171394622],[-2409518.4222222227,-10018754.171394622],[-2374084.3277777787,-10018754.171394622],[-2338650.233333334,-10018754.171394622],[-2303216.1388888895,-10018754.171394622],[-2267782.044444445,-10018754.171394622],[-2232347.9500000007,-10018754.171394622],[-2196913.855555556,-10018754.171394622],[-2161479.7611111114,-10018754.171394622],[-2126045.666666667,-10018754.171394622],[-2090611.572222223,-10018754.171394622],[-2055177.4777777782,-10018754.171394622],[-2019743.383333334,-10018754.171394622],[-1984309.2888888894,-10018754.171394622],[-1948875.194444445,-10018754.171394622],[-1913441.1000000003,-10018754.171394622],[-1878007.005555556,-10018754.171394622],[-1842572.9111111118,-10018754.171394622],[-1807138.816666667,-10018754.171394622],[-1771704.7222222227,-10018754.171394622],[-1736270.627777778,-10018754.171394622],[-1700836.533333334,-10018754.171394622],[-1665402.4388888893,-10018754.171394622],[-1629968.344444445,-10018754.171394622],[-1594534.2500000005,-10018754.171394622],[-1559100.1555555556,-10018754.171394622],[-1523666.0611111114,-10018754.171394622],[-1488231.9666666668,-10018754.171394622],[-1452797.8722222224,-10018754.171394622],[-1417363.777777778,-10018754.171394622],[-1381929.6833333333,-10018754.171394622],[-1346495.5888888892,-10018754.171394622],[-1311061.4944444448,-10018754.171394622],[-1275627.4000000001,-10018754.171394622],[-1240193.3055555557,-10018754.171394622],[-1204759.2111111113,-10018754.171394622],[-1169325.116666667,-10018754.171394622],[-1133891.0222222225,-10018754.171394622],[-1098456.927777778,-10018754.171394622],[-1063022.8333333335,-10018754.171394622],[-1027588.7388888891,-10018754.171394622],[-992154.6444444447,-10018754.171394622],[-956720.5500000002,-10018754.171394622],[-921286.4555555559,-10018754.171394622],[-885852.3611111114,-10018754.171394622],[-850418.266666667,-10018754.171394622],[-814984.1722222226,-10018754.171394622],[-779550.0777777778,-10018754.171394622],[-744115.9833333334,-10018754.171394622],[-708681.888888889,-10018754.171394622],[-673247.7944444446,-10018754.171394622],[-637813.7000000001,-10018754.171394622],[-602379.6055555557,-10018754.171394622],[-566945.5111111113,-10018754.171394622],[-531511.4166666667,-10018754.171394622],[-496077.32222222234,-10018754.171394622],[-460643.22777777794,-10018754.171394622],[-425209.1333333335,-10018754.171394622],[-389775.0388888889,-10018754.171394622],[-354340.9444444445,-10018754.171394622],[-318906.85000000003,-10018754.171394622],[-283472.75555555563,-10018754.171394622],[-248038.66111111117,-10018754.171394622],[-212604.56666666674,-10018754.171394622],[-177170.47222222225,-10018754.171394622],[-141736.37777777782,-10018754.171394622],[-106302.28333333337,-10018754.171394622],[-70868.18888888891,-10018754.171394622],[-35434.094444444454,-10018754.171394622],[0,-10018754.171394622],[35434.094444444454,-10018754.171394622],[70868.18888888891,-10018754.171394622],[106302.28333333337,-10018754.171394622],[141736.37777777782,-10018754.171394622],[177170.47222222225,-10018754.171394622],[212604.56666666674,-10018754.171394622],[248038.66111111117,-10018754.171394622],[283472.75555555563,-10018754.171394622],[318906.85000000003,-10018754.171394622],[354340.9444444445,-10018754.171394622],[389775.0388888889,-10018754.171394622],[425209.1333333335,-10018754.171394622],[460643.22777777794,-10018754.171394622],[496077.32222222234,-10018754.171394622],[531511.4166666667,-10018754.171394622],[566945.5111111113,-10018754.171394622],[602379.6055555557,-10018754.171394622],[637813.7000000001,-10018754.171394622],[673247.7944444446,-10018754.171394622],[708681.888888889,-10018754.171394622],[744115.9833333334,-10018754.171394622],[779550.0777777778,-10018754.171394622],[814984.1722222226,-10018754.171394622],[850418.266666667,-10018754.171394622],[885852.3611111114,-10018754.171394622],[921286.4555555559,-10018754.171394622],[956720.5500000002,-10018754.171394622],[992154.6444444447,-10018754.171394622],[1027588.7388888891,-10018754.171394622],[1063022.8333333335,-10018754.171394622],[1098456.927777778,-10018754.171394622],[1133891.0222222225,-10018754.171394622],[1169325.116666667,-10018754.171394622],[1204759.2111111113,-10018754.171394622],[1240193.3055555557,-10018754.171394622],[1275627.4000000001,-10018754.171394622],[1311061.4944444448,-10018754.171394622],[1346495.5888888892,-10018754.171394622],[1381929.6833333333,-10018754.171394622],[1417363.777777778,-10018754.171394622],[1452797.8722222224,-10018754.171394622],[1488231.9666666668,-10018754.171394622],[1523666.0611111114,-10018754.171394622],[1559100.1555555556,-10018754.171394622],[1594534.2500000005,-10018754.171394622],[1629968.344444445,-10018754.171394622],[1665402.4388888893,-10018754.171394622],[1700836.533333334,-10018754.171394622],[1736270.627777778,-10018754.171394622],[1771704.7222222227,-10018754.171394622],[1807138.816666667,-10018754.171394622],[1842572.9111111118,-10018754.171394622],[1878007.005555556,-10018754.171394622],[1913441.1000000003,-10018754.171394622],[1948875.194444445,-10018754.171394622],[1984309.2888888894,-10018754.171394622],[2019743.383333334,-10018754.171394622],[2055177.4777777782,-10018754.171394622],[2090611.572222223,-10018754.171394622],[2126045.666666667,-10018754.171394622],[2161479.7611111114,-10018754.171394622],[2196913.855555556,-10018754.171394622],[2232347.9500000007,-10018754.171394622],[2267782.044444445,-10018754.171394622],[2303216.1388888895,-10018754.171394622],[2338650.233333334,-10018754.171394622],[2374084.3277777787,-10018754.171394622],[2409518.4222222227,-10018754.171394622],[2444952.5166666666,-10018754.171394622],[2480386.6111111115,-10018754.171394622],[2515820.705555556,-10018754.171394622],[2551254.8000000003,-10018754.171394622],[2586688.8944444447,-10018754.171394622],[2622122.9888888896,-10018754.171394622],[2657557.083333334,-10018754.171394622],[2692991.1777777784,-10018754.171394622],[2728425.2722222228,-10018754.171394622],[2763859.3666666667,-10018754.171394622],[2799293.4611111116,-10018754.171394622],[2834727.555555556,-10018754.171394622],[2870161.6500000004,-10018754.171394622],[2905595.744444445,-10018754.171394622],[2941029.8388888896,-10018754.171394622],[2976463.9333333336,-10018754.171394622],[3011898.0277777785,-10018754.171394622],[3047332.122222223,-10018754.171394622],[3082766.2166666673,-10018754.171394622],[3118200.311111111,-10018754.171394622],[3153634.405555556,-10018754.171394622],[3189068.500000001,-10018754.171394622],[3224502.594444445,-10018754.171394622],[3259936.68888889,-10018754.171394622],[3295370.783333334,-10018754.171394622],[3330804.8777777785,-10018754.171394622],[3366238.972222223,-10018754.171394622],[3401673.066666668,-10018754.171394622],[3437107.1611111118,-10018754.171394622],[3472541.255555556,-10018754.171394622],[3507975.350000001,-10018754.171394622],[3543409.4444444454,-10018754.171394622],[3578843.53888889,-10018754.171394622],[3614277.633333334,-10018754.171394622],[3649711.727777779,-10018754.171394622],[3685145.8222222235,-10018754.171394622],[3720579.9166666674,-10018754.171394622],[3756014.011111112,-10018754.171394622],[3791448.1055555562,-10018754.171394622],[3826882.2000000007,-10018754.171394622],[3862316.2944444455,-10018754.171394622],[3897750.38888889,-10018754.171394622],[3933184.4833333343,-10018754.171394622],[3968618.5777777787,-10018754.171394622],[4004052.6722222236,-10018754.171394622],[4039486.766666668,-10018754.171394622],[4074920.8611111115,-10018754.171394622],[4110354.9555555563,-10018754.171394622],[4145789.0500000007,-10018754.171394622],[4181223.144444446,-10018754.171394622],[4216657.23888889,-10018754.171394622],[4252091.333333334,-10018754.171394622],[4287525.427777779,-10018754.171394622],[4322959.522222223,-10018754.171394622],[4358393.616666667,-10018754.171394622],[4393827.711111112,-10018754.171394622],[4429261.805555557,-10018754.171394622],[4464695.900000001,-10018754.171394622],[4500129.994444446,-10018754.171394622],[4535564.08888889,-10018754.171394622],[4570998.1833333345,-10018754.171394622],[4606432.277777779,-10018754.171394622],[4641866.372222222,-10018754.171394622],[4677300.466666668,-10018754.171394622],[4712734.561111112,-10018754.171394622],[4748168.655555557,-10018754.171394622],[4783602.750000001,-10018754.171394622],[4819036.844444445,-10018754.171394622],[4854470.93888889,-10018754.171394622],[4889905.033333333,-10018754.171394622],[4925339.127777779,-10018754.171394622],[4960773.222222223,-10018754.171394622],[4996207.316666668,-10018754.171394622],[5031641.411111112,-10018754.171394622],[5067075.505555557,-10018754.171394622],[5102509.600000001,-10018754.171394622],[5137943.694444446,-10018754.171394622],[5173377.788888889,-10018754.171394622],[5208811.883333334,-10018754.171394622],[5244245.977777779,-10018754.171394622],[5279680.072222223,-10018754.171394622],[5315114.166666668,-10018754.171394622],[5350548.261111112,-10018754.171394622],[5385982.355555557,-10018754.171394622],[5421416.45,-10018754.171394622],[5456850.5444444455,-10018754.171394622],[5492284.63888889,-10018754.171394622],[5527718.733333333,-10018754.171394622],[5563152.827777779,-10018754.171394622],[5598586.922222223,-10018754.171394622],[5634021.016666668,-10018754.171394622],[5669455.111111112,-10018754.171394622],[5704889.205555556,-10018754.171394622],[5740323.300000001,-10018754.171394622],[5775757.394444446,-10018754.171394622],[5811191.48888889,-10018754.171394622],[5846625.583333334,-10018754.171394622],[5882059.677777779,-10018754.171394622],[5917493.772222223,-10018754.171394622],[5952927.866666667,-10018754.171394622],[5988361.961111112,-10018754.171394622],[6023796.055555557,-10018754.171394622],[6059230.150000001,-10018754.171394622],[6094664.244444446,-10018754.171394622],[6130098.33888889,-10018754.171394622],[6165532.4333333345,-10018754.171394622],[6200966.527777779,-10018754.171394622],[6236400.622222222,-10018754.171394622],[6271834.716666668,-10018754.171394622],[6307268.811111112,-10018754.171394622],[6342702.905555557,-10018754.171394622],[6378137,-10018754.171394622]]},"properties":{"type":"parallel","value":-90}},
{"type":"Feature","geometry":{"type":"LineString","coordinates":[[-8971181.387757253,-9013167.605443459],[-8931926.852433234,-9006222.54362484],[-8892489.136451537,-8999302.549918974],[-8852869.307560837,-8992408.002688704],[-8813068.438618354,-8985539.274024839],[-8773087.607364245,-8978696.729803948],[-8732927.89620018,-8971880.729746776],[-8692590.391972171,-8965091.627477165],[-8652076.185757576,-8958329.770581504],[-8611386.372656232,-8951595.50066865],[-8570522.051585782,-8944889.153430255],[-8529484.325081041,-8938211.058701508],[-8488274.299097475,-8931561.540522225],[-8446893.082818707,-8924940.917198276],[-8405341.788468044,-8918349.501363281],[-8363621.531123976,-8911787.600040596],[-8321733.4285396,-8905255.514705481],[-8279678.600965988,-8898753.54134751],[-8237458.170979383,-8892281.970533112],[-8195073.263312279,-8885841.087468272],[-8152525.004688244,-8879431.172061319],[-8109814.523660552,-8873052.498985806],[-8066942.950454489,-8866705.337743448],[-8023911.4168133885,-8860389.952727076],[-7980721.055848259,-8854106.603283588],[-7937373.001891039,-8847855.543776909],[-7893868.390351413,-8841637.02365087],[-7850208.357577125,-8835451.287492037],[-7806394.040717792,-8829298.575092439],[-7762426.577592124,-8823179.121512203],[-7718307.10655856,-8817093.157142026],[-7674036.7663892405,-8811040.907765526],[-7629616.696147281,-8805022.594621403],[-7585048.035067313,-8799038.434465406],[-7540331.922439253,-8793088.639632106],[-7495469.497495228,-8787173.418096432],[-7450461.899299651,-8781292.973534968],[-7405310.266642375,-8775447.505386997],[-7360015.737934893,-8769637.208915252],[-7314579.451109549,-8763862.275266415],[-7269002.54352169,-8758122.891531266],[-7223286.151854754,-8752419.24080456],[-7177431.412028211,-8746751.502244545],[-7131439.459108342,-8741119.85113215],[-7085311.427221798,-8735524.458929818],[-7039048.449471911,-8729965.493339978],[-6992651.657857692,-8724443.118363122],[-6946122.183195482,-8718957.494355528],[-6899461.155043246,-8713508.778086556],[-6852669.7016274,-8708097.122795554],[-6805748.9497722,-8702722.678248351],[-6758700.024831589,-8697385.590793312],[-6711524.050623531,-8692086.003416982],[-6664222.149366709,-8686824.05579927],[-6616795.441619614,-8681599.884368213],[-6569245.046221945,-8676413.622354252],[-6521572.080238312,-8671265.39984409],[-6473777.658904153,-8666155.343834046],[-6425862.895573884,-8661083.57828297],[-6377828.901671201,-8656050.224164648],[-6329676.786641506,-8651055.399519779],[-6281407.657906433,-8646099.2195074],[-6233022.620820412,-8641181.796455875],[-6184522.778629254,-8636303.239913361],[-6135909.232430709,-8631463.65669779],[-6087183.081136952,-8626663.15094635],[-6038345.421439,-8621901.82416446],[-5989397.347772952,-8617179.775274217],[-5940339.952288099,-8612497.100662395],[-5891174.324816807,-8607853.89422786],[-5841901.552846169,-8603250.247428533],[-5792522.721491373,-8598686.24932778],[-5743038.913470777,-8594161.986640362],[-5693451.20908263,-8589677.543777786],[-5643760.686183431,-8585233.002893208],[-5593968.420167861,-8580828.44392577],[-5544075.483950294,-8576463.94464444],[-5494082.947947834,-8572139.580691332],[-5443991.880064849,-8567855.425624505],[-5393803.34567896,-8563611.550960228],[-5343518.407628488,-8559408.02621476],[-5293138.126201287,-8555244.918945573],[-5242663.559124973,-8551122.294792082],[-5192095.7615584815,-8547040.217515854],[-5141435.78608497,-8542998.749040287],[-5090684.682705982,-8538997.949489795],[-5039843.4988368945,-8535037.877228452],[-4988913.2793036,-8531118.588898156],[-4937895.066340394,-8527240.139456252],[-4886789.899589044,-8523402.58221266],[-4835598.816099016,-8519605.968866488],[-4784322.850328842,-8515850.34954215],[-4732963.034148577,-8512135.772824964],[-4681520.396843353,-8508462.285796246],[-4629995.965117982,-8504829.934067933],[-4578390.763102589,-8501238.761816664],[-4526705.812359268,-8497688.811817396],[-4474942.13188971,-8494180.125476513],[-4423100.738143802,-8490712.742864445],[-4371182.64502917,-8487286.702747801],[-4319188.863921636,-8483902.042621005],[-4267120.403676572,-8480558.798737464],[-4214978.270641143,-8477257.006140232],[-4162763.468667394,-8473996.698692223],[-4110476.9991261684,-8470777.909105912],[-4058119.860921865,-8467600.668972598],[-4005693.05050797,-8464465.008791173],[-3953197.5619033705,-8461370.957996426],[-3900634.3867094335,-8458318.544986889],[-3848004.514127814,-8455307.797152208],[-3795308.9309789957,-8452338.740900071],[-3742548.6217215247,-8449411.401682666],[-3689724.568471934,-8446525.804022681],[-3636837.7510253363,-8443681.97153887],[-3583889.1468766723,-8440879.926971152],[-3530879.731242584,-8438119.692205288],[-3477810.4770839154,-8435401.28829708],[-3424682.355128821,-8432724.735496165],[-3371496.333896443,-8430090.053269362],[-3318253.379721183,-8427497.260323567],[-3264954.456777516,-8424946.374628248],[-3211600.527105354,-8422437.413437488],[-3158192.5506359315,-8419970.393311614],[-3104731.485218215,-8417545.330138404],[-3051218.2866458,-8415162.239153866],[-2997653.9086843077,-8412821.134962616],[-2944039.303099241,-8410522.031557832],[-2890375.4196843137,-8408264.942340793],[-2836663.20629022,-8406049.880140023],[-2782903.608853838,-8403876.857230024],[-2729097.5714278603,-8401745.885349609],[-2675246.0362108336,-8399656.975719819],[-2621349.9435775937,-8397610.139061477],[-2567410.232110091,-8395605.385612313],[-2513427.8386285948,-8393642.725143725],[-2459403.698223253,-8391722.16697713],[-2405338.7442860133,-8389843.719999935],[-2351233.9085428906,-8388007.392681143],[-2297090.1210865527,-8386213.193086539],[-2242908.3104092455,-8384461.128893542],[-2188689.403436018,-8382751.207405638],[-2134434.3255582578,-8381083.435566479],[-2080144.0006675117,-8379457.819973574],[-2025819.3511895968,-8377874.366891631],[-1971461.2981189818,-8376333.082265541],[-1917070.7610534336,-8374833.971732964],[-1862648.6582289184,-8373377.040636583],[-1808195.9065547509,-8371962.294035985],[-1753713.4216489838,-8370589.736719191],[-1699202.117874022,-8369259.373213805],[-1644662.9083724634,-8367971.207797846],[-1590096.705103149,-8366725.244510196],[-1535504.4188774198,-8365521.48716071],[-1480886.959395571,-8364359.939339976],[-1426245.235283495,-8363240.604428728],[-1371580.1541295054,-8362163.485606913],[-1316892.6225213374,-8361128.585862405],[-1262183.5460833104,-8360135.907999394],[-1207453.8295136567,-8359185.454646421],[-1152704.3766219951,-8358277.228264073],[-1097936.0903669535,-8357411.231152348],[-1043149.8728939304,-8356587.465457679],[-988346.6255729828,-8355805.933179618],[-933527.2490368445,-8355066.636177195],[-878692.6432190558,-8354369.576174936],[-823843.7073922091,-8353714.754768554],[-768981.3402062958,-8353102.173430309],[-714106.4397271507,-8352531.83351403],[-659219.90347499,-8352003.736259823],[-604322.6284630327,-8351517.882798437],[-549415.5112361996,-8351074.27415531],[-494499.4479098878,-8350672.911254292],[-439575.3342088074,-8350313.794921026],[-384644.06550588144,-8349996.9258860275],[-329706.5368611978,-8349722.304787419],[-274763.64306100947,-8349489.932173354],[-219816.27865677705,-8349299.80850411],[-164865.33800424566,-8349151.934153867],[-109911.71530255287,-8349046.309412141],[-54956.304633359825,-8348982.934484934],[0,-8348961.809495517],[54956.304633359825,-8348982.934484934],[109911.71530255287,-8349046.309412141],[164865.33800424566,-8349151.934153867],[219816.27865677705,-8349299.80850411],[274763.64306100947,-8349489.932173354],[329706.5368611978,-8349722.304787419],[384644.06550588144,-8349996.9258860275],[439575.3342088074,-8350313.794921026],[494499.4479098878,-8350672.911254292],[549415.5112361996,-8351074.27415531],[604322.6284630327,-8351517.882798437],[659219.90347499,-8352003.736259823],[714106.4397271507,-8352531.83351403],[768981.3402062958,-8353102.173430309],[823843.7073922091,-8353714.754768554],[878692.6432190558,-8354369.576174936],[933527.2490368445,-8355066.636177195],[988346.6255729828,-8355805.933179618],[1043149.8728939304,-8356587.465457679],[1097936.0903669535,-8357411.231152348],[1152704.3766219951,-8358277.228264073],[1207453.8295136567,-8359185.454646421],[1262183.5460833104,-8360135.907999394],[1316892.6225213374,-8361128.585862405],[1371580.1541295054,-8362163.485606913],[1426245.235283495,-8363240.604428728],[1480886.959395571,-8364359.939339976],[1535504.4188774198,-8365521.48716071],[1590096.705103149,-8366725.244510196],[1644662.9083724634,-8367971.207797846],[1699202.117874022,-8369259.373213805],[1753713.4216489838,-8370589.736719191],[1808195.9065547509,-8371962.294035985],[1862648.6582289184,-8373377.040636583],[1917070.7610534336,-8374833.971732964],[1971461.2981189818,-8376333.082265541],[2025819.3511895968,-8377874.366891631],[2080144.0006675117,-8379457.819973574],[2134434.3255582578,-8381083.435566479],[2188689.403436018,-8382751.207405638],[2242908.3104092455,-8384461.128893542],[2297090.1210865527,-8386213.193086539],[2351233.9085428906,-8388007.392681143],[2405338.7442860133,-8389843.719999935],[2459403.698223253,-8391722.16697713],[2513427.8386285948,-8393642.725143725],[2567410.232110091,-8395605.385612313],[2621349.9435775937,-8397610.139061477],[2675246.0362108336,-8399656.975719819],[2729097.5714278603,-8401745.885349609],[2782903.608853838,-8403876.857230024],[2836663.20629022,-8406049.880140023],[2890375.4196843137,-8408264.942340793],[2944039.303099241,-8410522.031557832],[2997653.9086843077,-8412821.134962616],[3051218.2866458,-8415162.239153866],[3104731.485218215,-8417545.330138404],[3158192.5506359315,-8419970.393311614],[3211600.527105354,-8422437.413437488],[3264954.456777516,-8424946.374628248],[3318253.379721183,-8427497.260323567],[3371496.333896443,-8430090.053269362],[3424682.355128821,-8432724.735496165],[3477810.4770839154,-8435401.28829708],[3530879.731242584,-8438119.692205288],[3583889.1468766723,-8440879.926971152],[3636837.7510253363,-8443681.97153887],[3689724.568471934,-8446525.804022681],[3742548.6217215247,-8449411.401682666],[3795308.9309789957,-8452338.740900071],[3848004.514127814,-8455307.797152208],[3900634.3867094335,-8458318.544986889],[3953197.5619033705,-8461370.957996426],[4005693.05050797,-8464465.008791173],[4058119.860921865,-8467600.668972598],[4110476.9991261684,-8470777.909105912],[4162763.468667394,-8473996.698692223],[4214978.270641143,-8477257.006140232],[4267120.403676572,-8480558.798737464],[4319188.863921636,-8483902.042621005],[4371182.64502917,-8487286.702747801],[4423100.738143802,-8490712.742864445],[4474942.13188971,-8494180.125476513],[4526705.812359268,-8497688.811817396],[4578390.763102589,-8501238.761816664],[4629995.965117982,-8504829.934067933],[4681520.396843353,-8508462.285796246],[4732963.034148577,-8512135.772824964],[4784322.850328842,-8515850.34954215],[4835598.816099016,-8519605.968866488],[4886789.899589044,-8523402.58221266],[4937895.066340394,-8527240.139456252],[4988913.2793036,-8531118.588898156],[5039843.4988368945,-8535037.877228452],[5090684.682705982,-8538997.949489795],[5141435.78608497,-8542998.749040287],[5192095.7615584815,-8547040.217515854],[5242663.559124973,-8551122.294792082],[5293138.126201287,-8555244.918945573],[5343518.407628488,-8559408.02621476],[5393803.34567896,-8563611.550960228],[5443991.880064849,-8567855.425624505],[5494082.947947834,-8572139.580691332],[5544075.483950294,-8576463.94464444],[5593968.420167861,-8580828.44392577],[5643760.686183431,-8585233.002893208],[5693451.20908263,-8589677.543777786],[5743038.913470777,-8594161.986640362],[5792522.721491373,-8598686.24932778],[5841901.552846169,-8603250.247428533],[5891174.324816807,-8607853.89422786],[5940339.952288099,-8612497.100662395],[5989397.347772952,-8617179.775274217],[6038345.421439,-8621901.82416446],[6087183.081136952,-8626663.15094635],[6135909.232430709,-8631463.65669779],[6184522.778629254,-8636303.239913361],[6233022.620820412,-8641181.796455875],[6281407.657906433,-8646099.2195074],[6329676.786641506,-8651055.399519779],[6377828.901671201,-8656050.224164648],[6425862.895573884,-8661083.57828297],[6473777.658904153,-8666155.343834046],[6521572.080238312,-8671265.39984409],[6569245.046221945,-8676413.622354252],[6616795.441619614,-8681599.884368213],[6664222.149366709,-8686824.05579927],[6711524.050623531,-8692086.003416982],[6758700.024831589,-8697385.590793312],[6805748.9497722,-8702722.678248351],[6852669.7016274,-8708097.122795554],[6899461.155043246,-8713508.778086556],[6946122.183195482,-8718957.494355528],[6992651.657857692,-8724443.118363122],[7039048.449471911,-8729965.493339978],[7085311.427221798,-8735524.458929818],[7131439.459108342,-8741119.85113215],[7177431.412028211,-8746751.502244545],[7223286.151854754,-8752419.24080456],[7269002.54352169,-8758122.891531266],[7314579.451109549,-8763862.275266415],[7360015.737934893,-8769637.208915252],[7405310.266642375,-8775447.505386997],[7450461.899299651,-8781292.973534968],[7495469.497495228,-8787173.418096432],[7540331.922439253,-8793088.639632106],[7585048.035067313,-8799038.434465406],[7629616.696147281,-8805022.594621403],[7674036.7663892405,-8811040.907765526],[7718307.10655856,-8817093.157142026],[7762426.577592124,-8823179.121512203],[7806394.040717792,-8829298.575092439],[7850208.357577125,-8835451.287492037],[7893868.390351413,-8841637.02365087],[7937373.001891039,-8847855.543776909],[7980721.055848259,-8854106.603283588],[8023911.4168133885,-8860389.952727076],[8066942.950454489,-8866705.337743448],[8109814.523660552,-8873052.498985806],[8152525.004688244,-8879431.172061319],[8195073.263312279,-8885841.087468272],[8237458.170979383,-8892281.970533112],[8279678.600965988,-8898753.54134751],[8321733.4285396,-8905255.514705481],[8363621.531123976,-8911787.600040596],[8405341.788468044,-8918349.501363281],[8446893.082818707,-8924940.917198276],[8488274.299097475,-8931561.540522225],[8529484.325081041,-8938211.058701508],[8570522.051585782,-8944889.153430255],[8611386.372656232,-8951595.50066865],[8652076.185757576,-8958329.770581504],[8692590.391972171,-8965091.627477165],[8732927.89620018,-8971880.729746776],[8773087.607364245,-8978696.729803948],[8813068.438618354,-8985539.274024839],[8852869.307560837,-8992408.002688704],[8892489.136451537,-8999302.549918974],[8931926.852433234,-9006222.54362484],[8971181.387757253,-9013167.605443459]]},"properties":{"type":"parallel","value":-75}},
{"type":"Feature","geometry":{"type":"LineString","coordinates":[[-11387514.085697312,-7677832.537147734],[-11338022.526405148,-7665823.145379561],[-11288248.015864844,-7653896.341393147],[-11238193.692280373,-7642052.109108961],[-11187862.666645521,-7630290.422123646],[-11137258.022773078,-7618611.244041825],[-11086382.81733486,-7607014.52880099],[-11035240.079912176,-7595500.220989564],[-10983832.813056154,-7584068.25615818],[-10932163.992357656,-7572718.561124332],[-10880236.566526227,-7561451.054270427],[-10828053.457477696,-7550265.645835354],[-10775617.560430087,-7539162.238199659],[-10722931.744007349,-7528140.726164399],[-10669998.850350643,-7517200.997223811],[-10616821.695236713,-7506342.93183183],[-10563403.068203088,-7495566.403662604],[-10509745.732679699,-7484871.279865063],[-10455852.426126614,-7474257.421311656],[-10401725.860177591,-7463724.682841348],[-10347368.72078909,-7453272.913496965],[-10292783.668394502,-7442901.956756978],[-10237973.338063262,-7432611.650761859],[-10182940.339664605,-7422401.828535024],[-10127687.258035671,-7412272.318198569],[-10072216.653153706,-7402222.943183773],[-10016531.060312137,-7392253.522436562],[-9960632.990300229,-7382363.870617958],[-9904524.92958614,-7372553.798299652],[-9848209.340503126,-7362823.112154764],[-9791688.661438689,-7353171.615143897],[-9734965.30702645,-7343599.106696553],[-9678041.668340584,-7334105.3828880545],[-9620920.113092555,-7324690.236611976],[-9563602.985830043,-7315353.457748266],[-9506092.608137846,-7306094.833327072],[-9448391.278840587,-7296914.147688399],[-9390501.274207067,-7287811.182637673],[-9332424.848156111,-7278785.717597289],[-9274164.232463764,-7269837.529754238],[-9215721.636971654,-7260966.394203884],[-9157099.249796445,-7252172.084089976],[-9098299.23754018,-7243454.370740993],[-9039323.745501453,-7234813.02380286],[-8980174.897887217,-7226247.811368169],[-8920854.79802518,-7217758.500101914],[-8861365.528576631,-7209344.855363889],[-8801709.151749592,-7201006.641327761],[-8741887.709512256,-7192743.621096938],[-8681903.223806484,-7184555.5568172755],[-8621757.696761414,-7176442.209786688],[-8561453.110907005,-7168403.340561783],[-8500991.429387443,-7160438.70906152],[-8440374.59617434,-7152548.074668012],[-8379604.536279678,-7144731.196324512],[-8318683.155968347,-7136987.832630671],[-8257612.342970293,-7129317.74193509],[-8196393.966692163,-7121720.6824252885],[-8135029.878428379,-7114196.4122151015],[-8073521.911571617,-7106744.689429583],[-8011871.88182262,-7099365.272287494],[-7950081.587399255,-7092057.9191813925],[-7888152.809244837,-7084822.388755437],[-7826087.311235594,-7077658.439980896],[-7763886.840387308,-7070565.832229488],[-7701553.127061017,-7063544.325344542],[-7639087.885167781,-7056593.679710086],[-7576492.812372463,-7049713.656317873],[-7513769.590296501,-7042904.016832422],[-7450919.884719631,-7036164.523654114],[-7387945.345780507,-7029494.939980393],[-7324847.608176246,-7022895.02986513],[-7261628.2913608225,-7016364.558276169],[-7198288.999742298,-7009903.29115114],[-7134831.322878896,-7003510.995451554],[-7071256.835673849,-6997187.439215238],[-7007567.098569048,-6990932.391607146],[-6943763.657737445,-6984745.6229686],[-6879848.045274215,-6978626.904864989],[-6815821.779386641,-6972576.010131971],[-6751686.364582739,-6966592.712920226],[-6687443.291858573,-6960676.788738782],[-6623094.038884297,-6954828.014496974],[-6558640.070188875,-6949046.168545049],[-6494082.837343506,-6943331.030713475],[-6429423.7791436985,-6937682.382350975],[-6364664.321790062,-6932100.006361316],[-6299805.879067751,-6926583.687238922],[-6234849.852524575,-6921133.211103289],[-6169797.631647795,-6915748.365732284],[-6104650.594039581,-6910428.940594333],[-6039410.105591132,-6905174.726879528],[-5974077.520655485,-6899985.517529703],[-5908654.182218974,-6894861.107267491],[-5843141.4220713945,-6889801.29262439],[-5777540.560974816,-6884805.871967884],[-5711852.9088311,-6879874.645527616],[-5646079.764848107,-6875007.415420682],[-5580222.417704583,-6870203.985676023],[-5514282.145713772,-6865464.162257988],[-5448260.216985709,-6860787.753089056],[-5382157.889588257,-6856174.568071764],[-5315976.411706849,-6851624.4191098455],[-5249717.021802978,-6847137.120128633],[-5183380.948771412,-6842712.487094707],[-5116969.412096186,-6838350.338034853],[-5050483.622005335,-6834050.4930543145],[-4983924.779624411,-6829812.774354384],[-4917294.077128787,-6825637.006249351],[-4850592.697894743,-6821523.015182816],[-4783821.816649382,-6817470.629743396],[-4716982.599619343,-6813479.680679844],[-4650076.204678364,-6809550.000915594],[-4583103.78149368,-6805681.425562756],[-4516066.471671283,-6801873.791935579],[-4448965.408900058,-6798126.939563384],[-4381801.719094791,-6794440.710203005],[-4314576.5205381,-6790814.947850742],[-4247290.924021251,-6787249.498753847],[-4179946.032983925,-6783744.21142154],[-4112542.9436529153,-6780298.936635613],[-4045082.7451797887,-6776913.527460589],[-3977566.5197775136,-6773587.839253462],[-3909995.34285608,-6770321.729673073],[-3842370.283157118,-6767115.058689064],[-3774692.402887546,-6763967.688590495],[-3706962.757852228,-6760879.483994066],[-3639182.3975857156,-6757850.311852043],[-3571352.3654830237,-6754880.041459794],[-3503473.698929505,-6751968.54446305],[-3435547.4294298203,-6749115.694864825],[-3367574.582736019,-6746321.369032054],[-3299556.178974751,-6743585.445701934],[-3231493.232773627,-6740907.805987983],[-3163386.753386742,-6738288.333385842],[-3095237.744819376,-6735726.913778804],[-3027047.2059518937,-6733223.435443116],[-2958816.1306628543,-6730777.789053004],[-2890545.507951356,-6728389.867685508],[-2822236.322058621,-6726059.566825066],[-2753889.5525888493,-6723786.784367894],[-2685506.1746293516,-6721571.4206261635],[-2617087.158869975,-6719413.378331973],[-2548633.471721848,-6717312.562641134],[-2480146.0754354587,-6715268.881136769],[-2411625.928218073,-6713282.243832748],[-2343073.9843505276,-6711352.563176933],[-2274491.1943033957,-6709479.754054271],[-2205878.5048525627,-6707663.733789745],[-2137236.8591942126,-6705904.422151154],[-2068567.1970592455,-6704201.74135175],[-1999870.4548271545,-6702555.616052756],[-1931147.5656393608,-6700965.973365739],[-1862399.4595120451,-6699432.74285484],[-1793627.0634484706,-6697955.856538921],[-1724831.3015508305,-6696535.248893552],[-1656013.0951316373,-6695170.856852917],[-1587173.3628246565,-6693862.619811597],[-1518313.0206954167,-6692610.4796262495],[-1449432.9823513106,-6691414.380617194],[-1380534.1590512947,-6690274.269569901],[-1311617.459815218,-6689190.095736385],[-1242683.7915327875,-6688161.810836516],[-1173734.0590721904,-6687189.369059229],[-1104769.1653883944,-6686272.7270636875],[-1035790.011631134,-6685411.843980318],[-966797.4972526095,-6684606.681411824],[-897792.5201149109,-6683857.203434079],[-828775.9765971832,-6683163.376596978],[-759748.7617025536,-6682525.16992521],[-690711.7691648359,-6681942.554918965],[-621665.8915550283,-6681415.505554589],[-552612.0203876229,-6680943.998285149],[-483551.0462267448,-6680528.012040966],[-414483.858792137,-6680167.5282300785],[-345411.34706500696,-6679862.5307386415],[-276334.3993937549,-6679613.005931281],[-207253.90359959844,-6679418.942651383],[-138170.74708211157,-6679280.332221338],[-69085.81692469594,-6679197.168442716],[0,-6679169.447596415],[69085.81692469594,-6679197.168442716],[138170.74708211157,-6679280.332221338],[207253.90359959844,-6679418.942651383],[276334.3993937549,-6679613.005931281],[345411.34706500696,-6679862.5307386415],[414483.858792137,-6680167.5282300785],[483551.0462267448,-6680528.012040966],[552612.0203876229,-6680943.998285149],[621665.8915550283,-6681415.505554589],[690711.7691648359,-6681942.554918965],[759748.7617025536,-6682525.16992521],[828775.9765971832,-6683163.376596978],[897792.5201149109,-6683857.203434079],[966797.4972526095,-6684606.681411824],[1035790.011631134,-6685411.843980318],[1104769.1653883944,-6686272.7270636875],[1173734.0590721904,-6687189.369059229],[1242683.7915327875,-6688161.810836516],[1311617.459815218,-6689190.095736385],[1380534.1590512947,-6690274.269569901],[1449432.9823513106,-6691414.380617194],[1518313.0206954167,-6692610.4796262495],[1587173.3628246565,-6693862.619811597],[1656013.0951316373,-6695170.856852917],[1724831.3015508305,-6696535.248893552],[1793627.0634484706,-6697955.856538921],[1862399.4595120451,-6699432.74285484],[1931147.5656393608,-6700965.973365739],[1999870.4548271545,-6702555.616052756],[2068567.1970592455,-6704201.74135175],[2137236.8591942126,-6705904.422151154],[2205878.5048525627,-6707663.733789745],[2274491.1943033957,-6709479.754054271],[2343073.9843505276,-6711352.563176933],[2411625.928218073,-6713282.243832748],[2480146.0754354587,-6715268.881136769],[2548633.471721848,-6717312.562641134],[2617087.158869975,-6719413.378331973],[2685506.1746293516,-6721571.4206261635],[2753889.5525888493,-6723786.784367894],[2822236.322058621,-6726059.566825066],[2890545.507951356,-6728389.867685508],[2958816.1306628543,-6730777.789053004],[3027047.2059518937,-6733223.435443116],[3095237.744819376,-6735726.913778804],[3163386.753386742,-6738288.333385842],[3231493.232773627,-6740907.805987983],[3299556.178974751,-6743585.445701934],[3367574.582736019,-6746321.369032054],[3435547.4294298203,-6749115.694864825],[3503473.698929505,-6751968.54446305],[3571352.3654830237,-6754880.041459794],[3639182.3975857156,-6757850.311852043],[3706962.757852228,-6760879.483994066],[3774692.402887546,-6763967.688590495],[3842370.283157118,-6767115.058689064],[3909995.34285608,-6770321.729673073],[3977566.5197775136,-6773587.839253462],[4045082.7451797887,-6776913.527460589],[4112542.9436529153,-6780298.936635613],[4179946.032983925,-6783744.21142154],[4247290.924021251,-6787249.498753847],[4314576.5205381,-6790814.947850742],[4381801.719094791,-6794440.710203005],[4448965.408900058,-6798126.939563384],[4516066.471671283,-6801873.791935579],[4583103.78149368,-6805681.425562756],[4650076.204678364,-6809550.000915594],[4716982.599619343,-6813479.680679844],[4783821.816649382,-6817470.629743396],[4850592.697894743,-6821523.015182816],[4917294.077128787,-6825637.006249351],[4983924.779624411,-6829812.774354384],[5050483.622005335,-6834050.4930543145],[5116969.412096186,-6838350.338034853],[5183380.948771412,-6842712.487094707],[5249717.021802978,-6847137.120128633],[5315976.411706849,-6851624.4191098455],[5382157.889588257,-6856174.568071764],[5448260.216985709,-6860787.753089056],[5514282.145713772,-6865464.162257988],[5580222.417704583,-6870203.985676023],[5646079.764848107,-6875007.415420682],[5711852.9088311,-6879874.645527616],[5777540.560974816,-6884805.871967884],[5843141.4220713945,-6889801.29262439],[5908654.182218974,-6894861.107267491],[5974077.520655485,-6899985.517529703],[6039410.105591132,-6905174.726879528],[6104650.594039581,-6910428.940594333],[6169797.631647795,-6915748.365732284],[6234849.852524575,-6921133.211103289],[6299805.879067751,-6926583.687238922],[6364664.321790062,-6932100.006361316],[6429423.7791436985,-6937682.382350975],[6494082.837343506,-6943331.030713475],[6558640.070188875,-6949046.168545049],[6623094.038884297,-6954828.014496974],[6687443.291858573,-6960676.788738782],[6751686.364582739,-6966592.712920226],[6815821.779386641,-6972576.010131971],[6879848.045274215,-6978626.904864989],[6943763.657737445,-6984745.6229686],[7007567.098569048,-6990932.391607146],[7071256.835673849,-6997187.439215238],[7134831.322878896,-7003510.995451554],[7198288.999742298,-7009903.29115114],[7261628.2913608225,-7016364.558276169],[7324847.608176246,-7022895.02986513],[7387945.345780507,-7029494.939980393],[7450919.884719631,-7036164.523654114],[7513769.590296501,-7042904.016832422],[7576492.812372463,-7049713.656317873],[7639087.885167781,-7056593.679710086],[7701553.127061017,-7063544.325344542],[7763886.840387308,-7070565.832229488],[7826087.311235594,-7077658.439980896],[7888152.809244837,-7084822.388755437],[7950081.587399255,-7092057.9191813925],[8011871.88182262,-7099365.272287494],[8073521.911571617,-7106744.689429583],[8135029.878428379,-7114196.4122151015],[8196393.966692163,-7121720.6824252885],[8257612.342970293,-7129317.74193509],[8318683.155968347,-7136987.832630671],[8379604.536279678,-7144731.196324512],[8440374.59617434,-7152548.074668012],[8500991.429387443,-7160438.70906152],[8561453.110907005,-7168403.340561783],[8621757.696761414,-7176442.209786688],[8681903.223806484,-7184555.5568172755],[8741887.709512256,-7192743.621096938],[8801709.151749592,-7201006.641327761],[8861365.528576631,-7209344.855363889],[8920854.79802518,-7217758.500101914],[8980174.897887217,-7226247.811368169],[9039323.745501453,-7234813.02380286],[9098299.23754018,-7243454.370740993],[9157099.249796445,-7252172.084089976],[9215721.636971654,-7260966.394203884],[9274164.232463764,-7269837.529754238],[9332424.848156111,-7278785.717597289],[9390501.274207067,-7287811.182637673],[9448391.278840587,-7296914.147688399],[9506092.608137846,-7306094.833327072],[9563602.985830043,-7315353.457748266],[9620920.113092555,-7324690.236611976],[9678041.668340584,-7334105.3828880545],[9734965.30702645,-7343599.106696553],[9791688.661438689,-7353171.615143897],[9848209.340503126,-7362823.112154764],[9904524.92958614,-7372553.798299652],[9960632.990300229,-7382363.870617958],[10016531.060312137,-7392253.522436562],[10072216.653153706,-7402222.943183773],[10127687.258035671,-7412272.318198569],[10182940.339664605,-7422401.828535024],[10237973.338063262,-7432611.650761859],[10292783.668394502,-7442901.956756978],[10347368.72078909,-7453272.913496965],[10401725.860177591,-7463724.682841348],[10455852.426126614,-7474257.421311656],[10509745.732679699,-7484871.279865063],[10563403.068203088,-7495566.403662604],[10616821.695236713,-7506342.93183183],[10669998.850350643,-7517200.997223811],[10722931.744007349,-7528140.726164399],[10775617.560430087,-7539162.238199659],[10828053.457477696,-7550265.645835354],[10880236.566526227,-7561451.054270427],[10932163.992357656,-7572718.561124332],[10983832.813056154,-7584068.25615818],[11035240.079912176,-7595500.220989564],[11086382.81733486,-7607014.52880099],[11137258.022773078,-7618611.244041825],[11187862.666645521,-7630290.422123646],[11238193.692280373,-7642052.109108961],[11288248.015864844,-7653896.341393147],[11338022.526405148,-7665823.145379561],[11387514.085697312,-7677832.537147734]]},"properties":{"type":"parallel","value":-60}},
{"type":"Feature","geometry":{"type":"LineString","coordinates":[[-13462466.013634147,-6046853.049665729],[-13399067.874335073,-6033005.374732004],[-13335404.180894608,-6019291.518797002],[-13271479.065795032,-6005710.43017365],[-13207296.592159947,-5992261.062765594],[-13142860.75499761,-5978942.376276375],[-13078175.482425224,-5965753.336406339],[-13013244.636874206,-5952692.91503773],[-12948072.016276544,-5939760.090408469],[-12882661.35523232,-5926953.847275056],[-12817016.326158551,-5914273.17706509],[-12751140.54041941,-5901717.078019765],[-12685037.549438024,-5889284.555326814],[-12618710.845789937,-5876974.621244275],[-12552163.864278467,-5864786.295215476],[-12485399.982992033,-5852718.603975596],[-12418422.524343712,-5840770.581650165],[-12351234.756093143,-5828941.269845861],[-12283839.892350992,-5817229.717733921],[-12216241.094566189,-5805634.982126484],[-12148441.47249607,-5794156.127546194],[-12080444.085159726,-5782792.22628934],[-12012251.941774666,-5771542.358482822],[-11943868.002677076,-5760405.612135239],[-11875295.180225853,-5749381.083182329],[-11806536.339690652,-5738467.875527051],[-11737594.300124122,-5727665.101074527],[-11668471.835218627,-5716971.879762105],[-11599171.674147606,-5706387.339584742],[-11529696.5023918,-5695910.616615957],[-11460048.96255064,-5685540.85502454],[-11390231.65513891,-5675277.207087234],[-11320247.139369037,-5665118.833197568],[-11250097.933919089,-5655064.901871052],[-11179786.517686859,-5645114.589746898],[-11109315.330530116,-5635267.0815864345],[-11038686.773993352,-5625521.570268395],[-10967903.212021202,-5615877.256781241],[-10896966.971658744,-5606333.350212644],[-10825880.343738932,-5596889.067736326],[-10754645.58355735,-5587543.63459634],[-10683264.911534574,-5578296.2840889795],[-10611740.513866192,-5569146.257542403],[-10540074.543160934,-5560092.804294139],[-10468269.119066888,-5551135.181666563],[-10396326.32888619,-5542272.654940467],[-10324248.228178268,-5533504.497326842],[-10252036.84135194,-5524829.989936979],[-10179694.1622465,-5516248.421750976],[-10107222.154702028,-5507759.089584761],[-10034622.753119122,-5499361.298055731],[-9961897.863008214,-5491054.359547068],[-9889049.361528717,-5482837.594170864],[-9816079.09801813,-5474710.32973009],[-9742988.894511348,-5466671.901679519],[-9669780.546250332,-5458721.6530856695],[-9596455.8221843,-5450858.934585845],[-9523016.46546068,-5443083.1043463275],[-9449464.193906942,-5435393.528019807],[-9375800.700503515,-5427789.578702101],[-9302027.653847946,-5420270.636888235],[-9228146.698610509,-5412836.090427927],[-9154159.455981351,-5405485.334480543],[-9080067.524109425,-5398217.771469577],[-9005872.478533333,-5391032.811036704],[-8931575.872604204,-5383929.869995451],[-8857179.237900868,-5376908.372284536],[-8782684.084637318,-5369967.748920936],[-8708091.902062794,-5363107.437952683],[-8633404.158854496,-5356326.884411485],[-8558622.303503117,-5349625.540265157],[-8483747.764691398,-5343002.864369953],[-8408781.951665727,-5336458.322422777],[-8333726.254601056,-5329991.386913361],[-8258582.044959141,-5323601.537076398],[-8183350.6758403545,-5317288.258843695],[-8108033.482329116,-5311051.044796347],[-8032631.781833118,-5304889.3941169875],[-7957146.874416464,-5298802.812542114],[-7881580.043126829,-5292790.81231454],[-7805932.55431678,-5286852.912135975],[-7730205.657959372,-5280988.637119772],[-7654400.587958134,-5275197.518743856],[-7578518.56245157,-5269479.094803856],[-7502560.78411229,-5263832.909366461],[-7426528.440440837,-5258258.512723023],[-7350422.704054422,-5252755.461343404],[-7274244.732970552,-5247323.317830122],[-7197995.670885741,-5241961.650872769],[-7121676.647449391,-5236670.035202755],[-7045288.778532914,-5231448.051548355],[-6968833.166494232,-5226295.286590113],[-6892310.900437726,-5221211.332916571],[-6815723.056469753,-5216195.78898038],[-6739070.697949807,-5211248.259054771],[-6662354.875737421,-5206368.353190407],[-6585576.628434914,-5201555.68717264],[-6508736.982626048,-5196809.882479157],[-6431836.953110699,-5192130.566238044],[-6354877.54313564,-5187517.371186274],[-6277859.744621483,-5182969.9356286125],[-6200784.538385897,-5178487.903396966],[-6123652.894363168,-5174070.923810177],[-6046465.771820187,-5169718.651634253],[-5969224.11956893,-5165430.747043068],[-5891928.876175537,-5161206.875579514],[-5814580.970166021,-5157046.708117121],[-5737181.320228728,-5152949.920822151],[-5659730.835413583,-5148916.195116163],[-5582230.415328213,-5144945.217639065],[-5504680.95033102,-5141036.680212642],[-5427083.321721251,-5137190.27980458],[-5349438.401926156,-5133405.718492972],[-5271747.054685288,-5129682.703431324],[-5194010.135232011,-5126020.946814059],[-5116228.490472286,-5122420.165842518],[-5038402.959160783,-5118880.082691462],[-4960534.372074407,-5115400.424476079],[-4882623.55218326,-5111980.923219499],[-4804671.314819142,-5108621.315820812],[-4726678.467841614,-5105321.344023602],[-4648645.811801694,-5102080.7543849815],[-4570574.140103253,-5098899.298245149],[-4492464.239162144,-5095776.73169745],[-4414316.8885631375,-5092712.815558958],[-4336132.861214702,-5089707.31534156],[-4257912.923501699,-5086760.001223573],[-4179657.835436031,-5083870.648021861],[-4101368.350805288,-5081039.035164471],[-4023045.2173194694,-5078264.946663789],[-3944689.1767557953,-5075548.171090209],[-3866300.9651016844,-5072888.50154632],[-3787881.312695933,-5070285.7356416015],[-3709430.9443681324,-5067739.6754676495],[-3630950.5795764015,-5065250.127573901],[-3552440.932543441,-5062816.902943884],[-3473902.712390989,-5060439.816971983],[-3395336.623272695,-5058118.689440714],[-3316743.3645054717,-5055853.344498513],[-3238123.6306993654,-5053643.610638048],[-3159478.111885978,-5051489.320675026],[-3080807.493645492,-5049390.311727532],[-3002112.457232339,-5047346.42519587],[-2923393.6796995387,-5045357.506742907],[-2844651.834021771,-5043423.406274947],[-2765887.5892171985,-5041543.977923099],[-2687101.6104680886,-5039719.080025156],[-2608294.559240276,-5037948.575107987],[-2529467.093401496,-5036232.329870439],[-2450619.867338632,-5034570.21516673],[-2371753.532073905,-5032962.105990369],[-2292868.735380058,-5031407.881458564],[-2213966.121894549,-5029907.424797146],[-2135046.3332328103,-5028460.623325982],[-2056110.008100594,-5027067.368444917],[-1977157.7824054405,-5025727.5556201795],[-1898190.2893673163,-5024441.084371324],[-1819208.1596284348,-5023207.858258661],[-1740212.0213623156,-5022027.78487117],[-1661202.5003820958,-5020900.775814943],[-1582180.220248143,-5019826.7467021],[-1503145.8023749911,-5018805.617140214],[-1424099.8661376366,-5017837.310722232],[-1345043.028977228,-5016921.755016886],[-1265975.9065061777,-5016058.881559608],[-1186899.1126127285,-5015248.625843938],[-1107813.2595650104,-5014490.927313417],[-1028718.9581146104,-5013785.729353987],[-949616.817599698,-5013132.979286876],[-870507.4460477238,-5012532.628361978],[-791391.4502777357,-5011984.631751727],[-712269.4360023326,-5011488.948545462],[-633142.0079292897,-5011045.541744276],[-554009.769862888,-5010654.378256369],[-474873.32480497606,-5010315.428892889],[-395733.27505579044,-5010028.668364246],[-316590.22231457394,-5009794.075276946],[-237444.76778001132,-5009611.63213089],[-158297.51225051846,-5009481.32531717],[-79149.0562244139,-5009403.145116365],[0,-5009377.085697311],[79149.0562244139,-5009403.145116365],[158297.51225051846,-5009481.32531717],[237444.76778001132,-5009611.63213089],[316590.22231457394,-5009794.075276946],[395733.27505579044,-5010028.668364246],[474873.32480497606,-5010315.428892889],[554009.769862888,-5010654.378256369],[633142.0079292897,-5011045.541744276],[712269.4360023326,-5011488.948545462],[791391.4502777357,-5011984.631751727],[870507.4460477238,-5012532.628361978],[949616.817599698,-5013132.979286876],[1028718.9581146104,-5013785.729353987],[1107813.2595650104,-5014490.927313417],[1186899.1126127285,-5015248.625843938],[1265975.9065061777,-5016058.881559608],[1345043.028977228,-5016921.755016886],[1424099.8661376366,-5017837.310722232],[1503145.8023749911,-5018805.617140214],[1582180.220248143,-5019826.7467021],[1661202.5003820958,-5020900.775814943],[1740212.0213623156,-5022027.78487117],[1819208.1596284348,-5023207.858258661],[1898190.2893673163,-5024441.084371324],[1977157.7824054405,-5025727.5556201795],[2056110.008100594,-5027067.368444917],[2135046.3332328103,-5028460.623325982],[2213966.121894549,-5029907.424797146],[2292868.735380058,-5031407.881458564],[2371753.532073905,-5032962.105990369],[2450619.867338632,-5034570.21516673],[2529467.093401496,-5036232.329870439],[2608294.559240276,-5037948.575107987],[2687101.6104680886,-5039719.080025156],[2765887.5892171985,-5041543.977923099],[2844651.834021771,-5043423.406274947],[2923393.6796995387,-5045357.506742907],[3002112.457232339,-5047346.42519587],[3080807.493645492,-5049390.311727532],[3159478.111885978,-5051489.320675026],[3238123.6306993654,-5053643.610638048],[3316743.3645054717,-5055853.344498513],[3395336.623272695,-5058118.689440714],[3473902.712390989,-5060439.816971983],[3552440.932543441,-5062816.902943884],[3630950.5795764015,-5065250.127573901],[3709430.9443681324,-5067739.6754676495],[3787881.312695933,-5070285.7356416015],[3866300.9651016844,-5072888.50154632],[3944689.1767557953,-5075548.171090209],[4023045.2173194694,-5078264.946663789],[4101368.350805288,-5081039.035164471],[4179657.835436031,-5083870.648021861],[4257912.923501699,-5086760.001223573],[4336132.861214702,-5089707.31534156],[4414316.8885631375,-5092712.815558958],[4492464.239162144,-5095776.73169745],[4570574.140103253,-5098899.298245149],[4648645.811801694,-5102080.7543849815],[4726678.467841614,-5105321.344023602],[4804671.314819142,-5108621.315820812],[4882623.55218326,-5111980.923219499],[4960534.372074407,-5115400.424476079],[5038402.959160783,-5118880.082691462],[5116228.490472286,-5122420.165842518],[5194010.135232011,-5126020.946814059],[5271747.054685288,-5129682.703431324],[5349438.401926156,-5133405.718492972],[5427083.321721251,-5137190.27980458],[5504680.95033102,-5141036.680212642],[5582230.415328213,-5144945.217639065],[5659730.835413583,-5148916.195116163],[5737181.320228728,-5152949.920822151],[5814580.970166021,-5157046.708117121],[5891928.876175537,-5161206.875579514],[5969224.11956893,-5165430.747043068],[6046465.771820187,-5169718.651634253],[6123652.894363168,-5174070.923810177],[6200784.538385897,-5178487.903396966],[6277859.744621483,-5182969.9356286125],[6354877.54313564,-5187517.371186274],[6431836.953110699,-5192130.566238044],[6508736.982626048,-5196809.882479157],[6585576.628434914,-5201555.68717264],[6662354.875737421,-5206368.353190407],[6739070.697949807,-5211248.259054771],[6815723.056469753,-5216195.78898038],[6892310.900437726,-5221211.332916571],[6968833.166494232,-5226295.286590113],[7045288.778532914,-5231448.051548355],[7121676.647449391,-5236670.035202755],[7197995.670885741,-5241961.650872769],[7274244.732970552,-5247323.317830122],[7350422.704054422,-5252755.461343404],[7426528.440440837,-5258258.512723023],[7502560.78411229,-5263832.909366461],[7578518.56245157,-5269479.094803856],[7654400.587958134,-5275197.518743856],[7730205.657959372,-5280988.637119772],[7805932.55431678,-5286852.912135975],[7881580.043126829,-5292790.81231454],[7957146.874416464,-5298802.812542114],[8032631.781833118,-5304889.3941169875],[8108033.482329116,-5311051.044796347],[8183350.6758403545,-5317288.258843695],[8258582.044959141,-5323601.537076398],[8333726.254601056,-5329991.386913361],[8408781.951665727,-5336458.322422777],[8483747.764691398,-5343002.864369953],[8558622.303503117,-5349625.540265157],[8633404.158854496,-5356326.884411485],[8708091.902062794,-5363107.437952683],[8782684.084637318,-5369967.748920936],[8857179.237900868,-5376908.372284536],[8931575.872604204,-5383929.869995451],[9005872.478533333,-5391032.811036704],[9080067.524109425,-5398217.771469577],[9154159.455981351,-5405485.334480543],[9228146.698610509,-5412836.090427927],[9302027.653847946,-5420270.636888235],[9375800.700503515,-5427789.578702101],[9449464.193906942,-5435393.528019807],[9523016.46546068,-5443083.1043463275],[9596455.8221843,-5450858.934585845],[9669780.546250332,-5458721.6530856695],[9742988.894511348,-5466671.901679519],[9816079.09801813,-5474710.32973009],[9889049.361528717,-5482837.594170864],[9961897.863008214,-5491054.359547068],[10034622.753119122,-5499361.298055731],[10107222.154702028,-5507759.089584761],[10179694.1622465,-5516248.421750976],[10252036.84135194,-5524829.989936979],[10324248.228178268,-5533504.497326842],[10396326.32888619,-5542272.654940467],[10468269.119066888,-5551135.181666563],[10540074.543160934,-5560092.804294139],[10611740.513866192,-5569146.257542403],[10683264.911534574,-5578296.2840889795],[10754645.58355735,-5587543.63459634],[10825880.343738932,-5596889.067736326],[10896966.971658744,-5606333.350212644],[10967903.212021202,-5615877.256781241],[11038686.773993352,-5625521.570268395],[11109315.330530116,-5635267.0815864345],[11179786.517686859,-5645114.589746898],[11250097.933919089,-5655064.901871052],[11320247.139369037,-5665118.833197568],[11390231.65513891,-5675277.207087234],[11460048.96255064,-5685540.85502454],[11529696.5023918,-5695910.616615957],[11599171.674147606,-5706387.339584742],[11668471.835218627,-5716971.879762105],[11737594.300124122,-5727665.101074527],[11806536.339690652,-5738467.875527051],[11875295.180225853,-5749381.083182329],[11943868.002677076,-5760405.612135239],[12012251.941774666,-5771542.358482822],[12080444.085159726,-5782792.22628934],[12148441.47249607,-5794156.127546194],[12216241.094566189,-5805634.982126484],[12283839.892350992,-5817229.717733921],[12351234.756093143,-5828941.269845861],[12418422.524343712,-5840770.581650165],[12485399.982992033,-5852718.603975596],[12552163.864278467,-5864786.295215476],[12618710.845789937,-5876974.621244275],[12685037.549438024,-5889284.555326814],[12751140.54041941,-5901717.078019765],[12817016.326158551,-5914273.17706509],[12882661.35523232,-5926953.847275056],[12948072.016276544,-5939760.090408469],[13013244.636874206,-5952692.91503773],[13078175.482425224,-5965753.336406339],[13142860.75499761,-5978942.376276375],[13207296.592159947,-5992261.062765594],[13271479.065795032,-6005710.43017365],[13335404.180894608,-6019291.518797002],[13399067.874335073,-6033005.374732004],[13462466.013634147,-6046853.049665729]]},"properties":{"type":"parallel","value":-45}},
{"type":"Feature","geometry":{"type":"LineString","coordinates":[[-15054632.626699056,-4174480.9047477585],[-14977371.655934831,-4162501.4403200834],[-14899948.634272225,-4150663.2150275693],[-14822366.63463793,-4138964.4377781553],[-14744628.66137667,-4127403.3464747514],[-14666737.652050126,-4115978.2075419505],[-14588696.479183521,-4104687.315459213],[-14510507.951961601,-4093528.9923005356],[-14432174.817875523,-4082501.587280683],[-14353699.764322242,-4071603.4763079486],[-14275085.420157885,-4060833.061543499],[-14196334.357206473,-4050188.7709672707],[-14117449.09172551,-4039669.0579504305],[-14038432.085829647,-4029272.4008343862],[-13959285.74887385,-4018997.3025163105],[-13880012.438797222,-4008842.290041177],[-13800614.463428805,-3998805.914200249],[-13721094.081756407,-3988886.7491360107],[-13641453.50515974,-3979083.391953465],[-13561694.898608865,-3969394.4623377947],[-13481820.381829057,-3959818.6021782937],[-13401832.030433131,-3950354.4751985488],[-13321731.87702215,-3941000.7665927834],[-13241521.912255634,-3931756.182668337],[-13161204.08589202,-3922619.450494193],[-13080780.30780044,-3913589.317555494],[-13000252.448944578,-3904664.551413993],[-12919622.342339508,-3895843.9393743477],[-12838891.783982333,-3887126.2881562137],[-12758062.533757385,-3878510.4235720388],[-12677136.316316795,-3869995.1902105142],[-12596114.821937138,-3861579.451125581],[-12514999.707352903,-3853262.0875309412],[-12433792.596567431,-3845041.998499973],[-12352495.08164211,-3836918.100671014],[-12271108.723464314,-3828889.3279578784],[-12189635.052494856,-3820954.6312655997],[-12108075.569495501,-3813112.9782112623],[-12026431.746237148,-3805363.352849885],[-11944705.026189225,-3797704.7554052635],[-11862896.82519091,-3790136.2020056946],[-11781008.532104664,-3782656.7244245214],[-11699041.509452589,-3775265.369825397],[-11616997.094036188,-3767961.2005122234],[-11534876.597539904,-3760743.2936836653],[-11452681.307119016,-3753610.741192177],[-11370412.48597228,-3746562.649307465],[-11288071.373899788,-3739598.13848432],[-11205659.187846448,-3732716.3431347264],[-11123177.122431565,-3725916.411404208],[-11040626.350464825,-3719197.5049523087],[-10958008.02344915,-3712558.7987371595],[-10875323.272070825,-3705999.48080405],[-10792573.20667711,-3699518.752077942],[-10709758.917741925,-3693115.8261598535],[-10626881.47631973,-3686789.929127051],[-10543941.934488086,-3680540.2993369754],[-10460941.325779151,-3674366.1872348506],[-10377880.665600412,-3668266.8551648925],[-10294760.95164505,-3662241.577185071],[-10211583.164292078,-3656289.638885352],[-10128348.266996713,-3650410.337209363],[-10045057.206671102,-3644602.9802794233],[-9961710.91405578,-3638866.8872248684],[-9878310.30408208,-3633201.3880136274],[-9794856.276225733,-3627605.823286978],[-9711349.71485193,-3622079.5441974346],[-9627791.48955207,-3616621.912249705],[-9544182.455472419,-3611232.29914467],[-9460523.453634946,-3605910.0866263215],[-9376815.311250469,-3600654.666331616],[-9293058.842024421,-3595465.439643178],[-9209254.846455356,-3590341.817544819],[-9125404.112126451,-3585283.220479808],[-9041507.413990172,-3580289.0782118505],[-8957565.514646294,-3575358.8296887223],[-8873579.164613431,-3570491.9229085213],[-8789549.102594342,-3565687.8147884714],[-8705476.055735048,-3560945.9710362568],[-8621360.739878044,-3556265.8660238152],[-8537203.85980971,-3551646.9826635723],[-8453006.109502094,-3547088.812287049],[-8368768.172349198,-3542590.8545258213],[-8284490.721397959,-3538152.617194768],[-8200174.4195740195,-3533773.616177591],[-8115819.919902463,-3529453.3753145435],[-8031427.86572363,-3525191.4262923417],[-7946998.890904159,-3520987.3085362185],[-7862533.6200433625,-3516840.569104078],[-7778032.668675091,-3512750.7625827175],[-7693496.643465179,-3508717.4509860747],[-7608926.142404606,-3504740.2036554734],[-7524321.754998472,-3500818.5971618253],[-7439684.062450933,-3496952.2152097546],[-7355013.637846154,-3493140.6485436186],[-7270311.046325422,-3489383.4948553783],[-7185576.845260523,-3485680.3586943056],[-7100811.584423446,-3482030.8513784707],[-7016015.806152556,-3478434.5909080068],[-6931190.045515302,-3474891.2018800997],[-6846334.830467553,-3471400.3154056813],[-6761450.682009672,-3467961.5690278034],[-6676538.114339378,-3464574.606641649],[-6591597.635001533,-3461239.078416171],[-6506629.745034874,-3457954.6407173155],[-6421634.939115826,-3454720.956032815],[-6336613.705699433,-3451537.692898518],[-6251566.527157518,-3448404.525826228],[-6166493.879914113,-3445321.135233041],[-6081396.234578247,-3442287.2073721373],[-5996274.056074174,-3439302.4342650217],[-5911127.803769085,-3436366.5136351706],[-5825957.931598383,-3433479.1488430887],[-5740764.888188593,-3430640.0488227205],[-5655549.11697796,-3427848.9280192284],[-5570311.056334794,-3425105.5063280887],[-5485051.139673629,-3422409.509035497],[-5399769.795569268,-3419760.666760074],[-5314467.447868739,-3417158.715395821],[-5229144.515801241,-3414603.3960563396],[-5143801.414086133,-3412094.4550202726],[-5058438.553039021,-3409631.643677965],[-4973056.338675966,-3407214.7184793046],[-4887655.172815921,-3404843.440882758],[-4802235.453181391,-3402517.577305548],[-4716797.573497383,-3400236.8990749805],[-4631341.923588716,-3398001.182380904],[-4545868.889475699,-3395810.208229261],[-4460378.853468253,-3393663.7623967566],[-4374872.1942585,-3391561.6353865815],[-4289349.287011877,-3389503.622385226],[-4203810.503456809,-3387489.5232203193],[-4118256.211972986,-3385519.14231952],[-4032686.7776782783,-3383592.2886704253],[-3947102.562514343,-3381708.7757814866],[-3861503.925330935,-3379868.4216439254],[-3775891.221968997,-3378071.0486946274],[-3690264.8053425304,-3376316.483780012],[-3604625.0255193,-3374604.5581208616],[-3518972.2298004148,-3372935.1072780914],[-3433306.7627987973,-3371307.971119468],[-3347628.9665166056,-3369722.993787239],[-3261939.180421606,-3368180.02366669],[-3176237.7415225664,-3366678.913355598],[-3090524.984443672,-3365219.519634582],[-3004801.241498014,-3363801.703438342],[-2919066.842760174,-3362425.329827764],[-2833322.116137934,-3361090.2679629033],[-2747567.3874431467,-3359796.391076813],[-2661802.980461796,-3358543.576450234],[-2576029.217023265,-3357331.705387115],[-2490246.4170688596,-3356160.663190971],[-2404454.898719595,-3355030.339142067],[-2318654.9783432893,-3353940.626475414],[-2232846.9706209833,-3352891.4223595867],[-2147031.188612709,-3351882.6278763306],[-2061207.9438226463,-3350914.148000978],[-1975377.5462636831,-3349985.89158365],[-1889540.304521405,-3349097.7713312414],[-1803696.5258175465,-3348249.703790189],[-1717846.516072921,-3347441.609330013],[-1631990.579969862,-3346673.4121276205],[-1546129.0210141889,-3345945.04015238],[-1460262.1415967373,-3345256.4251519465],[-1374390.2430544605,-3344607.50263885],[-1288513.625731139,-3343998.2118778224],[-1202632.5890377117,-3343428.495873879],[-1116747.4315122622,-3342898.3013611347],[-1030858.4508796713,-3342407.5787923657],[-944965.9441109677,-3341956.282329294],[-859070.2074823967,-3341544.3698336184],[-773171.5366342264,-3341171.802858761],[-687270.2266293167,-3340838.54664235],[-601366.5720114736,-3340544.5700994153],[-515460.86686360795,-3340289.845816316],[-429553.4048657228,-3340074.3500453834],[-343644.47935275134,-3339898.0627002767],[-257734.38337226302,-3339760.9673520643],[-171823.40974206626,-3339663.051226014],[-85911.851107723,-3339604.305199096],[0,-3339584.723798207],[85911.851107723,-3339604.305199096],[171823.40974206626,-3339663.051226014],[257734.38337226302,-3339760.9673520643],[343644.47935275134,-3339898.0627002767],[429553.4048657228,-3340074.3500453834],[515460.86686360795,-3340289.845816316],[601366.5720114736,-3340544.5700994153],[687270.2266293167,-3340838.54664235],[773171.5366342264,-3341171.802858761],[859070.2074823967,-3341544.3698336184],[944965.9441109677,-3341956.282329294],[1030858.4508796713,-3342407.5787923657],[1116747.4315122622,-3342898.3013611347],[1202632.5890377117,-3343428.495873879],[1288513.625731139,-3343998.2118778224],[1374390.2430544605,-3344607.50263885],[1460262.1415967373,-3345256.4251519465],[1546129.0210141889,-3345945.04015238],[1631990.579969862,-3346673.4121276205],[1717846.516072921,-3347441.609330013],[1803696.5258175465,-3348249.703790189],[1889540.304521405,-3349097.7713312414],[1975377.5462636831,-3349985.89158365],[2061207.9438226463,-3350914.148000978],[2147031.188612709,-3351882.6278763306],[2232846.9706209833,-3352891.4223595867],[2318654.9783432893,-3353940.626475414],[2404454.898719595,-3355030.339142067],[2490246.4170688596,-3356160.663190971],[2576029.217023265,-3357331.705387115],[2661802.980461796,-3358543.576450234],[2747567.3874431467,-3359796.391076813],[2833322.116137934,-3361090.2679629033],[2919066.842760174,-3362425.329827764],[3004801.241498014,-3363801.703438342],[3090524.984443672,-3365219.519634582],[3176237.7415225664,-3366678.913355598],[3261939.180421606,-3368180.02366669],[3347628.9665166056,-3369722.993787239],[3433306.7627987973,-3371307.971119468],[3518972.2298004148,-3372935.1072780914],[3604625.0255193,-3374604.5581208616],[3690264.8053425304,-3376316.483780012],[3775891.221968997,-3378071.0486946274],[3861503.925330935,-3379868.4216439254],[3947102.562514343,-3381708.7757814866],[4032686.7776782783,-3383592.2886704253],[4118256.211972986,-3385519.14231952],[4203810.503456809,-3387489.5232203193],[4289349.287011877,-3389503.622385226],[4374872.1942585,-3391561.6353865815],[4460378.853468253,-3393663.7623967566],[4545868.889475699,-3395810.208229261],[4631341.923588716,-3398001.182380904],[4716797.573497383,-3400236.8990749805],[4802235.453181391,-3402517.577305548],[4887655.172815921,-3404843.440882758],[4973056.338675966,-3407214.7184793046],[5058438.553039021,-3409631.643677965],[5143801.414086133,-3412094.4550202726],[5229144.515801241,-3414603.3960563396],[5314467.447868739,-3417158.715395821],[5399769.795569268,-3419760.666760074],[5485051.139673629,-3422409.509035497],[5570311.056334794,-3425105.5063280887],[5655549.11697796,-3427848.9280192284],[5740764.888188593,-3430640.0488227205],[5825957.931598383,-3433479.1488430887],[5911127.803769085,-3436366.5136351706],[5996274.056074174,-3439302.4342650217],[6081396.234578247,-3442287.2073721373],[6166493.879914113,-3445321.135233041],[6251566.527157518,-3448404.525826228],[6336613.705699433,-3451537.692898518],[6421634.939115826,-3454720.956032815],[6506629.745034874,-3457954.6407173155],[6591597.635001533,-3461239.078416171],[6676538.114339378,-3464574.606641649],[6761450.682009672,-3467961.5690278034],[6846334.830467553,-3471400.3154056813],[6931190.045515302,-3474891.2018800997],[7016015.806152556,-3478434.5909080068],[7100811.584423446,-3482030.8513784707],[7185576.845260523,-3485680.3586943056],[7270311.046325422,-3489383.4948553783],[7355013.637846154,-3493140.6485436186],[7439684.062450933,-3496952.2152097546],[7524321.754998472,-3500818.5971618253],[7608926.142404606,-3504740.2036554734],[7693496.643465179,-3508717.4509860747],[7778032.668675091,-3512750.7625827175],[7862533.6200433625,-3516840.569104078],[7946998.890904159,-3520987.3085362185],[8031427.86572363,-3525191.4262923417],[8115819.919902463,-3529453.3753145435],[8200174.4195740195,-3533773.616177591],[8284490.721397959,-3538152.617194768],[8368768.172349198,-3542590.8545258213],[8453006.109502094,-3547088.812287049],[8537203.85980971,-3551646.9826635723],[8621360.739878044,-3556265.8660238152],[8705476.055735048,-3560945.9710362568],[8789549.102594342,-3565687.8147884714],[8873579.164613431,-3570491.9229085213],[8957565.514646294,-3575358.8296887223],[9041507.413990172,-3580289.0782118505],[9125404.112126451,-3585283.220479808],[9209254.846455356,-3590341.817544819],[9293058.842024421,-3595465.439643178],[9376815.311250469,-3600654.666331616],[9460523.453634946,-3605910.0866263215],[9544182.455472419,-3611232.29914467],[9627791.48955207,-3616621.912249705],[9711349.71485193,-3622079.5441974346],[9794856.276225733,-3627605.823286978],[9878310.30408208,-3633201.3880136274],[9961710.91405578,-3638866.8872248684],[10045057.206671102,-3644602.9802794233],[10128348.266996713,-3650410.337209363],[10211583.164292078,-3656289.638885352],[10294760.95164505,-3662241.577185071],[10377880.665600412,-3668266.8551648925],[10460941.325779151,-3674366.1872348506],[10543941.934488086,-3680540.2993369754],[10626881.47631973,-3686789.929127051],[10709758.917741925,-3693115.8261598535],[10792573.20667711,-3699518.752077942],[10875323.272070825,-3705999.48080405],[10958008.02344915,-3712558.7987371595],[11040626.350464825,-3719197.5049523087],[11123177.122431565,-3725916.411404208],[11205659.187846448,-3732716.3431347264],[11288071.373899788,-3739598.13848432],[11370412.48597228,-3746562.649307465],[11452681.307119016,-3753610.741192177],[11534876.597539904,-3760743.2936836653],[11616997.094036188,-3767961.2005122234],[11699041.509452589,-3775265.369825397],[11781008.532104664,-3782656.7244245214],[11862896.82519091,-3790136.2020056946],[11944705.026189225,-3797704.7554052635],[12026431.746237148,-3805363.352849885],[12108075.569495501,-3813112.9782112623],[12189635.052494856,-3820954.6312655997],[12271108.723464314,-3828889.3279578784],[12352495.08164211,-3836918.100671014],[12433792.596567431,-3845041.998499973],[12514999.707352903,-3853262.0875309412],[12596114.821937138,-3861579.451125581],[12677136.316316795,-3869995.1902105142],[12758062.533757385,-3878510.4235720388],[12838891.783982333,-3887126.2881562137],[12919622.342339508,-3895843.9393743477],[13000252.448944578,-3904664.551413993],[13080780.30780044,-3913589.317555494],[13161204.08589202,-3922619.450494193],[13241521.912255634,-3931756.182668337],[13321731.87702215,-3941000.7665927834],[13401832.030433131,-3950354.4751985488],[13481820.381829057,-3959818.6021782937],[13561694.898608865,-3969394.4623377947],[13641453.50515974,-3979083.391953465],[13721094.081756407,-3988886.7491360107],[13800614.463428805,-3998805.914200249],[13880012.438797222,-4008842.290041177],[13959285.74887385,-4018997.3025163105],[14038432.085829647,-4029272.4008343862],[14117449.09172551,-4039669.0579504305],[14196334.357206473,-4050188.7709672707],[14275085.420157885,-4060833.061543499],[14353699.764322242,-4071603.4763079486],[14432174.817875523,-4082501.587280683],[14510507.951961601,-4093528.9923005356],[14588696.479183521,-4104687.315459213],[14666737.652050126,-4115978.2075419505],[14744628.66137667,-4127403.3464747514],[14822366.63463793,-4138964.4377781553],[14899948.634272225,-4150663.2150275693],[14977371.655934831,-4162501.4403200834],[15054632.626699056,-4174480.9047477585]]},"properties":{"type":"parallel","value":-30}},
{"type":"Feature","geometry":{"type":"LineString","coordinates":[[-16055510.4013914,-2131418.374828178],[-15968120.549017355,-2124506.7275565136],[-15880682.372415833,-2117685.772298024],[-15793196.890633367,-2110954.106809794],[-15705665.096602388,-2104310.35818134],[-15618087.95794661,-2097753.1821082328],[-15530466.41775786,-2091281.262186923],[-15442801.39534547,-2084893.3092300764],[-15355093.786959352,-2078588.060601739],[-15267344.466487778,-2072364.2795716836],[-15179554.286130892,-2066220.7546883135],[-15091724.077050911,-2060156.2991695164],[-15003854.649999848,-2054169.7503108848],[-14915946.7959258,-2048259.9689107526],[-14828001.286558433,-2042425.838711493],[-14740018.874974638,-2036666.2658565647],[-14652000.296145035,-2030980.1783628059],[-14563946.26746204,-2025366.5256074816],[-14475857.489250284,-2019824.2778296284],[-14387734.645259993,-2014352.4256452394],[-14299578.40314394,-2008949.9795758475],[-14211389.41491871,-2003615.9695901065],[-14123168.31741069,-1998349.444657944],[-14034915.732687578,-1993149.4723169089],[-13946632.268475687,-1988015.138250327],[-13858318.518563816,-1982945.5458769095],[-13769975.063194009,-1977939.8159514554],[-13681602.469439771,-1972997.0861763116],[-13593201.291572174,-1968116.5108232617],[-13504772.071414286,-1963297.2603655248],[-13416315.33868437,-1958538.5211195666],[-13327831.611328224,-1953839.4948964159],[-13239321.395841084,-1949199.3986622056],[-13150785.18757944,-1944617.4642076695],[-13062223.471063158,-1940092.9378263154],[-12973636.720268179,-1935625.080001026],[-12885025.39891024,-1931213.1650988348],[-12796389.960719818,-1926856.4810736398],[-12707730.849708676,-1922554.3291766155],[-12619048.500428308,-1918306.023674107],[-12530343.338220472,-1914110.891572778],[-12441615.779460255,-1909968.272351815],[-12352866.231791731,-1905877.5177019695],[-12264095.094356615,-1901837.9912712553],[-12175302.758016082,-1897849.068417099],[-12086489.605566015,-1893910.1359647682],[-11997656.01194588,-1890020.5919718903],[-11908802.34444143,-1886179.845498898],[-11819928.962881554,-1882387.3163852266],[-11731036.219829254,-1878642.435031108],[-11642124.460767211,-1874944.6421848],[-11553194.024277894,-1871293.3887350985],[-11464245.24221851,-1867688.1355089927],[-11375278.439890953,-1864128.353074314],[-11286293.936206896,-1860613.521547243],[-11197292.043848187,-1857143.13040454],[-11108273.069422707,-1853716.6783003772],[-11019237.31361585,-1850333.672887634],[-10930185.071337735,-1846993.630643547],[-10841116.631866354,-1843696.0766995882],[-10752032.278986666,-1840440.5446754636],[-10662932.291125933,-1837226.576517118],[-10573816.941485247,-1834053.7223386392],[-10484686.4981675,-1830921.5402679618],[-10395541.224301856,-1827829.5962962627],[-10306381.378164805,-1824777.4641309592],[-10217207.213297995,-1821764.7250522086],[-10128018.97862283,-1818790.967772822],[-10038816.918552056,-1815855.788301498],[-9949601.273098325,-1812958.789809299],[-9860372.277979892,-1810099.5824992754],[-9771130.164723504,-1807277.7834791662],[-9681875.160764605,-1804493.0166370901],[-9592607.48954489,-1801744.9125201574],[-9503327.370607318,-1799033.10821592],[-9414035.019688675,-1796357.247236598],[-9324730.64880973,-1793716.9794060038],[-9235414.466363061,-1791111.9607491007],[-9146086.67719868,-1788541.8533841304],[-9056747.482707407,-1786006.3254172439],[-8967397.080902195,-1783505.0508395727],[-8878035.666497363,-1781037.7094266848],[-8788663.430985851,-1778603.986640363],[-8699280.56271456,-1776203.573532648],[-8609887.246957786,-1773836.1666520948],[-8520483.665988883,-1771501.4679521911],[-8431069.999150109,-1769199.1847018718],[-8341646.422920818,-1766929.0293981007],[-8252213.1109839445,-1764690.7196804497],[-8162770.234290907,-1762483.9782476446],[-8073317.961124932,-1760308.5327760186],[-7983856.457162877,-1758164.115839835],[-7894385.88553555,-1756050.4648334351],[-7804906.406886643,-1753967.3218951698],[-7715418.179430221,-1751914.4338330647],[-7625921.359006923,-1749891.5520521963],[-7536416.099138802,-1747898.4324837218],[-7446902.551082935,-1745934.8355155368],[-7357380.863883761,-1744000.525924517],[-7267851.184424252,-1742095.272810317],[-7178313.657475901,-1740218.84953068],[-7088768.42574759,-1738371.033638233],[-6999215.629933347,-1736551.606818735],[-6909655.408759055,-1734760.354830738],[-6820087.8990281,-1732997.0674466405],[-6730513.2356660515,-1731261.538395096],[-6640931.551764314,-1729553.5653047517],[-6551342.978622875,-1727872.949649282],[-6461747.645792107,-1726219.496693702],[-6372145.681113679,-1724593.0154419178],[-6282537.2107605925,-1722993.3185855038],[-6192922.3592763925,-1721420.222453665],[-6103301.249613525,-1719873.5469643776],[-6013674.003170925,-1718353.1155766684],[-5924040.739830815,-1716858.7552440178],[-5834401.577994756,-1715390.2963688613],[-5744756.634618962,-1713947.57275817],[-5655106.025248911,-1712530.421580084],[-5565449.86405327,-1711138.6833215836],[-5475788.263857127,-1709772.201747172],[-5386121.336174606,-1708430.8238585556],[-5296449.191240822,-1707114.3998552992],[-5206771.938043237,-1705822.7830964383],[-5117089.684352416,-1704555.8300630313],[-5027402.536752206,-1703313.4003216338],[-4937710.6006693505,-1702095.3564886756],[-4848013.980402564,-1700901.56419573],[-4758312.779151063,-1699731.8920556514],[-4668607.099042611,-1698586.211629573],[-4578897.041161034,-1697464.3973947426],[-4489182.705573274,-1696366.3267131883],[-4399464.1913559595,-1695291.879801195],[-4309741.5966215385,-1694240.9396995823],[-4220015.018543943,-1693213.3922447632],[-4130284.553383854,-1692209.1260405807],[-4040550.296513538,-1691228.0324309005],[-3950812.342441271,-1690270.0054729518],[-3861070.7848354033,-1689334.9419114045],[-3771325.7165480107,-1688422.7411531727],[-3681577.2296382072,-1687533.3052429238],[-3591825.415395093,-1686666.5388393006],[-3502070.36436036,-1685822.3491918263],[-3412312.1663505677,-1685000.6461184954],[-3322550.9104791,-1684201.3419840354],[-3232786.6851778124,-1683424.3516788313],[-3143019.578218376,-1682669.5925985023],[-3053249.676733336,-1681936.9846241267],[-2963477.067236892,-1681226.4501030964],[-2873701.835645408,-1680537.9138306046],[-2783924.0672976607,-1679871.30303175],[-2694143.846974844,-1679226.5473442548],[-2604361.2589203287,-1678603.5788017882],[-2514576.3868591846,-1678002.3318178826],[-2424789.3140174947,-1677422.7431704472],[-2335000.123141445,-1676864.7519868596],[-2245208.8965162113,-1676328.2997296422],[-2155415.715984648,-1675813.3301827007],[-2065620.662965795,-1675319.7894381385],[-1975823.8184731975,-1674847.6258836263],[-1886025.2631330579,-1674396.7901903265],[-1796225.0772022211,-1673967.2353013689],[-1706423.3405860101,-1673558.9164208723],[-1616620.1328559036,-1673171.7910035064],[-1526815.5332670829,-1672805.8187445882],[-1437009.6207758398,-1672460.9615707125],[-1347202.4740568628,-1672137.183630911],[-1257394.1715204031,-1671834.4512883332],[-1167584.7913293291,-1671552.733112453],[-1077774.4114160824,-1671291.9998717867],[-987963.109499532,-1671052.2245271343],[-898150.9631017443,-1670833.3822253249],[-808338.0495646675,-1670635.4502934762],[-718524.4460667432,-1670458.4082337602],[-628710.2296394502,-1670302.2377186737],[-538895.4771837856,-1670166.9225868115],[-449080.26548669377,-1670052.4488391413],[-359264.67123744695,-1669958.8046357795],[-269448.77104398556,-1669885.9802932618],[-179632.64144922484,-1669833.9682823156],[-89816.35894733487,-1669802.7632261277],[0,-1669792.3618991035],[89816.35894733487,-1669802.7632261277],[179632.64144922484,-1669833.9682823156],[269448.77104398556,-1669885.9802932618],[359264.67123744695,-1669958.8046357795],[449080.26548669377,-1670052.4488391413],[538895.4771837856,-1670166.9225868115],[628710.2296394502,-1670302.2377186737],[718524.4460667432,-1670458.4082337602],[808338.0495646675,-1670635.4502934762],[898150.9631017443,-1670833.3822253249],[987963.109499532,-1671052.2245271343],[1077774.4114160824,-1671291.9998717867],[1167584.7913293291,-1671552.733112453],[1257394.1715204031,-1671834.4512883332],[1347202.4740568628,-1672137.183630911],[1437009.6207758398,-1672460.9615707125],[1526815.5332670829,-1672805.8187445882],[1616620.1328559036,-1673171.7910035064],[1706423.3405860101,-1673558.9164208723],[1796225.0772022211,-1673967.2353013689],[1886025.2631330579,-1674396.7901903265],[1975823.8184731975,-1674847.6258836263],[2065620.662965795,-1675319.7894381385],[2155415.715984648,-1675813.3301827007],[2245208.8965162113,-1676328.2997296422],[2335000.123141445,-1676864.7519868596],[2424789.3140174947,-1677422.7431704472],[2514576.3868591846,-1678002.3318178826],[2604361.2589203287,-1678603.5788017882],[2694143.846974844,-1679226.5473442548],[2783924.0672976607,-1679871.30303175],[2873701.835645408,-1680537.9138306046],[2963477.067236892,-1681226.4501030964],[3053249.676733336,-1681936.9846241267],[3143019.578218376,-1682669.5925985023],[3232786.6851778124,-1683424.3516788313],[3322550.9104791,-1684201.3419840354],[3412312.1663505677,-1685000.6461184954],[3502070.36436036,-1685822.3491918263],[3591825.415395093,-1686666.5388393006],[3681577.2296382072,-1687533.3052429238],[3771325.7165480107,-1688422.7411531727],[3861070.7848354033,-1689334.9419114045],[3950812.342441271,-1690270.0054729518],[4040550.296513538,-1691228.0324309005],[4130284.553383854,-1692209.1260405807],[4220015.018543943,-1693213.3922447632],[4309741.5966215385,-1694240.9396995823],[4399464.1913559595,-1695291.879801195],[4489182.705573274,-1696366.3267131883],[4578897.041161034,-1697464.3973947426],[4668607.099042611,-1698586.211629573],[4758312.779151063,-1699731.8920556514],[4848013.980402564,-1700901.56419573],[4937710.6006693505,-1702095.3564886756],[5027402.536752206,-1703313.4003216338],[5117089.684352416,-1704555.8300630313],[5206771.938043237,-1705822.7830964383],[5296449.191240822,-1707114.3998552992],[5386121.336174606,-1708430.8238585556],[5475788.263857127,-1709772.201747172],[5565449.86405327,-1711138.6833215836],[5655106.025248911,-1712530.421580084],[5744756.634618962,-1713947.57275817],[5834401.577994756,-1715390.2963688613],[5924040.739830815,-1716858.7552440178],[6013674.003170925,-1718353.1155766684],[6103301.249613525,-1719873.5469643776],[6192922.3592763925,-1721420.222453665],[6282537.2107605925,-1722993.3185855038],[6372145.681113679,-1724593.0154419178],[6461747.645792107,-1726219.496693702],[6551342.978622875,-1727872.949649282],[6640931.551764314,-1729553.5653047517],[6730513.2356660515,-1731261.538395096],[6820087.8990281,-1732997.0674466405],[6909655.408759055,-1734760.354830738],[6999215.629933347,-1736551.606818735],[7088768.42574759,-1738371.033638233],[7178313.657475901,-1740218.84953068],[7267851.184424252,-1742095.272810317],[7357380.863883761,-1744000.525924517],[7446902.551082935,-1745934.8355155368],[7536416.099138802,-1747898.4324837218],[7625921.359006923,-1749891.5520521963],[7715418.179430221,-1751914.4338330647],[7804906.406886643,-1753967.3218951698],[7894385.88553555,-1756050.4648334351],[7983856.457162877,-1758164.115839835],[8073317.961124932,-1760308.5327760186],[8162770.234290907,-1762483.9782476446],[8252213.1109839445,-1764690.7196804497],[8341646.422920818,-1766929.0293981007],[8431069.999150109,-1769199.1847018718],[8520483.665988883,-1771501.4679521911],[8609887.246957786,-1773836.1666520948],[8699280.56271456,-1776203.573532648],[8788663.430985851,-1778603.986640363],[8878035.666497363,-1781037.7094266848],[8967397.080902195,-1783505.0508395727],[9056747.482707407,-1786006.3254172439],[9146086.67719868,-1788541.8533841304],[9235414.466363061,-1791111.9607491007],[9324730.64880973,-1793716.9794060038],[9414035.019688675,-1796357.247236598],[9503327.370607318,-1799033.10821592],[9592607.48954489,-1801744.9125201574],[9681875.160764605,-1804493.0166370901],[9771130.164723504,-1807277.7834791662],[9860372.277979892,-1810099.5824992754],[9949601.273098325,-1812958.789809299],[10038816.918552056,-1815855.788301498],[10128018.97862283,-1818790.967772822],[10217207.213297995,-1821764.7250522086],[10306381.378164805,-1824777.4641309592],[10395541.224301856,-1827829.5962962627],[10484686.4981675,-1830921.5402679618],[10573816.941485247,-1834053.7223386392],[10662932.291125933,-1837226.576517118],[10752032.278986666,-1840440.5446754636],[10841116.631866354,-1843696.0766995882],[10930185.071337735,-1846993.630643547],[11019237.31361585,-1850333.672887634],[11108273.069422707,-1853716.6783003772],[11197292.043848187,-1857143.13040454],[11286293.936206896,-1860613.521547243],[11375278.439890953,-1864128.353074314],[11464245.24221851,-1867688.1355089927],[11553194.024277894,-1871293.3887350985],[11642124.460767211,-1874944.6421848],[11731036.219829254,-1878642.435031108],[11819928.962881554,-1882387.3163852266],[11908802.34444143,-1886179.845498898],[11997656.01194588,-1890020.5919718903],[12086489.605566015,-1893910.1359647682],[12175302.758016082,-1897849.068417099],[12264095.094356615,-1901837.9912712553],[12352866.231791731,-1905877.5177019695],[12441615.779460255,-1909968.272351815],[12530343.338220472,-1914110.891572778],[12619048.500428308,-1918306.023674107],[12707730.849708676,-1922554.3291766155],[12796389.960719818,-1926856.4810736398],[12885025.39891024,-1931213.1650988348],[12973636.720268179,-1935625.080001026],[13062223.471063158,-1940092.9378263154],[13150785.18757944,-1944617.4642076695],[13239321.395841084,-1949199.3986622056],[13327831.611328224,-1953839.4948964159],[13416315.33868437,-1958538.5211195666],[13504772.071414286,-1963297.2603655248],[13593201.291572174,-1968116.5108232617],[13681602.469439771,-1972997.0861763116],[13769975.063194009,-1977939.8159514554],[13858318.518563816,-1982945.5458769095],[13946632.268475687,-1988015.138250327],[14034915.732687578,-1993149.4723169089],[14123168.31741069,-1998349.444657944],[14211389.41491871,-2003615.9695901065],[14299578.40314394,-2008949.9795758475],[14387734.645259993,-2014352.4256452394],[14475857.489250284,-2019824.2778296284],[14563946.26746204,-2025366.5256074816],[14652000.296145035,-2030980.1783628059],[14740018.874974638,-2036666.2658565647],[14828001.286558433,-2042425.838711493],[14915946.7959258,-2048259.9689107526],[15003854.649999848,-2054169.7503108848],[15091724.077050911,-2060156.2991695164],[15179554.286130892,-2066220.7546883135],[15267344.466487778,-2072364.2795716836],[15355093.786959352,-2078588.060601739],[15442801.39534547,-2084893.3092300764],[15530466.41775786,-2091281.262186923],[15618087.95794661,-2097753.1821082328],[15705665.096602388,-2104310.35818134],[15793196.890633367,-2110954.106809794],[15880682.372415833,-2117685.772298024],[15968120.549017355,-2124506.7275565136],[16055510.4013914,-2131418.374828178]]},"properties":{"type":"parallel","value":-15}},
{"type":"Feature","geometry":{"type":"LineString","coordinates":[[-16396891.171394622,0],[-16305797.331553541,0],[-16214703.49171246,0],[-16123609.651871378,0],[-16032515.812030293,0],[-15941421.972189216,0],[-15850328.132348133,0],[-15759234.292507052,0],[-15668140.452665972,0],[-15577046.61282489,0],[-15485952.77298381,0],[-15394858.933142727,0],[-15303765.093301646,0],[-15212671.253460566,0],[-15121577.413619483,0],[-15030483.573778402,0],[-14939389.733937323,0],[-14848295.894096242,0],[-14757202.054255158,0],[-14666108.214414079,0],[-14575014.374572998,0],[-14483920.534731917,0],[-14392826.694890834,0],[-14301732.855049754,0],[-14210639.01520867,0],[-14119545.17536759,0],[-14028451.335526511,0],[-13937357.495685428,0],[-13846263.655844351,0],[-13755169.816003265,0],[-13664075.976162184,0],[-13572982.136321101,0],[-13481888.296480024,0],[-13390794.45663894,0],[-13299700.616797859,0],[-13208606.77695678,0],[-13117512.937115695,0],[-13026419.097274618,0],[-12935325.257433536,0],[-12844231.417592455,0],[-12753137.57775137,0],[-12662043.737910291,0],[-12570949.898069208,0],[-12479856.05822813,0],[-12388762.218387049,0],[-12297668.378545966,0],[-12206574.538704885,0],[-12115480.698863804,0],[-12024386.859022724,0],[-11933293.01918164,0],[-11842199.17934056,0],[-11751105.339499477,0],[-11660011.499658396,0],[-11568917.659817316,0],[-11477823.819976237,0],[-11386729.980135156,0],[-11295636.140294071,0],[-11204542.300452992,0],[-11113448.46061191,0],[-11022354.620770829,0],[-10931260.780929748,0],[-10840166.941088667,0],[-10749073.101247586,0],[-10657979.261406504,0],[-10566885.421565423,0],[-10475791.58172434,0],[-10384697.741883261,0],[-10293603.90204218,0],[-10202510.062201098,0],[-10111416.222360017,0],[-10020322.382518938,0],[-9929228.542677853,0],[-9838134.702836772,0],[-9747040.86299569,0],[-9655947.023154609,0],[-9564853.183313528,0],[-9473759.34347245,0],[-9382665.503631366,0],[-9291571.663790286,0],[-9200477.823949205,0],[-9109383.984108124,0],[-9018290.144267041,0],[-8927196.30442596,0],[-8836102.46458488,0],[-8745008.624743799,0],[-8653914.784902718,0],[-8562820.945061635,0],[-8471727.105220554,0],[-8380633.2653794745,0],[-8289539.425538391,0],[-8198445.585697311,0],[-8107351.74585623,0],[-8016257.906015148,0],[-7925164.066174067,0],[-7834070.226332986,0],[-7742976.386491905,0],[-7651882.546650823,0],[-7560788.706809741,0],[-7469694.86696866,0],[-7378601.027127579,0],[-7287507.187286497,0],[-7196413.347445417,0],[-7105319.507604335,0],[-7014225.667763255,0],[-6923131.827922174,0],[-6832037.988081092,0],[-6740944.148240012,0],[-6649850.308398929,0],[-6558756.468557848,0],[-6467662.628716768,0],[-6376568.788875685,0],[-6285474.949034604,0],[-6194381.109193524,0],[-6103287.269352443,0],[-6012193.429511362,0],[-5921099.58967028,0],[-5830005.749829198,0],[-5738911.9099881165,0],[-5647818.070147036,0],[-5556724.230305955,0],[-5465630.390464874,0],[-5374536.550623793,0],[-5283442.710782711,0],[-5192348.870941631,0],[-5101255.031100549,0],[-5010161.191259469,0],[-4919067.351418386,0],[-4827973.511577304,0],[-4736879.671736225,0],[-4645785.831895143,0],[-4554691.992054062,0],[-4463598.15221298,0],[-4372504.312371899,0],[-4281410.472530818,0],[-4190316.6326897372,0],[-4099222.7928486555,0],[-4008128.9530075733,0],[-3917035.113166493,0],[-3825941.273325411,0],[-3734847.433484331,0],[-3643753.5936432495,0],[-3552659.7538021677,0],[-3461565.913961087,0],[-3370472.074120006,0],[-3279378.234278924,0],[-3188284.3944378425,0],[-3097190.554596762,0],[-3006096.714755681,0],[-2915002.874914599,0],[-2823909.035073518,0],[-2732815.195232437,0],[-2641721.3553913557,0],[-2550627.5155502744,0],[-2459533.675709193,0],[-2368439.8358681123,0],[-2277345.996027031,0],[-2186252.1561859497,0],[-2095158.3163448682,0],[-2004064.476503787,0],[-1912970.6366627058,0],[-1821876.7968216243,0],[-1730782.9569805434,0],[-1639689.117139462,0],[-1548595.277298381,0],[-1457501.4374572996,0],[-1366407.597616218,0],[-1275313.7577751372,0],[-1184219.9179340561,0],[-1093126.0780929748,0],[-1002032.2382518935,0],[-910938.3984108121,0],[-819844.558569731,0],[-728750.7187286498,0],[-637656.8788875686,0],[-546563.0390464874,0],[-455469.19920540607,0],[-364375.3593643249,0],[-273281.5195232437,0],[-182187.67968216244,0],[-91093.83984108125,0],[0,0],[91093.83984108125,0],[182187.67968216244,0],[273281.5195232437,0],[364375.3593643249,0],[455469.19920540607,0],[546563.0390464874,0],[637656.8788875686,0],[728750.7187286498,0],[819844.558569731,0],[910938.3984108121,0],[1002032.2382518935,0],[1093126.0780929748,0],[1184219.9179340561,0],[1275313.7577751372,0],[1366407.597616218,0],[1457501.4374572996,0],[1548595.277298381,0],[1639689.117139462,0],[1730782.9569805434,0],[1821876.7968216243,0],[1912970.6366627058,0],[2004064.476503787,0],[2095158.3163448682,0],[2186252.1561859497,0],[2277345.996027031,0],[2368439.8358681123,0],[2459533.675709193,0],[2550627.5155502744,0],[2641721.3553913557,0],[2732815.195232437,0],[2823909.035073518,0],[2915002.874914599,0],[3006096.714755681,0],[3097190.554596762,0],[3188284.3944378425,0],[3279378.234278924,0],[3370472.074120006,0],[3461565.913961087,0],[3552659.7538021677,0],[3643753.5936432495,0],[3734847.433484331,0],[3825941.273325411,0],[3917035.113166493,0],[4008128.9530075733,0],[4099222.7928486555,0],[4190316.6326897372,0],[4281410.472530818,0],[4372504.312371899,0],[4463598.15221298,0],[4554691.992054062,0],[4645785.831895143,0],[4736879.671736225,0],[4827973.511577304,0],[4919067.351418386,0],[5010161.191259469,0],[5101255.031100549,0],[5192348.870941631,0],[5283442.710782711,0],[5374536.550623793,0],[5465630.390464874,0],[5556724.230305955,0],[5647818.070147036,0],[5738911.9099881165,0],[5830005.749829198,0],[5921099.58967028,0],[6012193.429511362,0],[6103287.269352443,0],[6194381.109193524,0],[6285474.949034604,0],[6376568.788875685,0],[6467662.628716768,0],[6558756.468557848,0],[6649850.308398929,0],[6740944.148240012,0],[6832037.988081092,0],[6923131.827922174,0],[7014225.667763255,0],[7105319.507604335,0],[7196413.347445417,0],[7287507.187286497,0],[7378601.027127579,0],[7469694.86696866,0],[7560788.706809741,0],[7651882.546650823,0],[7742976.386491905,0],[7834070.226332986,0],[7925164.066174067,0],[8016257.906015148,0],[8107351.74585623,0],[8198445.585697311,0],[8289539.425538391,0],[8380633.2653794745,0],[8471727.105220554,0],[8562820.945061635,0],[8653914.784902718,0],[8745008.624743799,0],[8836102.46458488,0],[8927196.30442596,0],[9018290.144267041,0],[9109383.984108124,0],[9200477.823949205,0],[9291571.663790286,0],[9382665.503631366,0],[9473759.34347245,0],[9564853.183313528,0],[9655947.023154609,0],[9747040.86299569,0],[9838134.702836772,0],[9929228.542677853,0],[10020322.382518938,0],[10111416.222360017,0],[10202510.062201098,0],[10293603.90204218,0],[10384697.741883261,0],[10475791.58172434,0],[10566885.421565423,0],[10657979.261406504,0],[10749073.101247586,0],[10840166.941088667,0],[10931260.780929748,0],[11022354.620770829,0],[11113448.46061191,0],[11204542.300452992,0],[11295636.140294071,0],[11386729.980135156,0],[11477823.819976237,0],[11568917.659817316,0],[11660011.499658396,0],[11751105.339499477,0],[11842199.17934056,0],[11933293.01918164,0],[12024386.859022724,0],[12115480.698863804,0],[12206574.538704885,0],[12297668.378545966,0],[12388762.218387049,0],[12479856.05822813,0],[12570949.898069208,0],[12662043.737910291,0],[12753137.57775137,0],[12844231.417592455,0],[12935325.257433536,0],[13026419.097274618,0],[13117512.937115695,0],[13208606.77695678,0],[13299700.616797859,0],[13390794.45663894,0],[13481888.296480024,0],[13572982.136321101,0],[13664075.976162184,0],[13755169.816003265,0],[13846263.655844351,0],[13937357.495685428,0],[14028451.335526511,0],[14119545.17536759,0],[14210639.01520867,0],[14301732.855049754,0],[14392826.694890834,0],[14483920.534731917,0],[14575014.374572998,0],[14666108.214414079,0],[14757202.054255158,0],[14848295.894096242,0],[14939389.733937323,0],[15030483.573778402,0],[15121577.413619483,0],[15212671.253460566,0],[15303765.093301646,0],[15394858.933142727,0],[15485952.77298381,0],[15577046.61282489,0],[15668140.452665972,0],[15759234.292507052,0],[15850328.132348133,0],[15941421.972189216,0],[16032515.812030293,0],[16123609.651871378,0],[16214703.49171246,0],[16305797.331553541,0],[16396891.171394622,0]]},"properties":{"type":"parallel","value":0}},
{"type":"Feature","geometry":{"type":"LineString","coordinates":[[-16055510.4013914,2131418.374828178],[-15968120.549017355,2124506.7275565136],[-15880682.372415833,2117685.772298024],[-15793196.890633367,2110954.106809794],[-15705665.096602388,2104310.35818134],[-15618087.95794661,2097753.1821082328],[-15530466.41775786,2091281.262186923],[-15442801.39534547,2084893.3092300764],[-15355093.786959352,2078588.060601739],[-15267344.466487778,2072364.2795716836],[-15179554.286130892,2066220.7546883135],[-15091724.077050911,2060156.2991695164],[-15003854.649999848,2054169.7503108848],[-14915946.7959258,2048259.9689107526],[-14828001.286558433,2042425.838711493],[-14740018.874974638,2036666.2658565647],[-14652000.296145035,2030980.1783628059],[-14563946.26746204,2025366.5256074816],[-14475857.489250284,2019824.2778296284],[-14387734.645259993,2014352.4256452394],[-14299578.40314394,2008949.9795758475],[-14211389.41491871,2003615.9695901065],[-14123168.31741069,1998349.444657944],[-14034915.732687578,1993149.4723169089],[-13946632.268475687,1988015.138250327],[-13858318.518563816,1982945.5458769095],[-13769975.063194009,1977939.8159514554],[-13681602.469439771,1972997.0861763116],[-13593201.291572174,1968116.5108232617],[-13504772.071414286,1963297.2603655248],[-13416315.33868437,1958538.5211195666],[-13327831.611328224,1953839.4948964159],[-13239321.395841084,1949199.3986622056],[-13150785.18757944,1944617.4642076695],[-13062223.471063158,1940092.9378263154],[-12973636.720268179,1935625.080001026],[-12885025.39891024,1931213.1650988348],[-12796389.960719818,1926856.4810736398],[-12707730.849708676,1922554.3291766155],[-12619048.500428308,1918306.023674107],[-12530343.338220472,1914110.891572778],[-12441615.779460255,1909968.272351815],[-12352866.231791731,1905877.5177019695],[-12264095.094356615,1901837.9912712553],[-12175302.758016082,1897849.068417099],[-12086489.605566015,1893910.1359647682],[-11997656.01194588,1890020.5919718903],[-11908802.34444143,1886179.845498898],[-11819928.962881554,1882387.3163852266],[-11731036.219829254,1878642.435031108],[-11642124.460767211,1874944.6421848],[-11553194.024277894,1871293.3887350985],[-11464245.24221851,1867688.1355089927],[-11375278.439890953,1864128.353074314],[-11286293.936206896,1860613.521547243],[-11197292.043848187,1857143.13040454],[-11108273.069422707,1853716.6783003772],[-11019237.31361585,1850333.672887634],[-10930185.071337735,1846993.630643547],[-10841116.631866354,1843696.0766995882],[-10752032.278986666,1840440.5446754636],[-10662932.291125933,1837226.576517118],[-10573816.941485247,1834053.7223386392],[-10484686.4981675,1830921.5402679618],[-10395541.224301856,1827829.5962962627],[-10306381.378164805,1824777.4641309592],[-10217207.213297995,1821764.7250522086],[-10128018.97862283,1818790.967772822],[-10038816.918552056,1815855.788301498],[-9949601.273098325,1812958.789809299],[-9860372.277979892,1810099.5824992754],[-9771130.164723504,1807277.7834791662],[-9681875.160764605,1804493.0166370901],[-9592607.48954489,1801744.9125201574],[-9503327.370607318,1799033.10821592],[-9414035.019688675,1796357.247236598],[-9324730.64880973,1793716.9794060038],[-9235414.466363061,1791111.9607491007],[-9146086.67719868,1788541.8533841304],[-9056747.482707407,1786006.3254172439],[-8967397.080902195,1783505.0508395727],[-8878035.666497363,1781037.7094266848],[-8788663.430985851,1778603.986640363],[-8699280.56271456,1776203.573532648],[-8609887.246957786,1773836.1666520948],[-8520483.665988883,1771501.4679521911],[-8431069.999150109,1769199.1847018718],[-8341646.422920818,1766929.0293981007],[-8252213.1109839445,1764690.7196804497],[-8162770.234290907,1762483.9782476446],[-8073317.961124932,1760308.5327760186],[-7983856.457162877,1758164.115839835],[-7894385.88553555,1756050.4648334351],[-7804906.406886643,1753967.3218951698],[-7715418.179430221,1751914.4338330647],[-7625921.359006923,1749891.5520521963],[-7536416.099138802,1747898.4324837218],[-7446902.551082935,1745934.8355155368],[-7357380.863883761,1744000.525924517],[-7267851.184424252,1742095.272810317],[-7178313.657475901,1740218.84953068],[-7088768.42574759,1738371.033638233],[-6999215.629933347,1736551.606818735],[-6909655.408759055,1734760.354830738],[-6820087.8990281,1732997.0674466405],[-6730513.2356660515,1731261.538395096],[-6640931.551764314,1729553.5653047517],[-6551342.978622875,1727872.949649282],[-6461747.645792107,1726219.496693702],[-6372145.681113679,1724593.0154419178],[-6282537.2107605925,1722993.3185855038],[-6192922.3592763925,1721420.222453665],[-6103301.249613525,1719873.5469643776],[-6013674.003170925,1718353.1155766684],[-5924040.739830815,1716858.7552440178],[-5834401.577994756,1715390.2963688613],[-5744756.634618962,1713947.57275817],[-5655106.025248911,1712530.421580084],[-5565449.86405327,1711138.6833215836],[-5475788.263857127,1709772.201747172],[-5386121.336174606,1708430.8238585556],[-5296449.191240822,1707114.3998552992],[-5206771.938043237,1705822.7830964383],[-5117089.684352416,1704555.8300630313],[-5027402.536752206,1703313.4003216338],[-4937710.6006693505,1702095.3564886756],[-4848013.980402564,1700901.56419573],[-4758312.779151063,1699731.8920556514],[-4668607.099042611,1698586.211629573],[-4578897.041161034,1697464.3973947426],[-4489182.705573274,1696366.3267131883],[-4399464.1913559595,1695291.879801195],[-4309741.5966215385,1694240.9396995823],[-4220015.018543943,1693213.3922447632],[-4130284.553383854,1692209.1260405807],[-4040550.296513538,1691228.0324309005],[-3950812.342441271,1690270.0054729518],[-3861070.7848354033,1689334.9419114045],[-3771325.7165480107,1688422.7411531727],[-3681577.2296382072,1687533.3052429238],[-3591825.415395093,1686666.5388393006],[-3502070.36436036,1685822.3491918263],[-3412312.1663505677,1685000.6461184954],[-3322550.9104791,1684201.3419840354],[-3232786.6851778124,1683424.3516788313],[-3143019.578218376,1682669.5925985023],[-3053249.676733336,1681936.9846241267],[-2963477.067236892,1681226.4501030964],[-2873701.835645408,1680537.9138306046],[-2783924.0672976607,1679871.30303175],[-2694143.846974844,1679226.5473442548],[-2604361.2589203287,1678603.5788017882],[-2514576.3868591846,1678002.3318178826],[-2424789.3140174947,1677422.7431704472],[-2335000.123141445,1676864.7519868596],[-2245208.8965162113,1676328.2997296422],[-2155415.715984648,1675813.3301827007],[-2065620.662965795,1675319.7894381385],[-1975823.8184731975,1674847.6258836263],[-1886025.2631330579,1674396.7901903265],[-1796225.0772022211,1673967.2353013689],[-1706423.3405860101,1673558.9164208723],[-1616620.1328559036,1673171.7910035064],[-1526815.5332670829,1672805.8187445882],[-1437009.6207758398,1672460.9615707125],[-1347202.4740568628,1672137.183630911],[-1257394.1715204031,1671834.4512883332],[-1167584.7913293291,1671552.733112453],[-1077774.4114160824,1671291.9998717867],[-987963.109499532,1671052.2245271343],[-898150.9631017443,1670833.3822253249],[-808338.0495646675,1670635.4502934762],[-718524.4460667432,1670458.4082337602],[-628710.2296394502,1670302.2377186737],[-538895.4771837856,1670166.9225868115],[-449080.26548669377,1670052.4488391413],[-359264.67123744695,1669958.8046357795],[-269448.77104398556,1669885.9802932618],[-179632.64144922484,1669833.9682823156],[-89816.35894733487,1669802.7632261277],[0,1669792.3618991035],[89816.35894733487,1669802.7632261277],[179632.64144922484,1669833.9682823156],[269448.77104398556,1669885.9802932618],[359264.67123744695,1669958.8046357795],[449080.26548669377,1670052.4488391413],[538895.4771837856,1670166.9225868115],[628710.2296394502,1670302.2377186737],[718524.4460667432,1670458.4082337602],[808338.0495646675,1670635.4502934762],[898150.9631017443,1670833.3822253249],[987963.109499532,1671052.2245271343],[1077774.4114160824,1671291.9998717867],[1167584.7913293291,1671552.733112453],[1257394.1715204031,1671834.4512883332],[1347202.4740568628,1672137.183630911],[1437009.6207758398,1672460.9615707125],[1526815.5332670829,1672805.8187445882],[1616620.1328559036,1673171.7910035064],[1706423.3405860101,1673558.9164208723],[1796225.0772022211,1673967.2353013689],[1886025.2631330579,1674396.7901903265],[1975823.8184731975,1674847.6258836263],[2065620.662965795,1675319.7894381385],[2155415.715984648,1675813.3301827007],[2245208.8965162113,1676328.2997296422],[2335000.123141445,1676864.7519868596],[2424789.3140174947,1677422.7431704472],[2514576.3868591846,1678002.3318178826],[2604361.2589203287,1678603.5788017882],[2694143.846974844,1679226.5473442548],[2783924.0672976607,1679871.30303175],[2873701.835645408,1680537.9138306046],[2963477.067236892,1681226.4501030964],[3053249.676733336,1681936.9846241267],[3143019.578218376,1682669.5925985023],[3232786.6851778124,1683424.3516788313],[3322550.9104791,1684201.3419840354],[3412312.1663505677,1685000.6461184954],[3502070.36436036,1685822.3491918263],[3591825.415395093,1686666.5388393006],[3681577.2296382072,1687533.3052429238],[3771325.7165480107,1688422.7411531727],[3861070.7848354033,1689334.9419114045],[3950812.342441271,1690270.0054729518],[4040550.296513538,1691228.0324309005],[4130284.553383854,1692209.1260405807],[4220015.018543943,1693213.3922447632],[4309741.5966215385,1694240.9396995823],[4399464.1913559595,1695291.879801195],[4489182.705573274,1696366.3267131883],[4578897.041161034,1697464.3973947426],[4668607.099042611,1698586.211629573],[4758312.779151063,1699731.8920556514],[4848013.980402564,1700901.56419573],[4937710.6006693505,1702095.3564886756],[5027402.536752206,1703313.4003216338],[5117089.684352416,1704555.8300630313],[5206771.938043237,1705822.7830964383],[5296449.191240822,1707114.3998552992],[5386121.336174606,1708430.8238585556],[5475788.263857127,1709772.201747172],[5565449.86405327,1711138.6833215836],[5655106.025248911,1712530.421580084],[5744756.634618962,1713947.57275817],[5834401.577994756,1715390.2963688613],[5924040.739830815,1716858.7552440178],[6013674.003170925,1718353.1155766684],[6103301.249613525,1719873.5469643776],[6192922.3592763925,1721420.222453665],[6282537.2107605925,1722993.3185855038],[6372145.681113679,1724593.0154419178],[6461747.645792107,1726219.496693702],[6551342.978622875,1727872.949649282],[6640931.551764314,1729553.5653047517],[6730513.2356660515,1731261.538395096],[6820087.8990281,1732997.0674466405],[6909655.408759055,1734760.354830738],[6999215.629933347,1736551.606818735],[7088768.42574759,1738371.033638233],[7178313.657475901,1740218.84953068],[7267851.184424252,1742095.272810317],[7357380.863883761,1744000.525924517],[7446902.551082935,1745934.8355155368],[7536416.099138802,1747898.4324837218],[7625921.359006923,1749891.5520521963],[7715418.179430221,1751914.4338330647],[7804906.406886643,1753967.3218951698],[7894385.88553555,1756050.4648334351],[7983856.457162877,1758164.115839835],[8073317.961124932,1760308.5327760186],[8162770.234290907,1762483.9782476446],[8252213.1109839445,1764690.7196804497],[8341646.422920818,1766929.0293981007],[8431069.999150109,1769199.1847018718],[8520483.665988883,1771501.4679521911],[8609887.246957786,1773836.1666520948],[8699280.56271456,1776203.573532648],[8788663.430985851,1778603.986640363],[8878035.666497363,1781037.7094266848],[8967397.080902195,1783505.0508395727],[9056747.482707407,1786006.3254172439],[9146086.67719868,1788541.8533841304],[9235414.466363061,1791111.9607491007],[9324730.64880973,1793716.9794060038],[9414035.019688675,1796357.247236598],[9503327.370607318,1799033.10821592],[9592607.48954489,1801744.9125201574],[9681875.160764605,1804493.0166370901],[9771130.164723504,1807277.7834791662],[9860372.277979892,1810099.5824992754],[9949601.273098325,1812958.789809299],[10038816.918552056,1815855.788301498],[10128018.97862283,1818790.967772822],[10217207.213297995,1821764.7250522086],[10306381.378164805,1824777.4641309592],[10395541.224301856,1827829.5962962627],[10484686.4981675,1830921.5402679618],[10573816.941485247,1834053.7223386392],[10662932.291125933,1837226.576517118],[10752032.278986666,1840440.5446754636],[10841116.631866354,1843696.0766995882],[10930185.071337735,1846993.630643547],[11019237.31361585,1850333.672887634],[11108273.069422707,1853716.6783003772],[11197292.043848187,1857143.13040454],[11286293.936206896,1860613.521547243],[11375278.439890953,1864128.353074314],[11464245.24221851,1867688.1355089927],[11553194.024277894,1871293.3887350985],[11642124.460767211,1874944.6421848],[11731036.219829254,1878642.435031108],[11819928.962881554,1882387.3163852266],[11908802.34444143,1886179.845498898],[11997656.01194588,1890020.5919718903],[12086489.605566015,1893910.1359647682],[12175302.758016082,1897849.068417099],[12264095.094356615,1901837.9912712553],[12352866.231791731,1905877.5177019695],[12441615.779460255,1909968.272351815],[12530343.338220472,1914110.891572778],[12619048.500428308,1918306.023674107],[12707730.849708676,1922554.3291766155],[12796389.960719818,1926856.4810736398],[12885025.39891024,1931213.1650988348],[12973636.720268179,1935625.080001026],[13062223.471063158,1940092.9378263154],[13150785.18757944,1944617.4642076695],[13239321.395841084,1949199.3986622056],[13327831.611328224,1953839.4948964159],[13416315.33868437,1958538.5211195666],[13504772.071414286,1963297.2603655248],[13593201.291572174,1968116.5108232617],[13681602.469439771,1972997.0861763116],[13769975.063194009,1977939.8159514554],[13858318.518563816,1982945.5458769095],[13946632.268475687,1988015.138250327],[14034915.732687578,1993149.4723169089],[14123168.31741069,1998349.444657944],[14211389.41491871,2003615.9695901065],[14299578.40314394,2008949.9795758475],[14387734.645259993,2014352.4256452394],[14475857.489250284,2019824.2778296284],[14563946.26746204,2025366.5256074816],[14652000.296145035,2030980.1783628059],[14740018.874974638,2036666.2658565647],[14828001.286558433,2042425.838711493],[14915946.7959258,2048259.9689107526],[15003854.649999848,2054169.7503108848],[15091724.077050911,2060156.2991695164],[15179554.286130892,2066220.7546883135],[15267344.466487778,2072364.2795716836],[15355093.786959352,2078588.060601739],[15442801.39534547,2084893.3092300764],[15530466.41775786,2091281.262186923],[15618087.95794661,2097753.1821082328],[15705665.096602388,2104310.35818134],[15793196.890633367,2110954.106809794],[15880682.372415833,2117685.772298024],[15968120.549017355,2124506.7275565136],[16055510.4013914,2131418.374828178]]},"properties":{"type":"parallel","value":15}},
{"type":"Feature","geometry":{"type":"LineString","coordinates":[[-15054632.626699056,4174480.9047477585],[-14977371.655934831,4162501.4403200834],[-14899948.634272225,4150663.2150275693],[-14822366.63463793,4138964.4377781553],[-14744628.66137667,4127403.3464747514],[-14666737.652050126,4115978.2075419505],[-14588696.479183521,4104687.315459213],[-14510507.951961601,4093528.9923005356],[-14432174.817875523,4082501.587280683],[-14353699.764322242,4071603.4763079486],[-14275085.420157885,4060833.061543499],[-14196334.357206473,4050188.7709672707],[-14117449.09172551,4039669.0579504305],[-14038432.085829647,4029272.4008343862],[-13959285.74887385,4018997.3025163105],[-13880012.438797222,4008842.290041177],[-13800614.463428805,3998805.914200249],[-13721094.081756407,3988886.7491360107],[-13641453.50515974,3979083.391953465],[-13561694.898608865,3969394.4623377947],[-13481820.381829057,3959818.6021782937],[-13401832.030433131,3950354.4751985488],[-13321731.87702215,3941000.7665927834],[-13241521.912255634,3931756.182668337],[-13161204.08589202,3922619.450494193],[-13080780.30780044,3913589.317555494],[-13000252.448944578,3904664.551413993],[-12919622.342339508,3895843.9393743477],[-12838891.783982333,3887126.2881562137],[-12758062.533757385,3878510.4235720388],[-12677136.316316795,3869995.1902105142],[-12596114.821937138,3861579.451125581],[-12514999.707352903,3853262.0875309412],[-12433792.596567431,3845041.998499973],[-12352495.08164211,3836918.100671014],[-12271108.723464314,3828889.3279578784],[-12189635.052494856,3820954.6312655997],[-12108075.569495501,3813112.9782112623],[-12026431.746237148,3805363.352849885],[-11944705.026189225,3797704.7554052635],[-11862896.82519091,3790136.2020056946],[-11781008.532104664,3782656.7244245214],[-11699041.509452589,3775265.369825397],[-11616997.094036188,3767961.2005122234],[-11534876.597539904,3760743.2936836653],[-11452681.307119016,3753610.741192177],[-11370412.48597228,3746562.649307465],[-11288071.373899788,3739598.13848432],[-11205659.187846448,3732716.3431347264],[-11123177.122431565,3725916.411404208],[-11040626.350464825,3719197.5049523087],[-10958008.02344915,3712558.7987371595],[-10875323.272070825,3705999.48080405],[-10792573.20667711,3699518.752077942],[-10709758.917741925,3693115.8261598535],[-10626881.47631973,3686789.929127051],[-10543941.934488086,3680540.2993369754],[-10460941.325779151,3674366.1872348506],[-10377880.665600412,3668266.8551648925],[-10294760.95164505,3662241.577185071],[-10211583.164292078,3656289.638885352],[-10128348.266996713,3650410.337209363],[-10045057.206671102,3644602.9802794233],[-9961710.91405578,3638866.8872248684],[-9878310.30408208,3633201.3880136274],[-9794856.276225733,3627605.823286978],[-9711349.71485193,3622079.5441974346],[-9627791.48955207,3616621.912249705],[-9544182.455472419,3611232.29914467],[-9460523.453634946,3605910.0866263215],[-9376815.311250469,3600654.666331616],[-9293058.842024421,3595465.439643178],[-9209254.846455356,3590341.817544819],[-9125404.112126451,3585283.220479808],[-9041507.413990172,3580289.0782118505],[-8957565.514646294,3575358.8296887223],[-8873579.164613431,3570491.9229085213],[-8789549.102594342,3565687.8147884714],[-8705476.055735048,3560945.9710362568],[-8621360.739878044,3556265.8660238152],[-8537203.85980971,3551646.9826635723],[-8453006.109502094,3547088.812287049],[-8368768.172349198,3542590.8545258213],[-8284490.721397959,3538152.617194768],[-8200174.4195740195,3533773.616177591],[-8115819.919902463,3529453.3753145435],[-8031427.86572363,3525191.4262923417],[-7946998.890904159,3520987.3085362185],[-7862533.6200433625,3516840.569104078],[-7778032.668675091,3512750.7625827175],[-7693496.643465179,3508717.4509860747],[-7608926.142404606,3504740.2036554734],[-7524321.754998472,3500818.5971618253],[-7439684.062450933,3496952.2152097546],[-7355013.637846154,3493140.6485436186],[-7270311.046325422,3489383.4948553783],[-7185576.845260523,3485680.3586943056],[-7100811.584423446,3482030.8513784707],[-7016015.806152556,3478434.5909080068],[-6931190.045515302,3474891.2018800997],[-6846334.830467553,3471400.3154056813],[-6761450.682009672,3467961.5690278034],[-6676538.114339378,3464574.606641649],[-6591597.635001533,3461239.078416171],[-6506629.745034874,3457954.6407173155],[-6421634.939115826,3454720.956032815],[-6336613.705699433,3451537.692898518],[-6251566.527157518,3448404.525826228],[-6166493.879914113,3445321.135233041],[-6081396.234578247,3442287.2073721373],[-5996274.056074174,3439302.4342650217],[-5911127.803769085,3436366.5136351706],[-5825957.931598383,3433479.1488430887],[-5740764.888188593,3430640.0488227205],[-5655549.11697796,3427848.9280192284],[-5570311.056334794,3425105.5063280887],[-5485051.139673629,3422409.509035497],[-5399769.795569268,3419760.666760074],[-5314467.447868739,3417158.715395821],[-5229144.515801241,3414603.3960563396],[-5143801.414086133,3412094.4550202726],[-5058438.553039021,3409631.643677965],[-4973056.338675966,3407214.7184793046],[-4887655.172815921,3404843.440882758],[-4802235.453181391,3402517.577305548],[-4716797.573497383,3400236.8990749805],[-4631341.923588716,3398001.182380904],[-4545868.889475699,3395810.208229261],[-4460378.853468253,3393663.7623967566],[-4374872.1942585,3391561.6353865815],[-4289349.287011877,3389503.622385226],[-4203810.503456809,3387489.5232203193],[-4118256.211972986,3385519.14231952],[-4032686.7776782783,3383592.2886704253],[-3947102.562514343,3381708.7757814866],[-3861503.925330935,3379868.4216439254],[-3775891.221968997,3378071.0486946274],[-3690264.8053425304,3376316.483780012],[-3604625.0255193,3374604.5581208616],[-3518972.2298004148,3372935.1072780914],[-3433306.7627987973,3371307.971119468],[-3347628.9665166056,3369722.993787239],[-3261939.180421606,3368180.02366669],[-3176237.7415225664,3366678.913355598],[-3090524.984443672,3365219.519634582],[-3004801.241498014,3363801.703438342],[-2919066.842760174,3362425.329827764],[-2833322.116137934,3361090.2679629033],[-2747567.3874431467,3359796.391076813],[-2661802.980461796,3358543.576450234],[-2576029.217023265,3357331.705387115],[-2490246.4170688596,3356160.663190971],[-2404454.898719595,3355030.339142067],[-2318654.9783432893,3353940.626475414],[-2232846.9706209833,3352891.4223595867],[-2147031.188612709,3351882.6278763306],[-2061207.9438226463,3350914.148000978],[-1975377.5462636831,3349985.89158365],[-1889540.304521405,3349097.7713312414],[-1803696.5258175465,3348249.703790189],[-1717846.516072921,3347441.609330013],[-1631990.579969862,3346673.4121276205],[-1546129.0210141889,3345945.04015238],[-1460262.1415967373,3345256.4251519465],[-1374390.2430544605,3344607.50263885],[-1288513.625731139,3343998.2118778224],[-1202632.5890377117,3343428.495873879],[-1116747.4315122622,3342898.3013611347],[-1030858.4508796713,3342407.5787923657],[-944965.9441109677,3341956.282329294],[-859070.2074823967,3341544.3698336184],[-773171.5366342264,3341171.802858761],[-687270.2266293167,3340838.54664235],[-601366.5720114736,3340544.5700994153],[-515460.86686360795,3340289.845816316],[-429553.4048657228,3340074.3500453834],[-343644.47935275134,3339898.0627002767],[-257734.38337226302,3339760.9673520643],[-171823.40974206626,3339663.051226014],[-85911.851107723,3339604.305199096],[0,3339584.723798207],[85911.851107723,3339604.305199096],[171823.40974206626,3339663.051226014],[257734.38337226302,3339760.9673520643],[343644.47935275134,3339898.0627002767],[429553.4048657228,3340074.3500453834],[515460.86686360795,3340289.845816316],[601366.5720114736,3340544.5700994153],[687270.2266293167,3340838.54664235],[773171.5366342264,3341171.802858761],[859070.2074823967,3341544.3698336184],[944965.9441109677,3341956.282329294],[1030858.4508796713,3342407.5787923657],[1116747.4315122622,3342898.3013611347],[1202632.5890377117,3343428.495873879],[1288513.625731139,3343998.2118778224],[1374390.2430544605,3344607.50263885],[1460262.1415967373,3345256.4251519465],[1546129.0210141889,3345945.04015238],[1631990.579969862,3346673.4121276205],[1717846.516072921,3347441.609330013],[1803696.5258175465,3348249.703790189],[1889540.304521405,3349097.7713312414],[1975377.5462636831,3349985.89158365],[2061207.9438226463,3350914.148000978],[2147031.188612709,3351882.6278763306],[2232846.9706209833,3352891.4223595867],[2318654.9783432893,3353940.626475414],[2404454.898719595,3355030.339142067],[2490246.4170688596,3356160.663190971],[2576029.217023265,3357331.705387115],[2661802.980461796,3358543.576450234],[2747567.3874431467,3359796.391076813],[2833322.116137934,3361090.2679629033],[2919066.842760174,3362425.329827764],[3004801.241498014,3363801.703438342],[3090524.984443672,3365219.519634582],[3176237.7415225664,3366678.913355598],[3261939.180421606,3368180.02366669],[3347628.9665166056,3369722.993787239],[3433306.7627987973,3371307.971119468],[3518972.2298004148,3372935.1072780914],[3604625.0255193,3374604.5581208616],[3690264.8053425304,3376316.483780012],[3775891.221968997,3378071.0486946274],[3861503.925330935,3379868.4216439254],[3947102.562514343,3381708.7757814866],[4032686.7776782783,3383592.2886704253],[4118256.211972986,3385519.14231952],[4203810.503456809,3387489.5232203193],[4289349.287011877,3389503.622385226],[4374872.1942585,3391561.6353865815],[4460378.853468253,3393663.7623967566],[4545868.889475699,3395810.208229261],[4631341.923588716,3398001.182380904],[4716797.573497383,3400236.8990749805],[4802235.453181391,3402517.577305548],[4887655.172815921,3404843.440882758],[4973056.338675966,3407214.7184793046],[5058438.553039021,3409631.643677965],[5143801.414086133,3412094.4550202726],[5229144.515801241,3414603.3960563396],[5314467.447868739,3417158.715395821],[5399769.795569268,3419760.666760074],[5485051.139673629,3422409.509035497],[5570311.056334794,3425105.5063280887],[5655549.11697796,3427848.9280192284],[5740764.888188593,3430640.0488227205],[5825957.931598383,3433479.1488430887],[5911127.803769085,3436366.5136351706],[5996274.056074174,3439302.4342650217],[6081396.234578247,3442287.2073721373],[6166493.879914113,3445321.135233041],[6251566.527157518,3448404.525826228],[6336613.705699433,3451537.692898518],[6421634.939115826,3454720.956032815],[6506629.745034874,3457954.6407173155],[6591597.635001533,3461239.078416171],[6676538.114339378,3464574.606641649],[6761450.682009672,3467961.5690278034],[6846334.830467553,3471400.3154056813],[6931190.045515302,3474891.2018800997],[7016015.806152556,3478434.5909080068],[7100811.584423446,3482030.8513784707],[7185576.845260523,3485680.3586943056],[7270311.046325422,3489383.4948553783],[7355013.637846154,3493140.6485436186],[7439684.062450933,3496952.2152097546],[7524321.754998472,3500818.5971618253],[7608926.142404606,3504740.2036554734],[7693496.643465179,3508717.4509860747],[7778032.668675091,3512750.7625827175],[7862533.6200433625,3516840.569104078],[7946998.890904159,3520987.3085362185],[8031427.86572363,3525191.4262923417],[8115819.919902463,3529453.3753145435],[8200174.4195740195,3533773.616177591],[8284490.721397959,3538152.617194768],[8368768.172349198,3542590.8545258213],[8453006.109502094,3547088.812287049],[8537203.85980971,3551646.9826635723],[8621360.739878044,3556265.8660238152],[8705476.055735048,3560945.9710362568],[8789549.102594342,3565687.8147884714],[8873579.164613431,3570491.9229085213],[8957565.514646294,3575358.8296887223],[9041507.413990172,3580289.0782118505],[9125404.112126451,3585283.220479808],[9209254.846455356,3590341.817544819],[9293058.842024421,3595465.439643178],[9376815.311250469,3600654.666331616],[9460523.453634946,3605910.0866263215],[9544182.455472419,3611232.29914467],[9627791.48955207,3616621.912249705],[9711349.71485193,3622079.5441974346],[9794856.276225733,3627605.823286978],[9878310.30408208,3633201.3880136274],[9961710.91405578,3638866.8872248684],[10045057.206671102,3644602.9802794233],[10128348.266996713,3650410.337209363],[10211583.164292078,3656289.638885352],[10294760.95164505,3662241.577185071],[10377880.665600412,3668266.8551648925],[10460941.325779151,3674366.1872348506],[10543941.934488086,3680540.2993369754],[10626881.47631973,3686789.929127051],[10709758.917741925,3693115.8261598535],[10792573.20667711,3699518.752077942],[10875323.272070825,3705999.48080405],[10958008.02344915,3712558.7987371595],[11040626.350464825,3719197.5049523087],[11123177.122431565,3725916.411404208],[11205659.187846448,3732716.3431347264],[11288071.373899788,3739598.13848432],[11370412.48597228,3746562.649307465],[11452681.307119016,3753610.741192177],[11534876.597539904,3760743.2936836653],[11616997.094036188,3767961.2005122234],[11699041.509452589,3775265.369825397],[11781008.532104664,3782656.7244245214],[11862896.82519091,3790136.2020056946],[11944705.026189225,3797704.7554052635],[12026431.746237148,3805363.352849885],[12108075.569495501,3813112.9782112623],[12189635.052494856,3820954.6312655997],[12271108.723464314,3828889.3279578784],[12352495.08164211,3836918.100671014],[12433792.596567431,3845041.998499973],[12514999.707352903,3853262.0875309412],[12596114.821937138,3861579.451125581],[12677136.316316795,3869995.1902105142],[12758062.533757385,3878510.4235720388],[12838891.783982333,3887126.2881562137],[12919622.342339508,3895843.9393743477],[13000252.448944578,3904664.551413993],[13080780.30780044,3913589.317555494],[13161204.08589202,3922619.450494193],[13241521.912255634,3931756.182668337],[13321731.87702215,3941000.7665927834],[13401832.030433131,3950354.4751985488],[13481820.381829057,3959818.6021782937],[13561694.898608865,3969394.4623377947],[13641453.50515974,3979083.391953465],[13721094.081756407,3988886.7491360107],[13800614.463428805,3998805.914200249],[13880012.438797222,4008842.290041177],[13959285.74887385,4018997.3025163105],[14038432.085829647,4029272.4008343862],[14117449.09172551,4039669.0579504305],[14196334.357206473,4050188.7709672707],[14275085.420157885,4060833.061543499],[14353699.764322242,4071603.4763079486],[14432174.817875523,4082501.587280683],[14510507.951961601,4093528.9923005356],[14588696.479183521,4104687.315459213],[14666737.652050126,4115978.2075419505],[14744628.66137667,4127403.3464747514],[14822366.63463793,4138964.4377781553],[14899948.634272225,4150663.2150275693],[14977371.655934831,4162501.4403200834],[15054632.626699056,4174480.9047477585]]},"properties":{"type":"parallel","value":30}},
{"type":"Feature","geometry":{"type":"LineString","coordinates":[[-13462466.013634147,6046853.049665729],[-13399067.874335073,6033005.374732004],[-13335404.180894608,6019291.518797002],[-13271479.065795032,6005710.43017365],[-13207296.592159947,5992261.062765594],[-13142860.75499761,5978942.376276375],[-13078175.482425224,5965753.336406339],[-13013244.636874206,5952692.91503773],[-12948072.016276544,5939760.090408469],[-12882661.35523232,5926953.847275056],[-12817016.326158551,5914273.17706509],[-12751140.54041941,5901717.078019765],[-12685037.549438024,5889284.555326814],[-12618710.845789937,5876974.621244275],[-12552163.864278467,5864786.295215476],[-12485399.982992033,5852718.603975596],[-12418422.524343712,5840770.581650165],[-12351234.756093143,5828941.269845861],[-12283839.892350992,5817229.717733921],[-12216241.094566189,5805634.982126484],[-12148441.47249607,5794156.127546194],[-12080444.085159726,5782792.22628934],[-12012251.941774666,5771542.358482822],[-11943868.002677076,5760405.612135239],[-11875295.180225853,5749381.083182329],[-11806536.339690652,5738467.875527051],[-11737594.300124122,5727665.101074527],[-11668471.835218627,5716971.879762105],[-11599171.674147606,5706387.339584742],[-11529696.5023918,5695910.616615957],[-11460048.96255064,5685540.85502454],[-11390231.65513891,5675277.207087234],[-11320247.139369037,5665118.833197568],[-11250097.933919089,5655064.901871052],[-11179786.517686859,5645114.589746898],[-11109315.330530116,5635267.0815864345],[-11038686.773993352,5625521.570268395],[-10967903.212021202,5615877.256781241],[-10896966.971658744,5606333.350212644],[-10825880.343738932,5596889.067736326],[-10754645.58355735,5587543.63459634],[-10683264.911534574,5578296.2840889795],[-10611740.513866192,5569146.257542403],[-10540074.543160934,5560092.804294139],[-10468269.119066888,5551135.181666563],[-10396326.32888619,5542272.654940467],[-10324248.228178268,5533504.497326842],[-10252036.84135194,5524829.989936979],[-10179694.1622465,5516248.421750976],[-10107222.154702028,5507759.089584761],[-10034622.753119122,5499361.298055731],[-9961897.863008214,5491054.359547068],[-9889049.361528717,5482837.594170864],[-9816079.09801813,5474710.32973009],[-9742988.894511348,5466671.901679519],[-9669780.546250332,5458721.6530856695],[-9596455.8221843,5450858.934585845],[-9523016.46546068,5443083.1043463275],[-9449464.193906942,5435393.528019807],[-9375800.700503515,5427789.578702101],[-9302027.653847946,5420270.636888235],[-9228146.698610509,5412836.090427927],[-9154159.455981351,5405485.334480543],[-9080067.524109425,5398217.771469577],[-9005872.478533333,5391032.811036704],[-8931575.872604204,5383929.869995451],[-8857179.237900868,5376908.372284536],[-8782684.084637318,5369967.748920936],[-8708091.902062794,5363107.437952683],[-8633404.158854496,5356326.884411485],[-8558622.303503117,5349625.540265157],[-8483747.764691398,5343002.864369953],[-8408781.951665727,5336458.322422777],[-8333726.254601056,5329991.386913361],[-8258582.044959141,5323601.537076398],[-8183350.6758403545,5317288.258843695],[-8108033.482329116,5311051.044796347],[-8032631.781833118,5304889.3941169875],[-7957146.874416464,5298802.812542114],[-7881580.043126829,5292790.81231454],[-7805932.55431678,5286852.912135975],[-7730205.657959372,5280988.637119772],[-7654400.587958134,5275197.518743856],[-7578518.56245157,5269479.094803856],[-7502560.78411229,5263832.909366461],[-7426528.440440837,5258258.512723023],[-7350422.704054422,5252755.461343404],[-7274244.732970552,5247323.317830122],[-7197995.670885741,5241961.650872769],[-7121676.647449391,5236670.035202755],[-7045288.778532914,5231448.051548355],[-6968833.166494232,5226295.286590113],[-6892310.900437726,5221211.332916571],[-6815723.056469753,5216195.78898038],[-6739070.697949807,5211248.259054771],[-6662354.875737421,5206368.353190407],[-6585576.628434914,5201555.68717264],[-6508736.982626048,5196809.882479157],[-6431836.953110699,5192130.566238044],[-6354877.54313564,5187517.371186274],[-6277859.744621483,5182969.9356286125],[-6200784.538385897,5178487.903396966],[-6123652.894363168,5174070.923810177],[-6046465.771820187,5169718.651634253],[-5969224.11956893,5165430.747043068],[-5891928.876175537,5161206.875579514],[-5814580.970166021,5157046.708117121],[-5737181.320228728,5152949.920822151],[-5659730.835413583,5148916.195116163],[-5582230.415328213,5144945.217639065],[-5504680.95033102,5141036.680212642],[-5427083.321721251,5137190.27980458],[-5349438.401926156,5133405.718492972],[-5271747.054685288,5129682.703431324],[-5194010.135232011,5126020.946814059],[-5116228.490472286,5122420.165842518],[-5038402.959160783,5118880.082691462],[-4960534.372074407,5115400.424476079],[-4882623.55218326,5111980.923219499],[-4804671.314819142,5108621.315820812],[-4726678.467841614,5105321.344023602],[-4648645.811801694,5102080.7543849815],[-4570574.140103253,5098899.298245149],[-4492464.239162144,5095776.73169745],[-4414316.8885631375,5092712.815558958],[-4336132.861214702,5089707.31534156],[-4257912.923501699,5086760.001223573],[-4179657.835436031,5083870.648021861],[-4101368.350805288,5081039.035164471],[-4023045.2173194694,5078264.946663789],[-3944689.1767557953,5075548.171090209],[-3866300.9651016844,5072888.50154632],[-3787881.312695933,5070285.7356416015],[-3709430.9443681324,5067739.6754676495],[-3630950.5795764015,5065250.127573901],[-3552440.932543441,5062816.902943884],[-3473902.712390989,5060439.816971983],[-3395336.623272695,5058118.689440714],[-3316743.3645054717,5055853.344498513],[-3238123.6306993654,5053643.610638048],[-3159478.111885978,5051489.320675026],[-3080807.493645492,5049390.311727532],[-3002112.457232339,5047346.42519587],[-2923393.6796995387,5045357.506742907],[-2844651.834021771,5043423.406274947],[-2765887.5892171985,5041543.977923099],[-2687101.6104680886,5039719.080025156],[-2608294.559240276,5037948.575107987],[-2529467.093401496,5036232.329870439],[-2450619.867338632,5034570.21516673],[-2371753.532073905,5032962.105990369],[-2292868.735380058,5031407.881458564],[-2213966.121894549,5029907.424797146],[-2135046.3332328103,5028460.623325982],[-2056110.008100594,5027067.368444917],[-1977157.7824054405,5025727.5556201795],[-1898190.2893673163,5024441.084371324],[-1819208.1596284348,5023207.858258661],[-1740212.0213623156,5022027.78487117],[-1661202.5003820958,5020900.775814943],[-1582180.220248143,5019826.7467021],[-1503145.8023749911,5018805.617140214],[-1424099.8661376366,5017837.310722232],[-1345043.028977228,5016921.755016886],[-1265975.9065061777,5016058.881559608],[-1186899.1126127285,5015248.625843938],[-1107813.2595650104,5014490.927313417],[-1028718.9581146104,5013785.729353987],[-949616.817599698,5013132.979286876],[-870507.4460477238,5012532.628361978],[-791391.4502777357,5011984.631751727],[-712269.4360023326,5011488.948545462],[-633142.0079292897,5011045.541744276],[-554009.769862888,5010654.378256369],[-474873.32480497606,5010315.428892889],[-395733.27505579044,5010028.668364246],[-316590.22231457394,5009794.075276946],[-237444.76778001132,5009611.63213089],[-158297.51225051846,5009481.32531717],[-79149.0562244139,5009403.145116365],[0,5009377.085697311],[79149.0562244139,5009403.145116365],[158297.51225051846,5009481.32531717],[237444.76778001132,5009611.63213089],[316590.22231457394,5009794.075276946],[395733.27505579044,5010028.668364246],[474873.32480497606,5010315.428892889],[554009.769862888,5010654.378256369],[633142.0079292897,5011045.541744276],[712269.4360023326,5011488.948545462],[791391.4502777357,5011984.631751727],[870507.4460477238,5012532.628361978],[949616.817599698,5013132.979286876],[1028718.9581146104,5013785.729353987],[1107813.2595650104,5014490.927313417],[1186899.1126127285,5015248.625843938],[1265975.9065061777,5016058.881559608],[1345043.028977228,5016921.755016886],[1424099.8661376366,5017837.310722232],[1503145.8023749911,5018805.617140214],[1582180.220248143,5019826.7467021],[1661202.5003820958,5020900.775814943],[1740212.0213623156,5022027.78487117],[1819208.1596284348,5023207.858258661],[1898190.2893673163,5024441.084371324],[1977157.7824054405,5025727.5556201795],[2056110.008100594,5027067.368444917],[2135046.3332328103,5028460.623325982],[2213966.121894549,5029907.424797146],[2292868.735380058,5031407.881458564],[2371753.532073905,5032962.105990369],[2450619.867338632,5034570.21516673],[2529467.093401496,5036232.329870439],[2608294.559240276,5037948.575107987],[2687101.6104680886,5039719.080025156],[2765887.5892171985,5041543.977923099],[2844651.834021771,5043423.406274947],[2923393.6796995387,5045357.506742907],[3002112.457232339,5047346.42519587],[3080807.493645492,5049390.311727532],[3159478.111885978,5051489.320675026],[3238123.6306993654,5053643.610638048],[3316743.3645054717,5055853.344498513],[3395336.623272695,5058118.689440714],[3473902.712390989,5060439.816971983],[3552440.932543441,5062816.902943884],[3630950.5795764015,5065250.127573901],[3709430.9443681324,5067739.6754676495],[3787881.312695933,5070285.7356416015],[3866300.9651016844,5072888.50154632],[3944689.1767557953,5075548.171090209],[4023045.2173194694,5078264.946663789],[4101368.350805288,5081039.035164471],[4179657.835436031,5083870.648021861],[4257912.923501699,5086760.001223573],[4336132.861214702,5089707.31534156],[4414316.8885631375,5092712.815558958],[4492464.239162144,5095776.73169745],[4570574.140103253,5098899.298245149],[4648645.811801694,5102080.7543849815],[4726678.467841614,5105321.344023602],[4804671.314819142,5108621.315820812],[4882623.55218326,5111980.923219499],[4960534.372074407,5115400.424476079],[5038402.959160783,5118880.082691462],[5116228.490472286,5122420.165842518],[5194010.135232011,5126020.946814059],[5271747.054685288,5129682.703431324],[5349438.401926156,5133405.718492972],[5427083.321721251,5137190.27980458],[5504680.95033102,5141036.680212642],[5582230.415328213,5144945.217639065],[5659730.835413583,5148916.195116163],[5737181.320228728,5152949.920822151],[5814580.970166021,5157046.708117121],[5891928.876175537,5161206.875579514],[5969224.11956893,5165430.747043068],[6046465.771820187,5169718.651634253],[6123652.894363168,5174070.923810177],[6200784.538385897,5178487.903396966],[6277859.744621483,5182969.9356286125],[6354877.54313564,5187517.371186274],[6431836.953110699,5192130.566238044],[6508736.982626048,5196809.882479157],[6585576.628434914,5201555.68717264],[6662354.875737421,5206368.353190407],[6739070.697949807,5211248.259054771],[6815723.056469753,5216195.78898038],[6892310.900437726,5221211.332916571],[6968833.166494232,5226295.286590113],[7045288.778532914,5231448.051548355],[7121676.647449391,5236670.035202755],[7197995.670885741,5241961.650872769],[7274244.732970552,5247323.317830122],[7350422.704054422,5252755.461343404],[7426528.440440837,5258258.512723023],[7502560.78411229,5263832.909366461],[7578518.56245157,5269479.094803856],[7654400.587958134,5275197.518743856],[7730205.657959372,5280988.637119772],[7805932.55431678,5286852.912135975],[7881580.043126829,5292790.81231454],[7957146.874416464,5298802.812542114],[8032631.781833118,5304889.3941169875],[8108033.482329116,5311051.044796347],[8183350.6758403545,5317288.258843695],[8258582.044959141,5323601.537076398],[8333726.254601056,5329991.386913361],[8408781.951665727,5336458.322422777],[8483747.764691398,5343002.864369953],[8558622.303503117,5349625.540265157],[8633404.158854496,5356326.884411485],[8708091.902062794,5363107.437952683],[8782684.084637318,5369967.748920936],[8857179.237900868,5376908.372284536],[8931575.872604204,5383929.869995451],[9005872.478533333,5391032.811036704],[9080067.524109425,5398217.771469577],[9154159.455981351,5405485.334480543],[9228146.698610509,5412836.090427927],[9302027.653847946,5420270.636888235],[9375800.700503515,5427789.578702101],[9449464.193906942,5435393.528019807],[9523016.46546068,5443083.1043463275],[9596455.8221843,5450858.934585845],[9669780.546250332,5458721.6530856695],[9742988.894511348,5466671.901679519],[9816079.09801813,5474710.32973009],[9889049.361528717,5482837.594170864],[9961897.863008214,5491054.359547068],[10034622.753119122,5499361.298055731],[10107222.154702028,5507759.089584761],[10179694.1622465,5516248.421750976],[10252036.84135194,5524829.989936979],[10324248.228178268,5533504.497326842],[10396326.32888619,5542272.654940467],[10468269.119066888,5551135.181666563],[10540074.543160934,5560092.804294139],[10611740.513866192,5569146.257542403],[10683264.911534574,5578296.2840889795],[10754645.58355735,5587543.63459634],[10825880.343738932,5596889.067736326],[10896966.971658744,5606333.350212644],[10967903.212021202,5615877.256781241],[11038686.773993352,5625521.570268395],[11109315.330530116,5635267.0815864345],[11179786.517686859,5645114.589746898],[11250097.933919089,5655064.901871052],[11320247.139369037,5665118.833197568],[11390231.65513891,5675277.207087234],[11460048.96255064,5685540.85502454],[11529696.5023918,5695910.616615957],[11599171.674147606,5706387.339584742],[11668471.835218627,5716971.879762105],[11737594.300124122,5727665.101074527],[11806536.339690652,5738467.875527051],[11875295.180225853,5749381.083182329],[11943868.002677076,5760405.612135239],[12012251.941774666,5771542.358482822],[12080444.085159726,5782792.22628934],[12148441.47249607,5794156.127546194],[12216241.094566189,5805634.982126484],[12283839.892350992,5817229.717733921],[12351234.756093143,5828941.269845861],[12418422.524343712,5840770.581650165],[12485399.982992033,5852718.603975596],[12552163.864278467,5864786.295215476],[12618710.845789937,5876974.621244275],[12685037.549438024,5889284.555326814],[12751140.54041941,5901717.078019765],[12817016.326158551,5914273.17706509],[12882661.35523232,5926953.847275056],[12948072.016276544,5939760.090408469],[13013244.636874206,5952692.91503773],[13078175.482425224,5965753.336406339],[13142860.75499761,5978942.376276375],[13207296.592159947,5992261.062765594],[13271479.065795032,6005710.43017365],[13335404.180894608,6019291.518797002],[13399067.874335073,6033005.374732004],[13462466.013634147,6046853.049665729]]},"properties":{"type":"parallel","value":45}},
{"type":"Feature","geometry":{"type":"LineString","coordinates":[[-11387514.085697312,7677832.537147734],[-11338022.526405148,7665823.145379561],[-11288248.015864844,7653896.341393147],[-11238193.692280373,7642052.109108961],[-11187862.666645521,7630290.422123646],[-11137258.022773078,7618611.244041825],[-11086382.81733486,7607014.52880099],[-11035240.079912176,7595500.220989564],[-10983832.813056154,7584068.25615818],[-10932163.992357656,7572718.561124332],[-10880236.566526227,7561451.054270427],[-10828053.457477696,7550265.645835354],[-10775617.560430087,7539162.238199659],[-10722931.744007349,7528140.726164399],[-10669998.850350643,7517200.997223811],[-10616821.695236713,7506342.93183183],[-10563403.068203088,7495566.403662604],[-10509745.732679699,7484871.279865063],[-10455852.426126614,7474257.421311656],[-10401725.860177591,7463724.682841348],[-10347368.72078909,7453272.913496965],[-10292783.668394502,7442901.956756978],[-10237973.338063262,7432611.650761859],[-10182940.339664605,7422401.828535024],[-10127687.258035671,7412272.318198569],[-10072216.653153706,7402222.943183773],[-10016531.060312137,7392253.522436562],[-9960632.990300229,7382363.870617958],[-9904524.92958614,7372553.798299652],[-9848209.340503126,7362823.112154764],[-9791688.661438689,7353171.615143897],[-9734965.30702645,7343599.106696553],[-9678041.668340584,7334105.3828880545],[-9620920.113092555,7324690.236611976],[-9563602.985830043,7315353.457748266],[-9506092.608137846,7306094.833327072],[-9448391.278840587,7296914.147688399],[-9390501.274207067,7287811.182637673],[-9332424.848156111,7278785.717597289],[-9274164.232463764,7269837.529754238],[-9215721.636971654,7260966.394203884],[-9157099.249796445,7252172.084089976],[-9098299.23754018,7243454.370740993],[-9039323.745501453,7234813.02380286],[-8980174.897887217,7226247.811368169],[-8920854.79802518,7217758.500101914],[-8861365.528576631,7209344.855363889],[-8801709.151749592,7201006.641327761],[-8741887.709512256,7192743.621096938],[-8681903.223806484,7184555.5568172755],[-8621757.696761414,7176442.209786688],[-8561453.110907005,7168403.340561783],[-8500991.429387443,7160438.70906152],[-8440374.59617434,7152548.074668012],[-8379604.536279678,7144731.196324512],[-8318683.155968347,7136987.832630671],[-8257612.342970293,7129317.74193509],[-8196393.966692163,7121720.6824252885],[-8135029.878428379,7114196.4122151015],[-8073521.911571617,7106744.689429583],[-8011871.88182262,7099365.272287494],[-7950081.587399255,7092057.9191813925],[-7888152.809244837,7084822.388755437],[-7826087.311235594,7077658.439980896],[-7763886.840387308,7070565.832229488],[-7701553.127061017,7063544.325344542],[-7639087.885167781,7056593.679710086],[-7576492.812372463,7049713.656317873],[-7513769.590296501,7042904.016832422],[-7450919.884719631,7036164.523654114],[-7387945.345780507,7029494.939980393],[-7324847.608176246,7022895.02986513],[-7261628.2913608225,7016364.558276169],[-7198288.999742298,7009903.29115114],[-7134831.322878896,7003510.995451554],[-7071256.835673849,6997187.439215238],[-7007567.098569048,6990932.391607146],[-6943763.657737445,6984745.6229686],[-6879848.045274215,6978626.904864989],[-6815821.779386641,6972576.010131971],[-6751686.364582739,6966592.712920226],[-6687443.291858573,6960676.788738782],[-6623094.038884297,6954828.014496974],[-6558640.070188875,6949046.168545049],[-6494082.837343506,6943331.030713475],[-6429423.7791436985,6937682.382350975],[-6364664.321790062,6932100.006361316],[-6299805.879067751,6926583.687238922],[-6234849.852524575,6921133.211103289],[-6169797.631647795,6915748.365732284],[-6104650.594039581,6910428.940594333],[-6039410.105591132,6905174.726879528],[-5974077.520655485,6899985.517529703],[-5908654.182218974,6894861.107267491],[-5843141.4220713945,6889801.29262439],[-5777540.560974816,6884805.871967884],[-5711852.9088311,6879874.645527616],[-5646079.764848107,6875007.415420682],[-5580222.417704583,6870203.985676023],[-5514282.145713772,6865464.162257988],[-5448260.216985709,6860787.753089056],[-5382157.889588257,6856174.568071764],[-5315976.411706849,6851624.4191098455],[-5249717.021802978,6847137.120128633],[-5183380.948771412,6842712.487094707],[-5116969.412096186,6838350.338034853],[-5050483.622005335,6834050.4930543145],[-4983924.779624411,6829812.774354384],[-4917294.077128787,6825637.006249351],[-4850592.697894743,6821523.015182816],[-4783821.816649382,6817470.629743396],[-4716982.599619343,6813479.680679844],[-4650076.204678364,6809550.000915594],[-4583103.78149368,6805681.425562756],[-4516066.471671283,6801873.791935579],[-4448965.408900058,6798126.939563384],[-4381801.719094791,6794440.710203005],[-4314576.5205381,6790814.947850742],[-4247290.924021251,6787249.498753847],[-4179946.032983925,6783744.21142154],[-4112542.9436529153,6780298.936635613],[-4045082.7451797887,6776913.527460589],[-3977566.5197775136,6773587.839253462],[-3909995.34285608,6770321.729673073],[-3842370.283157118,6767115.058689064],[-3774692.402887546,6763967.688590495],[-3706962.757852228,6760879.483994066],[-3639182.3975857156,6757850.311852043],[-3571352.3654830237,6754880.041459794],[-3503473.698929505,6751968.54446305],[-3435547.4294298203,6749115.694864825],[-3367574.582736019,6746321.369032054],[-3299556.178974751,6743585.445701934],[-3231493.232773627,6740907.805987983],[-3163386.753386742,6738288.333385842],[-3095237.744819376,6735726.913778804],[-3027047.2059518937,6733223.435443116],[-2958816.1306628543,6730777.789053004],[-2890545.507951356,6728389.867685508],[-2822236.322058621,6726059.566825066],[-2753889.5525888493,6723786.784367894],[-2685506.1746293516,6721571.4206261635],[-2617087.158869975,6719413.378331973],[-2548633.471721848,6717312.562641134],[-2480146.0754354587,6715268.881136769],[-2411625.928218073,6713282.243832748],[-2343073.9843505276,6711352.563176933],[-2274491.1943033957,6709479.754054271],[-2205878.5048525627,6707663.733789745],[-2137236.8591942126,6705904.422151154],[-2068567.1970592455,6704201.74135175],[-1999870.4548271545,6702555.616052756],[-1931147.5656393608,6700965.973365739],[-1862399.4595120451,6699432.74285484],[-1793627.0634484706,6697955.856538921],[-1724831.3015508305,6696535.248893552],[-1656013.0951316373,6695170.856852917],[-1587173.3628246565,6693862.619811597],[-1518313.0206954167,6692610.4796262495],[-1449432.9823513106,6691414.380617194],[-1380534.1590512947,6690274.269569901],[-1311617.459815218,6689190.095736385],[-1242683.7915327875,6688161.810836516],[-1173734.0590721904,6687189.369059229],[-1104769.1653883944,6686272.7270636875],[-1035790.011631134,6685411.843980318],[-966797.4972526095,6684606.681411824],[-897792.5201149109,6683857.203434079],[-828775.9765971832,6683163.376596978],[-759748.7617025536,6682525.16992521],[-690711.7691648359,6681942.554918965],[-621665.8915550283,6681415.505554589],[-552612.0203876229,6680943.998285149],[-483551.0462267448,6680528.012040966],[-414483.858792137,6680167.5282300785],[-345411.34706500696,6679862.5307386415],[-276334.3993937549,6679613.005931281],[-207253.90359959844,6679418.942651383],[-138170.74708211157,6679280.332221338],[-69085.81692469594,6679197.168442716],[0,6679169.447596415],[69085.81692469594,6679197.168442716],[138170.74708211157,6679280.332221338],[207253.90359959844,6679418.942651383],[276334.3993937549,6679613.005931281],[345411.34706500696,6679862.5307386415],[414483.858792137,6680167.5282300785],[483551.0462267448,6680528.012040966],[552612.0203876229,6680943.998285149],[621665.8915550283,6681415.505554589],[690711.7691648359,6681942.554918965],[759748.7617025536,6682525.16992521],[828775.9765971832,6683163.376596978],[897792.5201149109,6683857.203434079],[966797.4972526095,6684606.681411824],[1035790.011631134,6685411.843980318],[1104769.1653883944,6686272.7270636875],[1173734.0590721904,6687189.369059229],[1242683.7915327875,6688161.810836516],[1311617.459815218,6689190.095736385],[1380534.1590512947,6690274.269569901],[1449432.9823513106,6691414.380617194],[1518313.0206954167,6692610.4796262495],[1587173.3628246565,6693862.619811597],[1656013.0951316373,6695170.856852917],[1724831.3015508305,6696535.248893552],[1793627.0634484706,6697955.856538921],[1862399.4595120451,6699432.74285484],[1931147.5656393608,6700965.973365739],[1999870.4548271545,6702555.616052756],[2068567.1970592455,6704201.74135175],[2137236.8591942126,6705904.422151154],[2205878.5048525627,6707663.733789745],[2274491.1943033957,6709479.754054271],[2343073.9843505276,6711352.563176933],[2411625.928218073,6713282.243832748],[2480146.0754354587,6715268.881136769],[2548633.471721848,6717312.562641134],[2617087.158869975,6719413.378331973],[2685506.1746293516,6721571.4206261635],[2753889.5525888493,6723786.784367894],[2822236.322058621,6726059.566825066],[2890545.507951356,6728389.867685508],[2958816.1306628543,6730777.789053004],[3027047.2059518937,6733223.435443116],[3095237.744819376,6735726.913778804],[3163386.753386742,6738288.333385842],[3231493.232773627,6740907.805987983],[3299556.178974751,6743585.445701934],[3367574.582736019,6746321.369032054],[3435547.4294298203,6749115.694864825],[3503473.698929505,6751968.54446305],[3571352.3654830237,6754880.041459794],[3639182.3975857156,6757850.311852043],[3706962.757852228,6760879.483994066],[3774692.402887546,6763967.688590495],[3842370.283157118,6767115.058689064],[3909995.34285608,6770321.729673073],[3977566.5197775136,6773587.839253462],[4045082.7451797887,6776913.527460589],[4112542.9436529153,6780298.936635613],[4179946.032983925,6783744.21142154],[4247290.924021251,6787249.498753847],[4314576.5205381,6790814.947850742],[4381801.719094791,6794440.710203005],[4448965.408900058,6798126.939563384],[4516066.471671283,6801873.791935579],[4583103.78149368,6805681.425562756],[4650076.204678364,6809550.000915594],[4716982.599619343,6813479.680679844],[4783821.816649382,6817470.629743396],[4850592.697894743,6821523.015182816],[4917294.077128787,6825637.006249351],[4983924.779624411,6829812.774354384],[5050483.622005335,6834050.4930543145],[5116969.412096186,6838350.338034853],[5183380.948771412,6842712.487094707],[5249717.021802978,6847137.120128633],[5315976.411706849,6851624.4191098455],[5382157.889588257,6856174.568071764],[5448260.216985709,6860787.753089056],[5514282.145713772,6865464.162257988],[5580222.417704583,6870203.985676023],[5646079.764848107,6875007.415420682],[5711852.9088311,6879874.645527616],[5777540.560974816,6884805.871967884],[5843141.4220713945,6889801.29262439],[5908654.182218974,6894861.107267491],[5974077.520655485,6899985.517529703],[6039410.105591132,6905174.726879528],[6104650.594039581,6910428.940594333],[6169797.631647795,6915748.365732284],[6234849.852524575,6921133.211103289],[6299805.879067751,6926583.687238922],[6364664.321790062,6932100.006361316],[6429423.7791436985,6937682.382350975],[6494082.837343506,6943331.030713475],[6558640.070188875,6949046.168545049],[6623094.038884297,6954828.014496974],[6687443.291858573,6960676.788738782],[6751686.364582739,6966592.712920226],[6815821.779386641,6972576.010131971],[6879848.045274215,6978626.904864989],[6943763.657737445,6984745.6229686],[7007567.098569048,6990932.391607146],[7071256.835673849,6997187.439215238],[7134831.322878896,7003510.995451554],[7198288.999742298,7009903.29115114],[7261628.2913608225,7016364.558276169],[7324847.608176246,7022895.02986513],[7387945.345780507,7029494.939980393],[7450919.884719631,7036164.523654114],[7513769.590296501,7042904.016832422],[7576492.812372463,7049713.656317873],[7639087.885167781,7056593.679710086],[7701553.127061017,7063544.325344542],[7763886.840387308,7070565.832229488],[7826087.311235594,7077658.439980896],[7888152.809244837,7084822.388755437],[7950081.587399255,7092057.9191813925],[8011871.88182262,7099365.272287494],[8073521.911571617,7106744.689429583],[8135029.878428379,7114196.4122151015],[8196393.966692163,7121720.6824252885],[8257612.342970293,7129317.74193509],[8318683.155968347,7136987.832630671],[8379604.536279678,7144731.196324512],[8440374.59617434,7152548.074668012],[8500991.429387443,7160438.70906152],[8561453.110907005,7168403.340561783],[8621757.696761414,7176442.209786688],[8681903.223806484,7184555.5568172755],[8741887.709512256,7192743.621096938],[8801709.151749592,7201006.641327761],[8861365.528576631,7209344.855363889],[8920854.79802518,7217758.500101914],[8980174.897887217,7226247.811368169],[9039323.745501453,7234813.02380286],[9098299.23754018,7243454.370740993],[9157099.249796445,7252172.084089976],[9215721.636971654,7260966.394203884],[9274164.232463764,7269837.529754238],[9332424.848156111,7278785.717597289],[9390501.274207067,7287811.182637673],[9448391.278840587,7296914.147688399],[9506092.608137846,7306094.833327072],[9563602.985830043,7315353.457748266],[9620920.113092555,7324690.236611976],[9678041.668340584,7334105.3828880545],[9734965.30702645,7343599.106696553],[9791688.661438689,7353171.615143897],[9848209.340503126,7362823.112154764],[9904524.92958614,7372553.798299652],[9960632.990300229,7382363.870617958],[10016531.060312137,7392253.522436562],[10072216.653153706,7402222.943183773],[10127687.258035671,7412272.318198569],[10182940.339664605,7422401.828535024],[10237973.338063262,7432611.650761859],[10292783.668394502,7442901.956756978],[10347368.72078909,7453272.913496965],[10401725.860177591,7463724.682841348],[10455852.426126614,7474257.421311656],[10509745.732679699,7484871.279865063],[10563403.068203088,7495566.403662604],[10616821.695236713,7506342.93183183],[10669998.850350643,7517200.997223811],[10722931.744007349,7528140.726164399],[10775617.560430087,7539162.238199659],[10828053.457477696,7550265.645835354],[10880236.566526227,7561451.054270427],[10932163.992357656,7572718.561124332],[10983832.813056154,7584068.25615818],[11035240.079912176,7595500.220989564],[11086382.81733486,7607014.52880099],[11137258.022773078,7618611.244041825],[11187862.666645521,7630290.422123646],[11238193.692280373,7642052.109108961],[11288248.015864844,7653896.341393147],[11338022.526405148,7665823.145379561],[11387514.085697312,7677832.537147734]]},"properties":{"type":"parallel","value":60}},
{"type":"Feature","geometry":{"type":"LineString","coordinates":[[-8971181.387757253,9013167.605443459],[-8931926.852433234,9006222.54362484],[-8892489.136451537,8999302.549918974],[-8852869.307560837,8992408.002688704],[-8813068.438618354,8985539.274024839],[-8773087.607364245,8978696.729803948],[-8732927.89620018,8971880.729746776],[-8692590.391972171,8965091.627477165],[-8652076.185757576,8958329.770581504],[-8611386.372656232,8951595.50066865],[-8570522.051585782,8944889.153430255],[-8529484.325081041,8938211.058701508],[-8488274.299097475,8931561.540522225],[-8446893.082818707,8924940.917198276],[-8405341.788468044,8918349.501363281],[-8363621.531123976,8911787.600040596],[-8321733.4285396,8905255.514705481],[-8279678.600965988,8898753.54134751],[-8237458.170979383,8892281.970533112],[-8195073.263312279,8885841.087468272],[-8152525.004688244,8879431.172061319],[-8109814.523660552,8873052.498985806],[-8066942.950454489,8866705.337743448],[-8023911.4168133885,8860389.952727076],[-7980721.055848259,8854106.603283588],[-7937373.001891039,8847855.543776909],[-7893868.390351413,8841637.02365087],[-7850208.357577125,8835451.287492037],[-7806394.040717792,8829298.575092439],[-7762426.577592124,8823179.121512203],[-7718307.10655856,8817093.157142026],[-7674036.7663892405,8811040.907765526],[-7629616.696147281,8805022.594621403],[-7585048.035067313,8799038.434465406],[-7540331.922439253,8793088.639632106],[-7495469.497495228,8787173.418096432],[-7450461.899299651,8781292.973534968],[-7405310.266642375,8775447.505386997],[-7360015.737934893,8769637.208915252],[-7314579.451109549,8763862.275266415],[-7269002.54352169,8758122.891531266],[-7223286.151854754,8752419.24080456],[-7177431.412028211,8746751.502244545],[-7131439.459108342,8741119.85113215],[-7085311.427221798,8735524.458929818],[-7039048.449471911,8729965.493339978],[-6992651.657857692,8724443.118363122],[-6946122.183195482,8718957.494355528],[-6899461.155043246,8713508.778086556],[-6852669.7016274,8708097.122795554],[-6805748.9497722,8702722.678248351],[-6758700.024831589,8697385.590793312],[-6711524.050623531,8692086.003416982],[-6664222.149366709,8686824.05579927],[-6616795.441619614,8681599.884368213],[-6569245.046221945,8676413.622354252],[-6521572.080238312,8671265.39984409],[-6473777.658904153,8666155.343834046],[-6425862.895573884,8661083.57828297],[-6377828.901671201,8656050.224164648],[-6329676.786641506,8651055.399519779],[-6281407.657906433,8646099.2195074],[-6233022.620820412,8641181.796455875],[-6184522.778629254,8636303.239913361],[-6135909.232430709,8631463.65669779],[-6087183.081136952,8626663.15094635],[-6038345.421439,8621901.82416446],[-5989397.347772952,8617179.775274217],[-5940339.952288099,8612497.100662395],[-5891174.324816807,8607853.89422786],[-5841901.552846169,8603250.247428533],[-5792522.721491373,8598686.24932778],[-5743038.913470777,8594161.986640362],[-5693451.20908263,8589677.543777786],[-5643760.686183431,8585233.002893208],[-5593968.420167861,8580828.44392577],[-5544075.483950294,8576463.94464444],[-5494082.947947834,8572139.580691332],[-5443991.880064849,8567855.425624505],[-5393803.34567896,8563611.550960228],[-5343518.407628488,8559408.02621476],[-5293138.126201287,8555244.918945573],[-5242663.559124973,8551122.294792082],[-5192095.7615584815,8547040.217515854],[-5141435.78608497,8542998.749040287],[-5090684.682705982,8538997.949489795],[-5039843.4988368945,8535037.877228452],[-4988913.2793036,8531118.588898156],[-4937895.066340394,8527240.139456252],[-4886789.899589044,8523402.58221266],[-4835598.816099016,8519605.968866488],[-4784322.850328842,8515850.34954215],[-4732963.034148577,8512135.772824964],[-4681520.396843353,8508462.285796246],[-4629995.965117982,8504829.934067933],[-4578390.763102589,8501238.761816664],[-4526705.812359268,8497688.811817396],[-4474942.13188971,8494180.125476513],[-4423100.738143802,8490712.742864445],[-4371182.64502917,8487286.702747801],[-4319188.863921636,8483902.042621005],[-4267120.403676572,8480558.798737464],[-4214978.270641143,8477257.006140232],[-4162763.468667394,8473996.698692223],[-4110476.9991261684,8470777.909105912],[-4058119.860921865,8467600.668972598],[-4005693.05050797,8464465.008791173],[-3953197.5619033705,8461370.957996426],[-3900634.3867094335,8458318.544986889],[-3848004.514127814,8455307.797152208],[-3795308.9309789957,8452338.740900071],[-3742548.6217215247,8449411.401682666],[-3689724.568471934,8446525.804022681],[-3636837.7510253363,8443681.97153887],[-3583889.1468766723,8440879.926971152],[-3530879.731242584,8438119.692205288],[-3477810.4770839154,8435401.28829708],[-3424682.355128821,8432724.735496165],[-3371496.333896443,8430090.053269362],[-3318253.379721183,8427497.260323567],[-3264954.456777516,8424946.374628248],[-3211600.527105354,8422437.413437488],[-3158192.5506359315,8419970.393311614],[-3104731.485218215,8417545.330138404],[-3051218.2866458,8415162.239153866],[-2997653.9086843077,8412821.134962616],[-2944039.303099241,8410522.031557832],[-2890375.4196843137,8408264.942340793],[-2836663.20629022,8406049.880140023],[-2782903.608853838,8403876.857230024],[-2729097.5714278603,8401745.885349609],[-2675246.0362108336,8399656.975719819],[-2621349.9435775937,8397610.139061477],[-2567410.232110091,8395605.385612313],[-2513427.8386285948,8393642.725143725],[-2459403.698223253,8391722.16697713],[-2405338.7442860133,8389843.719999935],[-2351233.9085428906,8388007.392681143],[-2297090.1210865527,8386213.193086539],[-2242908.3104092455,8384461.128893542],[-2188689.403436018,8382751.207405638],[-2134434.3255582578,8381083.435566479],[-2080144.0006675117,8379457.819973574],[-2025819.3511895968,8377874.366891631],[-1971461.2981189818,8376333.082265541],[-1917070.7610534336,8374833.971732964],[-1862648.6582289184,8373377.040636583],[-1808195.9065547509,8371962.294035985],[-1753713.4216489838,8370589.736719191],[-1699202.117874022,8369259.373213805],[-1644662.9083724634,8367971.207797846],[-1590096.705103149,8366725.244510196],[-1535504.4188774198,8365521.48716071],[-1480886.959395571,8364359.939339976],[-1426245.235283495,8363240.604428728],[-1371580.1541295054,8362163.485606913],[-1316892.6225213374,8361128.585862405],[-1262183.5460833104,8360135.907999394],[-1207453.8295136567,8359185.454646421],[-1152704.3766219951,8358277.228264073],[-1097936.0903669535,8357411.231152348],[-1043149.8728939304,8356587.465457679],[-988346.6255729828,8355805.933179618],[-933527.2490368445,8355066.636177195],[-878692.6432190558,8354369.576174936],[-823843.7073922091,8353714.754768554],[-768981.3402062958,8353102.173430309],[-714106.4397271507,8352531.83351403],[-659219.90347499,8352003.736259823],[-604322.6284630327,8351517.882798437],[-549415.5112361996,8351074.27415531],[-494499.4479098878,8350672.911254292],[-439575.3342088074,8350313.794921026],[-384644.06550588144,8349996.9258860275],[-329706.5368611978,8349722.304787419],[-274763.64306100947,8349489.932173354],[-219816.27865677705,8349299.80850411],[-164865.33800424566,8349151.934153867],[-109911.71530255287,8349046.309412141],[-54956.304633359825,8348982.934484934],[0,8348961.809495517],[54956.304633359825,8348982.934484934],[109911.71530255287,8349046.309412141],[164865.33800424566,8349151.934153867],[219816.27865677705,8349299.80850411],[274763.64306100947,8349489.932173354],[329706.5368611978,8349722.304787419],[384644.06550588144,8349996.9258860275],[439575.3342088074,8350313.794921026],[494499.4479098878,8350672.911254292],[549415.5112361996,8351074.27415531],[604322.6284630327,8351517.882798437],[659219.90347499,8352003.736259823],[714106.4397271507,8352531.83351403],[768981.3402062958,8353102.173430309],[823843.7073922091,8353714.754768554],[878692.6432190558,8354369.576174936],[933527.2490368445,8355066.636177195],[988346.6255729828,8355805.933179618],[1043149.8728939304,8356587.465457679],[1097936.0903669535,8357411.231152348],[1152704.3766219951,8358277.228264073],[1207453.8295136567,8359185.454646421],[1262183.5460833104,8360135.907999394],[1316892.6225213374,8361128.585862405],[1371580.1541295054,8362163.485606913],[1426245.235283495,8363240.604428728],[1480886.959395571,8364359.939339976],[1535504.4188774198,8365521.48716071],[1590096.705103149,8366725.244510196],[1644662.9083724634,8367971.207797846],[1699202.117874022,8369259.373213805],[1753713.4216489838,8370589.736719191],[1808195.9065547509,8371962.294035985],[1862648.6582289184,8373377.040636583],[1917070.7610534336,8374833.971732964],[1971461.2981189818,8376333.082265541],[2025819.3511895968,8377874.366891631],[2080144.0006675117,8379457.819973574],[2134434.3255582578,8381083.435566479],[2188689.403436018,8382751.207405638],[2242908.3104092455,8384461.128893542],[2297090.1210865527,8386213.193086539],[2351233.9085428906,8388007.392681143],[2405338.7442860133,8389843.719999935],[2459403.698223253,8391722.16697713],[2513427.8386285948,8393642.725143725],[2567410.232110091,8395605.385612313],[2621349.9435775937,8397610.139061477],[2675246.0362108336,8399656.975719819],[2729097.5714278603,8401745.885349609],[2782903.608853838,8403876.857230024],[2836663.20629022,8406049.880140023],[2890375.4196843137,8408264.942340793],[2944039.303099241,8410522.031557832],[2997653.9086843077,8412821.134962616],[3051218.2866458,8415162.239153866],[3104731.485218215,8417545.330138404],[3158192.5506359315,8419970.393311614],[3211600.527105354,8422437.413437488],[3264954.456777516,8424946.374628248],[3318253.379721183,8427497.260323567],[3371496.333896443,8430090.053269362],[3424682.355128821,8432724.735496165],[3477810.4770839154,8435401.28829708],[3530879.731242584,8438119.692205288],[3583889.1468766723,8440879.926971152],[3636837.7510253363,8443681.97153887],[3689724.568471934,8446525.804022681],[3742548.6217215247,8449411.401682666],[3795308.9309789957,8452338.740900071],[3848004.514127814,8455307.797152208],[3900634.3867094335,8458318.544986889],[3953197.5619033705,8461370.957996426],[4005693.05050797,8464465.008791173],[4058119.860921865,8467600.668972598],[4110476.9991261684,8470777.909105912],[4162763.468667394,8473996.698692223],[4214978.270641143,8477257.006140232],[4267120.403676572,8480558.798737464],[4319188.863921636,8483902.042621005],[4371182.64502917,8487286.702747801],[4423100.738143802,8490712.742864445],[4474942.13188971,8494180.125476513],[4526705.812359268,8497688.811817396],[4578390.763102589,8501238.761816664],[4629995.965117982,8504829.934067933],[4681520.396843353,8508462.285796246],[4732963.034148577,8512135.772824964],[4784322.850328842,8515850.34954215],[4835598.816099016,8519605.968866488],[4886789.899589044,8523402.58221266],[4937895.066340394,8527240.139456252],[4988913.2793036,8531118.588898156],[5039843.4988368945,8535037.877228452],[5090684.682705982,8538997.949489795],[5141435.78608497,8542998.749040287],[5192095.7615584815,8547040.217515854],[5242663.559124973,8551122.294792082],[5293138.126201287,8555244.918945573],[5343518.407628488,8559408.02621476],[5393803.34567896,8563611.550960228],[5443991.880064849,8567855.425624505],[5494082.947947834,8572139.580691332],[5544075.483950294,8576463.94464444],[5593968.420167861,8580828.44392577],[5643760.686183431,8585233.002893208],[5693451.20908263,8589677.543777786],[5743038.913470777,8594161.986640362],[5792522.721491373,8598686.24932778],[5841901.552846169,8603250.247428533],[5891174.324816807,8607853.89422786],[5940339.952288099,8612497.100662395],[5989397.347772952,8617179.775274217],[6038345.421439,8621901.82416446],[6087183.081136952,8626663.15094635],[6135909.232430709,8631463.65669779],[6184522.778629254,8636303.239913361],[6233022.620820412,8641181.796455875],[6281407.657906433,8646099.2195074],[6329676.786641506,8651055.399519779],[6377828.901671201,8656050.224164648],[6425862.895573884,8661083.57828297],[6473777.658904153,8666155.343834046],[6521572.080238312,8671265.39984409],[6569245.046221945,8676413.622354252],[6616795.441619614,8681599.884368213],[6664222.149366709,8686824.05579927],[6711524.050623531,8692086.003416982],[6758700.024831589,8697385.590793312],[6805748.9497722,8702722.678248351],[6852669.7016274,8708097.122795554],[6899461.155043246,8713508.778086556],[6946122.183195482,8718957.494355528],[6992651.657857692,8724443.118363122],[7039048.449471911,8729965.493339978],[7085311.427221798,8735524.458929818],[7131439.459108342,8741119.85113215],[7177431.412028211,8746751.502244545],[7223286.151854754,8752419.24080456],[7269002.54352169,8758122.891531266],[7314579.451109549,8763862.275266415],[7360015.737934893,8769637.208915252],[7405310.266642375,8775447.505386997],[7450461.899299651,8781292.973534968],[7495469.497495228,8787173.418096432],[7540331.922439253,8793088.639632106],[7585048.035067313,8799038.434465406],[7629616.696147281,8805022.594621403],[7674036.7663892405,8811040.907765526],[7718307.10655856,8817093.157142026],[7762426.577592124,8823179.121512203],[7806394.040717792,8829298.575092439],[7850208.357577125,8835451.287492037],[7893868.390351413,8841637.02365087],[7937373.001891039,8847855.543776909],[7980721.055848259,8854106.603283588],[8023911.4168133885,8860389.952727076],[8066942.950454489,8866705.337743448],[8109814.523660552,8873052.498985806],[8152525.004688244,8879431.172061319],[8195073.263312279,8885841.087468272],[8237458.170979383,8892281.970533112],[8279678.600965988,8898753.54134751],[8321733.4285396,8905255.514705481],[8363621.531123976,8911787.600040596],[8405341.788468044,8918349.501363281],[8446893.082818707,8924940.917198276],[8488274.299097475,8931561.540522225],[8529484.325081041,8938211.058701508],[8570522.051585782,8944889.153430255],[8611386.372656232,8951595.50066865],[8652076.185757576,8958329.770581504],[8692590.391972171,8965091.627477165],[8732927.89620018,8971880.729746776],[8773087.607364245,8978696.729803948],[8813068.438618354,8985539.274024839],[8852869.307560837,8992408.002688704],[8892489.136451537,8999302.549918974],[8931926.852433234,9006222.54362484],[8971181.387757253,9013167.605443459]]},"properties":{"type":"parallel","value":75}},
{"type":"Feature","geometry":{"type":"LineString","coordinates":[[-6378137,10018754.171394622],[-6342702.905555557,10018754.171394622],[-6307268.811111112,10018754.171394622],[-6271834.716666668,10018754.171394622],[-6236400.622222222,10018754.171394622],[-6200966.527777779,10018754.171394622],[-6165532.4333333345,10018754.171394622],[-6130098.33888889,10018754.171394622],[-6094664.244444446,10018754.171394622],[-6059230.150000001,10018754.171394622],[-6023796.055555557,10018754.171394622],[-5988361.961111112,10018754.171394622],[-5952927.866666667,10018754.171394622],[-5917493.772222223,10018754.171394622],[-5882059.677777779,10018754.171394622],[-5846625.583333334,10018754.171394622],[-5811191.48888889,10018754.171394622],[-5775757.394444446,10018754.171394622],[-5740323.300000001,10018754.171394622],[-5704889.205555556,10018754.171394622],[-5669455.111111112,10018754.171394622],[-5634021.016666668,10018754.171394622],[-5598586.922222223,10018754.171394622],[-5563152.827777779,10018754.171394622],[-5527718.733333333,10018754.171394622],[-5492284.63888889,10018754.171394622],[-5456850.5444444455,10018754.171394622],[-5421416.45,10018754.171394622],[-5385982.355555557,10018754.171394622],[-5350548.261111112,10018754.171394622],[-5315114.166666668,10018754.171394622],[-5279680.072222223,10018754.171394622],[-5244245.977777779,10018754.171394622],[-5208811.883333334,10018754.171394622],[-5173377.788888889,10018754.171394622],[-5137943.694444446,10018754.171394622],[-5102509.600000001,10018754.171394622],[-5067075.505555557,10018754.171394622],[-5031641.411111112,10018754.171394622],[-4996207.316666668,10018754.171394622],[-4960773.222222223,10018754.171394622],[-4925339.127777779,10018754.171394622],[-4889905.033333333,10018754.171394622],[-4854470.93888889,10018754.171394622],[-4819036.844444445,10018754.171394622],[-4783602.750000001,10018754.171394622],[-4748168.655555557,10018754.171394622],[-4712734.561111112,10018754.171394622],[-4677300.466666668,10018754.171394622],[-4641866.372222222,10018754.171394622],[-4606432.277777779,10018754.171394622],[-4570998.1833333345,10018754.171394622],[-4535564.08888889,10018754.171394622],[-4500129.994444446,10018754.171394622],[-4464695.900000001,10018754.171394622],[-4429261.805555557,10018754.171394622],[-4393827.711111112,10018754.171394622],[-4358393.616666667,10018754.171394622],[-4322959.522222223,10018754.171394622],[-4287525.427777779,10018754.171394622],[-4252091.333333334,10018754.171394622],[-4216657.23888889,10018754.171394622],[-4181223.144444446,10018754.171394622],[-4145789.0500000007,10018754.171394622],[-4110354.9555555563,10018754.171394622],[-4074920.8611111115,10018754.171394622],[-4039486.766666668,10018754.171394622],[-4004052.6722222236,10018754.171394622],[-3968618.5777777787,10018754.171394622],[-3933184.4833333343,10018754.171394622],[-3897750.38888889,10018754.171394622],[-3862316.2944444455,10018754.171394622],[-3826882.2000000007,10018754.171394622],[-3791448.1055555562,10018754.171394622],[-3756014.011111112,10018754.171394622],[-3720579.9166666674,10018754.171394622],[-3685145.8222222235,10018754.171394622],[-3649711.727777779,10018754.171394622],[-3614277.633333334,10018754.171394622],[-3578843.53888889,10018754.171394622],[-3543409.4444444454,10018754.171394622],[-3507975.350000001,10018754.171394622],[-3472541.255555556,10018754.171394622],[-3437107.1611111118,10018754.171394622],[-3401673.066666668,10018754.171394622],[-3366238.972222223,10018754.171394622],[-3330804.8777777785,10018754.171394622],[-3295370.783333334,10018754.171394622],[-3259936.68888889,10018754.171394622],[-3224502.594444445,10018754.171394622],[-3189068.500000001,10018754.171394622],[-3153634.405555556,10018754.171394622],[-3118200.311111111,10018754.171394622],[-3082766.2166666673,10018754.171394622],[-3047332.122222223,10018754.171394622],[-3011898.0277777785,10018754.171394622],[-2976463.9333333336,10018754.171394622],[-2941029.8388888896,10018754.171394622],[-2905595.744444445,10018754.171394622],[-2870161.6500000004,10018754.171394622],[-2834727.555555556,10018754.171394622],[-2799293.4611111116,10018754.171394622],[-2763859.3666666667,10018754.171394622],[-2728425.2722222228,10018754.171394622],[-2692991.1777777784,10018754.171394622],[-2657557.083333334,10018754.171394622],[-2622122.9888888896,10018754.171394622],[-2586688.8944444447,10018754.171394622],[-2551254.8000000003,10018754.171394622],[-2515820.705555556,10018754.171394622],[-2480386.6111111115,10018754.171394622],[-2444952.5166666666,10018754.171394622],[-2409518.4222222227,10018754.171394622],[-2374084.3277777787,10018754.171394622],[-2338650.233333334,10018754.171394622],[-2303216.1388888895,10018754.171394622],[-2267782.044444445,10018754.171394622],[-2232347.9500000007,10018754.171394622],[-2196913.855555556,10018754.171394622],[-2161479.7611111114,10018754.171394622],[-2126045.666666667,10018754.171394622],[-2090611.572222223,10018754.171394622],[-2055177.4777777782,10018754.171394622],[-2019743.383333334,10018754.171394622],[-1984309.2888888894,10018754.171394622],[-1948875.194444445,10018754.171394622],[-1913441.1000000003,10018754.171394622],[-1878007.005555556,10018754.171394622],[-1842572.9111111118,10018754.171394622],[-1807138.816666667,10018754.171394622],[-1771704.7222222227,10018754.171394622],[-1736270.627777778,10018754.171394622],[-1700836.533333334,10018754.171394622],[-1665402.4388888893,10018754.171394622],[-1629968.344444445,10018754.171394622],[-1594534.2500000005,10018754.171394622],[-1559100.1555555556,10018754.171394622],[-1523666.0611111114,10018754.171394622],[-1488231.9666666668,10018754.171394622],[-1452797.8722222224,10018754.171394622],[-1417363.777777778,10018754.171394622],[-1381929.6833333333,10018754.171394622],[-1346495.5888888892,10018754.171394622],[-1311061.4944444448,10018754.171394622],[-1275627.4000000001,10018754.171394622],[-1240193.3055555557,10018754.171394622],[-1204759.2111111113,10018754.171394622],[-1169325.116666667,10018754.171394622],[-1133891.0222222225,10018754.171394622],[-1098456.927777778,10018754.171394622],[-1063022.8333333335,10018754.171394622],[-1027588.7388888891,10018754.171394622],[-992154.6444444447,10018754.171394622],[-956720.5500000002,10018754.171394622],[-921286.4555555559,10018754.171394622],[-885852.3611111114,10018754.171394622],[-850418.266666667,10018754.171394622],[-814984.1722222226,10018754.171394622],[-779550.0777777778,10018754.171394622],[-744115.9833333334,10018754.171394622],[-708681.888888889,10018754.171394622],[-673247.7944444446,10018754.171394622],[-637813.7000000001,10018754.171394622],[-602379.6055555557,10018754.171394622],[-566945.5111111113,10018754.171394622],[-531511.4166666667,10018754.171394622],[-496077.32222222234,10018754.171394622],[-460643.22777777794,10018754.171394622],[-425209.1333333335,10018754.171394622],[-389775.0388888889,10018754.171394622],[-354340.9444444445,10018754.171394622],[-318906.85000000003,10018754.171394622],[-283472.75555555563,10018754.171394622],[-248038.66111111117,10018754.171394622],[-212604.56666666674,10018754.171394622],[-177170.47222222225,10018754.171394622],[-141736.37777777782,10018754.171394622],[-106302.28333333337,10018754.171394622],[-70868.18888888891,10018754.171394622],[-35434.094444444454,10018754.171394622],[0,10018754.171394622],[35434.094444444454,10018754.171394622],[70868.18888888891,10018754.171394622],[106302.28333333337,10018754.171394622],[141736.37777777782,10018754.171394622],[177170.47222222225,10018754.171394622],[212604.56666666674,10018754.171394622],[248038.66111111117,10018754.171394622],[283472.75555555563,10018754.171394622],[318906.85000000003,10018754.171394622],[354340.9444444445,10018754.171394622],[389775.0388888889,10018754.171394622],[425209.1333333335,10018754.171394622],[460643.22777777794,10018754.171394622],[496077.32222222234,10018754.171394622],[531511.4166666667,10018754.171394622],[566945.5111111113,10018754.171394622],[602379.6055555557,10018754.171394622],[637813.7000000001,10018754.171394622],[673247.7944444446,10018754.171394622],[708681.888888889,10018754.171394622],[744115.9833333334,10018754.171394622],[779550.0777777778,10018754.171394622],[814984.1722222226,10018754.171394622],[850418.266666667,10018754.171394622],[885852.3611111114,10018754.171394622],[921286.4555555559,10018754.171394622],[956720.5500000002,10018754.171394622],[992154.6444444447,10018754.171394622],[1027588.7388888891,10018754.171394622],[1063022.8333333335,10018754.171394622],[1098456.927777778,10018754.171394622],[1133891.0222222225,10018754.171394622],[1169325.116666667,10018754.171394622],[1204759.2111111113,10018754.171394622],[1240193.3055555557,10018754.171394622],[1275627.4000000001,10018754.171394622],[1311061.4944444448,10018754.171394622],[1346495.5888888892,10018754.171394622],[1381929.6833333333,10018754.171394622],[1417363.777777778,10018754.171394622],[1452797.8722222224,10018754.171394622],[1488231.9666666668,10018754.171394622],[1523666.0611111114,10018754.171394622],[1559100.1555555556,10018754.171394622],[1594534.2500000005,10018754.171394622],[1629968.344444445,10018754.171394622],[1665402.4388888893,10018754.171394622],[1700836.533333334,10018754.171394622],[1736270.627777778,10018754.171394622],[1771704.7222222227,10018754.171394622],[1807138.816666667,10018754.171394622],[1842572.9111111118,10018754.171394622],[1878007.005555556,10018754.171394622],[1913441.1000000003,10018754.171394622],[1948875.194444445,10018754.171394622],[1984309.2888888894,10018754.171394622],[2019743.383333334,10018754.171394622],[2055177.4777777782,10018754.171394622],[2090611.572222223,10018754.171394622],[2126045.666666667,10018754.171394622],[2161479.7611111114,10018754.171394622],[2196913.855555556,10018754.171394622],[2232347.9500000007,10018754.171394622],[2267782.044444445,10018754.171394622],[2303216.1388888895,10018754.171394622],[2338650.233333334,10018754.171394622],[2374084.3277777787,10018754.171394622],[2409518.4222222227,10018754.171394622],[2444952.5166666666,10018754.171394622],[2480386.6111111115,10018754.171394622],[2515820.705555556,10018754.171394622],[2551254.8000000003,10018754.171394622],[2586688.8944444447,10018754.171394622],[2622122.9888888896,10018754.171394622],[2657557.083333334,10018754.171394622],[2692991.1777777784,10018754.171394622],[2728425.2722222228,10018754.171394622],[2763859.3666666667,10018754.171394622],[2799293.4611111116,10018754.171394622],[2834727.555555556,10018754.171394622],[2870161.6500000004,10018754.171394622],[2905595.744444445,10018754.171394622],[2941029.8388888896,10018754.171394622],[2976463.9333333336,10018754.171394622],[3011898.0277777785,10018754.171394622],[3047332.122222223,10018754.171394622],[3082766.2166666673,10018754.171394622],[3118200.311111111,10018754.171394622],[3153634.405555556,10018754.171394622],[3189068.500000001,10018754.171394622],[3224502.594444445,10018754.171394622],[3259936.68888889,10018754.171394622],[3295370.783333334,10018754.171394622],[3330804.8777777785,10018754.171394622],[3366238.972222223,10018754.171394622],[3401673.066666668,10018754.171394622],[3437107.1611111118,10018754.171394622],[3472541.255555556,10018754.171394622],[3507975.350000001,10018754.171394622],[3543409.4444444454,10018754.171394622],[3578843.53888889,10018754.171394622],[3614277.633333334,10018754.171394622],[3649711.727777779,10018754.171394622],[3685145.8222222235,10018754.171394622],[3720579.9166666674,10018754.171394622],[3756014.011111112,10018754.171394622],[3791448.1055555562,10018754.171394622],[3826882.2000000007,10018754.171394622],[3862316.2944444455,10018754.171394622],[3897750.38888889,10018754.171394622],[3933184.4833333343,10018754.171394622],[3968618.5777777787,10018754.171394622],[4004052.6722222236,10018754.171394622],[4039486.766666668,10018754.171394622],[4074920.8611111115,10018754.171394622],[4110354.9555555563,10018754.171394622],[4145789.0500000007,10018754.171394622],[4181223.144444446,10018754.171394622],[4216657.23888889,10018754.171394622],[4252091.333333334,10018754.171394622],[4287525.427777779,10018754.171394622],[4322959.522222223,10018754.171394622],[4358393.616666667,10018754.171394622],[4393827.711111112,10018754.171394622],[4429261.805555557,10018754.171394622],[4464695.900000001,10018754.171394622],[4500129.994444446,10018754.171394622],[4535564.08888889,10018754.171394622],[4570998.1833333345,10018754.171394622],[4606432.277777779,10018754.171394622],[4641866.372222222,10018754.171394622],[4677300.466666668,10018754.171394622],[4712734.561111112,10018754.171394622],[4748168.655555557,10018754.171394622],[4783602.750000001,10018754.171394622],[4819036.844444445,10018754.171394622],[4854470.93888889,10018754.171394622],[4889905.033333333,10018754.171394622],[4925339.127777779,10018754.171394622],[4960773.222222223,10018754.171394622],[4996207.316666668,10018754.171394622],[5031641.411111112,10018754.171394622],[5067075.505555557,10018754.171394622],[5102509.600000001,10018754.171394622],[5137943.694444446,10018754.171394622],[5173377.788888889,10018754.171394622],[5208811.883333334,10018754.171394622],[5244245.977777779,10018754.171394622],[5279680.072222223,10018754.171394622],[5315114.166666668,10018754.171394622],[5350548.261111112,10018754.171394622],[5385982.355555557,10018754.171394622],[5421416.45,10018754.171394622],[5456850.5444444455,10018754.171394622],[5492284.63888889,10018754.171394622],[5527718.733333333,10018754.171394622],[5563152.827777779,10018754.171394622],[5598586.922222223,10018754.171394622],[5634021.016666668,10018754.171394622],[5669455.111111112,10018754.171394622],[5704889.205555556,10018754.171394622],[5740323.300000001,10018754.171394622],[5775757.394444446,10018754.171394622],[5811191.48888889,10018754.171394622],[5846625.583333334,10018754.171394622],[5882059.677777779,10018754.171394622],[5917493.772222223,10018754.171394622],[5952927.866666667,10018754.171394622],[5988361.961111112,10018754.171394622],[6023796.055555557,10018754.171394622],[6059230.150000001,10018754.171394622],[6094664.244444446,10018754.171394622],[6130098.33888889,10018754.171394622],[6165532.4333333345,10018754.171394622],[6200966.527777779,10018754.171394622],[6236400.622222222,10018754.171394622],[6271834.716666668,10018754.171394622],[6307268.811111112,10018754.171394622],[6342702.905555557,10018754.171394622],[6378137,10018754.171394622]]},"properties":{"type":"parallel","value":90}}
]}