{"type":"FeatureCollection","features":[{"type":"Feature","properties":{"type":"meridian","value":-180},"geometry":{"type":"LineString","coordinates":[[-180,-85.051129],[-180,-84.051129],[-180,-83.051129],[-180,-82.051129],[-180,-81.051129],[-180,-80.051129],[-180,-79.051129],[-180,-78.051129],[-180,-77.051129],[-180,-76.051129],[-180,-75.051129],[-180,-74.051129],[-180,-73.051129],[-180,-72.051129],[-180,-71.051129],[-180,-70.051129],[-180,-69.051129],[-180,-68.051129],[-180,-67.051129],[-180,-66.051129],[-180,-65.051129],[-180,-64.051129],[-180,-63.051129],[-180,-62.051129],[-180,-61.051129],[-180,-60.051129],[-180,-59.051129],[-180,-58.051129],[-180,-57.051129],[-180,-56.051129],[-180,-55.051129],[-180,-54.051129],[-180,-53.051129],[-180,-52.051129],[-180,-51.051129],[-180,-50.051129],[-180,-49.051129],[-180,-48.051129],[-180,-47.051129],[-180,-46.051129],[-180,-45.051129],[-180,-44.051129],[-180,-43.051129],[-180,-42.051129],[-180,-41.051129],[-180,-40.051129],[-180,-39.051129],[-180,-38.051129],[-180,-37.051129],[-180,-36.051129],[-180,-35.051129],[-180,-34.051129],[-180,-33.051129],[-180,-32.051129],[-180,-31.051129],[-180,-30.051129],[-180,-29.051129],[-180,-28.051129],[-180,-27.051129],[-180,-26.051129],[-180,-25.051129],[-180,-24.051129],[-180,-23.051129],[-180,-22.051129],[-180,-21.051129],[-180,-20.051129],[-180,-19.051129],[-180,-18.051129],[-180,-17.051129],[-180,-16.051129],[-180,-15.051129],[-180,-14.051129],[-180,-13.051129],[-180,-12.051129],[-180,-11.051129],[-180,-10.051129],[-180,-9.051129],[-180,-8.051129],[-180,-7.051129],[-180,-6.051129],[-180,-5.051129],[-180,-4.051129],[-180,-3.051129],[-180,-2.051129],[-180,-1.051129],[-180,-0.051129],[-180,0.948871],[-180,1.948871],[-180,2.948871],[-180,3.948871],[-180,4.948871],[-180,5.948871],[-180,6.948871],[-180,7.948871],[-180,8.948871],[-180,9.948871],[-180,10.948871],[-180,11.948871],[-180,12.948871],[-180,13.948871],[-180,14.948871],[-180,15.948871],[-180,16.948871],[-180,17.948871],[-180,18.948871],[-180,19.948871],[-180,20.948871],[-180,21.948871],[-180,22.948871],[-180,23.948871],[-180,24.948871],[-180,25.948871],[-180,26.948871],[-180,27.948871],[-180,28.948871],[-180,29.948871],[-180,30.948871],[-180,31.948871],[-180,32.948871],[-180,33.948871],[-180,34.948871],[-180,35.948871],[-180,36.948871],[-180,37.948871],[-180,38.948871],[-180,39.948871],[-180,40.948871],[-180,41.948871],[-180,42.948871],[-180,43.948871],[-180,44.948871],[-180,45.948871],[-180,46.948871],[-180,47.948871],[-180,48.948871],[-180,49.948871],[-180,50.948871],[-180,51.948871],[-180,52.948871],[-180,53.948871],[-180,54.948871],[-180,55.948871],[-180,56.948871],[-180,57.948871],[-180,58.948871],[-180,59.948871],[-180,60.948871],[-180,61.948871],[-180,62.948871],[-180,63.948871],[-180,64.948871],[-180,65.948871],[-180,66.948871],[-180,67.948871],[-180,68.948871],[-180,69.948871],[-180,70.948871],[-180,71.948871],[-180,72.948871],[-180,73.948871],[-180,74.948871],[-180,75.948871],[-180,76.948871],[-180,77.948871],[-180,78.948871],[-180,79.948871],[-180,80.948871],[-180,81.948871],[-180,82.948871],[-180,83.948871],[-180,84.948871]]}},{"type":"Feature","properties":{"type":"meridian","value":-165},"geometry":{"type":"LineString","coordinates":[[-165,-85.051129],[-165,-84.051129],[-165,-83.051129],[-165,-82.051129],[-165,-81.051129],[-165,-80.051129],[-165,-79.051129],[-165,-78.051129],[-165,-77.051129],[-165,-76.051129],[-165,-75.051129],[-165,-74.051129],[-165,-73.051129],[-165,-72.051129],[-165,-71.051129],[-165,-70.051129],[-165,-69.051129],[-165,-68.051129],[-165,-67.051129],[-165,-66.051129],[-165,-65.051129],[-165,-64.051129],[-165,-63.051129],[-165,-62.051129],[-165,-61.051129],[-165,-60.051129],[-165,-59.051129],[-165,-58.051129],[-165,-57.051129],[-165,-56.051129],[-165,-55.051129],[-165,-54.051129],[-165,-53.051129],[-165,-52.051129],[-165,-51.051129],[-165,-50.051129],[-165,-49.051129],[-165,-48.051129],[-165,-47.051129],[-165,-46.051129],[-165,-45.051129],[-165,-44.051129],[-165,-43.051129],[-165,-42.051129],[-165,-41.051129],[-165,-40.051129],[-165,-39.051129],[-165,-38.051129],[-165,-37.051129],[-165,-36.051129],[-165,-35.051129],[-165,-34.051129],[-165,-33.051129],[-165,-32.051129],[-165,-31.051129],[-165,-30.051129],[-165,-29.051129],[-165,-28.051129],[-165,-27.051129],[-165,-26.051129],[-165,-25.051129],[-165,-24.051129],[-165,-23.051129],[-165,-22.051129],[-165,-21.051129],[-165,-20.051129],[-165,-19.051129],[-165,-18.051129],[-165,-17.051129],[-165,-16.051129],[-165,-15.051129],[-165,-14.051129],[-165,-13.051129],[-165,-12.051129],[-165,-11.051129],[-165,-10.051129],[-165,-9.051129],[-165,-8.051129],[-165,-7.051129],[-165,-6.051129],[-165,-5.051129],[-165,-4.051129],[-165,-3.051129],[-165,-2.051129],[-165,-1.051129],[-165,-0.051129],[-165,0.948871],[-165,1.948871],[-165,2.948871],[-165,3.948871],[-165,4.948871],[-165,5.948871],[-165,6.948871],[-165,7.948871],[-165,8.948871],[-165,9.948871],[-165,10.948871],[-165,11.948871],[-165,12.948871],[-165,13.948871],[-165,14.948871],[-165,15.948871],[-165,16.948871],[-165,17.948871],[-165,18.948871],[-165,19.948871],[-165,20.948871],[-165,21.948871],[-165,22.948871],[-165,23.948871],[-165,24.948871],[-165,25.948871],[-165,26.948871],[-165,27.948871],[-165,28.948871],[-165,29.948871],[-165,30.948871],[-165,31.948871],[-165,32.948871],[-165,33.948871],[-165,34.948871],[-165,35.948871],[-165,36.948871],[-165,37.948871],[-165,38.948871],[-165,39.948871],[-165,40.948871],[-165,41.948871],[-165,42.948871],[-165,43.948871],[-165,44.948871],[-165,45.948871],[-165,46.948871],[-165,47.948871],[-165,48.948871],[-165,49.948871],[-165,50.948871],[-165,51.948871],[-165,52.948871],[-165,53.948871],[-165,54.948871],[-165,55.948871],[-165,56.948871],[-165,57.948871],[-165,58.948871],[-165,59.948871],[-165,60.948871],[-165,61.948871],[-165,62.948871],[-165,63.948871],[-165,64.948871],[-165,65.948871],[-165,66.948871],[-165,67.948871],[-165,68.948871],[-165,69.948871],[-165,70.948871],[-165,71.948871],[-165,72.948871],[-165,73.948871],[-165,74.948871],[-165,75.948871],[-165,76.948871],[-165,77.948871],[-165,78.948871],[-165,79.948871],[-165,80.948871],[-165,81.948871],[-165,82.948871],[-165,83.948871],[-165,84.948871]]}},{"type":"Feature","properties":{"type":"meridian","value":-150},"geometry":{"type":"LineString","coordinates":[[-150,-85.051129],[-150,-84.051129],[-150,-83.051129],[-150,-82.051129],[-150,-81.051129],[-150,-80.051129],[-150,-79.051129],[-150,-78.051129],[-150,-77.051129],[-150,-76.051129],[-150,-75.051129],[-150,-74.051129],[-150,-73.051129],[-150,-72.051129],[-150,-71.051129],[-150,-70.051129],[-150,-69.051129],[-150,-68.051129],[-150,-67.051129],[-150,-66.051129],[-150,-65.051129],[-150,-64.051129],[-150,-63.051129],[-150,-62.051129],[-150,-61.051129],[-150,-60.051129],[-150,-59.051129],[-150,-58.051129],[-150,-57.051129],[-150,-56.051129],[-150,-55.051129],[-150,-54.051129],[-150,-53.051129],[-150,-52.051129],[-150,-51.051129],[-150,-50.051129],[-150,-49.051129],[-150,-48.051129],[-150,-47.051129],[-150,-46.051129],[-150,-45.051129],[-150,-44.051129],[-150,-43.051129],[-150,-42.051129],[-150,-41.051129],[-150,-40.051129],[-150,-39.051129],[-150,-38.051129],[-150,-37.051129],[-150,-36.051129],[-150,-35.051129],[-150,-34.051129],[-150,-33.051129],[-150,-32.051129],[-150,-31.051129],[-150,-30.051129],[-150,-29.051129],[-150,-28.051129],[-150,-27.051129],[-150,-26.051129],[-150,-25.051129],[-150,-24.051129],[-150,-23.051129],[-150,-22.051129],[-150,-21.051129],[-150,-20.051129],[-150,-19.051129],[-150,-18.051129],[-150,-17.051129],[-150,-16.051129],[-150,-15.051129],[-150,-14.051129],[-150,-13.051129],[-150,-12.051129],[-150,-11.051129],[-150,-10.051129],[-150,-9.051129],[-150,-8.051129],[-150,-7.051129],[-150,-6.051129],[-150,-5.051129],[-150,-4.051129],[-150,-3.051129],[-150,-2.051129],[-150,-1.051129],[-150,-0.051129],[-150,0.948871],[-150,1.948871],[-150,2.948871],[-150,3.948871],[-150,4.948871],[-150,5.948871],[-150,6.948871],[-150,7.948871],[-150,8.948871],[-150,9.948871],[-150,10.948871],[-150,11.948871],[-150,12.948871],[-150,13.948871],[-150,14.948871],[-150,15.948871],[-150,16.948871],[-150,17.948871],[-150,18.948871],[-150,19.948871],[-150,20.948871],[-150,21.948871],[-150,22.948871],[-150,23.948871],[-150,24.948871],[-150,25.948871],[-150,26.948871],[-150,27.948871],[-150,28.948871],[-150,29.948871],[-150,30.948871],[-150,31.948871],[-150,32.948871],[-150,33.948871],[-150,34.948871],[-150,35.948871],[-150,36.948871],[-150,37.948871],[-150,38.948871],[-150,39.948871],[-150,40.948871],[-150,41.948871],[-150,42.948871],[-150,43.948871],[-150,44.948871],[-150,45.948871],[-150,46.948871],[-150,47.948871],[-150,48.948871],[-150,49.948871],[-150,50.948871],[-150,51.948871],[-150,52.948871],[-150,53.948871],[-150,54.948871],[-150,55.948871],[-150,56.948871],[-150,57.948871],[-150,58.948871],[-150,59.948871],[-150,60.948871],[-150,61.948871],[-150,62.948871],[-150,63.948871],[-150,64.948871],[-150,65.948871],[-150,66.948871],[-150,67.948871],[-150,68.948871],[-150,69.948871],[-150,70.948871],[-150,71.948871],[-150,72.948871],[-150,73.948871],[-150,74.948871],[-150,75.948871],[-150,76.948871],[-150,77.948871],[-150,78.948871],[-150,79.948871],[-150,80.948871],[-150,81.948871],[-150,82.948871],[-150,83.948871],[-150,84.948871]]}},{"type":"Feature","properties":{"type":"meridian","value":-135},"geometry":{"type":"LineString","coordinates":[[-135,-85.051129],[-135,-84.051129],[-135,-83.051129],[-135,-82.051129],[-135,-81.051129],[-135,-80.051129],[-135,-79.051129],[-135,-78.051129],[-135,-77.051129],[-135,-76.051129],[-135,-75.051129],[-135,-74.051129],[-135,-73.051129],[-135,-72.051129],[-135,-71.051129],[-135,-70.051129],[-135,-69.051129],[-135,-68.051129],[-135,-67.051129],[-135,-66.051129],[-135,-65.051129],[-135,-64.051129],[-135,-63.051129],[-135,-62.051129],[-135,-61.051129],[-135,-60.051129],[-135,-59.051129],[-135,-58.051129],[-135,-57.051129],[-135,-56.051129],[-135,-55.051129],[-135,-54.051129],[-135,-53.051129],[-135,-52.051129],[-135,-51.051129],[-135,-50.051129],[-135,-49.051129],[-135,-48.051129],[-135,-47.051129],[-135,-46.051129],[-135,-45.051129],[-135,-44.051129],[-135,-43.051129],[-135,-42.051129],[-135,-41.051129],[-135,-40.051129],[-135,-39.051129],[-135,-38.051129],[-135,-37.051129],[-135,-36.051129],[-135,-35.051129],[-135,-34.051129],[-135,-33.051129],[-135,-32.051129],[-135,-31.051129],[-135,-30.051129],[-135,-29.051129],[-135,-28.051129],[-135,-27.051129],[-135,-26.051129],[-135,-25.051129],[-135,-24.051129],[-135,-23.051129],[-135,-22.051129],[-135,-21.051129],[-135,-20.051129],[-135,-19.051129],[-135,-18.051129],[-135,-17.051129],[-135,-16.051129],[-135,-15.051129],[-135,-14.051129],[-135,-13.051129],[-135,-12.051129],[-135,-11.051129],[-135,-10.051129],[-135,-9.051129],[-135,-8.051129],[-135,-7.051129],[-135,-6.051129],[-135,-5.051129],[-135,-4.051129],[-135,-3.051129],[-135,-2.051129],[-135,-1.051129],[-135,-0.051129],[-135,0.948871],[-135,1.948871],[-135,2.948871],[-135,3.948871],[-135,4.948871],[-135,5.948871],[-135,6.948871],[-135,7.948871],[-135,8.948871],[-135,9.948871],[-135,10.948871],[-135,11.948871],[-135,12.948871],[-135,13.948871],[-135,14.948871],[-135,15.948871],[-135,16.948871],[-135,17.948871],[-135,18.948871],[-135,19.948871],[-135,20.948871],[-135,21.948871],[-135,22.948871],[-135,23.948871],[-135,24.948871],[-135,25.948871],[-135,26.948871],[-135,27.948871],[-135,28.948871],[-135,29.948871],[-135,30.948871],[-135,31.948871],[-135,32.948871],[-135,33.948871],[-135,34.948871],[-135,35.948871],[-135,36.948871],[-135,37.948871],[-135,38.948871],[-135,39.948871],[-135,40.948871],[-135,41.948871],[-135,42.948871],[-135,43.948871],[-135,44.948871],[-135,45.948871],[-135,46.948871],[-135,47.948871],[-135,48.948871],[-135,49.948871],[-135,50.948871],[-135,51.948871],[-135,52.948871],[-135,53.948871],[-135,54.948871],[-135,55.948871],[-135,56.948871],[-135,57.948871],[-135,58.948871],[-135,59.948871],[-135,60.948871],[-135,61.948871],[-135,62.948871],[-135,63.948871],[-135,64.948871],[-135,65.948871],[-135,66.948871],[-135,67.948871],[-135,68.948871],[-135,69.948871],[-135,70.948871],[-135,71.948871],[-135,72.948871],[-135,73.948871],[-135,74.948871],[-135,75.948871],[-135,76.948871],[-135,77.948871],[-135,78.948871],[-135,79.948871],[-135,80.948871],[-135,81.948871],[-135,82.948871],[-135,83.948871],[-135,84.948871]]}},{"type":"Feature","properties":{"type":"meridian","value":-120},"geometry":{"type":"LineString","coordinates":[[-120,-85.051129],[-120,-84.051129],[-120,-83.051129],[-120,-82.051129],[-120,-81.051129],[-120,-80.051129],[-120,-79.051129],[-120,-78.051129],[-120,-77.051129],[-120,-76.051129],[-120,-75.051129],[-120,-74.051129],[-120,-73.051129],[-120,-72.051129],[-120,-71.051129],[-120,-70.051129],[-120,-69.051129],[-120,-68.051129],[-120,-67.051129],[-120,-66.051129],[-120,-65.051129],[-120,-64.051129],[-120,-63.051129],[-120,-62.051129],[-120,-61.051129],[-120,-60.051129],[-120,-59.051129],[-120,-58.051129],[-120,-57.051129],[-120,-56.051129],[-120,-55.051129],[-120,-54.051129],[-120,-53.051129],[-120,-52.051129],[-120,-51.051129],[-120,-50.051129],[-120,-49.051129],[-120,-48.051129],[-120,-47.051129],[-120,-46.051129],[-120,-45.051129],[-120,-44.051129],[-120,-43.051129],[-120,-42.051129],[-120,-41.051129],[-120,-40.051129],[-120,-39.051129],[-120,-38.051129],[-120,-37.051129],[-120,-36.051129],[-120,-35.051129],[-120,-34.051129],[-120,-33.051129],[-120,-32.051129],[-120,-31.051129],[-120,-30.051129],[-120,-29.051129],[-120,-28.051129],[-120,-27.051129],[-120,-26.051129],[-120,-25.051129],[-120,-24.051129],[-120,-23.051129],[-120,-22.051129],[-120,-21.051129],[-120,-20.051129],[-120,-19.051129],[-120,-18.051129],[-120,-17.051129],[-120,-16.051129],[-120,-15.051129],[-120,-14.051129],[-120,-13.051129],[-120,-12.051129],[-120,-11.051129],[-120,-10.051129],[-120,-9.051129],[-120,-8.051129],[-120,-7.051129],[-120,-6.051129],[-120,-5.051129],[-120,-4.051129],[-120,-3.051129],[-120,-2.051129],[-120,-1.051129],[-120,-0.051129],[-120,0.948871],[-120,1.948871],[-120,2.948871],[-120,3.948871],[-120,4.948871],[-120,5.948871],[-120,6.948871],[-120,7.948871],[-120,8.948871],[-120,9.948871],[-120,10.948871],[-120,11.948871],[-120,12.948871],[-120,13.948871],[-120,14.948871],[-120,15.948871],[-120,16.948871],[-120,17.948871],[-120,18.948871],[-120,19.948871],[-120,20.948871],[-120,21.948871],[-120,22.948871],[-120,23.948871],[-120,24.948871],[-120,25.948871],[-120,26.948871],[-120,27.948871],[-120,28.948871],[-120,29.948871],[-120,30.948871],[-120,31.948871],[-120,32.948871],[-120,33.948871],[-120,34.948871],[-120,35.948871],[-120,36.948871],[-120,37.948871],[-120,38.948871],[-120,39.948871],[-120,40.948871],[-120,41.948871],[-120,42.948871],[-120,43.948871],[-120,44.948871],[-120,45.948871],[-120,46.948871],[-120,47.948871],[-120,48.948871],[-120,49.948871],[-120,50.948871],[-120,51.948871],[-120,52.948871],[-120,53.948871],[-120,54.948871],[-120,55.948871],[-120,56.948871],[-120,57.948871],[-120,58.948871],[-120,59.948871],[-120,60.948871],[-120,61.948871],[-120,62.948871],[-120,63.948871],[-120,64.948871],[-120,65.948871],[-120,66.948871],[-120,67.948871],[-120,68.948871],[-120,69.948871],[-120,70.948871],[-120,71.948871],[-120,72.948871],[-120,73.948871],[-120,74.948871],[-120,75.948871],[-120,76.948871],[-120,77.948871],[-120,78.948871],[-120,79.948871],[-120,80.948871],[-120,81.948871],[-120,82.948871],[-120,83.948871],[-120,84.948871]]}},{"type":"Feature","properties":{"type":"meridian","value":-105},"geometry":{"type":"LineString","coordinates":[[-105,-85.051129],[-105,-84.051129],[-105,-83.051129],[-105,-82.051129],[-105,-81.051129],[-105,-80.051129],[-105,-79.051129],[-105,-78.051129],[-105,-77.051129],[-105,-76.051129],[-105,-75.051129],[-105,-74.051129],[-105,-73.051129],[-105,-72.051129],[-105,-71.051129],[-105,-70.051129],[-105,-69.051129],[-105,-68.051129],[-105,-67.051129],[-105,-66.051129],[-105,-65.051129],[-105,-64.051129],[-105,-63.051129],[-105,-62.051129],[-105,-61.051129],[-105,-60.051129],[-105,-59.051129],[-105,-58.051129],[-105,-57.051129],[-105,-56.051129],[-105,-55.051129],[-105,-54.051129],[-105,-53.051129],[-105,-52.051129],[-105,-51.051129],[-105,-50.051129],[-105,-49.051129],[-105,-48.051129],[-105,-47.051129],[-105,-46.051129],[-105,-45.051129],[-105,-44.051129],[-105,-43.051129],[-105,-42.051129],[-105,-41.051129],[-105,-40.051129],[-105,-39.051129],[-105,-38.051129],[-105,-37.051129],[-105,-36.051129],[-105,-35.051129],[-105,-34.051129],[-105,-33.051129],[-105,-32.051129],[-105,-31.051129],[-105,-30.051129],[-105,-29.051129],[-105,-28.051129],[-105,-27.051129],[-105,-26.051129],[-105,-25.051129],[-105,-24.051129],[-105,-23.051129],[-105,-22.051129],[-105,-21.051129],[-105,-20.051129],[-105,-19.051129],[-105,-18.051129],[-105,-17.051129],[-105,-16.051129],[-105,-15.051129],[-105,-14.051129],[-105,-13.051129],[-105,-12.051129],[-105,-11.051129],[-105,-10.051129],[-105,-9.051129],[-105,-8.051129],[-105,-7.051129],[-105,-6.051129],[-105,-5.051129],[-105,-4.051129],[-105,-3.051129],[-105,-2.051129],[-105,-1.051129],[-105,-0.051129],[-105,0.948871],[-105,1.948871],[-105,2.948871],[-105,3.948871],[-105,4.948871],[-105,5.948871],[-105,6.948871],[-105,7.948871],[-105,8.948871],[-105,9.948871],[-105,10.948871],[-105,11.948871],[-105,12.948871],[-105,13.948871],[-105,14.948871],[-105,15.948871],[-105,16.948871],[-105,17.948871],[-105,18.948871],[-105,19.948871],[-105,20.948871],[-105,21.948871],[-105,22.948871],[-105,23.948871],[-105,24.948871],[-105,25.948871],[-105,26.948871],[-105,27.948871],[-105,28.948871],[-105,29.948871],[-105,30.948871],[-105,31.948871],[-105,32.948871],[-105,33.948871],[-105,34.948871],[-105,35.948871],[-105,36.948871],[-105,37.948871],[-105,38.948871],[-105,39.948871],[-105,40.948871],[-105,41.948871],[-105,42.948871],[-105,43.948871],[-105,44.948871],[-105,45.948871],[-105,46.948871],[-105,47.948871],[-105,48.948871],[-105,49.948871],[-105,50.948871],[-105,51.948871],[-105,52.948871],[-105,53.948871],[-105,54.948871],[-105,55.948871],[-105,56.948871],[-105,57.948871],[-105,58.948871],[-105,59.948871],[-105,60.948871],[-105,61.948871],[-105,62.948871],[-105,63.948871],[-105,64.948871],[-105,65.948871],[-105,66.948871],[-105,67.948871],[-105,68.948871],[-105,69.948871],[-105,70.948871],[-105,71.948871],[-105,72.948871],[-105,73.948871],[-105,74.948871],[-105,75.948871],[-105,76.948871],[-105,77.948871],[-105,78.948871],[-105,79.948871],[-105,80.948871],[-105,81.948871],[-105,82.948871],[-105,83.948871],[-105,84.948871]]}},{"type":"Feature","properties":{"type":"meridian","value":-90},"geometry":{"type":"LineString","coordinates":[[-90,-85.051129],[-90,-84.051129],[-90,-83.051129],[-90,-82.051129],[-90,-81.051129],[-90,-80.051129],[-90,-79.051129],[-90,-78.051129],[-90,-77.051129],[-90,-76.051129],[-90,-75.051129],[-90,-74.051129],[-90,-73.051129],[-90,-72.051129],[-90,-71.051129],[-90,-70.051129],[-90,-69.051129],[-90,-68.051129],[-90,-67.051129],[-90,-66.051129],[-90,-65.051129],[-90,-64.051129],[-90,-63.051129],[-90,-62.051129],[-90,-61.051129],[-90,-60.051129],[-90,-59.051129],[-90,-58.051129],[-90,-57.051129],[-90,-56.051129],[-90,-55.051129],[-90,-54.051129],[-90,-53.051129],[-90,-52.051129],[-90,-51.051129],[-90,-50.051129],[-90,-49.051129],[-90,-48.051129],[-90,-47.051129],[-90,-46.051129],[-90,-45.051129],[-90,-44.051129],[-90,-43.051129],[-90,-42.051129],[-90,-41.051129],[-90,-40.051129],[-90,-39.051129],[-90,-38.051129],[-90,-37.051129],[-90,-36.051129],[-90,-35.051129],[-90,-34.051129],[-90,-33.051129],[-90,-32.051129],[-90,-31.051129],[-90,-30.051129],[-90,-29.051129],[-90,-28.051129],[-90,-27.051129],[-90,-26.051129],[-90,-25.051129],[-90,-24.051129],[-90,-23.051129],[-90,-22.051129],[-90,-21.051129],[-90,-20.051129],[-90,-19.051129],[-90,-18.051129],[-90,-17.051129],[-90,-16.051129],[-90,-15.051129],[-90,-14.051129],[-90,-13.051129],[-90,-12.051129],[-90,-11.051129],[-90,-10.051129],[-90,-9.051129],[-90,-8.051129],[-90,-7.051129],[-90,-6.051129],[-90,-5.051129],[-90,-4.051129],[-90,-3.051129],[-90,-2.051129],[-90,-1.051129],[-90,-0.051129],[-90,0.948871],[-90,1.948871],[-90,2.948871],[-90,3.948871],[-90,4.948871],[-90,5.948871],[-90,6.948871],[-90,7.948871],[-90,8.948871],[-90,9.948871],[-90,10.948871],[-90,11.948871],[-90,12.948871],[-90,13.948871],[-90,14.948871],[-90,15.948871],[-90,16.948871],[-90,17.948871],[-90,18.948871],[-90,19.948871],[-90,20.948871],[-90,21.948871],[-90,22.948871],[-90,23.948871],[-90,24.948871],[-90,25.948871],[-90,26.948871],[-90,27.948871],[-90,28.948871],[-90,29.948871],[-90,30.948871],[-90,31.948871],[-90,32.948871],[-90,33.948871],[-90,34.948871],[-90,35.948871],[-90,36.948871],[-90,37.948871],[-90,38.948871],[-90,39.948871],[-90,40.948871],[-90,41.948871],[-90,42.948871],[-90,43.948871],[-90,44.948871],[-90,45.948871],[-90,46.948871],[-90,47.948871],[-90,48.948871],[-90,49.948871],[-90,50.948871],[-90,51.948871],[-90,52.948871],[-90,53.948871],[-90,54.948871],[-90,55.948871],[-90,56.948871],[-90,57.948871],[-90,58.948871],[-90,59.948871],[-90,60.948871],[-90,61.948871],[-90,62.948871],[-90,63.948871],[-90,64.948871],[-90,65.948871],[-90,66.948871],[-90,67.948871],[-90,68.948871],[-90,69.948871],[-90,70.948871],[-90,71.948871],[-90,72.948871],[-90,73.948871],[-90,74.948871],[-90,75.948871],[-90,76.948871],[-90,77.948871],[-90,78.948871],[-90,79.948871],[-90,80.948871],[-90,81.948871],[-90,82.948871],[-90,83.948871],[-90,84.948871]]}},{"type":"Feature","properties":{"type":"meridian","value":-75},"geometry":{"type":"LineString","coordinates":[[-75,-85.051129],[-75,-84.051129],[-75,-83.051129],[-75,-82.051129],[-75,-81.051129],[-75,-80.051129],[-75,-79.051129],[-75,-78.051129],[-75,-77.051129],[-75,-76.051129],[-75,-75.051129],[-75,-74.051129],[-75,-73.051129],[-75,-72.051129],[-75,-71.051129],[-75,-70.051129],[-75,-69.051129],[-75,-68.051129],[-75,-67.051129],[-75,-66.051129],[-75,-65.051129],[-75,-64.051129],[-75,-63.051129],[-75,-62.051129],[-75,-61.051129],[-75,-60.051129],[-75,-59.051129],[-75,-58.051129],[-75,-57.051129],[-75,-56.051129],[-75,-55.051129],[-75,-54.051129],[-75,-53.051129],[-75,-52.051129],[-75,-51.051129],[-75,-50.051129],[-75,-49.051129],[-75,-48.051129],[-75,-47.051129],[-75,-46.051129],[-75,-45.051129],[-75,-44.051129],[-75,-43.051129],[-75,-42.051129],[-75,-41.051129],[-75,-40.051129],[-75,-39.051129],[-75,-38.051129],[-75,-37.051129],[-75,-36.051129],[-75,-35.051129],[-75,-34.051129],[-75,-33.051129],[-75,-32.051129],[-75,-31.051129],[-75,-30.051129],[-75,-29.051129],[-75,-28.051129],[-75,-27.051129],[-75,-26.051129],[-75,-25.051129],[-75,-24.051129],[-75,-23.051129],[-75,-22.051129],[-75,-21.051129],[-75,-20.051129],[-75,-19.051129],[-75,-18.051129],[-75,-17.051129],[-75,-16.051129],[-75,-15.051129],[-75,-14.051129],[-75,-13.051129],[-75,-12.051129],[-75,-11.051129],[-75,-10.051129],[-75,-9.051129],[-75,-8.051129],[-75,-7.051129],[-75,-6.051129],[-75,-5.051129],[-75,-4.051129],[-75,-3.051129],[-75,-2.051129],[-75,-1.051129],[-75,-0.051129],[-75,0.948871],[-75,1.948871],[-75,2.948871],[-75,3.948871],[-75,4.948871],[-75,5.948871],[-75,6.948871],[-75,7.948871],[-75,8.948871],[-75,9.948871],[-75,10.948871],[-75,11.948871],[-75,12.948871],[-75,13.948871],[-75,14.948871],[-75,15.948871],[-75,16.948871],[-75,17.948871],[-75,18.948871],[-75,19.948871],[-75,20.948871],[-75,21.948871],[-75,22.948871],[-75,23.948871],[-75,24.948871],[-75,25.948871],[-75,26.948871],[-75,27.948871],[-75,28.948871],[-75,29.948871],[-75,30.948871],[-75,31.948871],[-75,32.948871],[-75,33.948871],[-75,34.948871],[-75,35.948871],[-75,36.948871],[-75,37.948871],[-75,38.948871],[-75,39.948871],[-75,40.948871],[-75,41.948871],[-75,42.948871],[-75,43.948871],[-75,44.948871],[-75,45.948871],[-75,46.948871],[-75,47.948871],[-75,48.948871],[-75,49.948871],[-75,50.948871],[-75,51.948871],[-75,52.948871],[-75,53.948871],[-75,54.948871],[-75,55.948871],[-75,56.948871],[-75,57.948871],[-75,58.948871],[-75,59.948871],[-75,60.948871],[-75,61.948871],[-75,62.948871],[-75,63.948871],[-75,64.948871],[-75,65.948871],[-75,66.948871],[-75,67.948871],[-75,68.948871],[-75,69.948871],[-75,70.948871],[-75,71.948871],[-75,72.948871],[-75,73.948871],[-75,74.948871],[-75,75.948871],[-75,76.948871],[-75,77.948871],[-75,78.948871],[-75,79.948871],[-75,80.948871],[-75,81.948871],[-75,82.948871],[-75,83.948871],[-75,84.948871]]}},{"type":"Feature","properties":{"type":"meridian","value":-60},"geometry":{"type":"LineString","coordinates":[[-60,-85.051129],[-60,-84.051129],[-60,-83.051129],[-60,-82.051129],[-60,-81.051129],[-60,-80.051129],[-60,-79.051129],[-60,-78.051129],[-60,-77.051129],[-60,-76.051129],[-60,-75.051129],[-60,-74.051129],[-60,-73.051129],[-60,-72.051129],[-60,-71.051129],[-60,-70.051129],[-60,-69.051129],[-60,-68.051129],[-60,-67.051129],[-60,-66.051129],[-60,-65.051129],[-60,-64.051129],[-60,-63.051129],[-60,-62.051129],[-60,-61.051129],[-60,-60.051129],[-60,-59.051129],[-60,-58.051129],[-60,-57.051129],[-60,-56.051129],[-60,-55.051129],[-60,-54.051129],[-60,-53.051129],[-60,-52.051129],[-60,-51.051129],[-60,-50.051129],[-60,-49.051129],[-60,-48.051129],[-60,-47.051129],[-60,-46.051129],[-60,-45.051129],[-60,-44.051129],[-60,-43.051129],[-60,-42.051129],[-60,-41.051129],[-60,-40.051129],[-60,-39.051129],[-60,-38.051129],[-60,-37.051129],[-60,-36.051129],[-60,-35.051129],[-60,-34.051129],[-60,-33.051129],[-60,-32.051129],[-60,-31.051129],[-60,-30.051129],[-60,-29.051129],[-60,-28.051129],[-60,-27.051129],[-60,-26.051129],[-60,-25.051129],[-60,-24.051129],[-60,-23.051129],[-60,-22.051129],[-60,-21.051129],[-60,-20.051129],[-60,-19.051129],[-60,-18.051129],[-60,-17.051129],[-60,-16.051129],[-60,-15.051129],[-60,-14.051129],[-60,-13.051129],[-60,-12.051129],[-60,-11.051129],[-60,-10.051129],[-60,-9.051129],[-60,-8.051129],[-60,-7.051129],[-60,-6.051129],[-60,-5.051129],[-60,-4.051129],[-60,-3.051129],[-60,-2.051129],[-60,-1.051129],[-60,-0.051129],[-60,0.948871],[-60,1.948871],[-60,2.948871],[-60,3.948871],[-60,4.948871],[-60,5.948871],[-60,6.948871],[-60,7.948871],[-60,8.948871],[-60,9.948871],[-60,10.948871],[-60,11.948871],[-60,12.948871],[-60,13.948871],[-60,14.948871],[-60,15.948871],[-60,16.948871],[-60,17.948871],[-60,18.948871],[-60,19.948871],[-60,20.948871],[-60,21.948871],[-60,22.948871],[-60,23.948871],[-60,24.948871],[-60,25.948871],[-60,26.948871],[-60,27.948871],[-60,28.948871],[-60,29.948871],[-60,30.948871],[-60,31.948871],[-60,32.948871],[-60,33.948871],[-60,34.948871],[-60,35.948871],[-60,36.948871],[-60,37.948871],[-60,38.948871],[-60,39.948871],[-60,40.948871],[-60,41.948871],[-60,42.948871],[-60,43.948871],[-60,44.948871],[-60,45.948871],[-60,46.948871],[-60,47.948871],[-60,48.948871],[-60,49.948871],[-60,50.948871],[-60,51.948871],[-60,52.948871],[-60,53.948871],[-60,54.948871],[-60,55.948871],[-60,56.948871],[-60,57.948871],[-60,58.948871],[-60,59.948871],[-60,60.948871],[-60,61.948871],[-60,62.948871],[-60,63.948871],[-60,64.948871],[-60,65.948871],[-60,66.948871],[-60,67.948871],[-60,68.948871],[-60,69.948871],[-60,70.948871],[-60,71.948871],[-60,72.948871],[-60,73.948871],[-60,74.948871],[-60,75.948871],[-60,76.948871],[-60,77.948871],[-60,78.948871],[-60,79.948871],[-60,80.948871],[-60,81.948871],[-60,82.948871],[-60,83.948871],[-60,84.948871]]}},{"type":"Feature","properties":{"type":"meridian","value":-45},"geometry":{"type":"LineString","coordinates":[[-45,-85.051129],[-45,-84.051129],[-45,-83.051129],[-45,-82.051129],[-45,-81.051129],[-45,-80.051129],[-45,-79.051129],[-45,-78.051129],[-45,-77.051129],[-45,-76.051129],[-45,-75.051129],[-45,-74.051129],[-45,-73.051129],[-45,-72.051129],[-45,-71.051129],[-45,-70.051129],[-45,-69.051129],[-45,-68.051129],[-45,-67.051129],[-45,-66.051129],[-45,-65.051129],[-45,-64.051129],[-45,-63.051129],[-45,-62.051129],[-45,-61.051129],[-45,-60.051129],[-45,-59.051129],[-45,-58.051129],[-45,-57.051129],[-45,-56.051129],[-45,-55.051129],[-45,-54.051129],[-45,-53.051129],[-45,-52.051129],[-45,-51.051129],[-45,-50.051129],[-45,-49.051129],[-45,-48.051129],[-45,-47.051129],[-45,-46.051129],[-45,-45.051129],[-45,-44.051129],[-45,-43.051129],[-45,-42.051129],[-45,-41.051129],[-45,-40.051129],[-45,-39.051129],[-45,-38.051129],[-45,-37.051129],[-45,-36.051129],[-45,-35.051129],[-45,-34.051129],[-45,-33.051129],[-45,-32.051129],[-45,-31.051129],[-45,-30.051129],[-45,-29.051129],[-45,-28.051129],[-45,-27.051129],[-45,-26.051129],[-45,-25.051129],[-45,-24.051129],[-45,-23.051129],[-45,-22.051129],[-45,-21.051129],[-45,-20.051129],[-45,-19.051129],[-45,-18.051129],[-45,-17.051129],[-45,-16.051129],[-45,-15.051129],[-45,-14.051129],[-45,-13.051129],[-45,-12.051129],[-45,-11.051129],[-45,-10.051129],[-45,-9.051129],[-45,-8.051129],[-45,-7.051129],[-45,-6.051129],[-45,-5.051129],[-45,-4.051129],[-45,-3.051129],[-45,-2.051129],[-45,-1.051129],[-45,-0.051129],[-45,0.948871],[-45,1.948871],[-45,2.948871],[-45,3.948871],[-45,4.948871],[-45,5.948871],[-45,6.948871],[-45,7.948871],[-45,8.948871],[-45,9.948871],[-45,10.948871],[-45,11.948871],[-45,12.948871],[-45,13.948871],[-45,14.948871],[-45,15.948871],[-45,16.948871],[-45,17.948871],[-45,18.948871],[-45,19.948871],[-45,20.948871],[-45,21.948871],[-45,22.948871],[-45,23.948871],[-45,24.948871],[-45,25.948871],[-45,26.948871],[-45,27.948871],[-45,28.948871],[-45,29.948871],[-45,30.948871],[-45,31.948871],[-45,32.948871],[-45,33.948871],[-45,34.948871],[-45,35.948871],[-45,36.948871],[-45,37.948871],[-45,38.948871],[-45,39.948871],[-45,40.948871],[-45,41.948871],[-45,42.948871],[-45,43.948871],[-45,44.948871],[-45,45.948871],[-45,46.948871],[-45,47.948871],[-45,48.948871],[-45,49.948871],[-45,50.948871],[-45,51.948871],[-45,52.948871],[-45,53.948871],[-45,54.948871],[-45,55.948871],[-45,56.948871],[-45,57.948871],[-45,58.948871],[-45,59.948871],[-45,60.948871],[-45,61.948871],[-45,62.948871],[-45,63.948871],[-45,64.948871],[-45,65.948871],[-45,66.948871],[-45,67.948871],[-45,68.948871],[-45,69.948871],[-45,70.948871],[-45,71.948871],[-45,72.948871],[-45,73.948871],[-45,74.948871],[-45,75.948871],[-45,76.948871],[-45,77.948871],[-45,78.948871],[-45,79.948871],[-45,80.948871],[-45,81.948871],[-45,82.948871],[-45,83.948871],[-45,84.948871]]}},{"type":"Feature","properties":{"type":"meridian","value":-30},"geometry":{"type":"LineString","coordinates":[[-30,-85.051129],[-30,-84.051129],[-30,-83.051129],[-30,-82.051129],[-30,-81.051129],[-30,-80.051129],[-30,-79.051129],[-30,-78.051129],[-30,-77.051129],[-30,-76.051129],[-30,-75.051129],[-30,-74.051129],[-30,-73.051129],[-30,-72.051129],[-30,-71.051129],[-30,-70.051129],[-30,-69.051129],[-30,-68.051129],[-30,-67.051129],[-30,-66.051129],[-30,-65.051129],[-30,-64.051129],[-30,-63.051129],[-30,-62.051129],[-30,-61.051129],[-30,-60.051129],[-30,-59.051129],[-30,-58.051129],[-30,-57.051129],[-30,-56.051129],[-30,-55.051129],[-30,-54.051129],[-30,-53.051129],[-30,-52.051129],[-30,-51.051129],[-30,-50.051129],[-30,-49.051129],[-30,-48.051129],[-30,-47.051129],[-30,-46.051129],[-30,-45.051129],[-30,-44.051129],[-30,-43.051129],[-30,-42.051129],[-30,-41.051129],[-30,-40.051129],[-30,-39.051129],[-30,-38.051129],[-30,-37.051129],[-30,-36.051129],[-30,-35.051129],[-30,-34.051129],[-30,-33.051129],[-30,-32.051129],[-30,-31.051129],[-30,-30.051129],[-30,-29.051129],[-30,-28.051129],[-30,-27.051129],[-30,-26.051129],[-30,-25.051129],[-30,-24.051129],[-30,-23.051129],[-30,-22.051129],[-30,-21.051129],[-30,-20.051129],[-30,-19.051129],[-30,-18.051129],[-30,-17.051129],[-30,-16.051129],[-30,-15.051129],[-30,-14.051129],[-30,-13.051129],[-30,-12.051129],[-30,-11.051129],[-30,-10.051129],[-30,-9.051129],[-30,-8.051129],[-30,-7.051129],[-30,-6.051129],[-30,-5.051129],[-30,-4.051129],[-30,-3.051129],[-30,-2.051129],[-30,-1.051129],[-30,-0.051129],[-30,0.948871],[-30,1.948871],[-30,2.948871],[-30,3.948871],[-30,4.948871],[-30,5.948871],[-30,6.948871],[-30,7.948871],[-30,8.948871],[-30,9.948871],[-30,10.948871],[-30,11.948871],[-30,12.948871],[-30,13.948871],[-30,14.948871],[-30,15.948871],[-30,16.948871],[-30,17.948871],[-30,18.948871],[-30,19.948871],[-30,20.948871],[-30,21.948871],[-30,22.948871],[-30,23.948871],[-30,24.948871],[-30,25.948871],[-30,26.948871],[-30,27.948871],[-30,28.948871],[-30,29.948871],[-30,30.948871],[-30,31.948871],[-30,32.948871],[-30,33.948871],[-30,34.948871],[-30,35.948871],[-30,36.948871],[-30,37.948871],[-30,38.948871],[-30,39.948871],[-30,40.948871],[-30,41.948871],[-30,42.948871],[-30,43.948871],[-30,44.948871],[-30,45.948871],[-30,46.948871],[-30,47.948871],[-30,48.948871],[-30,49.948871],[-30,50.948871],[-30,51.948871],[-30,52.948871],[-30,53.948871],[-30,54.948871],[-30,55.948871],[-30,56.948871],[-30,57.948871],[-30,58.948871],[-30,59.948871],[-30,60.948871],[-30,61.948871],[-30,62.948871],[-30,63.948871],[-30,64.948871],[-30,65.948871],[-30,66.948871],[-30,67.948871],[-30,68.948871],[-30,69.948871],[-30,70.948871],[-30,71.948871],[-30,72.948871],[-30,73.948871],[-30,74.948871],[-30,75.948871],[-30,76.948871],[-30,77.948871],[-30,78.948871],[-30,79.948871],[-30,80.948871],[-30,81.948871],[-30,82.948871],[-30,83.948871],[-30,84.948871]]}},{"type":"Feature","properties":{"type":"meridian","value":-15},"geometry":{"type":"LineString","coordinates":[[-15,-85.051129],[-15,-84.051129],[-15,-83.051129],[-15,-82.051129],[-15,-81.051129],[-15,-80.051129],[-15,-79.051129],[-15,-78.051129],[-15,-77.051129],[-15,-76.051129],[-15,-75.051129],[-15,-74.051129],[-15,-73.051129],[-15,-72.051129],[-15,-71.051129],[-15,-70.051129],[-15,-69.051129],[-15,-68.051129],[-15,-67.051129],[-15,-66.051129],[-15,-65.051129],[-15,-64.051129],[-15,-63.051129],[-15,-62.051129],[-15,-61.051129],[-15,-60.051129],[-15,-59.051129],[-15,-58.051129],[-15,-57.051129],[-15,-56.051129],[-15,-55.051129],[-15,-54.051129],[-15,-53.051129],[-15,-52.051129],[-15,-51.051129],[-15,-50.051129],[-15,-49.051129],[-15,-48.051129],[-15,-47.051129],[-15,-46.051129],[-15,-45.051129],[-15,-44.051129],[-15,-43.051129],[-15,-42.051129],[-15,-41.051129],[-15,-40.051129],[-15,-39.051129],[-15,-38.051129],[-15,-37.051129],[-15,-36.051129],[-15,-35.051129],[-15,-34.051129],[-15,-33.051129],[-15,-32.051129],[-15,-31.051129],[-15,-30.051129],[-15,-29.051129],[-15,-28.051129],[-15,-27.051129],[-15,-26.051129],[-15,-25.051129],[-15,-24.051129],[-15,-23.051129],[-15,-22.051129],[-15,-21.051129],[-15,-20.051129],[-15,-19.051129],[-15,-18.051129],[-15,-17.051129],[-15,-16.051129],[-15,-15.051129],[-15,-14.051129],[-15,-13.051129],[-15,-12.051129],[-15,-11.051129],[-15,-10.051129],[-15,-9.051129],[-15,-8.051129],[-15,-7.051129],[-15,-6.051129],[-15,-5.051129],[-15,-4.051129],[-15,-3.051129],[-15,-2.051129],[-15,-1.051129],[-15,-0.051129],[-15,0.948871],[-15,1.948871],[-15,2.948871],[-15,3.948871],[-15,4.948871],[-15,5.948871],[-15,6.948871],[-15,7.948871],[-15,8.948871],[-15,9.948871],[-15,10.948871],[-15,11.948871],[-15,12.948871],[-15,13.948871],[-15,14.948871],[-15,15.948871],[-15,16.948871],[-15,17.948871],[-15,18.948871],[-15,19.948871],[-15,20.948871],[-15,21.948871],[-15,22.948871],[-15,23.948871],[-15,24.948871],[-15,25.948871],[-15,26.948871],[-15,27.948871],[-15,28.948871],[-15,29.948871],[-15,30.948871],[-15,31.948871],[-15,32.948871],[-15,33.948871],[-15,34.948871],[-15,35.948871],[-15,36.948871],[-15,37.948871],[-15,38.948871],[-15,39.948871],[-15,40.948871],[-15,41.948871],[-15,42.948871],[-15,43.948871],[-15,44.948871],[-15,45.948871],[-15,46.948871],[-15,47.948871],[-15,48.948871],[-15,49.948871],[-15,50.948871],[-15,51.948871],[-15,52.948871],[-15,53.948871],[-15,54.948871],[-15,55.948871],[-15,56.948871],[-15,57.948871],[-15,58.948871],[-15,59.948871],[-15,60.948871],[-15,61.948871],[-15,62.948871],[-15,63.948871],[-15,64.948871],[-15,65.948871],[-15,66.948871],[-15,67.948871],[-15,68.948871],[-15,69.948871],[-15,70.948871],[-15,71.948871],[-15,72.948871],[-15,73.948871],[-15,74.948871],[-15,75.948871],[-15,76.948871],[-15,77.948871],[-15,78.948871],[-15,79.948871],[-15,80.948871],[-15,81.948871],[-15,82.948871],[-15,83.948871],[-15,84.948871]]}},{"type":"Feature","properties":{"type":"meridian","value":0},"geometry":{"type":"LineString","coordinates":[[0,-85.051129],[0,-84.051129],[0,-83.051129],[0,-82.051129],[0,-81.051129],[0,-80.051129],[0,-79.051129],[0,-78.051129],[0,-77.051129],[0,-76.051129],[0,-75.051129],[0,-74.051129],[0,-73.051129],[0,-72.051129],[0,-71.051129],[0,-70.051129],[0,-69.051129],[0,-68.051129],[0,-67.051129],[0,-66.051129],[0,-65.051129],[0,-64.051129],[0,-63.051129],[0,-62.051129],[0,-61.051129],[0,-60.051129],[0,-59.051129],[0,-58.051129],[0,-57.051129],[0,-56.051129],[0,-55.051129],[0,-54.051129],[0,-53.051129],[0,-52.051129],[0,-51.051129],[0,-50.051129],[0,-49.051129],[0,-48.051129],[0,-47.051129],[0,-46.051129],[0,-45.051129],[0,-44.051129],[0,-43.051129],[0,-42.051129],[0,-41.051129],[0,-40.051129],[0,-39.051129],[0,-38.051129],[0,-37.051129],[0,-36.051129],[0,-35.051129],[0,-34.051129],[0,-33.051129],[0,-32.051129],[0,-31.051129],[0,-30.051129],[0,-29.051129],[0,-28.051129],[0,-27.051129],[0,-26.051129],[0,-25.051129],[0,-24.051129],[0,-23.051129],[0,-22.051129],[0,-21.051129],[0,-20.051129],[0,-19.051129],[0,-18.051129],[0,-17.051129],[0,-16.051129],[0,-15.051129],[0,-14.051129],[0,-13.051129],[0,-12.051129],[0,-11.051129],[0,-10.051129],[0,-9.051129],[0,-8.051129],[0,-7.051129],[0,-6.051129],[0,-5.051129],[0,-4.051129],[0,-3.051129],[0,-2.051129],[0,-1.051129],[0,-0.051129],[0,0.948871],[0,1.948871],[0,2.948871],[0,3.948871],[0,4.948871],[0,5.948871],[0,6.948871],[0,7.948871],[0,8.948871],[0,9.948871],[0,10.948871],[0,11.948871],[0,12.948871],[0,13.948871],[0,14.948871],[0,15.948871],[0,16.948871],[0,17.948871],[0,18.948871],[0,19.948871],[0,20.948871],[0,21.948871],[0,22.948871],[0,23.948871],[0,24.948871],[0,25.948871],[0,26.948871],[0,27.948871],[0,28.948871],[0,29.948871],[0,30.948871],[0,31.948871],[0,32.948871],[0,33.948871],[0,34.948871],[0,35.948871],[0,36.948871],[0,37.948871],[0,38.948871],[0,39.948871],[0,40.948871],[0,41.948871],[0,42.948871],[0,43.948871],[0,44.948871],[0,45.948871],[0,46.948871],[0,47.948871],[0,48.948871],[0,49.948871],[0,50.948871],[0,51.948871],[0,52.948871],[0,53.948871],[0,54.948871],[0,55.948871],[0,56.948871],[0,57.948871],[0,58.948871],[0,59.948871],[0,60.948871],[0,61.948871],[0,62.948871],[0,63.948871],[0,64.948871],[0,65.948871],[0,66.948871],[0,67.948871],[0,68.948871],[0,69.948871],[0,70.948871],[0,71.948871],[0,72.948871],[0,73.948871],[0,74.948871],[0,75.948871],[0,76.948871],[0,77.948871],[0,78.948871],[0,79.948871],[0,80.948871],[0,81.948871],[0,82.948871],[0,83.948871],[0,84.948871]]}},{"type":"Feature","properties":{"type":"meridian","value":15},"geometry":{"type":"LineString","coordinates":[[15,-85.051129],[15,-84.051129],[15,-83.051129],[15,-82.051129],[15,-81.051129],[15,-80.051129],[15,-79.051129],[15,-78.051129],[15,-77.051129],[15,-76.051129],[15,-75.051129],[15,-74.051129],[15,-73.051129],[15,-72.051129],[15,-71.051129],[15,-70.051129],[15,-69.051129],[15,-68.051129],[15,-67.051129],[15,-66.051129],[15,-65.051129],[15,-64.051129],[15,-63.051129],[15,-62.051129],[15,-61.051129],[15,-60.051129],[15,-59.051129],[15,-58.051129],[15,-57.051129],[15,-56.051129],[15,-55.051129],[15,-54.051129],[15,-53.051129],[15,-52.051129],[15,-51.051129],[15,-50.051129],[15,-49.051129],[15,-48.051129],[15,-47.051129],[15,-46.051129],[15,-45.051129],[15,-44.051129],[15,-43.051129],[15,-42.051129],[15,-41.051129],[15,-40.051129],[15,-39.051129],[15,-38.051129],[15,-37.051129],[15,-36.051129],[15,-35.051129],[15,-34.051129],[15,-33.051129],[15,-32.051129],[15,-31.051129],[15,-30.051129],[15,-29.051129],[15,-28.051129],[15,-27.051129],[15,-26.051129],[15,-25.051129],[15,-24.051129],[15,-23.051129],[15,-22.051129],[15,-21.051129],[15,-20.051129],[15,-19.051129],[15,-18.051129],[15,-17.051129],[15,-16.051129],[15,-15.051129],[15,-14.051129],[15,-13.051129],[15,-12.051129],[15,-11.051129],[15,-10.051129],[15,-9.051129],[15,-8.051129],[15,-7.051129],[15,-6.051129],[15,-5.051129],[15,-4.051129],[15,-3.051129],[15,-2.051129],[15,-1.051129],[15,-0.051129],[15,0.948871],[15,1.948871],[15,2.948871],[15,3.948871],[15,4.948871],[15,5.948871],[15,6.948871],[15,7.948871],[15,8.948871],[15,9.948871],[15,10.948871],[15,11.948871],[15,12.948871],[15,13.948871],[15,14.948871],[15,15.948871],[15,16.948871],[15,17.948871],[15,18.948871],[15,19.948871],[15,20.948871],[15,21.948871],[15,22.948871],[15,23.948871],[15,24.948871],[15,25.948871],[15,26.948871],[15,27.948871],[15,28.948871],[15,29.948871],[15,30.948871],[15,31.948871],[15,32.948871],[15,33.948871],[15,34.948871],[15,35.948871],[15,36.948871],[15,37.948871],[15,38.948871],[15,39.948871],[15,40.948871],[15,41.948871],[15,42.948871],[15,43.948871],[15,44.948871],[15,45.948871],[15,46.948871],[15,47.948871],[15,48.948871],[15,49.948871],[15,50.948871],[15,51.948871],[15,52.948871],[15,53.948871],[15,54.948871],[15,55.948871],[15,56.948871],[15,57.948871],[15,58.948871],[15,59.948871],[15,60.948871],[15,61.948871],[15,62.948871],[15,63.948871],[15,64.948871],[15,65.948871],[15,66.948871],[15,67.948871],[15,68.948871],[15,69.948871],[15,70.948871],[15,71.948871],[15,72.948871],[15,73.948871],[15,74.948871],[15,75.948871],[15,76.948871],[15,77.948871],[15,78.948871],[15,79.948871],[15,80.948871],[15,81.948871],[15,82.948871],[15,83.948871],[15,84.948871]]}},{"type":"Feature","properties":{"type":"meridian","value":30},"geometry":{"type":"LineString","coordinates":[[30,-85.051129],[30,-84.051129],[30,-83.051129],[30,-82.051129],[30,-81.051129],[30,-80.051129],[30,-79.051129],[30,-78.051129],[30,-77.051129],[30,-76.051129],[30,-75.051129],[30,-74.051129],[30,-73.051129],[30,-72.051129],[30,-71.051129],[30,-70.051129],[30,-69.051129],[30,-68.051129],[30,-67.051129],[30,-66.051129],[30,-65.051129],[30,-64.051129],[30,-63.051129],[30,-62.051129],[30,-61.051129],[30,-60.051129],[30,-59.051129],[30,-58.051129],[30,-57.051129],[30,-56.051129],[30,-55.051129],[30,-54.051129],[30,-53.051129],[30,-52.051129],[30,-51.051129],[30,-50.051129],[30,-49.051129],[30,-48.051129],[30,-47.051129],[30,-46.051129],[30,-45.051129],[30,-44.051129],[30,-43.051129],[30,-42.051129],[30,-41.051129],[30,-40.051129],[30,-39.051129],[30,-38.051129],[30,-37.051129],[30,-36.051129],[30,-35.051129],[30,-34.051129],[30,-33.051129],[30,-32.051129],[30,-31.051129],[30,-30.051129],[30,-29.051129],[30,-28.051129],[30,-27.051129],[30,-26.051129],[30,-25.051129],[30,-24.051129],[30,-23.051129],[30,-22.051129],[30,-21.051129],[30,-20.051129],[30,-19.051129],[30,-18.051129],[30,-17.051129],[30,-16.051129],[30,-15.051129],[30,-14.051129],[30,-13.051129],[30,-12.051129],[30,-11.051129],[30,-10.051129],[30,-9.051129],[30,-8.051129],[30,-7.051129],[30,-6.051129],[30,-5.051129],[30,-4.051129],[30,-3.051129],[30,-2.051129],[30,-1.051129],[30,-0.051129],[30,0.948871],[30,1.948871],[30,2.948871],[30,3.948871],[30,4.948871],[30,5.948871],[30,6.948871],[30,7.948871],[30,8.948871],[30,9.948871],[30,10.948871],[30,11.948871],[30,12.948871],[30,13.948871],[30,14.948871],[30,15.948871],[30,16.948871],[30,17.948871],[30,18.948871],[30,19.948871],[30,20.948871],[30,21.948871],[30,22.948871],[30,23.948871],[30,24.948871],[30,25.948871],[30,26.948871],[30,27.948871],[30,28.948871],[30,29.948871],[30,30.948871],[30,31.948871],[30,32.948871],[30,33.948871],[30,34.948871],[30,35.948871],[30,36.948871],[30,37.948871],[30,38.948871],[30,39.948871],[30,40.948871],[30,41.948871],[30,42.948871],[30,43.948871],[30,44.948871],[30,45.948871],[30,46.948871],[30,47.948871],[30,48.948871],[30,49.948871],[30,50.948871],[30,51.948871],[30,52.948871],[30,53.948871],[30,54.948871],[30,55.948871],[30,56.948871],[30,57.948871],[30,58.948871],[30,59.948871],[30,60.948871],[30,61.948871],[30,62.948871],[30,63.948871],[30,64.948871],[30,65.948871],[30,66.948871],[30,67.948871],[30,68.948871],[30,69.948871],[30,70.948871],[30,71.948871],[30,72.948871],[30,73.948871],[30,74.948871],[30,75.948871],[30,76.948871],[30,77.948871],[30,78.948871],[30,79.948871],[30,80.948871],[30,81.948871],[30,82.948871],[30,83.948871],[30,84.948871]]}},{"type":"Feature","properties":{"type":"meridian","value":45},"geometry":{"type":"LineString","coordinates":[[45,-85.051129],[45,-84.051129],[45,-83.051129],[45,-82.051129],[45,-81.051129],[45,-80.051129],[45,-79.051129],[45,-78.051129],[45,-77.051129],[45,-76.051129],[45,-75.051129],[45,-74.051129],[45,-73.051129],[45,-72.051129],[45,-71.051129],[45,-70.051129],[45,-69.051129],[45,-68.051129],[45,-67.051129],[45,-66.051129],[45,-65.051129],[45,-64.051129],[45,-63.051129],[45,-62.051129],[45,-61.051129],[45,-60.051129],[45,-59.051129],[45,-58.051129],[45,-57.051129],[45,-56.051129],[45,-55.051129],[45,-54.051129],[45,-53.051129],[45,-52.051129],[45,-51.051129],[45,-50.051129],[45,-49.051129],[45,-48.051129],[45,-47.051129],[45,-46.051129],[45,-45.051129],[45,-44.051129],[45,-43.051129],[45,-42.051129],[45,-41.051129],[45,-40.051129],[45,-39.051129],[45,-38.051129],[45,-37.051129],[45,-36.051129],[45,-35.051129],[45,-34.051129],[45,-33.051129],[45,-32.051129],[45,-31.051129],[45,-30.051129],[45,-29.051129],[45,-28.051129],[45,-27.051129],[45,-26.051129],[45,-25.051129],[45,-24.051129],[45,-23.051129],[45,-22.051129],[45,-21.051129],[45,-20.051129],[45,-19.051129],[45,-18.051129],[45,-17.051129],[45,-16.051129],[45,-15.051129],[45,-14.051129],[45,-13.051129],[45,-12.051129],[45,-11.051129],[45,-10.051129],[45,-9.051129],[45,-8.051129],[45,-7.051129],[45,-6.051129],[45,-5.051129],[45,-4.051129],[45,-3.051129],[45,-2.051129],[45,-1.051129],[45,-0.051129],[45,0.948871],[45,1.948871],[45,2.948871],[45,3.948871],[45,4.948871],[45,5.948871],[45,6.948871],[45,7.948871],[45,8.948871],[45,9.948871],[45,10.948871],[45,11.948871],[45,12.948871],[45,13.948871],[45,14.948871],[45,15.948871],[45,16.948871],[45,17.948871],[45,18.948871],[45,19.948871],[45,20.948871],[45,21.948871],[45,22.948871],[45,23.948871],[45,24.948871],[45,25.948871],[45,26.948871],[45,27.948871],[45,28.948871],[45,29.948871],[45,30.948871],[45,31.948871],[45,32.948871],[45,33.948871],[45,34.948871],[45,35.948871],[45,36.948871],[45,37.948871],[45,38.948871],[45,39.948871],[45,40.948871],[45,41.948871],[45,42.948871],[45,43.948871],[45,44.948871],[45,45.948871],[45,46.948871],[45,47.948871],[45,48.948871],[45,49.948871],[45,50.948871],[45,51.948871],[45,52.948871],[45,53.948871],[45,54.948871],[45,55.948871],[45,56.948871],[45,57.948871],[45,58.948871],[45,59.948871],[45,60.948871],[45,61.948871],[45,62.948871],[45,63.948871],[45,64.948871],[45,65.948871],[45,66.948871],[45,67.948871],[45,68.948871],[45,69.948871],[45,70.948871],[45,71.948871],[45,72.948871],[45,73.948871],[45,74.948871],[45,75.948871],[45,76.948871],[45,77.948871],[45,78.948871],[45,79.948871],[45,80.948871],[45,81.948871],[45,82.948871],[45,83.948871],[45,84.948871]]}},{"type":"Feature","properties":{"type":"meridian","value":60},"geometry":{"type":"LineString","coordinates":[[60,-85.051129],[60,-84.051129],[60,-83.051129],[60,-82.051129],[60,-81.051129],[60,-80.051129],[60,-79.051129],[60,-78.051129],[60,-77.051129],[60,-76.051129],[60,-75.051129],[60,-74.051129],[60,-73.051129],[60,-72.051129],[60,-71.051129],[60,-70.051129],[60,-69.051129],[60,-68.051129],[60,-67.051129],[60,-66.051129],[60,-65.051129],[60,-64.051129],[60,-63.051129],[60,-62.051129],[60,-61.051129],[60,-60.051129],[60,-59.051129],[60,-58.051129],[60,-57.051129],[60,-56.051129],[60,-55.051129],[60,-54.051129],[60,-53.051129],[60,-52.051129],[60,-51.051129],[60,-50.051129],[60,-49.051129],[60,-48.051129],[60,-47.051129],[60,-46.051129],[60,-45.051129],[60,-44.051129],[60,-43.051129],[60,-42.051129],[60,-41.051129],[60,-40.051129],[60,-39.051129],[60,-38.051129],[60,-37.051129],[60,-36.051129],[60,-35.051129],[60,-34.051129],[60,-33.051129],[60,-32.051129],[60,-31.051129],[60,-30.051129],[60,-29.051129],[60,-28.051129],[60,-27.051129],[60,-26.051129],[60,-25.051129],[60,-24.051129],[60,-23.051129],[60,-22.051129],[60,-21.051129],[60,-20.051129],[60,-19.051129],[60,-18.051129],[60,-17.051129],[60,-16.051129],[60,-15.051129],[60,-14.051129],[60,-13.051129],[60,-12.051129],[60,-11.051129],[60,-10.051129],[60,-9.051129],[60,-8.051129],[60,-7.051129],[60,-6.051129],[60,-5.051129],[60,-4.051129],[60,-3.051129],[60,-2.051129],[60,-1.051129],[60,-0.051129],[60,0.948871],[60,1.948871],[60,2.948871],[60,3.948871],[60,4.948871],[60,5.948871],[60,6.948871],[60,7.948871],[60,8.948871],[60,9.948871],[60,10.948871],[60,11.948871],[60,12.948871],[60,13.948871],[60,14.948871],[60,15.948871],[60,16.948871],[60,17.948871],[60,18.948871],[60,19.948871],[60,20.948871],[60,21.948871],[60,22.948871],[60,23.948871],[60,24.948871],[60,25.948871],[60,26.948871],[60,27.948871],[60,28.948871],[60,29.948871],[60,30.948871],[60,31.948871],[60,32.948871],[60,33.948871],[60,34.948871],[60,35.948871],[60,36.948871],[60,37.948871],[60,38.948871],[60,39.948871],[60,40.948871],[60,41.948871],[60,42.948871],[60,43.948871],[60,44.948871],[60,45.948871],[60,46.948871],[60,47.948871],[60,48.948871],[60,49.948871],[60,50.948871],[60,51.948871],[60,52.948871],[60,53.948871],[60,54.948871],[60,55.948871],[60,56.948871],[60,57.948871],[60,58.948871],[60,59.948871],[60,60.948871],[60,61.948871],[60,62.948871],[60,63.948871],[60,64.948871],[60,65.948871],[60,66.948871],[60,67.948871],[60,68.948871],[60,69.948871],[60,70.948871],[60,71.948871],[60,72.948871],[60,73.948871],[60,74.948871],[60,75.948871],[60,76.948871],[60,77.948871],[60,78.948871],[60,79.948871],[60,80.948871],[60,81.948871],[60,82.948871],[60,83.948871],[60,84.948871]]}},{"type":"Feature","properties":{"type":"meridian","value":75},"geometry":{"type":"LineString","coordinates":[[75,-85.051129],[75,-84.051129],[75,-83.051129],[75,-82.051129],[75,-81.051129],[75,-80.051129],[75,-79.051129],[75,-78.051129],[75,-77.051129],[75,-76.051129],[75,-75.051129],[75,-74.051129],[75,-73.051129],[75,-72.051129],[75,-71.051129],[75,-70.051129],[75,-69.051129],[75,-68.051129],[75,-67.051129],[75,-66.051129],[75,-65.051129],[75,-64.051129],[75,-63.051129],[75,-62.051129],[75,-61.051129],[75,-60.051129],[75,-59.051129],[75,-58.051129],[75,-57.051129],[75,-56.051129],[75,-55.051129],[75,-54.051129],[75,-53.051129],[75,-52.051129],[75,-51.051129],[75,-50.051129],[75,-49.051129],[75,-48.051129],[75,-47.051129],[75,-46.051129],[75,-45.051129],[75,-44.051129],[75,-43.051129],[75,-42.051129],[75,-41.051129],[75,-40.051129],[75,-39.051129],[75,-38.051129],[75,-37.051129],[75,-36.051129],[75,-35.051129],[75,-34.051129],[75,-33.051129],[75,-32.051129],[75,-31.051129],[75,-30.051129],[75,-29.051129],[75,-28.051129],[75,-27.051129],[75,-26.051129],[75,-25.051129],[75,-24.051129],[75,-23.051129],[75,-22.051129],[75,-21.051129],[75,-20.051129],[75,-19.051129],[75,-18.051129],[75,-17.051129],[75,-16.051129],[75,-15.051129],[75,-14.051129],[75,-13.051129],[75,-12.051129],[75,-11.051129],[75,-10.051129],[75,-9.051129],[75,-8.051129],[75,-7.051129],[75,-6.051129],[75,-5.051129],[75,-4.051129],[75,-3.051129],[75,-2.051129],[75,-1.051129],[75,-0.051129],[75,0.948871],[75,1.948871],[75,2.948871],[75,3.948871],[75,4.948871],[75,5.948871],[75,6.948871],[75,7.948871],[75,8.948871],[75,9.948871],[75,10.948871],[75,11.948871],[75,12.948871],[75,13.948871],[75,14.948871],[75,15.948871],[75,16.948871],[75,17.948871],[75,18.948871],[75,19.948871],[75,20.948871],[75,21.948871],[75,22.948871],[75,23.948871],[75,24.948871],[75,25.948871],[75,26.948871],[75,27.948871],[75,28.948871],[75,29.948871],[75,30.948871],[75,31.948871],[75,32.948871],[75,33.948871],[75,34.948871],[75,35.948871],[75,36.948871],[75,37.948871],[75,38.948871],[75,39.948871],[75,40.948871],[75,41.948871],[75,42.948871],[75,43.948871],[75,44.948871],[75,45.948871],[75,46.948871],[75,47.948871],[75,48.948871],[75,49.948871],[75,50.948871],[75,51.948871],[75,52.948871],[75,53.948871],[75,54.948871],[75,55.948871],[75,56.948871],[75,57.948871],[75,58.948871],[75,59.948871],[75,60.948871],[75,61.948871],[75,62.948871],[75,63.948871],[75,64.948871],[75,65.948871],[75,66.948871],[75,67.948871],[75,68.948871],[75,69.948871],[75,70.948871],[75,71.948871],[75,72.948871],[75,73.948871],[75,74.948871],[75,75.948871],[75,76.948871],[75,77.948871],[75,78.948871],[75,79.948871],[75,80.948871],[75,81.948871],[75,82.948871],[75,83.948871],[75,84.948871]]}},{"type":"Feature","properties":{"type":"meridian","value":90},"geometry":{"type":"LineString","coordinates":[[90,-85.051129],[90,-84.051129],[90,-83.051129],[90,-82.051129],[90,-81.051129],[90,-80.051129],[90,-79.051129],[90,-78.051129],[90,-77.051129],[90,-76.051129],[90,-75.051129],[90,-74.051129],[90,-73.051129],[90,-72.051129],[90,-71.051129],[90,-70.051129],[90,-69.051129],[90,-68.051129],[90,-67.051129],[90,-66.051129],[90,-65.051129],[90,-64.051129],[90,-63.051129],[90,-62.051129],[90,-61.051129],[90,-60.051129],[90,-59.051129],[90,-58.051129],[90,-57.051129],[90,-56.051129],[90,-55.051129],[90,-54.051129],[90,-53.051129],[90,-52.051129],[90,-51.051129],[90,-50.051129],[90,-49.051129],[90,-48.051129],[90,-47.051129],[90,-46.051129],[90,-45.051129],[90,-44.051129],[90,-43.051129],[90,-42.051129],[90,-41.051129],[90,-40.051129],[90,-39.051129],[90,-38.051129],[90,-37.051129],[90,-36.051129],[90,-35.051129],[90,-34.051129],[90,-33.051129],[90,-32.051129],[90,-31.051129],[90,-30.051129],[90,-29.051129],[90,-28.051129],[90,-27.051129],[90,-26.051129],[90,-25.051129],[90,-24.051129],[90,-23.051129],[90,-22.051129],[90,-21.051129],[90,-20.051129],[90,-19.051129],[90,-18.051129],[90,-17.051129],[90,-16.051129],[90,-15.051129],[90,-14.051129],[90,-13.051129],[90,-12.051129],[90,-11.051129],[90,-10.051129],[90,-9.051129],[90,-8.051129],[90,-7.051129],[90,-6.051129],[90,-5.051129],[90,-4.051129],[90,-3.051129],[90,-2.051129],[90,-1.051129],[90,-0.051129],[90,0.948871],[90,1.948871],[90,2.948871],[90,3.948871],[90,4.948871],[90,5.948871],[90,6.948871],[90,7.948871],[90,8.948871],[90,9.948871],[90,10.948871],[90,11.948871],[90,12.948871],[90,13.948871],[90,14.948871],[90,15.948871],[90,16.948871],[90,17.948871],[90,18.948871],[90,19.948871],[90,20.948871],[90,21.948871],[90,22.948871],[90,23.948871],[90,24.948871],[90,25.948871],[90,26.948871],[90,27.948871],[90,28.948871],[90,29.948871],[90,30.948871],[90,31.948871],[90,32.948871],[90,33.948871],[90,34.948871],[90,35.948871],[90,36.948871],[90,37.948871],[90,38.948871],[90,39.948871],[90,40.948871],[90,41.948871],[90,42.948871],[90,43.948871],[90,44.948871],[90,45.948871],[90,46.948871],[90,47.948871],[90,48.948871],[90,49.948871],[90,50.948871],[90,51.948871],[90,52.948871],[90,53.948871],[90,54.948871],[90,55.948871],[90,56.948871],[90,57.948871],[90,58.948871],[90,59.948871],[90,60.948871],[90,61.948871],[90,62.948871],[90,63.948871],[90,64.948871],[90,65.948871],[90,66.948871],[90,67.948871],[90,68.948871],[90,69.948871],[90,70.948871],[90,71.948871],[90,72.948871],[90,73.948871],[90,74.948871],[90,75.948871],[90,76.948871],[90,77.948871],[90,78.948871],[90,79.948871],[90,80.948871],[90,81.948871],[90,82.948871],[90,83.948871],[90,84.948871]]}},{"type":"Feature","properties":{"type":"meridian","value":105},"geometry":{"type":"LineString","coordinates":[[105,-85.051129],[105,-84.051129],[105,-83.051129],[105,-82.051129],[105,-81.051129],[105,-80.051129],[105,-79.051129],[105,-78.051129],[105,-77.051129],[105,-76.051129],[105,-75.051129],[105,-74.051129],[105,-73.051129],[105,-72.051129],[105,-71.051129],[105,-70.051129],[105,-69.051129],[105,-68.051129],[105,-67.051129],[105,-66.051129],[105,-65.051129],[105,-64.051129],[105,-63.051129],[105,-62.051129],[105,-61.051129],[105,-60.051129],[105,-59.051129],[105,-58.051129],[105,-57.051129],[105,-56.051129],[105,-55.051129],[105,-54.051129],[105,-53.051129],[105,-52.051129],[105,-51.051129],[105,-50.051129],[105,-49.051129],[105,-48.051129],[105,-47.051129],[105,-46.051129],[105,-45.051129],[105,-44.051129],[105,-43.051129],[105,-42.051129],[105,-41.051129],[105,-40.051129],[105,-39.051129],[105,-38.051129],[105,-37.051129],[105,-36.051129],[105,-35.051129],[105,-34.051129],[105,-33.051129],[105,-32.051129],[105,-31.051129],[105,-30.051129],[105,-29.051129],[105,-28.051129],[105,-27.051129],[105,-26.051129],[105,-25.051129],[105,-24.051129],[105,-23.051129],[105,-22.051129],[105,-21.051129],[105,-20.051129],[105,-19.051129],[105,-18.051129],[105,-17.051129],[105,-16.051129],[105,-15.051129],[105,-14.051129],[105,-13.051129],[105,-12.051129],[105,-11.051129],[105,-10.051129],[105,-9.051129],[105,-8.051129],[105,-7.051129],[105,-6.051129],[105,-5.051129],[105,-4.051129],[105,-3.051129],[105,-2.051129],[105,-1.051129],[105,-0.051129],[105,0.948871],[105,1.948871],[105,2.948871],[105,3.948871],[105,4.948871],[105,5.948871],[105,6.948871],[105,7.948871],[105,8.948871],[105,9.948871],[105,10.948871],[105,11.948871],[105,12.948871],[105,13.948871],[105,14.948871],[105,15.948871],[105,16.948871],[105,17.948871],[105,18.948871],[105,19.948871],[105,20.948871],[105,21.948871],[105,22.948871],[105,23.948871],[105,24.948871],[105,25.948871],[105,26.948871],[105,27.948871],[105,28.948871],[105,29.948871],[105,30.948871],[105,31.948871],[105,32.948871],[105,33.948871],[105,34.948871],[105,35.948871],[105,36.948871],[105,37.948871],[105,38.948871],[105,39.948871],[105,40.948871],[105,41.948871],[105,42.948871],[105,43.948871],[105,44.948871],[105,45.948871],[105,46.948871],[105,47.948871],[105,48.948871],[105,49.948871],[105,50.948871],[105,51.948871],[105,52.948871],[105,53.948871],[105,54.948871],[105,55.948871],[105,56.948871],[105,57.948871],[105,58.948871],[105,59.948871],[105,60.948871],[105,61.948871],[105,62.948871],[105,63.948871],[105,64.948871],[105,65.948871],[105,66.948871],[105,67.948871],[105,68.948871],[105,69.948871],[105,70.948871],[105,71.948871],[105,72.948871],[105,73.948871],[105,74.948871],[105,75.948871],[105,76.948871],[105,77.948871],[105,78.948871],[105,79.948871],[105,80.948871],[105,81.948871],[105,82.948871],[105,83.948871],[105,84.948871]]}},{"type":"Feature","properties":{"type":"meridian","value":120},"geometry":{"type":"LineString","coordinates":[[120,-85.051129],[120,-84.051129],[120,-83.051129],[120,-82.051129],[120,-81.051129],[120,-80.051129],[120,-79.051129],[120,-78.051129],[120,-77.051129],[120,-76.051129],[120,-75.051129],[120,-74.051129],[120,-73.051129],[120,-72.051129],[120,-71.051129],[120,-70.051129],[120,-69.051129],[120,-68.051129],[120,-67.051129],[120,-66.051129],[120,-65.051129],[120,-64.051129],[120,-63.051129],[120,-62.051129],[120,-61.051129],[120,-60.051129],[120,-59.051129],[120,-58.051129],[120,-57.051129],[120,-56.051129],[120,-55.051129],[120,-54.051129],[120,-53.051129],[120,-52.051129],[120,-51.051129],[120,-50.051129],[120,-49.051129],[120,-48.051129],[120,-47.051129],[120,-46.051129],[120,-45.051129],[120,-44.051129],[120,-43.051129],[120,-42.051129],[120,-41.051129],[120,-40.051129],[120,-39.051129],[120,-38.051129],[120,-37.051129],[120,-36.051129],[120,-35.051129],[120,-34.051129],[120,-33.051129],[120,-32.051129],[120,-31.051129],[120,-30.051129],[120,-29.051129],[120,-28.051129],[120,-27.051129],[120,-26.051129],[120,-25.051129],[120,-24.051129],[120,-23.051129],[120,-22.051129],[120,-21.051129],[120,-20.051129],[120,-19.051129],[120,-18.051129],[120,-17.051129],[120,-16.051129],[120,-15.051129],[120,-14.051129],[120,-13.051129],[120,-12.051129],[120,-11.051129],[120,-10.051129],[120,-9.051129],[120,-8.051129],[120,-7.051129],[120,-6.051129],[120,-5.051129],[120,-4.051129],[120,-3.051129],[120,-2.051129],[120,-1.051129],[120,-0.051129],[120,0.948871],[120,1.948871],[120,2.948871],[120,3.948871],[120,4.948871],[120,5.948871],[120,6.948871],[120,7.948871],[120,8.948871],[120,9.948871],[120,10.948871],[120,11.948871],[120,12.948871],[120,13.948871],[120,14.948871],[120,15.948871],[120,16.948871],[120,17.948871],[120,18.948871],[120,19.948871],[120,20.948871],[120,21.948871],[120,22.948871],[120,23.948871],[120,24.948871],[120,25.948871],[120,26.948871],[120,27.948871],[120,28.948871],[120,29.948871],[120,30.948871],[120,31.948871],[120,32.948871],[120,33.948871],[120,34.948871],[120,35.948871],[120,36.948871],[120,37.948871],[120,38.948871],[120,39.948871],[120,40.948871],[120,41.948871],[120,42.948871],[120,43.948871],[120,44.948871],[120,45.948871],[120,46.948871],[120,47.948871],[120,48.948871],[120,49.948871],[120,50.948871],[120,51.948871],[120,52.948871],[120,53.948871],[120,54.948871],[120,55.948871],[120,56.948871],[120,57.948871],[120,58.948871],[120,59.948871],[120,60.948871],[120,61.948871],[120,62.948871],[120,63.948871],[120,64.948871],[120,65.948871],[120,66.948871],[120,67.948871],[120,68.948871],[120,69.948871],[120,70.948871],[120,71.948871],[120,72.948871],[120,73.948871],[120,74.948871],[120,75.948871],[120,76.948871],[120,77.948871],[120,78.948871],[120,79.948871],[120,80.948871],[120,81.948871],[120,82.948871],[120,83.948871],[120,84.948871]]}},{"type":"Feature","properties":{"type":"meridian","value":135},"geometry":{"type":"LineString","coordinates":[[135,-85.051129],[135,-84.051129],[135,-83.051129],[135,-82.051129],[135,-81.051129],[135,-80.051129],[135,-79.051129],[135,-78.051129],[135,-77.051129],[135,-76.051129],[135,-75.051129],[135,-74.051129],[135,-73.051129],[135,-72.051129],[135,-71.051129],[135,-70.051129],[135,-69.051129],[135,-68.051129],[135,-67.051129],[135,-66.051129],[135,-65.051129],[135,-64.051129],[135,-63.051129],[135,-62.051129],[135,-61.051129],[135,-60.051129],[135,-59.051129],[135,-58.051129],[135,-57.051129],[135,-56.051129],[135,-55.051129],[135,-54.051129],[135,-53.051129],[135,-52.051129],[135,-51.051129],[135,-50.051129],[135,-49.051129],[135,-48.051129],[135,-47.051129],[135,-46.051129],[135,-45.051129],[135,-44.051129],[135,-43.051129],[135,-42.051129],[135,-41.051129],[135,-40.051129],[135,-39.051129],[135,-38.051129],[135,-37.051129],[135,-36.051129],[135,-35.051129],[135,-34.051129],[135,-33.051129],[135,-32.051129],[135,-31.051129],[135,-30.051129],[135,-29.051129],[135,-28.051129],[135,-27.051129],[135,-26.051129],[135,-25.051129],[135,-24.051129],[135,-23.051129],[135,-22.051129],[135,-21.051129],[135,-20.051129],[135,-19.051129],[135,-18.051129],[135,-17.051129],[135,-16.051129],[135,-15.051129],[135,-14.051129],[135,-13.051129],[135,-12.051129],[135,-11.051129],[135,-10.051129],[135,-9.051129],[135,-8.051129],[135,-7.051129],[135,-6.051129],[135,-5.051129],[135,-4.051129],[135,-3.051129],[135,-2.051129],[135,-1.051129],[135,-0.051129],[135,0.948871],[135,1.948871],[135,2.948871],[135,3.948871],[135,4.948871],[135,5.948871],[135,6.948871],[135,7.948871],[135,8.948871],[135,9.948871],[135,10.948871],[135,11.948871],[135,12.948871],[135,13.948871],[135,14.948871],[135,15.948871],[135,16.948871],[135,17.948871],[135,18.948871],[135,19.948871],[135,20.948871],[135,21.948871],[135,22.948871],[135,23.948871],[135,24.948871],[135,25.948871],[135,26.948871],[135,27.948871],[135,28.948871],[135,29.948871],[135,30.948871],[135,31.948871],[135,32.948871],[135,33.948871],[135,34.948871],[135,35.948871],[135,36.948871],[135,37.948871],[135,38.948871],[135,39.948871],[135,40.948871],[135,41.948871],[135,42.948871],[135,43.948871],[135,44.948871],[135,45.948871],[135,46.948871],[135,47.948871],[135,48.948871],[135,49.948871],[135,50.948871],[135,51.948871],[135,52.948871],[135,53.948871],[135,54.948871],[135,55.948871],[135,56.948871],[135,57.948871],[135,58.948871],[135,59.948871],[135,60.948871],[135,61.948871],[135,62.948871],[135,63.948871],[135,64.948871],[135,65.948871],[135,66.948871],[135,67.948871],[135,68.948871],[135,69.948871],[135,70.948871],[135,71.948871],[135,72.948871],[135,73.948871],[135,74.948871],[135,75.948871],[135,76.948871],[135,77.948871],[135,78.948871],[135,79.948871],[135,80.948871],[135,81.948871],[135,82.948871],[135,83.948871],[135,84.948871]]}},{"type":"Feature","properties":{"type":"meridian","value":150},"geometry":{"type":"LineString","coordinates":[[150,-85.051129],[150,-84.051129],[150,-83.051129],[150,-82.051129],[150,-81.051129],[150,-80.051129],[150,-79.051129],[150,-78.051129],[150,-77.051129],[150,-76.051129],[150,-75.051129],[150,-74.051129],[150,-73.051129],[150,-72.051129],[150,-71.051129],[150,-70.051129],[150,-69.051129],[150,-68.051129],[150,-67.051129],[150,-66.051129],[150,-65.051129],[150,-64.051129],[150,-63.051129],[150,-62.051129],[150,-61.051129],[150,-60.051129],[150,-59.051129],[150,-58.051129],[150,-57.051129],[150,-56.051129],[150,-55.051129],[150,-54.051129],[150,-53.051129],[150,-52.051129],[150,-51.051129],[150,-50.051129],[150,-49.051129],[150,-48.051129],[150,-47.051129],[150,-46.051129],[150,-45.051129],[150,-44.051129],[150,-43.051129],[150,-42.051129],[150,-41.051129],[150,-40.051129],[150,-39.051129],[150,-38.051129],[150,-37.051129],[150,-36.051129],[150,-35.051129],[150,-34.051129],[150,-33.051129],[150,-32.051129],[150,-31.051129],[150,-30.051129],[150,-29.051129],[150,-28.051129],[150,-27.051129],[150,-26.051129],[150,-25.051129],[150,-24.051129],[150,-23.051129],[150,-22.051129],[150,-21.051129],[150,-20.051129],[150,-19.051129],[150,-18.051129],[150,-17.051129],[150,-16.051129],[150,-15.051129],[150,-14.051129],[150,-13.051129],[150,-12.051129],[150,-11.051129],[150,-10.051129],[150,-9.051129],[150,-8.051129],[150,-7.051129],[150,-6.051129],[150,-5.051129],[150,-4.051129],[150,-3.051129],[150,-2.051129],[150,-1.051129],[150,-0.051129],[150,0.948871],[150,1.948871],[150,2.948871],[150,3.948871],[150,4.948871],[150,5.948871],[150,6.948871],[150,7.948871],[150,8.948871],[150,9.948871],[150,10.948871],[150,11.948871],[150,12.948871],[150,13.948871],[150,14.948871],[150,15.948871],[150,16.948871],[150,17.948871],[150,18.948871],[150,19.948871],[150,20.948871],[150,21.948871],[150,22.948871],[150,23.948871],[150,24.948871],[150,25.948871],[150,26.948871],[150,27.948871],[150,28.948871],[150,29.948871],[150,30.948871],[150,31.948871],[150,32.948871],[150,33.948871],[150,34.948871],[150,35.948871],[150,36.948871],[150,37.948871],[150,38.948871],[150,39.948871],[150,40.948871],[150,41.948871],[150,42.948871],[150,43.948871],[150,44.948871],[150,45.948871],[150,46.948871],[150,47.948871],[150,48.948871],[150,49.948871],[150,50.948871],[150,51.948871],[150,52.948871],[150,53.948871],[150,54.948871],[150,55.948871],[150,56.948871],[150,57.948871],[150,58.948871],[150,59.948871],[150,60.948871],[150,61.948871],[150,62.948871],[150,63.948871],[150,64.948871],[150,65.948871],[150,66.948871],[150,67.948871],[150,68.948871],[150,69.948871],[150,70.948871],[150,71.948871],[150,72.948871],[150,73.948871],[150,74.948871],[150,75.948871],[150,76.948871],[150,77.948871],[150,78.948871],[150,79.948871],[150,80.948871],[150,81.948871],[150,82.948871],[150,83.948871],[150,84.948871]]}},{"type":"Feature","properties":{"type":"meridian","value":165},"geometry":{"type":"LineString","coordinates":[[165,-85.051129],[165,-84.051129],[165,-83.051129],[165,-82.051129],[165,-81.051129],[165,-80.051129],[165,-79.051129],[165,-78.051129],[165,-77.051129],[165,-76.051129],[165,-75.051129],[165,-74.051129],[165,-73.051129],[165,-72.051129],[165,-71.051129],[165,-70.051129],[165,-69.051129],[165,-68.051129],[165,-67.051129],[165,-66.051129],[165,-65.051129],[165,-64.051129],[165,-63.051129],[165,-62.051129],[165,-61.051129],[165,-60.051129],[165,-59.051129],[165,-58.051129],[165,-57.051129],[165,-56.051129],[165,-55.051129],[165,-54.051129],[165,-53.051129],[165,-52.051129],[165,-51.051129],[165,-50.051129],[165,-49.051129],[165,-48.051129],[165,-47.051129],[165,-46.051129],[165,-45.051129],[165,-44.051129],[165,-43.051129],[165,-42.051129],[165,-41.051129],[165,-40.051129],[165,-39.051129],[165,-38.051129],[165,-37.051129],[165,-36.051129],[165,-35.051129],[165,-34.051129],[165,-33.051129],[165,-32.051129],[165,-31.051129],[165,-30.051129],[165,-29.051129],[165,-28.051129],[165,-27.051129],[165,-26.051129],[165,-25.051129],[165,-24.051129],[165,-23.051129],[165,-22.051129],[165,-21.051129],[165,-20.051129],[165,-19.051129],[165,-18.051129],[165,-17.051129],[165,-16.051129],[165,-15.051129],[165,-14.051129],[165,-13.051129],[165,-12.051129],[165,-11.051129],[165,-10.051129],[165,-9.051129],[165,-8.051129],[165,-7.051129],[165,-6.051129],[165,-5.051129],[165,-4.051129],[165,-3.051129],[165,-2.051129],[165,-1.051129],[165,-0.051129],[165,0.948871],[165,1.948871],[165,2.948871],[165,3.948871],[165,4.948871],[165,5.948871],[165,6.948871],[165,7.948871],[165,8.948871],[165,9.948871],[165,10.948871],[165,11.948871],[165,12.948871],[165,13.948871],[165,14.948871],[165,15.948871],[165,16.948871],[165,17.948871],[165,18.948871],[165,19.948871],[165,20.948871],[165,21.948871],[165,22.948871],[165,23.948871],[165,24.948871],[165,25.948871],[165,26.948871],[165,27.948871],[165,28.948871],[165,29.948871],[165,30.948871],[165,31.948871],[165,32.948871],[165,33.948871],[165,34.948871],[165,35.948871],[165,36.948871],[165,37.948871],[165,38.948871],[165,39.948871],[165,40.948871],[165,41.948871],[165,42.948871],[165,43.948871],[165,44.948871],[165,45.948871],[165,46.948871],[165,47.948871],[165,48.948871],[165,49.948871],[165,50.948871],[165,51.948871],[165,52.948871],[165,53.948871],[165,54.948871],[165,55.948871],[165,56.948871],[165,57.948871],[165,58.948871],[165,59.948871],[165,60.948871],[165,61.948871],[165,62.948871],[165,63.948871],[165,64.948871],[165,65.948871],[165,66.948871],[165,67.948871],[165,68.948871],[165,69.948871],[165,70.948871],[165,71.948871],[165,72.948871],[165,73.948871],[165,74.948871],[165,75.948871],[165,76.948871],[165,77.948871],[165,78.948871],[165,79.948871],[165,80.948871],[165,81.948871],[165,82.948871],[165,83.948871],[165,84.948871]]}},{"type":"Feature","properties":{"type":"meridian","value":180},"geometry":{"type":"LineString","coordinates":[[180,-85.051129],[180,-84.051129],[180,-83.051129],[180,-82.051129],[180,-81.051129],[180,-80.051129],[180,-79.051129],[180,-78.051129],[180,-77.051129],[180,-76.051129],[180,-75.051129],[180,-74.051129],[180,-73.051129],[180,-72.051129],[180,-71.051129],[180,-70.051129],[180,-69.051129],[180,-68.051129],[180,-67.051129],[180,-66.051129],[180,-65.051129],[180,-64.051129],[180,-63.051129],[180,-62.051129],[180,-61.051129],[180,-60.051129],[180,-59.051129],[180,-58.051129],[180,-57.051129],[180,-56.051129],[180,-55.051129],[180,-54.051129],[180,-53.051129],[180,-52.051129],[180,-51.051129],[180,-50.051129],[180,-49.051129],[180,-48.051129],[180,-47.051129],[180,-46.051129],[180,-45.051129],[180,-44.051129],[180,-43.051129],[180,-42.051129],[180,-41.051129],[180,-40.051129],[180,-39.051129],[180,-38.051129],[180,-37.051129],[180,-36.051129],[180,-35.051129],[180,-34.051129],[180,-33.051129],[180,-32.051129],[180,-31.051129],[180,-30.051129],[180,-29.051129],[180,-28.051129],[180,-27.051129],[180,-26.051129],[180,-25.051129],[180,-24.051129],[180,-23.051129],[180,-22.051129],[180,-21.051129],[180,-20.051129],[180,-19.051129],[180,-18.051129],[180,-17.051129],[180,-16.051129],[180,-15.051129],[180,-14.051129],[180,-13.051129],[180,-12.051129],[180,-11.051129],[180,-10.051129],[180,-9.051129],[180,-8.051129],[180,-7.051129],[180,-6.051129],[180,-5.051129],[180,-4.051129],[180,-3.051129],[180,-2.051129],[180,-1.051129],[180,-0.051129],[180,0.948871],[180,1.948871],[180,2.948871],[180,3.948871],[180,4.948871],[180,5.948871],[180,6.948871],[180,7.948871],[180,8.948871],[180,9.948871],[180,10.948871],[180,11.948871],[180,12.948871],[180,13.948871],[180,14.948871],[180,15.948871],[180,16.948871],[180,17.948871],[180,18.948871],[180,19.948871],[180,20.948871],[180,21.948871],[180,22.948871],[180,23.948871],[180,24.948871],[180,25.948871],[180,26.948871],[180,27.948871],[180,28.948871],[180,29.948871],[180,30.948871],[180,31.948871],[180,32.948871],[180,33.948871],[180,34.948871],[180,35.948871],[180,36.948871],[180,37.948871],[180,38.948871],[180,39.948871],[180,40.948871],[180,41.948871],[180,42.948871],[180,43.948871],[180,44.948871],[180,45.948871],[180,46.948871],[180,47.948871],[180,48.948871],[180,49.948871],[180,50.948871],[180,51.948871],[180,52.948871],[180,53.948871],[180,54.948871],[180,55.948871],[180,56.948871],[180,57.948871],[180,58.948871],[180,59.948871],[180,60.948871],[180,61.948871],[180,62.948871],[180,63.948871],[180,64.948871],[180,65.948871],[180,66.948871],[180,67.948871],[180,68.948871],[180,69.948871],[180,70.948871],[180,71.948871],[180,72.948871],[180,73.948871],[180,74.948871],[180,75.948871],[180,76.948871],[180,77.948871],[180,78.948871],[180,79.948871],[180,80.948871],[180,81.948871],[180,82.948871],[180,83.948871],[180,84.948871]]}},{"type":"Feature","properties":{"type":"parallel","value":-75},"geometry":{"type":"LineString","coordinates":[[-180,-75],[-179,-75],[-178,-75],[-177,-75],[-176,-75],[-175,-75],[-174,-75],[-173,-75],[-172,-75],[-171,-75],[-170,-75],[-169,-75],[-168,-75],[-167,-75],[-166,-75],[-165,-75],[-164,-75],[-163,-75],[-162,-75],[-161,-75],[-160,-75],[-159,-75],[-158,-75],[-157,-75],[-156,-75],[-155,-75],[-154,-75],[-153,-75],[-152,-75],[-151,-75],[-150,-75],[-149,-75],[-148,-75],[-147,-75],[-146,-75],[-145,-75],[-144,-75],[-143,-75],[-142,-75],[-141,-75],[-140,-75],[-139,-75],[-138,-75],[-137,-75],[-136,-75],[-135,-75],[-134,-75],[-133,-75],[-132,-75],[-131,-75],[-130,-75],[-129,-75],[-128,-75],[-127,-75],[-126,-75],[-125,-75],[-124,-75],[-123,-75],[-122,-75],[-121,-75],[-120,-75],[-119,-75],[-118,-75],[-117,-75],[-116,-75],[-115,-75],[-114,-75],[-113,-75],[-112,-75],[-111,-75],[-110,-75],[-109,-75],[-108,-75],[-107,-75],[-106,-75],[-105,-75],[-104,-75],[-103,-75],[-102,-75],[-101,-75],[-100,-75],[-99,-75],[-98,-75],[-97,-75],[-96,-75],[-95,-75],[-94,-75],[-93,-75],[-92,-75],[-91,-75],[-90,-75],[-89,-75],[-88,-75],[-87,-75],[-86,-75],[-85,-75],[-84,-75],[-83,-75],[-82,-75],[-81,-75],[-80,-75],[-79,-75],[-78,-75],[-77,-75],[-76,-75],[-75,-75],[-74,-75],[-73,-75],[-72,-75],[-71,-75],[-70,-75],[-69,-75],[-68,-75],[-67,-75],[-66,-75],[-65,-75],[-64,-75],[-63,-75],[-62,-75],[-61,-75],[-60,-75],[-59,-75],[-58,-75],[-57,-75],[-56,-75],[-55,-75],[-54,-75],[-53,-75],[-52,-75],[-51,-75],[-50,-75],[-49,-75],[-48,-75],[-47,-75],[-46,-75],[-45,-75],[-44,-75],[-43,-75],[-42,-75],[-41,-75],[-40,-75],[-39,-75],[-38,-75],[-37,-75],[-36,-75],[-35,-75],[-34,-75],[-33,-75],[-32,-75],[-31,-75],[-30,-75],[-29,-75],[-28,-75],[-27,-75],[-26,-75],[-25,-75],[-24,-75],[-23,-75],[-22,-75],[-21,-75],[-20,-75],[-19,-75],[-18,-75],[-17,-75],[-16,-75],[-15,-75],[-14,-75],[-13,-75],[-12,-75],[-11,-75],[-10,-75],[-9,-75],[-8,-75],[-7,-75],[-6,-75],[-5,-75],[-4,-75],[-3,-75],[-2,-75],[-1,-75],[0,-75],[1,-75],[2,-75],[3,-75],[4,-75],[5,-75],[6,-75],[7,-75],[8,-75],[9,-75],[10,-75],[11,-75],[12,-75],[13,-75],[14,-75],[15,-75],[16,-75],[17,-75],[18,-75],[19,-75],[20,-75],[21,-75],[22,-75],[23,-75],[24,-75],[25,-75],[26,-75],[27,-75],[28,-75],[29,-75],[30,-75],[31,-75],[32,-75],[33,-75],[34,-75],[35,-75],[36,-75],[37,-75],[38,-75],[39,-75],[40,-75],[41,-75],[42,-75],[43,-75],[44,-75],[45,-75],[46,-75],[47,-75],[48,-75],[49,-75],[50,-75],[51,-75],[52,-75],[53,-75],[54,-75],[55,-75],[56,-75],[57,-75],[58,-75],[59,-75],[60,-75],[61,-75],[62,-75],[63,-75],[64,-75],[65,-75],[66,-75],[67,-75],[68,-75],[69,-75],[70,-75],[71,-75],[72,-75],[73,-75],[74,-75],[75,-75],[76,-75],[77,-75],[78,-75],[79,-75],[80,-75],[81,-75],[82,-75],[83,-75],[84,-75],[85,-75],[86,-75],[87,-75],[88,-75],[89,-75],[90,-75],[91,-75],[92,-75],[93,-75],[94,-75],[95,-75],[96,-75],[97,-75],[98,-75],[99,-75],[100,-75],[101,-75],[102,-75],[103,-75],[104,-75],[105,-75],[106,-75],[107,-75],[108,-75],[109,-75],[110,-75],[111,-75],[112,-75],[113,-75],[114,-75],[115,-75],[116,-75],[117,-75],[118,-75],[119,-75],[120,-75],[121,-75],[122,-75],[123,-75],[124,-75],[125,-75],[126,-75],[127,-75],[128,-75],[129,-75],[130,-75],[131,-75],[132,-75],[133,-75],[134,-75],[135,-75],[136,-75],[137,-75],[138,-75],[139,-75],[140,-75],[141,-75],[142,-75],[143,-75],[144,-75],[145,-75],[146,-75],[147,-75],[148,-75],[149,-75],[150,-75],[151,-75],[152,-75],[153,-75],[154,-75],[155,-75],[156,-75],[157,-75],[158,-75],[159,-75],[160,-75],[161,-75],[162,-75],[163,-75],[164,-75],[165,-75],[166,-75],[167,-75],[168,-75],[169,-75],[170,-75],[171,-75],[172,-75],[173,-75],[174,-75],[175,-75],[176,-75],[177,-75],[178,-75],[179,-75],[180,-75]]}},{"type":"Feature","properties":{"type":"parallel","value":-60},"geometry":{"type":"LineString","coordinates":[[-180,-60],[-179,-60],[-178,-60],[-177,-60],[-176,-60],[-175,-60],[-174,-60],[-173,-60],[-172,-60],[-171,-60],[-170,-60],[-169,-60],[-168,-60],[-167,-60],[-166,-60],[-165,-60],[-164,-60],[-163,-60],[-162,-60],[-161,-60],[-160,-60],[-159,-60],[-158,-60],[-157,-60],[-156,-60],[-155,-60],[-154,-60],[-153,-60],[-152,-60],[-151,-60],[-150,-60],[-149,-60],[-148,-60],[-147,-60],[-146,-60],[-145,-60],[-144,-60],[-143,-60],[-142,-60],[-141,-60],[-140,-60],[-139,-60],[-138,-60],[-137,-60],[-136,-60],[-135,-60],[-134,-60],[-133,-60],[-132,-60],[-131,-60],[-130,-60],[-129,-60],[-128,-60],[-127,-60],[-126,-60],[-125,-60],[-124,-60],[-123,-60],[-122,-60],[-121,-60],[-120,-60],[-119,-60],[-118,-60],[-117,-60],[-116,-60],[-115,-60],[-114,-60],[-113,-60],[-112,-60],[-111,-60],[-110,-60],[-109,-60],[-108,-60],[-107,-60],[-106,-60],[-105,-60],[-104,-60],[-103,-60],[-102,-60],[-101,-60],[-100,-60],[-99,-60],[-98,-60],[-97,-60],[-96,-60],[-95,-60],[-94,-60],[-93,-60],[-92,-60],[-91,-60],[-90,-60],[-89,-60],[-88,-60],[-87,-60],[-86,-60],[-85,-60],[-84,-60],[-83,-60],[-82,-60],[-81,-60],[-80,-60],[-79,-60],[-78,-60],[-77,-60],[-76,-60],[-75,-60],[-74,-60],[-73,-60],[-72,-60],[-71,-60],[-70,-60],[-69,-60],[-68,-60],[-67,-60],[-66,-60],[-65,-60],[-64,-60],[-63,-60],[-62,-60],[-61,-60],[-60,-60],[-59,-60],[-58,-60],[-57,-60],[-56,-60],[-55,-60],[-54,-60],[-53,-60],[-52,-60],[-51,-60],[-50,-60],[-49,-60],[-48,-60],[-47,-60],[-46,-60],[-45,-60],[-44,-60],[-43,-60],[-42,-60],[-41,-60],[-40,-60],[-39,-60],[-38,-60],[-37,-60],[-36,-60],[-35,-60],[-34,-60],[-33,-60],[-32,-60],[-31,-60],[-30,-60],[-29,-60],[-28,-60],[-27,-60],[-26,-60],[-25,-60],[-24,-60],[-23,-60],[-22,-60],[-21,-60],[-20,-60],[-19,-60],[-18,-60],[-17,-60],[-16,-60],[-15,-60],[-14,-60],[-13,-60],[-12,-60],[-11,-60],[-10,-60],[-9,-60],[-8,-60],[-7,-60],[-6,-60],[-5,-60],[-4,-60],[-3,-60],[-2,-60],[-1,-60],[0,-60],[1,-60],[2,-60],[3,-60],[4,-60],[5,-60],[6,-60],[7,-60],[8,-60],[9,-60],[10,-60],[11,-60],[12,-60],[13,-60],[14,-60],[15,-60],[16,-60],[17,-60],[18,-60],[19,-60],[20,-60],[21,-60],[22,-60],[23,-60],[24,-60],[25,-60],[26,-60],[27,-60],[28,-60],[29,-60],[30,-60],[31,-60],[32,-60],[33,-60],[34,-60],[35,-60],[36,-60],[37,-60],[38,-60],[39,-60],[40,-60],[41,-60],[42,-60],[43,-60],[44,-60],[45,-60],[46,-60],[47,-60],[48,-60],[49,-60],[50,-60],[51,-60],[52,-60],[53,-60],[54,-60],[55,-60],[56,-60],[57,-60],[58,-60],[59,-60],[60,-60],[61,-60],[62,-60],[63,-60],[64,-60],[65,-60],[66,-60],[67,-60],[68,-60],[69,-60],[70,-60],[71,-60],[72,-60],[73,-60],[74,-60],[75,-60],[76,-60],[77,-60],[78,-60],[79,-60],[80,-60],[81,-60],[82,-60],[83,-60],[84,-60],[85,-60],[86,-60],[87,-60],[88,-60],[89,-60],[90,-60],[91,-60],[92,-60],[93,-60],[94,-60],[95,-60],[96,-60],[97,-60],[98,-60],[99,-60],[100,-60],[101,-60],[102,-60],[103,-60],[104,-60],[105,-60],[106,-60],[107,-60],[108,-60],[109,-60],[110,-60],[111,-60],[112,-60],[113,-60],[114,-60],[115,-60],[116,-60],[117,-60],[118,-60],[119,-60],[120,-60],[121,-60],[122,-60],[123,-60],[124,-60],[125,-60],[126,-60],[127,-60],[128,-60],[129,-60],[130,-60],[131,-60],[132,-60],[133,-60],[134,-60],[135,-60],[136,-60],[137,-60],[138,-60],[139,-60],[140,-60],[141,-60],[142,-60],[143,-60],[144,-60],[145,-60],[146,-60],[147,-60],[148,-60],[149,-60],[150,-60],[151,-60],[152,-60],[153,-60],[154,-60],[155,-60],[156,-60],[157,-60],[158,-60],[159,-60],[160,-60],[161,-60],[162,-60],[163,-60],[164,-60],[165,-60],[166,-60],[167,-60],[168,-60],[169,-60],[170,-60],[171,-60],[172,-60],[173,-60],[174,-60],[175,-60],[176,-60],[177,-60],[178,-60],[179,-60],[180,-60]]}},{"type":"Feature","properties":{"type":"parallel","value":-45},"geometry":{"type":"LineString","coordinates":[[-180,-45],[-179,-45],[-178,-45],[-177,-45],[-176,-45],[-175,-45],[-174,-45],[-173,-45],[-172,-45],[-171,-45],[-170,-45],[-169,-45],[-168,-45],[-167,-45],[-166,-45],[-165,-45],[-164,-45],[-163,-45],[-162,-45],[-161,-45],[-160,-45],[-159,-45],[-158,-45],[-157,-45],[-156,-45],[-155,-45],[-154,-45],[-153,-45],[-152,-45],[-151,-45],[-150,-45],[-149,-45],[-148,-45],[-147,-45],[-146,-45],[-145,-45],[-144,-45],[-143,-45],[-142,-45],[-141,-45],[-140,-45],[-139,-45],[-138,-45],[-137,-45],[-136,-45],[-135,-45],[-134,-45],[-133,-45],[-132,-45],[-131,-45],[-130,-45],[-129,-45],[-128,-45],[-127,-45],[-126,-45],[-125,-45],[-124,-45],[-123,-45],[-122,-45],[-121,-45],[-120,-45],[-119,-45],[-118,-45],[-117,-45],[-116,-45],[-115,-45],[-114,-45],[-113,-45],[-112,-45],[-111,-45],[-110,-45],[-109,-45],[-108,-45],[-107,-45],[-106,-45],[-105,-45],[-104,-45],[-103,-45],[-102,-45],[-101,-45],[-100,-45],[-99,-45],[-98,-45],[-97,-45],[-96,-45],[-95,-45],[-94,-45],[-93,-45],[-92,-45],[-91,-45],[-90,-45],[-89,-45],[-88,-45],[-87,-45],[-86,-45],[-85,-45],[-84,-45],[-83,-45],[-82,-45],[-81,-45],[-80,-45],[-79,-45],[-78,-45],[-77,-45],[-76,-45],[-75,-45],[-74,-45],[-73,-45],[-72,-45],[-71,-45],[-70,-45],[-69,-45],[-68,-45],[-67,-45],[-66,-45],[-65,-45],[-64,-45],[-63,-45],[-62,-45],[-61,-45],[-60,-45],[-59,-45],[-58,-45],[-57,-45],[-56,-45],[-55,-45],[-54,-45],[-53,-45],[-52,-45],[-51,-45],[-50,-45],[-49,-45],[-48,-45],[-47,-45],[-46,-45],[-45,-45],[-44,-45],[-43,-45],[-42,-45],[-41,-45],[-40,-45],[-39,-45],[-38,-45],[-37,-45],[-36,-45],[-35,-45],[-34,-45],[-33,-45],[-32,-45],[-31,-45],[-30,-45],[-29,-45],[-28,-45],[-27,-45],[-26,-45],[-25,-45],[-24,-45],[-23,-45],[-22,-45],[-21,-45],[-20,-45],[-19,-45],[-18,-45],[-17,-45],[-16,-45],[-15,-45],[-14,-45],[-13,-45],[-12,-45],[-11,-45],[-10,-45],[-9,-45],[-8,-45],[-7,-45],[-6,-45],[-5,-45],[-4,-45],[-3,-45],[-2,-45],[-1,-45],[0,-45],[1,-45],[2,-45],[3,-45],[4,-45],[5,-45],[6,-45],[7,-45],[8,-45],[9,-45],[10,-45],[11,-45],[12,-45],[13,-45],[14,-45],[15,-45],[16,-45],[17,-45],[18,-45],[19,-45],[20,-45],[21,-45],[22,-45],[23,-45],[24,-45],[25,-45],[26,-45],[27,-45],[28,-45],[29,-45],[30,-45],[31,-45],[32,-45],[33,-45],[34,-45],[35,-45],[36,-45],[37,-45],[38,-45],[39,-45],[40,-45],[41,-45],[42,-45],[43,-45],[44,-45],[45,-45],[46,-45],[47,-45],[48,-45],[49,-45],[50,-45],[51,-45],[52,-45],[53,-45],[54,-45],[55,-45],[56,-45],[57,-45],[58,-45],[59,-45],[60,-45],[61,-45],[62,-45],[63,-45],[64,-45],[65,-45],[66,-45],[67,-45],[68,-45],[69,-45],[70,-45],[71,-45],[72,-45],[73,-45],[74,-45],[75,-45],[76,-45],[77,-45],[78,-45],[79,-45],[80,-45],[81,-45],[82,-45],[83,-45],[84,-45],[85,-45],[86,-45],[87,-45],[88,-45],[89,-45],[90,-45],[91,-45],[92,-45],[93,-45],[94,-45],[95,-45],[96,-45],[97,-45],[98,-45],[99,-45],[100,-45],[101,-45],[102,-45],[103,-45],[104,-45],[105,-45],[106,-45],[107,-45],[108,-45],[109,-45],[110,-45],[111,-45],[112,-45],[113,-45],[114,-45],[115,-45],[116,-45],[117,-45],[118,-45],[119,-45],[120,-45],[121,-45],[122,-45],[123,-45],[124,-45],[125,-45],[126,-45],[127,-45],[128,-45],[129,-45],[130,-45],[131,-45],[132,-45],[133,-45],[134,-45],[135,-45],[136,-45],[137,-45],[138,-45],[139,-45],[140,-45],[141,-45],[142,-45],[143,-45],[144,-45],[145,-45],[146,-45],[147,-45],[148,-45],[149,-45],[150,-45],[151,-45],[152,-45],[153,-45],[154,-45],[155,-45],[156,-45],[157,-45],[158,-45],[159,-45],[160,-45],[161,-45],[162,-45],[163,-45],[164,-45],[165,-45],[166,-45],[167,-45],[168,-45],[169,-45],[170,-45],[171,-45],[172,-45],[173,-45],[174,-45],[175,-45],[176,-45],[177,-45],[178,-45],[179,-45],[180,-45]]}},{"type":"Feature","properties":{"type":"parallel","value":-30},"geometry":{"type":"LineString","coordinates":[[-180,-30],[-179,-30],[-178,-30],[-177,-30],[-176,-30],[-175,-30],[-174,-30],[-173,-30],[-172,-30],[-171,-30],[-170,-30],[-169,-30],[-168,-30],[-167,-30],[-166,-30],[-165,-30],[-164,-30],[-163,-30],[-162,-30],[-161,-30],[-160,-30],[-159,-30],[-158,-30],[-157,-30],[-156,-30],[-155,-30],[-154,-30],[-153,-30],[-152,-30],[-151,-30],[-150,-30],[-149,-30],[-148,-30],[-147,-30],[-146,-30],[-145,-30],[-144,-30],[-143,-30],[-142,-30],[-141,-30],[-140,-30],[-139,-30],[-138,-30],[-137,-30],[-136,-30],[-135,-30],[-134,-30],[-133,-30],[-132,-30],[-131,-30],[-130,-30],[-129,-30],[-128,-30],[-127,-30],[-126,-30],[-125,-30],[-124,-30],[-123,-30],[-122,-30],[-121,-30],[-120,-30],[-119,-30],[-118,-30],[-117,-30],[-116,-30],[-115,-30],[-114,-30],[-113,-30],[-112,-30],[-111,-30],[-110,-30],[-109,-30],[-108,-30],[-107,-30],[-106,-30],[-105,-30],[-104,-30],[-103,-30],[-102,-30],[-101,-30],[-100,-30],[-99,-30],[-98,-30],[-97,-30],[-96,-30],[-95,-30],[-94,-30],[-93,-30],[-92,-30],[-91,-30],[-90,-30],[-89,-30],[-88,-30],[-87,-30],[-86,-30],[-85,-30],[-84,-30],[-83,-30],[-82,-30],[-81,-30],[-80,-30],[-79,-30],[-78,-30],[-77,-30],[-76,-30],[-75,-30],[-74,-30],[-73,-30],[-72,-30],[-71,-30],[-70,-30],[-69,-30],[-68,-30],[-67,-30],[-66,-30],[-65,-30],[-64,-30],[-63,-30],[-62,-30],[-61,-30],[-60,-30],[-59,-30],[-58,-30],[-57,-30],[-56,-30],[-55,-30],[-54,-30],[-53,-30],[-52,-30],[-51,-30],[-50,-30],[-49,-30],[-48,-30],[-47,-30],[-46,-30],[-45,-30],[-44,-30],[-43,-30],[-42,-30],[-41,-30],[-40,-30],[-39,-30],[-38,-30],[-37,-30],[-36,-30],[-35,-30],[-34,-30],[-33,-30],[-32,-30],[-31,-30],[-30,-30],[-29,-30],[-28,-30],[-27,-30],[-26,-30],[-25,-30],[-24,-30],[-23,-30],[-22,-30],[-21,-30],[-20,-30],[-19,-30],[-18,-30],[-17,-30],[-16,-30],[-15,-30],[-14,-30],[-13,-30],[-12,-30],[-11,-30],[-10,-30],[-9,-30],[-8,-30],[-7,-30],[-6,-30],[-5,-30],[-4,-30],[-3,-30],[-2,-30],[-1,-30],[0,-30],[1,-30],[2,-30],[3,-30],[4,-30],[5,-30],[6,-30],[7,-30],[8,-30],[9,-30],[10,-30],[11,-30],[12,-30],[13,-30],[14,-30],[15,-30],[16,-30],[17,-30],[18,-30],[19,-30],[20,-30],[21,-30],[22,-30],[23,-30],[24,-30],[25,-30],[26,-30],[27,-30],[28,-30],[29,-30],[30,-30],[31,-30],[32,-30],[33,-30],[34,-30],[35,-30],[36,-30],[37,-30],[38,-30],[39,-30],[40,-30],[41,-30],[42,-30],[43,-30],[44,-30],[45,-30],[46,-30],[47,-30],[48,-30],[49,-30],[50,-30],[51,-30],[52,-30],[53,-30],[54,-30],[55,-30],[56,-30],[57,-30],[58,-30],[59,-30],[60,-30],[61,-30],[62,-30],[63,-30],[64,-30],[65,-30],[66,-30],[67,-30],[68,-30],[69,-30],[70,-30],[71,-30],[72,-30],[73,-30],[74,-30],[75,-30],[76,-30],[77,-30],[78,-30],[79,-30],[80,-30],[81,-30],[82,-30],[83,-30],[84,-30],[85,-30],[86,-30],[87,-30],[88,-30],[89,-30],[90,-30],[91,-30],[92,-30],[93,-30],[94,-30],[95,-30],[96,-30],[97,-30],[98,-30],[99,-30],[100,-30],[101,-30],[102,-30],[103,-30],[104,-30],[105,-30],[106,-30],[107,-30],[108,-30],[109,-30],[110,-30],[111,-30],[112,-30],[113,-30],[114,-30],[115,-30],[116,-30],[117,-30],[118,-30],[119,-30],[120,-30],[121,-30],[122,-30],[123,-30],[124,-30],[125,-30],[126,-30],[127,-30],[128,-30],[129,-30],[130,-30],[131,-30],[132,-30],[133,-30],[134,-30],[135,-30],[136,-30],[137,-30],[138,-30],[139,-30],[140,-30],[141,-30],[142,-30],[143,-30],[144,-30],[145,-30],[146,-30],[147,-30],[148,-30],[149,-30],[150,-30],[151,-30],[152,-30],[153,-30],[154,-30],[155,-30],[156,-30],[157,-30],[158,-30],[159,-30],[160,-30],[161,-30],[162,-30],[163,-30],[164,-30],[165,-30],[166,-30],[167,-30],[168,-30],[169,-30],[170,-30],[171,-30],[172,-30],[173,-30],[174,-30],[175,-30],[176,-30],[177,-30],[178,-30],[179,-30],[180,-30]]}},{"type":"Feature","properties":{"type":"parallel","value":-15},"geometry":{"type":"LineString","coordinates":[[-180,-15],[-179,-15],[-178,-15],[-177,-15],[-176,-15],[-175,-15],[-174,-15],[-173,-15],[-172,-15],[-171,-15],[-170,-15],[-169,-15],[-168,-15],[-167,-15],[-166,-15],[-165,-15],[-164,-15],[-163,-15],[-162,-15],[-161,-15],[-160,-15],[-159,-15],[-158,-15],[-157,-15],[-156,-15],[-155,-15],[-154,-15],[-153,-15],[-152,-15],[-151,-15],[-150,-15],[-149,-15],[-148,-15],[-147,-15],[-146,-15],[-145,-15],[-144,-15],[-143,-15],[-142,-15],[-141,-15],[-140,-15],[-139,-15],[-138,-15],[-137,-15],[-136,-15],[-135,-15],[-134,-15],[-133,-15],[-132,-15],[-131,-15],[-130,-15],[-129,-15],[-128,-15],[-127,-15],[-126,-15],[-125,-15],[-124,-15],[-123,-15],[-122,-15],[-121,-15],[-120,-15],[-119,-15],[-118,-15],[-117,-15],[-116,-15],[-115,-15],[-114,-15],[-113,-15],[-112,-15],[-111,-15],[-110,-15],[-109,-15],[-108,-15],[-107,-15],[-106,-15],[-105,-15],[-104,-15],[-103,-15],[-102,-15],[-101,-15],[-100,-15],[-99,-15],[-98,-15],[-97,-15],[-96,-15],[-95,-15],[-94,-15],[-93,-15],[-92,-15],[-91,-15],[-90,-15],[-89,-15],[-88,-15],[-87,-15],[-86,-15],[-85,-15],[-84,-15],[-83,-15],[-82,-15],[-81,-15],[-80,-15],[-79,-15],[-78,-15],[-77,-15],[-76,-15],[-75,-15],[-74,-15],[-73,-15],[-72,-15],[-71,-15],[-70,-15],[-69,-15],[-68,-15],[-67,-15],[-66,-15],[-65,-15],[-64,-15],[-63,-15],[-62,-15],[-61,-15],[-60,-15],[-59,-15],[-58,-15],[-57,-15],[-56,-15],[-55,-15],[-54,-15],[-53,-15],[-52,-15],[-51,-15],[-50,-15],[-49,-15],[-48,-15],[-47,-15],[-46,-15],[-45,-15],[-44,-15],[-43,-15],[-42,-15],[-41,-15],[-40,-15],[-39,-15],[-38,-15],[-37,-15],[-36,-15],[-35,-15],[-34,-15],[-33,-15],[-32,-15],[-31,-15],[-30,-15],[-29,-15],[-28,-15],[-27,-15],[-26,-15],[-25,-15],[-24,-15],[-23,-15],[-22,-15],[-21,-15],[-20,-15],[-19,-15],[-18,-15],[-17,-15],[-16,-15],[-15,-15],[-14,-15],[-13,-15],[-12,-15],[-11,-15],[-10,-15],[-9,-15],[-8,-15],[-7,-15],[-6,-15],[-5,-15],[-4,-15],[-3,-15],[-2,-15],[-1,-15],[0,-15],[1,-15],[2,-15],[3,-15],[4,-15],[5,-15],[6,-15],[7,-15],[8,-15],[9,-15],[10,-15],[11,-15],[12,-15],[13,-15],[14,-15],[15,-15],[16,-15],[17,-15],[18,-15],[19,-15],[20,-15],[21,-15],[22,-15],[23,-15],[24,-15],[25,-15],[26,-15],[27,-15],[28,-15],[29,-15],[30,-15],[31,-15],[32,-15],[33,-15],[34,-15],[35,-15],[36,-15],[37,-15],[38,-15],[39,-15],[40,-15],[41,-15],[42,-15],[43,-15],[44,-15],[45,-15],[46,-15],[47,-15],[48,-15],[49,-15],[50,-15],[51,-15],[52,-15],[53,-15],[54,-15],[55,-15],[56,-15],[57,-15],[58,-15],[59,-15],[60,-15],[61,-15],[62,-15],[63,-15],[64,-15],[65,-15],[66,-15],[67,-15],[68,-15],[69,-15],[70,-15],[71,-15],[72,-15],[73,-15],[74,-15],[75,-15],[76,-15],[77,-15],[78,-15],[79,-15],[80,-15],[81,-15],[82,-15],[83,-15],[84,-15],[85,-15],[86,-15],[87,-15],[88,-15],[89,-15],[90,-15],[91,-15],[92,-15],[93,-15],[94,-15],[95,-15],[96,-15],[97,-15],[98,-15],[99,-15],[100,-15],[101,-15],[102,-15],[103,-15],[104,-15],[105,-15],[106,-15],[107,-15],[108,-15],[109,-15],[110,-15],[111,-15],[112,-15],[113,-15],[114,-15],[115,-15],[116,-15],[117,-15],[118,-15],[119,-15],[120,-15],[121,-15],[122,-15],[123,-15],[124,-15],[125,-15],[126,-15],[127,-15],[128,-15],[129,-15],[130,-15],[131,-15],[132,-15],[133,-15],[134,-15],[135,-15],[136,-15],[137,-15],[138,-15],[139,-15],[140,-15],[141,-15],[142,-15],[143,-15],[144,-15],[145,-15],[146,-15],[147,-15],[148,-15],[149,-15],[150,-15],[151,-15],[152,-15],[153,-15],[154,-15],[155,-15],[156,-15],[157,-15],[158,-15],[159,-15],[160,-15],[161,-15],[162,-15],[163,-15],[164,-15],[165,-15],[166,-15],[167,-15],[168,-15],[169,-15],[170,-15],[171,-15],[172,-15],[173,-15],[174,-15],[175,-15],[176,-15],[177,-15],[178,-15],[179,-15],[180,-15]]}},{"type":"Feature","properties":{"type":"parallel","value":0},"geometry":{"type":"LineString","coordinates":[[-180,0],[-179,0],[-178,0],[-177,0],[-176,0],[-175,0],[-174,0],[-173,0],[-172,0],[-171,0],[-170,0],[-169,0],[-168,0],[-167,0],[-166,0],[-165,0],[-164,0],[-163,0],[-162,0],[-161,0],[-160,0],[-159,0],[-158,0],[-157,0],[-156,0],[-155,0],[-154,0],[-153,0],[-152,0],[-151,0],[-150,0],[-149,0],[-148,0],[-147,0],[-146,0],[-145,0],[-144,0],[-143,0],[-142,0],[-141,0],[-140,0],[-139,0],[-138,0],[-137,0],[-136,0],[-135,0],[-134,0],[-133,0],[-132,0],[-131,0],[-130,0],[-129,0],[-128,0],[-127,0],[-126,0],[-125,0],[-124,0],[-123,0],[-122,0],[-121,0],[-120,0],[-119,0],[-118,0],[-117,0],[-116,0],[-115,0],[-114,0],[-113,0],[-112,0],[-111,0],[-110,0],[-109,0],[-108,0],[-107,0],[-106,0],[-105,0],[-104,0],[-103,0],[-102,0],[-101,0],[-100,0],[-99,0],[-98,0],[-97,0],[-96,0],[-95,0],[-94,0],[-93,0],[-92,0],[-91,0],[-90,0],[-89,0],[-88,0],[-87,0],[-86,0],[-85,0],[-84,0],[-83,0],[-82,0],[-81,0],[-80,0],[-79,0],[-78,0],[-77,0],[-76,0],[-75,0],[-74,0],[-73,0],[-72,0],[-71,0],[-70,0],[-69,0],[-68,0],[-67,0],[-66,0],[-65,0],[-64,0],[-63,0],[-62,0],[-61,0],[-60,0],[-59,0],[-58,0],[-57,0],[-56,0],[-55,0],[-54,0],[-53,0],[-52,0],[-51,0],[-50,0],[-49,0],[-48,0],[-47,0],[-46,0],[-45,0],[-44,0],[-43,0],[-42,0],[-41,0],[-40,0],[-39,0],[-38,0],[-37,0],[-36,0],[-35,0],[-34,0],[-33,0],[-32,0],[-31,0],[-30,0],[-29,0],[-28,0],[-27,0],[-26,0],[-25,0],[-24,0],[-23,0],[-22,0],[-21,0],[-20,0],[-19,0],[-18,0],[-17,0],[-16,0],[-15,0],[-14,0],[-13,0],[-12,0],[-11,0],[-10,0],[-9,0],[-8,0],[-7,0],[-6,0],[-5,0],[-4,0],[-3,0],[-2,0],[-1,0],[0,0],[1,0],[2,0],[3,0],[4,0],[5,0],[6,0],[7,0],[8,0],[9,0],[10,0],[11,0],[12,0],[13,0],[14,0],[15,0],[16,0],[17,0],[18,0],[19,0],[20,0],[21,0],[22,0],[23,0],[24,0],[25,0],[26,0],[27,0],[28,0],[29,0],[30,0],[31,0],[32,0],[33,0],[34,0],[35,0],[36,0],[37,0],[38,0],[39,0],[40,0],[41,0],[42,0],[43,0],[44,0],[45,0],[46,0],[47,0],[48,0],[49,0],[50,0],[51,0],[52,0],[53,0],[54,0],[55,0],[56,0],[57,0],[58,0],[59,0],[60,0],[61,0],[62,0],[63,0],[64,0],[65,0],[66,0],[67,0],[68,0],[69,0],[70,0],[71,0],[72,0],[73,0],[74,0],[75,0],[76,0],[77,0],[78,0],[79,0],[80,0],[81,0],[82,0],[83,0],[84,0],[85,0],[86,0],[87,0],[88,0],[89,0],[90,0],[91,0],[92,0],[93,0],[94,0],[95,0],[96,0],[97,0],[98,0],[99,0],[100,0],[101,0],[102,0],[103,0],[104,0],[105,0],[106,0],[107,0],[108,0],[109,0],[110,0],[111,0],[112,0],[113,0],[114,0],[115,0],[116,0],[117,0],[118,0],[119,0],[120,0],[121,0],[122,0],[123,0],[124,0],[125,0],[126,0],[127,0],[128,0],[129,0],[130,0],[131,0],[132,0],[133,0],[134,0],[135,0],[136,0],[137,0],[138,0],[139,0],[140,0],[141,0],[142,0],[143,0],[144,0],[145,0],[146,0],[147,0],[148,0],[149,0],[150,0],[151,0],[152,0],[153,0],[154,0],[155,0],[156,0],[157,0],[158,0],[159,0],[160,0],[161,0],[162,0],[163,0],[164,0],[165,0],[166,0],[167,0],[168,0],[169,0],[170,0],[171,0],[172,0],[173,0],[174,0],[175,0],[176,0],[177,0],[178,0],[179,0],[180,0]]}},{"type":"Feature","properties":{"type":"parallel","value":15},"geometry":{"type":"LineString","coordinates":[[-180,15],[-179,15],[-178,15],[-177,15],[-176,15],[-175,15],[-174,15],[-173,15],[-172,15],[-171,15],[-170,15],[-169,15],[-168,15],[-167,15],[-166,15],[-165,15],[-164,15],[-163,15],[-162,15],[-161,15],[-160,15],[-159,15],[-158,15],[-157,15],[-156,15],[-155,15],[-154,15],[-153,15],[-152,15],[-151,15],[-150,15],[-149,15],[-148,15],[-147,15],[-146,15],[-145,15],[-144,15],[-143,15],[-142,15],[-141,15],[-140,15],[-139,15],[-138,15],[-137,15],[-136,15],[-135,15],[-134,15],[-133,15],[-132,15],[-131,15],[-130,15],[-129,15],[-128,15],[-127,15],[-126,15],[-125,15],[-124,15],[-123,15],[-122,15],[-121,15],[-120,15],[-119,15],[-118,15],[-117,15],[-116,15],[-115,15],[-114,15],[-113,15],[-112,15],[-111,15],[-110,15],[-109,15],[-108,15],[-107,15],[-106,15],[-105,15],[-104,15],[-103,15],[-102,15],[-101,15],[-100,15],[-99,15],[-98,15],[-97,15],[-96,15],[-95,15],[-94,15],[-93,15],[-92,15],[-91,15],[-90,15],[-89,15],[-88,15],[-87,15],[-86,15],[-85,15],[-84,15],[-83,15],[-82,15],[-81,15],[-80,15],[-79,15],[-78,15],[-77,15],[-76,15],[-75,15],[-74,15],[-73,15],[-72,15],[-71,15],[-70,15],[-69,15],[-68,15],[-67,15],[-66,15],[-65,15],[-64,15],[-63,15],[-62,15],[-61,15],[-60,15],[-59,15],[-58,15],[-57,15],[-56,15],[-55,15],[-54,15],[-53,15],[-52,15],[-51,15],[-50,15],[-49,15],[-48,15],[-47,15],[-46,15],[-45,15],[-44,15],[-43,15],[-42,15],[-41,15],[-40,15],[-39,15],[-38,15],[-37,15],[-36,15],[-35,15],[-34,15],[-33,15],[-32,15],[-31,15],[-30,15],[-29,15],[-28,15],[-27,15],[-26,15],[-25,15],[-24,15],[-23,15],[-22,15],[-21,15],[-20,15],[-19,15],[-18,15],[-17,15],[-16,15],[-15,15],[-14,15],[-13,15],[-12,15],[-11,15],[-10,15],[-9,15],[-8,15],[-7,15],[-6,15],[-5,15],[-4,15],[-3,15],[-2,15],[-1,15],[0,15],[1,15],[2,15],[3,15],[4,15],[5,15],[6,15],[7,15],[8,15],[9,15],[10,15],[11,15],[12,15],[13,15],[14,15],[15,15],[16,15],[17,15],[18,15],[19,15],[20,15],[21,15],[22,15],[23,15],[24,15],[25,15],[26,15],[27,15],[28,15],[29,15],[30,15],[31,15],[32,15],[33,15],[34,15],[35,15],[36,15],[37,15],[38,15],[39,15],[40,15],[41,15],[42,15],[43,15],[44,15],[45,15],[46,15],[47,15],[48,15],[49,15],[50,15],[51,15],[52,15],[53,15],[54,15],[55,15],[56,15],[57,15],[58,15],[59,15],[60,15],[61,15],[62,15],[63,15],[64,15],[65,15],[66,15],[67,15],[68,15],[69,15],[70,15],[71,15],[72,15],[73,15],[74,15],[75,15],[76,15],[77,15],[78,15],[79,15],[80,15],[81,15],[82,15],[83,15],[84,15],[85,15],[86,15],[87,15],[88,15],[89,15],[90,15],[91,15],[92,15],[93,15],[94,15],[95,15],[96,15],[97,15],[98,15],[99,15],[100,15],[101,15],[102,15],[103,15],[104,15],[105,15],[106,15],[107,15],[108,15],[109,15],[110,15],[111,15],[112,15],[113,15],[114,15],[115,15],[116,15],[117,15],[118,15],[119,15],[120,15],[121,15],[122,15],[123,15],[124,15],[125,15],[126,15],[127,15],[128,15],[129,15],[130,15],[131,15],[132,15],[133,15],[134,15],[135,15],[136,15],[137,15],[138,15],[139,15],[140,15],[141,15],[142,15],[143,15],[144,15],[145,15],[146,15],[147,15],[148,15],[149,15],[150,15],[151,15],[152,15],[153,15],[154,15],[155,15],[156,15],[157,15],[158,15],[159,15],[160,15],[161,15],[162,15],[163,15],[164,15],[165,15],[166,15],[167,15],[168,15],[169,15],[170,15],[171,15],[172,15],[173,15],[174,15],[175,15],[176,15],[177,15],[178,15],[179,15],[180,15]]}},{"type":"Feature","properties":{"type":"parallel","value":30},"geometry":{"type":"LineString","coordinates":[[-180,30],[-179,30],[-178,30],[-177,30],[-176,30],[-175,30],[-174,30],[-173,30],[-172,30],[-171,30],[-170,30],[-169,30],[-168,30],[-167,30],[-166,30],[-165,30],[-164,30],[-163,30],[-162,30],[-161,30],[-160,30],[-159,30],[-158,30],[-157,30],[-156,30],[-155,30],[-154,30],[-153,30],[-152,30],[-151,30],[-150,30],[-149,30],[-148,30],[-147,30],[-146,30],[-145,30],[-144,30],[-143,30],[-142,30],[-141,30],[-140,30],[-139,30],[-138,30],[-137,30],[-136,30],[-135,30],[-134,30],[-133,30],[-132,30],[-131,30],[-130,30],[-129,30],[-128,30],[-127,30],[-126,30],[-125,30],[-124,30],[-123,30],[-122,30],[-121,30],[-120,30],[-119,30],[-118,30],[-117,30],[-116,30],[-115,30],[-114,30],[-113,30],[-112,30],[-111,30],[-110,30],[-109,30],[-108,30],[-107,30],[-106,30],[-105,30],[-104,30],[-103,30],[-102,30],[-101,30],[-100,30],[-99,30],[-98,30],[-97,30],[-96,30],[-95,30],[-94,30],[-93,30],[-92,30],[-91,30],[-90,30],[-89,30],[-88,30],[-87,30],[-86,30],[-85,30],[-84,30],[-83,30],[-82,30],[-81,30],[-80,30],[-79,30],[-78,30],[-77,30],[-76,30],[-75,30],[-74,30],[-73,30],[-72,30],[-71,30],[-70,30],[-69,30],[-68,30],[-67,30],[-66,30],[-65,30],[-64,30],[-63,30],[-62,30],[-61,30],[-60,30],[-59,30],[-58,30],[-57,30],[-56,30],[-55,30],[-54,30],[-53,30],[-52,30],[-51,30],[-50,30],[-49,30],[-48,30],[-47,30],[-46,30],[-45,30],[-44,30],[-43,30],[-42,30],[-41,30],[-40,30],[-39,30],[-38,30],[-37,30],[-36,30],[-35,30],[-34,30],[-33,30],[-32,30],[-31,30],[-30,30],[-29,30],[-28,30],[-27,30],[-26,30],[-25,30],[-24,30],[-23,30],[-22,30],[-21,30],[-20,30],[-19,30],[-18,30],[-17,30],[-16,30],[-15,30],[-14,30],[-13,30],[-12,30],[-11,30],[-10,30],[-9,30],[-8,30],[-7,30],[-6,30],[-5,30],[-4,30],[-3,30],[-2,30],[-1,30],[0,30],[1,30],[2,30],[3,30],[4,30],[5,30],[6,30],[7,30],[8,30],[9,30],[10,30],[11,30],[12,30],[13,30],[14,30],[15,30],[16,30],[17,30],[18,30],[19,30],[20,30],[21,30],[22,30],[23,30],[24,30],[25,30],[26,30],[27,30],[28,30],[29,30],[30,30],[31,30],[32,30],[33,30],[34,30],[35,30],[36,30],[37,30],[38,30],[39,30],[40,30],[41,30],[42,30],[43,30],[44,30],[45,30],[46,30],[47,30],[48,30],[49,30],[50,30],[51,30],[52,30],[53,30],[54,30],[55,30],[56,30],[57,30],[58,30],[59,30],[60,30],[61,30],[62,30],[63,30],[64,30],[65,30],[66,30],[67,30],[68,30],[69,30],[70,30],[71,30],[72,30],[73,30],[74,30],[75,30],[76,30],[77,30],[78,30],[79,30],[80,30],[81,30],[82,30],[83,30],[84,30],[85,30],[86,30],[87,30],[88,30],[89,30],[90,30],[91,30],[92,30],[93,30],[94,30],[95,30],[96,30],[97,30],[98,30],[99,30],[100,30],[101,30],[102,30],[103,30],[104,30],[105,30],[106,30],[107,30],[108,30],[109,30],[110,30],[111,30],[112,30],[113,30],[114,30],[115,30],[116,30],[117,30],[118,30],[119,30],[120,30],[121,30],[122,30],[123,30],[124,30],[125,30],[126,30],[127,30],[128,30],[129,30],[130,30],[131,30],[132,30],[133,30],[134,30],[135,30],[136,30],[137,30],[138,30],[139,30],[140,30],[141,30],[142,30],[143,30],[144,30],[145,30],[146,30],[147,30],[148,30],[149,30],[150,30],[151,30],[152,30],[153,30],[154,30],[155,30],[156,30],[157,30],[158,30],[159,30],[160,30],[161,30],[162,30],[163,30],[164,30],[165,30],[166,30],[167,30],[168,30],[169,30],[170,30],[171,30],[172,30],[173,30],[174,30],[175,30],[176,30],[177,30],[178,30],[179,30],[180,30]]}},{"type":"Feature","properties":{"type":"parallel","value":45},"geometry":{"type":"LineString","coordinates":[[-180,45],[-179,45],[-178,45],[-177,45],[-176,45],[-175,45],[-174,45],[-173,45],[-172,45],[-171,45],[-170,45],[-169,45],[-168,45],[-167,45],[-166,45],[-165,45],[-164,45],[-163,45],[-162,45],[-161,45],[-160,45],[-159,45],[-158,45],[-157,45],[-156,45],[-155,45],[-154,45],[-153,45],[-152,45],[-151,45],[-150,45],[-149,45],[-148,45],[-147,45],[-146,45],[-145,45],[-144,45],[-143,45],[-142,45],[-141,45],[-140,45],[-139,45],[-138,45],[-137,45],[-136,45],[-135,45],[-134,45],[-133,45],[-132,45],[-131,45],[-130,45],[-129,45],[-128,45],[-127,45],[-126,45],[-125,45],[-124,45],[-123,45],[-122,45],[-121,45],[-120,45],[-119,45],[-118,45],[-117,45],[-116,45],[-115,45],[-114,45],[-113,45],[-112,45],[-111,45],[-110,45],[-109,45],[-108,45],[-107,45],[-106,45],[-105,45],[-104,45],[-103,45],[-102,45],[-101,45],[-100,45],[-99,45],[-98,45],[-97,45],[-96,45],[-95,45],[-94,45],[-93,45],[-92,45],[-91,45],[-90,45],[-89,45],[-88,45],[-87,45],[-86,45],[-85,45],[-84,45],[-83,45],[-82,45],[-81,45],[-80,45],[-79,45],[-78,45],[-77,45],[-76,45],[-75,45],[-74,45],[-73,45],[-72,45],[-71,45],[-70,45],[-69,45],[-68,45],[-67,45],[-66,45],[-65,45],[-64,45],[-63,45],[-62,45],[-61,45],[-60,45],[-59,45],[-58,45],[-57,45],[-56,45],[-55,45],[-54,45],[-53,45],[-52,45],[-51,45],[-50,45],[-49,45],[-48,45],[-47,45],[-46,45],[-45,45],[-44,45],[-43,45],[-42,45],[-41,45],[-40,45],[-39,45],[-38,45],[-37,45],[-36,45],[-35,45],[-34,45],[-33,45],[-32,45],[-31,45],[-30,45],[-29,45],[-28,45],[-27,45],[-26,45],[-25,45],[-24,45],[-23,45],[-22,45],[-21,45],[-20,45],[-19,45],[-18,45],[-17,45],[-16,45],[-15,45],[-14,45],[-13,45],[-12,45],[-11,45],[-10,45],[-9,45],[-8,45],[-7,45],[-6,45],[-5,45],[-4,45],[-3,45],[-2,45],[-1,45],[0,45],[1,45],[2,45],[3,45],[4,45],[5,45],[6,45],[7,45],[8,45],[9,45],[10,45],[11,45],[12,45],[13,45],[14,45],[15,45],[16,45],[17,45],[18,45],[19,45],[20,45],[21,45],[22,45],[23,45],[24,45],[25,45],[26,45],[27,45],[28,45],[29,45],[30,45],[31,45],[32,45],[33,45],[34,45],[35,45],[36,45],[37,45],[38,45],[39,45],[40,45],[41,45],[42,45],[43,45],[44,45],[45,45],[46,45],[47,45],[48,45],[49,45],[50,45],[51,45],[52,45],[53,45],[54,45],[55,45],[56,45],[57,45],[58,45],[59,45],[60,45],[61,45],[62,45],[63,45],[64,45],[65,45],[66,45],[67,45],[68,45],[69,45],[70,45],[71,45],[72,45],[73,45],[74,45],[75,45],[76,45],[77,45],[78,45],[79,45],[80,45],[81,45],[82,45],[83,45],[84,45],[85,45],[86,45],[87,45],[88,45],[89,45],[90,45],[91,45],[92,45],[93,45],[94,45],[95,45],[96,45],[97,45],[98,45],[99,45],[100,45],[101,45],[102,45],[103,45],[104,45],[105,45],[106,45],[107,45],[108,45],[109,45],[110,45],[111,45],[112,45],[113,45],[114,45],[115,45],[116,45],[117,45],[118,45],[119,45],[120,45],[121,45],[122,45],[123,45],[124,45],[125,45],[126,45],[127,45],[128,45],[129,45],[130,45],[131,45],[132,45],[133,45],[134,45],[135,45],[136,45],[137,45],[138,45],[139,45],[140,45],[141,45],[142,45],[143,45],[144,45],[145,45],[146,45],[147,45],[148,45],[149,45],[150,45],[151,45],[152,45],[153,45],[154,45],[155,45],[156,45],[157,45],[158,45],[159,45],[160,45],[161,45],[162,45],[163,45],[164,45],[165,45],[166,45],[167,45],[168,45],[169,45],[170,45],[171,45],[172,45],[173,45],[174,45],[175,45],[176,45],[177,45],[178,45],[179,45],[180,45]]}},{"type":"Feature","properties":{"type":"parallel","value":60},"geometry":{"type":"LineString","coordinates":[[-180,60],[-179,60],[-178,60],[-177,60],[-176,60],[-175,60],[-174,60],[-173,60],[-172,60],[-171,60],[-170,60],[-169,60],[-168,60],[-167,60],[-166,60],[-165,60],[-164,60],[-163,60],[-162,60],[-161,60],[-160,60],[-159,60],[-158,60],[-157,60],[-156,60],[-155,60],[-154,60],[-153,60],[-152,60],[-151,60],[-150,60],[-149,60],[-148,60],[-147,60],[-146,60],[-145,60],[-144,60],[-143,60],[-142,60],[-141,60],[-140,60],[-139,60],[-138,60],[-137,60],[-136,60],[-135,60],[-134,60],[-133,60],[-132,60],[-131,60],[-130,60],[-129,60],[-128,60],[-127,60],[-126,60],[-125,60],[-124,60],[-123,60],[-122,60],[-121,60],[-120,60],[-119,60],[-118,60],[-117,60],[-116,60],[-115,60],[-114,60],[-113,60],[-112,60],[-111,60],[-110,60],[-109,60],[-108,60],[-107,60],[-106,60],[-105,60],[-104,60],[-103,60],[-102,60],[-101,60],[-100,60],[-99,60],[-98,60],[-97,60],[-96,60],[-95,60],[-94,60],[-93,60],[-92,60],[-91,60],[-90,60],[-89,60],[-88,60],[-87,60],[-86,60],[-85,60],[-84,60],[-83,60],[-82,60],[-81,60],[-80,60],[-79,60],[-78,60],[-77,60],[-76,60],[-75,60],[-74,60],[-73,60],[-72,60],[-71,60],[-70,60],[-69,60],[-68,60],[-67,60],[-66,60],[-65,60],[-64,60],[-63,60],[-62,60],[-61,60],[-60,60],[-59,60],[-58,60],[-57,60],[-56,60],[-55,60],[-54,60],[-53,60],[-52,60],[-51,60],[-50,60],[-49,60],[-48,60],[-47,60],[-46,60],[-45,60],[-44,60],[-43,60],[-42,60],[-41,60],[-40,60],[-39,60],[-38,60],[-37,60],[-36,60],[-35,60],[-34,60],[-33,60],[-32,60],[-31,60],[-30,60],[-29,60],[-28,60],[-27,60],[-26,60],[-25,60],[-24,60],[-23,60],[-22,60],[-21,60],[-20,60],[-19,60],[-18,60],[-17,60],[-16,60],[-15,60],[-14,60],[-13,60],[-12,60],[-11,60],[-10,60],[-9,60],[-8,60],[-7,60],[-6,60],[-5,60],[-4,60],[-3,60],[-2,60],[-1,60],[0,60],[1,60],[2,60],[3,60],[4,60],[5,60],[6,60],[7,60],[8,60],[9,60],[10,60],[11,60],[12,60],[13,60],[14,60],[15,60],[16,60],[17,60],[18,60],[19,60],[20,60],[21,60],[22,60],[23,60],[24,60],[25,60],[26,60],[27,60],[28,60],[29,60],[30,60],[31,60],[32,60],[33,60],[34,60],[35,60],[36,60],[37,60],[38,60],[39,60],[40,60],[41,60],[42,60],[43,60],[44,60],[45,60],[46,60],[47,60],[48,60],[49,60],[50,60],[51,60],[52,60],[53,60],[54,60],[55,60],[56,60],[57,60],[58,60],[59,60],[60,60],[61,60],[62,60],[63,60],[64,60],[65,60],[66,60],[67,60],[68,60],[69,60],[70,60],[71,60],[72,60],[73,60],[74,60],[75,60],[76,60],[77,60],[78,60],[79,60],[80,60],[81,60],[82,60],[83,60],[84,60],[85,60],[86,60],[87,60],[88,60],[89,60],[90,60],[91,60],[92,60],[93,60],[94,60],[95,60],[96,60],[97,60],[98,60],[99,60],[100,60],[101,60],[102,60],[103,60],[104,60],[105,60],[106,60],[107,60],[108,60],[109,60],[110,60],[111,60],[112,60],[113,60],[114,60],[115,60],[116,60],[117,60],[118,60],[119,60],[120,60],[121,60],[122,60],[123,60],[124,60],[125,60],[126,60],[127,60],[128,60],[129,60],[130,60],[131,60],[132,60],[133,60],[134,60],[135,60],[136,60],[137,60],[138,60],[139,60],[140,60],[141,60],[142,60],[143,60],[144,60],[145,60],[146,60],[147,60],[148,60],[149,60],[150,60],[151,60],[152,60],[153,60],[154,60],[155,60],[156,60],[157,60],[158,60],[159,60],[160,60],[161,60],[162,60],[163,60],[164,60],[165,60],[166,60],[167,60],[168,60],[169,60],[170,60],[171,60],[172,60],[173,60],[174,60],[175,60],[176,60],[177,60],[178,60],[179,60],[180,60]]}},{"type":"Feature","properties":{"type":"parallel","value":75},"geometry":{"type":"LineString","coordinates":[[-180,75],[-179,75],[-178,75],[-177,75],[-176,75],[-175,75],[-174,75],[-173,75],[-172,75],[-171,75],[-170,75],[-169,75],[-168,75],[-167,75],[-166,75],[-165,75],[-164,75],[-163,75],[-162,75],[-161,75],[-160,75],[-159,75],[-158,75],[-157,75],[-156,75],[-155,75],[-154,75],[-153,75],[-152,75],[-151,75],[-150,75],[-149,75],[-148,75],[-147,75],[-146,75],[-145,75],[-144,75],[-143,75],[-142,75],[-141,75],[-140,75],[-139,75],[-138,75],[-137,75],[-136,75],[-135,75],[-134,75],[-133,75],[-132,75],[-131,75],[-130,75],[-129,75],[-128,75],[-127,75],[-126,75],[-125,75],[-124,75],[-123,75],[-122,75],[-121,75],[-120,75],[-119,75],[-118,75],[-117,75],[-116,75],[-115,75],[-114,75],[-113,75],[-112,75],[-111,75],[-110,75],[-109,75],[-108,75],[-107,75],[-106,75],[-105,75],[-104,75],[-103,75],[-102,75],[-101,75],[-100,75],[-99,75],[-98,75],[-97,75],[-96,75],[-95,75],[-94,75],[-93,75],[-92,75],[-91,75],[-90,75],[-89,75],[-88,75],[-87,75],[-86,75],[-85,75],[-84,75],[-83,75],[-82,75],[-81,75],[-80,75],[-79,75],[-78,75],[-77,75],[-76,75],[-75,75],[-74,75],[-73,75],[-72,75],[-71,75],[-70,75],[-69,75],[-68,75],[-67,75],[-66,75],[-65,75],[-64,75],[-63,75],[-62,75],[-61,75],[-60,75],[-59,75],[-58,75],[-57,75],[-56,75],[-55,75],[-54,75],[-53,75],[-52,75],[-51,75],[-50,75],[-49,75],[-48,75],[-47,75],[-46,75],[-45,75],[-44,75],[-43,75],[-42,75],[-41,75],[-40,75],[-39,75],[-38,75],[-37,75],[-36,75],[-35,75],[-34,75],[-33,75],[-32,75],[-31,75],[-30,75],[-29,75],[-28,75],[-27,75],[-26,75],[-25,75],[-24,75],[-23,75],[-22,75],[-21,75],[-20,75],[-19,75],[-18,75],[-17,75],[-16,75],[-15,75],[-14,75],[-13,75],[-12,75],[-11,75],[-10,75],[-9,75],[-8,75],[-7,75],[-6,75],[-5,75],[-4,75],[-3,75],[-2,75],[-1,75],[0,75],[1,75],[2,75],[3,75],[4,75],[5,75],[6,75],[7,75],[8,75],[9,75],[10,75],[11,75],[12,75],[13,75],[14,75],[15,75],[16,75],[17,75],[18,75],[19,75],[20,75],[21,75],[22,75],[23,75],[24,75],[25,75],[26,75],[27,75],[28,75],[29,75],[30,75],[31,75],[32,75],[33,75],[34,75],[35,75],[36,75],[37,75],[38,75],[39,75],[40,75],[41,75],[42,75],[43,75],[44,75],[45,75],[46,75],[47,75],[48,75],[49,75],[50,75],[51,75],[52,75],[53,75],[54,75],[55,75],[56,75],[57,75],[58,75],[59,75],[60,75],[61,75],[62,75],[63,75],[64,75],[65,75],[66,75],[67,75],[68,75],[69,75],[70,75],[71,75],[72,75],[73,75],[74,75],[75,75],[76,75],[77,75],[78,75],[79,75],[80,75],[81,75],[82,75],[83,75],[84,75],[85,75],[86,75],[87,75],[88,75],[89,75],[90,75],[91,75],[92,75],[93,75],[94,75],[95,75],[96,75],[97,75],[98,75],[99,75],[100,75],[101,75],[102,75],[103,75],[104,75],[105,75],[106,75],[107,75],[108,75],[109,75],[110,75],[111,75],[112,75],[113,75],[114,75],[115,75],[116,75],[117,75],[118,75],[119,75],[120,75],[121,75],[122,75],[123,75],[124,75],[125,75],[126,75],[127,75],[128,75],[129,75],[130,75],[131,75],[132,75],[133,75],[134,75],[135,75],[136,75],[137,75],[138,75],[139,75],[140,75],[141,75],[142,75],[143,75],[144,75],[145,75],[146,75],[147,75],[148,75],[149,75],[150,75],[151,75],[152,75],[153,75],[154,75],[155,75],[156,75],[157,75],[158,75],[159,75],[160,75],[161,75],[162,75],[163,75],[164,75],[165,75],[166,75],[167,75],[168,75],[169,75],[170,75],[171,75],[172,75],[173,75],[174,75],[175,75],[176,75],[177,75],[178,75],[179,75],[180,75]]}}]}